,Rule,TP,TN,FP,FN,Actual Yes,Actual No,Predicted Yes,Predicted No,TPR/Sens,TNR/Spec,FPR,Precision,F1,Accuracy,MCR,BalancedAccuracy,Class
0,"G[0,0]((Mort < 0.000 & ICU_Pt_Days = 0.000))",750,0,126,0,750,126,876,0,1.0,0.0,1.0,0.8561643835616438,0.9225092250922509,0.8561643835616438,0.14383561643835618,0.5,Negative
1,"G[0,0]((death < 0.000 & O2_Flow = 0.000))",750,0,126,0,750,126,876,0,1.0,0.0,1.0,0.8561643835616438,0.9225092250922509,0.8561643835616438,0.14383561643835618,0.5,Negative
2,"G[0,0]((Mort < 0.000 & y = 0.000))",750,0,126,0,750,126,876,0,1.0,0.0,1.0,0.8561643835616438,0.9225092250922509,0.8561643835616438,0.14383561643835618,0.5,Negative
3,"G[0,0]((n_evts < 0.000 & y = 0.000))",750,0,126,0,750,126,876,0,1.0,0.0,1.0,0.8561643835616438,0.9225092250922509,0.8561643835616438,0.14383561643835618,0.5,Negative
4,"G[0,0]((ICU_Pt_Days < 0.000 & ICU_Pt_Days < 0.000))",750,0,126,0,750,126,876,0,1.0,0.0,1.0,0.8561643835616438,0.9225092250922509,0.8561643835616438,0.14383561643835618,0.5,Negative
5,"G[0,0]((Mort < 0.000 & n_evts = 0.000))",750,0,126,0,750,126,876,0,1.0,0.0,1.0,0.8561643835616438,0.9225092250922509,0.8561643835616438,0.14383561643835618,0.5,Negative
6,"G[0,0]((ICU_Pt_Days = 0.000 | LOS < 0.000))",624,21,105,126,750,126,729,147,0.832,0.16666666666666666,0.8333333333333334,0.8559670781893004,0.8438133874239351,0.7363013698630136,0.26369863013698636,0.4993333333333333,Negative
7,"G[0,0]((LOS = 0.000 & Mort < 0.000))",750,0,126,0,750,126,876,0,1.0,0.0,1.0,0.8561643835616438,0.9225092250922509,0.8561643835616438,0.14383561643835618,0.5,Negative
