,Rule,TP,TN,FP,FN,Actual Yes,Actual No,Predicted Yes,Predicted No,TPR/Sens,TNR/Spec,FPR,Precision,F1,Accuracy,MCR,BalancedAccuracy,Class
0,"G[0,0]((CO2 = 0.000 -> ICU_Pt_Days = 0.000))",750,0,126,0,750,126,876,0,1.0,0.0,1.0,0.8561643835616438,0.9225092250922509,0.8561643835616438,0.14383561643835618,0.5,Positive
1,"G[0,0]((LOS = 0.000 -> y > 0.000))",750,0,126,0,750,126,876,0,1.0,0.0,1.0,0.8561643835616438,0.9225092250922509,0.8561643835616438,0.14383561643835618,0.5,Positive
2,"G[0,0]((n_evts < 0.000 -> LOS > 0.000))",750,0,126,0,750,126,876,0,1.0,0.0,1.0,0.8561643835616438,0.9225092250922509,0.8561643835616438,0.14383561643835618,0.5,Positive
3,"((Mort > 0.000) U[0,0] (n_evts = 0.000))",750,121,5,0,750,126,755,121,1.0,0.9603174603174603,0.03968253968253968,0.9933774834437086,0.9966777408637874,0.9942922374429224,0.005707762557077611,0.9801587301587302,Positive
4,"((Mort > 0.000) U[0,0] (AST_GOT = 0.000))",750,0,126,0,750,126,876,0,1.0,0.0,1.0,0.8561643835616438,0.9225092250922509,0.8561643835616438,0.14383561643835618,0.5,Negative
5,"G[0,0]((ALT_GPT = 0.000 & LOS > 0.000))",750,0,126,0,750,126,876,0,1.0,0.0,1.0,0.8561643835616438,0.9225092250922509,0.8561643835616438,0.14383561643835618,0.5,Negative
6,"((y = 0.000) U[0,0] (n_evts = 0.000))",750,121,5,0,750,126,755,121,1.0,0.9603174603174603,0.03968253968253968,0.9933774834437086,0.9966777408637874,0.9942922374429224,0.005707762557077611,0.9801587301587302,Positive
