PtID,Pt_CGMUseNumDays,Pt_FatherT1D,Pt_MotherT1D,Pt_SiblingT1D,Pt_ChildT1D,Pt_GrandchildT1D,Pt_GrandparentT1D,BldPrSys,BldPrDia,SMBGperDayPtMeterCombo,WeightKg,HeightCm,DirectLDL,age,diabDur,TotalDailyInsPerKg,LDL,HDL,TotChol,Triglyc,BUN,AlbCreatRat_mggNew,UnitsInsBasalOrLongAct,BGTestAvgNumMeter,BGTestAvgNumPtRep,TSH,HbA1c,AutonomicNeuroCl,Pt_InsGov,NumPumpBolusOrShortAct,HbA1cImputeDtMnC,Pt_SHFlg,Pt_DKAFlg,bmi,bmiPerc,bmiZscore,GFR,diagAgeCombo,Pt_A1cGoalLev,Pt_A1cGoalLevelDsYr5
10003,0.0,0.0,0.0,0.0,0.0,0.0,0.0,117.0,67.0,7.0,41.4,148.4,0.0,12,10.0,0.8695652173999999,76.0,49.0,160.0,93.0,14.0,8.0,0.0,0.0,7.0,0.0,10.6,0.0,0.0,3.0,0.465,0.0,1.0,18.798904395999998,0.6531512909,0.3938423732,0.0,2.0,0.0,0.0
10003,1.0,0.0,0.0,0.0,0.0,0.0,0.0,118.0,75.0,10.0,52.8,160.1,0.0,13,11.0,0.8522727273,64.0,48.0,131.0,97.0,0.0,9.0,0.0,0.0,10.0,0.0,9.4,0.0,0.0,0.0,17.427,0.0,1.0,20.599242899999997,0.7662957032,0.726701893,0.0,2.0,7.0,0.0
10003,0.0,0.0,0.0,0.0,0.0,0.0,0.0,117.0,69.0,3.0,58.5,166.0,0.0,14,12.0,1.4358974359,70.0,38.0,153.0,223.0,0.0,27.0,34.0,0.0,3.0,4.36,9.0,0.0,0.0,0.0,27.651,0.0,0.0,21.229496298,0.7541271085,0.6875347934,0.0,2.0,0.0,0.0
10003,0.0,0.0,0.0,0.0,0.0,0.0,0.0,119.0,71.0,0.0,61.7,169.3,0.0,15,13.0,0.0,69.0,49.0,140.0,109.0,0.0,31.0,0.0,0.0,0.0,1.28,10.2,0.0,0.0,0.0,40.797,0.0,0.0,21.526392159,0.7114589033,0.5576517764,0.0,2.0,0.0,0.0
10003,6.0,0.0,0.0,0.0,0.0,0.0,0.0,112.0,72.0,2.0,67.2,170.6,0.0,18,16.0,0.818452381,96.0,44.0,171.0,154.0,0.0,4.0,31.0,2.0,2.0,3.06,10.9,0.0,0.0,0.0,71.734,1.0,0.0,23.089324074,0.6517522196,0.39005542810000005,0.0,2.0,0.0,0.0
10003,0.0,0.0,0.0,0.0,0.0,0.0,0.0,121.0,72.0,2.0,67.7,170.6,0.0,18,16.0,0.8611521418000001,71.0,35.0,127.0,103.0,0.0,4.0,30.8,2.0,0.0,0.0,9.7,0.0,0.0,0.0,75.917,0.0,0.0,23.26111964,0.6701425381,0.4403067897,0.0,2.0,0.0,0.0
