PtID,Pt_CGMUseNumDays,Pt_FatherT1D,Pt_MotherT1D,Pt_SiblingT1D,Pt_ChildT1D,Pt_GrandchildT1D,Pt_GrandparentT1D,BldPrSys,BldPrDia,SMBGperDayPtMeterCombo,WeightKg,HeightCm,DirectLDL,age,diabDur,TotalDailyInsPerKg,LDL,HDL,TotChol,Triglyc,BUN,AlbCreatRat_mggNew,UnitsInsBasalOrLongAct,BGTestAvgNumMeter,BGTestAvgNumPtRep,TSH,HbA1c,AutonomicNeuroCl,Pt_InsGov,NumPumpBolusOrShortAct,HbA1cImputeDtMnC,Pt_SHFlg,Pt_DKAFlg,bmi,bmiPerc,bmiZscore,GFR,diagAgeCombo,Pt_A1cGoalLev,Pt_A1cGoalLevelDsYr5
1000,30.0,0.0,0.0,1.0,1.0,0.0,0.0,129.0,75.0,9.0,82.10021897,172.72,0.0,57,42.0,0.5115698902,0.0,0.0,0.0,0.0,0.0,0.0,0.0,9.0,6.0,0.0,6.4,0.0,1.0,6.0,0.0,0.0,0.0,27.520673424,0.0,-0.156091469,0.0,15.0,0.0,0.0
1000,0.0,0.0,0.0,0.0,0.0,0.0,0.0,125.0,72.0,0.0,0.0,0.0,0.0,57,42.0,0.0,0.0,0.0,0.0,0.0,0.0,6.0,0.0,0.0,0.0,0.0,6.4,1.0,0.0,0.0,9.494,0.0,0.0,0.0,0.0,0.0,0.0,15.0,0.0,0.0
1000,0.0,0.0,0.0,0.0,0.0,0.0,0.0,119.0,60.0,0.0,0.0,0.0,0.0,58,43.0,0.0,0.0,0.0,0.0,0.0,0.0,6.0,0.0,0.0,0.0,1.92,5.5,1.0,0.0,0.0,20.415,0.0,0.0,0.0,0.0,0.0,0.0,15.0,0.0,0.0
1000,0.0,0.0,0.0,0.0,0.0,0.0,0.0,133.0,72.0,0.0,0.0,0.0,0.0,59,44.0,0.0,79.0,51.0,150.0,101.0,0.0,6.0,0.0,0.0,0.0,0.0,5.7,1.0,0.0,0.0,34.357,0.0,0.0,0.0,0.0,0.0,80.0,15.0,0.0,0.0
1000,0.0,0.0,0.0,0.0,0.0,0.0,0.0,111.0,68.0,7.0,90.26488163,172.72,0.0,61,46.0,0.7533383833,0.0,0.0,0.0,0.0,0.0,24.1,18.0,7.0,0.0,0.0,6.2,1.0,0.0,6.0,50.191,0.0,0.0,30.257535975,0.0,0.2587778692,0.0,15.0,0.0,0.0
1000,0.0,0.0,0.0,0.0,0.0,0.0,0.0,147.0,79.0,5.0,90.26488163,172.72,0.0,62,47.0,0.6979458552,0.0,0.0,0.0,0.0,0.0,24.1,18.0,5.0,0.0,0.0,6.0,1.0,0.0,6.0,64.564,0.0,0.0,30.257535975,0.0,0.2587778692,0.0,15.0,0.0,0.0
1000,0.0,0.0,0.0,0.0,0.0,0.0,0.0,122.0,76.0,6.0,99.79032140000001,172.72,0.0,63,48.0,1.0121222037,0.0,0.0,0.0,0.0,0.0,24.1,17.0,6.0,0.0,0.0,6.0,1.0,0.0,9.0,76.64699999999999,0.0,0.0,33.450542284,0.0,0.8674389907,0.0,15.0,0.0,0.0
