PtID,Pt_CGMUseNumDays,Pt_FatherT1D,Pt_MotherT1D,Pt_SiblingT1D,Pt_ChildT1D,Pt_GrandchildT1D,Pt_GrandparentT1D,BldPrSys,BldPrDia,SMBGperDayPtMeterCombo,WeightKg,HeightCm,DirectLDL,age,diabDur,TotalDailyInsPerKg,LDL,HDL,TotChol,Triglyc,BUN,AlbCreatRat_mggNew,UnitsInsBasalOrLongAct,BGTestAvgNumMeter,BGTestAvgNumPtRep,TSH,HbA1c,AutonomicNeuroCl,Pt_InsGov,NumPumpBolusOrShortAct,HbA1cImputeDtMnC,Pt_SHFlg,Pt_DKAFlg,bmi,bmiPerc,bmiZscore,GFR,diagAgeCombo,Pt_A1cGoalLev,Pt_A1cGoalLevelDsYr5
10004,0.0,0.0,0.0,0.0,0.0,0.0,0.0,99.0,54.0,6.0,25.6,135.5,0.0,12,4.0,0.78125,173.0,76.0,267.0,89.0,12.0,0.0,0.0,0.0,6.0,0.0,10.0,0.0,1.0,5.0,0.0,0.0,0.0,13.943165262,0.0055561785999999995,-2.539145581,0.0,8.0,0.0,0.0
10004,0.0,0.0,0.0,0.0,0.0,0.0,0.0,125.0,79.0,3.0,39.0,158.1,0.0,15,7.0,0.9230769231,96.0,65.0,179.0,90.0,14.0,0.0,20.0,3.0,4.0,3.34,10.2,0.0,0.0,16.0,36.714,0.0,0.0,15.602739840999998,0.0102765911,-2.316093171,0.0,8.0,0.0,0.0
10004,0.0,0.0,0.0,0.0,0.0,0.0,0.0,133.0,80.0,0.0,38.6,160.2,0.0,16,8.0,0.0,99.0,56.0,203.0,237.0,23.0,0.0,0.0,0.0,0.0,1.32,11.4,0.0,0.0,0.0,49.261,0.0,0.0,15.040500249,0.0006023169000000001,-3.2377806510000005,0.0,8.0,0.0,0.0
10004,0.0,0.0,0.0,0.0,0.0,0.0,0.0,125.0,72.0,6.0,46.6,160.8,0.0,17,9.0,0.0,153.0,69.0,252.0,154.0,15.0,0.0,29.0,6.0,4.0,2.7,9.7,0.0,1.0,0.0,59.485,0.0,0.0,18.022449939,0.0745650443,-1.44261098,0.0,8.0,0.0,0.0
