PtID,Pt_CGMUseNumDays,Pt_FatherT1D,Pt_MotherT1D,Pt_SiblingT1D,Pt_ChildT1D,Pt_GrandchildT1D,Pt_GrandparentT1D,BldPrSys,BldPrDia,SMBGperDayPtMeterCombo,WeightKg,HeightCm,DirectLDL,age,diabDur,TotalDailyInsPerKg,LDL,HDL,TotChol,Triglyc,BUN,AlbCreatRat_mggNew,UnitsInsBasalOrLongAct,BGTestAvgNumMeter,BGTestAvgNumPtRep,TSH,HbA1c,AutonomicNeuroCl,Pt_InsGov,NumPumpBolusOrShortAct,HbA1cImputeDtMnC,Pt_SHFlg,Pt_DKAFlg,bmi,bmiPerc,bmiZscore,GFR,diagAgeCombo,Pt_A1cGoalLev,Pt_A1cGoalLevelDsYr5
10067,0.0,0.0,0.0,0.0,0.0,0.0,0.0,91.0,51.0,10.0,32.7,142.3,0.0,9,2.0,0.6422018349,59.0,88.0,0.0,48.0,23.0,15.1,0.0,10.0,8.0,0.0,0.0,0.0,0.0,4.0,0.0,0.0,0.0,16.14871435,0.4999024833,-0.000244438,0.0,6.0,0.0,0.0
10067,0.0,0.0,0.0,0.0,0.0,0.0,0.0,98.0,54.0,9.0,36.7,148.7,0.0,10,3.0,0.7084468665000001,0.0,0.0,0.0,0.0,0.0,0.0,0.0,9.0,8.0,0.0,7.9,0.0,0.0,8.0,12.415,0.0,0.0,16.597555411,0.4945634156,-0.013627918000000001,0.0,6.0,6.5,0.0
10067,0.0,0.0,0.0,0.0,0.0,0.0,0.0,96.0,54.0,11.0,45.6,160.7,0.0,11,4.0,0.899122807,66.0,73.0,0.0,44.0,12.0,17.0,12.0,11.0,0.0,2.64,7.4,0.0,0.0,16.0,29.842,0.0,0.0,17.657657518,0.5834543715999999,0.2107385946,0.0,6.0,0.0,0.0
10067,0.0,0.0,0.0,0.0,0.0,0.0,0.0,122.0,57.0,7.0,56.5,171.6,0.0,12,5.0,1.1504424779,76.0,72.0,0.0,72.0,13.0,17.0,11.0,7.0,0.0,2.93,8.0,0.0,0.0,13.0,41.693000000000005,0.0,0.0,19.187300655999998,0.7007507361,0.5265609325,0.0,6.0,0.0,0.0
10067,0.0,0.0,0.0,0.0,0.0,0.0,0.0,123.0,89.0,7.0,61.6,175.3,0.0,13,6.0,1.0551948052,69.0,83.0,0.0,72.0,16.0,0.0,19.0,7.0,0.0,1.74,7.9,0.0,0.0,10.0,49.593,0.0,0.0,20.045499379000002,0.7138117768000001,0.5645550502000001,0.0,6.0,0.0,0.0
10067,0.0,0.0,0.0,0.0,0.0,0.0,0.0,115.0,61.0,6.0,66.7,178.8,0.0,14,7.0,1.0644677661,83.0,69.0,0.0,72.0,16.0,21.0,22.0,6.0,0.0,1.74,7.7,0.0,0.0,8.0,61.909,0.0,0.0,20.863674809000003,0.720277495,0.5836660539999999,0.0,6.0,0.0,0.0
10067,0.0,0.0,0.0,0.0,0.0,0.0,0.0,110.0,48.0,6.0,66.6,180.4,0.0,14,8.0,1.0810810811,65.0,59.0,0.0,118.0,10.0,21.0,23.0,6.0,0.0,1.05,8.2,0.0,0.0,6.0,71.137,0.0,0.0,20.464501158,0.678461988,0.4634023089,0.0,6.0,0.0,0.0
10067,0.0,0.0,0.0,0.0,0.0,0.0,0.0,122.0,55.0,4.0,70.5,181.5,0.0,15,8.0,0.0,60.0,54.0,0.0,46.0,10.0,22.5,0.0,0.0,4.0,2.06,7.9,0.0,0.0,0.0,81.12899999999999,0.0,0.0,21.401088268,0.6988787405,0.5211783724,0.0,6.0,0.0,0.0
