PtID,Pt_CGMUseNumDays,Pt_FatherT1D,Pt_MotherT1D,Pt_SiblingT1D,Pt_ChildT1D,Pt_GrandchildT1D,Pt_GrandparentT1D,BldPrSys,BldPrDia,SMBGperDayPtMeterCombo,WeightKg,HeightCm,DirectLDL,age,diabDur,TotalDailyInsPerKg,LDL,HDL,TotChol,Triglyc,BUN,AlbCreatRat_mggNew,UnitsInsBasalOrLongAct,BGTestAvgNumMeter,BGTestAvgNumPtRep,TSH,HbA1c,AutonomicNeuroCl,Pt_InsGov,NumPumpBolusOrShortAct,HbA1cImputeDtMnC,Pt_SHFlg,Pt_DKAFlg,bmi,bmiPerc,bmiZscore,GFR,diagAgeCombo,Pt_A1cGoalLev,Pt_A1cGoalLevelDsYr5
10078,0.0,0.0,0.0,0.0,0.0,0.0,0.0,138.0,60.0,4.0,0.0,0.0,0.0,70,14.0,0.0,85.0,62.0,159.0,60.0,17.0,2.7,0.0,4.0,7.0,0.0,7.7,1.0,1.0,6.0,-0.19899999999999998,0.0,0.0,0.0,0.0,0.0,0.0,56.0,0.0,0.0
10078,14.0,0.0,0.0,0.0,0.0,0.0,0.0,148.0,70.0,6.0,62.368950875,157.48,0.0,71,15.0,0.3206723814,48.0,32.0,98.0,91.0,21.0,0.0,0.0,6.0,7.0,0.0,6.6,1.0,1.0,6.0,16.564,1.0,0.0,25.148820811999997,0.0,-0.45350030700000005,0.0,56.0,0.0,0.0
10078,0.0,0.0,0.0,0.0,0.0,0.0,0.0,138.0,70.0,10.0,63.5029318,157.48,0.0,73,17.0,0.47241913329999996,58.0,57.0,128.0,66.0,35.0,19.3,6.0,10.0,10.0,2.44,7.1,1.0,0.0,7.0,34.357,0.0,0.0,25.606072099000002,0.0,-0.38077124100000004,44.0,56.0,0.0,0.0
10078,0.0,0.0,0.0,0.0,0.0,0.0,0.0,128.0,76.0,10.0,67.58526313,157.48,0.0,73,17.0,0.3699031245,62.0,61.0,133.0,51.0,19.0,16.0,7.0,10.0,10.0,3.04,7.2,1.0,0.0,5.0,43.751000000000005,0.0,0.0,27.252176734000003,0.0,-0.118946604,49.0,56.0,0.0,0.0
10078,0.0,0.0,0.0,0.0,0.0,0.0,0.0,148.0,70.0,11.0,68.03885550000001,157.48,0.0,74,18.0,0.3674371036,71.0,58.0,144.0,74.0,24.0,21.0,7.0,11.0,10.0,0.37799999999999995,7.2,1.0,0.0,6.0,56.0,0.0,0.0,27.435077249000003,0.0,-0.08985497699999999,44.0,56.0,0.0,0.0
10078,0.0,0.0,0.0,0.0,0.0,0.0,0.0,138.0,64.0,10.0,63.729727985,156.21,0.0,76,20.0,0.40797286950000006,80.0,64.0,155.0,55.0,24.0,10.0,8.0,10.0,10.0,0.49700000000000005,7.0,1.0,0.0,5.0,69.77600000000001,0.0,0.0,26.117066809,0.0,-0.299493902,48.0,56.0,0.0,0.0
