PtID,Pt_CGMUseNumDays,Pt_FatherT1D,Pt_MotherT1D,Pt_SiblingT1D,Pt_ChildT1D,Pt_GrandchildT1D,Pt_GrandparentT1D,BldPrSys,BldPrDia,SMBGperDayPtMeterCombo,WeightKg,HeightCm,DirectLDL,age,diabDur,TotalDailyInsPerKg,LDL,HDL,TotChol,Triglyc,BUN,AlbCreatRat_mggNew,UnitsInsBasalOrLongAct,BGTestAvgNumMeter,BGTestAvgNumPtRep,TSH,HbA1c,AutonomicNeuroCl,Pt_InsGov,NumPumpBolusOrShortAct,HbA1cImputeDtMnC,Pt_SHFlg,Pt_DKAFlg,bmi,bmiPerc,bmiZscore,GFR,diagAgeCombo,Pt_A1cGoalLev,Pt_A1cGoalLevelDsYr5
1009,0.0,0.0,0.0,0.0,1.0,0.0,0.0,94.0,70.0,4.0,0.0,0.0,0.0,55,19.0,0.0,76.0,96.0,0.0,70.0,10.0,5.0,0.0,4.0,8.0,0.0,5.9,0.0,0.0,8.0,0.0,0.0,0.0,0.0,0.0,0.0,0.0,36.0,0.0,0.0
1009,0.0,0.0,0.0,0.0,0.0,0.0,0.0,112.0,70.0,7.0,51.25593781,167.64,0.0,58,22.0,0.46823843299999995,77.0,79.0,0.0,59.0,10.0,16.9,14.0,7.0,0.0,3.61,7.0,0.0,0.0,10.0,33.66,0.0,0.0,18.238490014,0.0,-1.127240677,65.0,36.0,0.0,0.0
1009,0.0,0.0,0.0,0.0,0.0,0.0,0.0,102.0,66.0,5.0,48.53438359,167.64,0.0,59,23.0,0.4738908439,78.0,90.0,0.0,71.0,14.0,16.9,10.0,5.0,0.0,2.4,7.8,0.0,0.0,8.0,47.9,0.0,0.0,17.270074615,0.0,-1.226828893,50.0,36.0,0.0,0.0
1009,0.0,0.0,0.0,0.0,0.0,0.0,0.0,106.0,58.0,5.0,52.16312255,167.6,0.0,60,24.0,0.4984364189,82.0,92.0,200.0,128.0,20.0,11.2,10.0,5.0,0.0,2.6,7.4,0.0,0.0,8.0,52.448,0.0,0.0,18.570156010999998,0.0,-1.370193386,65.0,36.0,0.0,0.0
1009,0.0,0.0,0.0,0.0,0.0,0.0,0.0,110.0,60.0,5.0,55.33826914,167.64,0.0,61,25.0,0.5909111454,88.0,87.0,201.0,129.0,22.0,3.7,11.7,5.0,7.0,3.8,7.6,0.0,0.0,9.0,74.556,0.0,0.0,19.691113112,0.0,-1.23094137,55.0,36.0,0.0,0.0
