PtID,Pt_CGMUseNumDays,Pt_FatherT1D,Pt_MotherT1D,Pt_SiblingT1D,Pt_ChildT1D,Pt_GrandchildT1D,Pt_GrandparentT1D,BldPrSys,BldPrDia,SMBGperDayPtMeterCombo,WeightKg,HeightCm,DirectLDL,age,diabDur,TotalDailyInsPerKg,LDL,HDL,TotChol,Triglyc,BUN,AlbCreatRat_mggNew,UnitsInsBasalOrLongAct,BGTestAvgNumMeter,BGTestAvgNumPtRep,TSH,HbA1c,AutonomicNeuroCl,Pt_InsGov,NumPumpBolusOrShortAct,HbA1cImputeDtMnC,Pt_SHFlg,Pt_DKAFlg,bmi,bmiPerc,bmiZscore,GFR,diagAgeCombo,Pt_A1cGoalLev,Pt_A1cGoalLevelDsYr5
10105,0.0,0.0,0.0,1.0,0.0,0.0,0.0,112.0,70.0,5.0,51.1,155.5,0.0,11,0.0,0.5479452054999999,0.0,0.0,0.0,0.0,0.0,0.0,0.0,0.0,5.0,0.0,10.2,0.0,1.0,0.0,-1.726,0.0,0.0,21.132949411,0.8653344240999999,1.1046041505,0.0,11.0,0.0,0.0
10105,0.0,0.0,0.0,0.0,0.0,0.0,0.0,134.0,75.0,0.0,64.0,165.8,0.0,13,2.0,0.0,76.0,60.0,155.0,96.0,0.0,9.0,0.0,0.0,0.0,0.0,9.0,0.0,0.0,0.0,24.863000000000003,0.0,0.0,23.281498048000003,0.8811615793,1.1808134459,0.0,11.0,0.0,0.0
10105,0.0,0.0,0.0,0.0,0.0,0.0,0.0,132.0,69.0,0.0,71.7,167.8,0.0,14,3.0,0.8647140865,96.0,52.0,168.0,98.0,0.0,9.0,16.0,0.0,0.0,2.72,11.4,0.0,0.0,0.0,41.593,0.0,0.0,25.46450525,0.9200808648000001,1.4056157034999999,0.0,11.0,0.0,0.0
10105,0.0,0.0,0.0,0.0,0.0,0.0,0.0,126.0,68.0,2.0,77.3,167.6,0.0,15,4.0,0.8279430789,0.0,0.0,0.0,0.0,13.0,0.0,24.0,2.0,0.0,2.72,10.3,0.0,0.0,0.0,48.896,0.0,0.0,27.518925046,0.9424577059999999,1.5757449749,0.0,11.0,0.0,0.0
10105,0.0,0.0,0.0,0.0,0.0,0.0,0.0,116.0,71.0,4.0,90.0,167.4,0.0,17,6.0,0.9666666667,86.0,51.0,149.0,58.0,17.0,6.7,34.0,4.0,0.0,1.11,7.6,0.0,0.0,2.0,72.398,0.0,0.0,32.116750813,0.9698184279000001,1.8781317474,0.0,11.0,0.0,0.0
10105,0.0,0.0,0.0,0.0,0.0,0.0,0.0,119.0,75.0,2.0,87.5,168.4,0.0,17,6.0,1.2731428570999999,0.0,0.0,0.0,0.0,0.0,6.7,38.4,2.0,3.0,0.0,7.9,0.0,0.0,0.0,78.008,0.0,0.0,30.854881207,0.9615192354000001,1.7685947399000002,0.0,11.0,0.0,0.0
