PtID,Pt_CGMUseNumDays,Pt_FatherT1D,Pt_MotherT1D,Pt_SiblingT1D,Pt_ChildT1D,Pt_GrandchildT1D,Pt_GrandparentT1D,BldPrSys,BldPrDia,SMBGperDayPtMeterCombo,WeightKg,HeightCm,DirectLDL,age,diabDur,TotalDailyInsPerKg,LDL,HDL,TotChol,Triglyc,BUN,AlbCreatRat_mggNew,UnitsInsBasalOrLongAct,BGTestAvgNumMeter,BGTestAvgNumPtRep,TSH,HbA1c,AutonomicNeuroCl,Pt_InsGov,NumPumpBolusOrShortAct,HbA1cImputeDtMnC,Pt_SHFlg,Pt_DKAFlg,bmi,bmiPerc,bmiZscore,GFR,diagAgeCombo,Pt_A1cGoalLev,Pt_A1cGoalLevelDsYr5
10120,0.0,1.0,0.0,0.0,0.0,0.0,0.0,107.0,70.0,10.0,0.0,0.0,1.0,28,5.0,0.0,78.0,33.0,127.0,82.0,0.0,0.0,0.0,0.0,10.0,0.0,6.3,0.0,0.0,0.0,0.0,0.0,0.0,0.0,0.0,0.0,0.0,23.0,0.0,0.0
10120,0.0,0.0,0.0,0.0,0.0,0.0,0.0,109.0,77.0,3.0,70.30681735,165.1,1.0,30,7.0,1.0667528815,99.0,65.0,173.0,78.0,0.0,0.0,0.0,3.0,0.0,0.0,7.8,0.0,0.0,0.0,31.070999999999998,0.0,0.0,25.79308517,0.0,-0.24166031,0.0,23.0,0.0,0.0
10120,0.0,0.0,0.0,0.0,0.0,0.0,0.0,129.0,81.0,4.0,67.948137026,165.1,1.0,32,8.0,0.0,99.0,65.0,173.0,78.0,0.0,0.0,0.0,4.0,0.0,0.0,7.5,0.0,0.0,0.0,44.11600000000001,0.0,0.0,24.927768764,0.0,-0.340910944,0.0,23.0,0.0,0.0
10120,0.0,0.0,0.0,0.0,0.0,0.0,0.0,131.0,82.0,4.0,68.03885550000001,165.1,1.0,33,9.0,0.44092452439999996,132.0,73.0,195.0,78.0,0.0,0.0,2.0,4.0,0.0,0.0,7.2,0.0,0.0,12.0,56.83,0.0,0.0,24.961050165,0.0,-0.33709361200000004,0.0,23.0,0.0,0.0
10120,0.0,0.0,0.0,0.0,0.0,0.0,0.0,125.0,83.0,4.0,72.12118683,165.1,0.0,34,11.0,1.3865551081,96.0,77.0,186.0,64.0,0.0,3.0,2.0,4.0,7.0,0.0,0.0,0.0,0.0,12.0,0.0,0.0,0.0,26.458713175,0.0,-0.165313669,0.0,23.0,0.0,0.0
