PtID,Pt_CGMUseNumDays,Pt_FatherT1D,Pt_MotherT1D,Pt_SiblingT1D,Pt_ChildT1D,Pt_GrandchildT1D,Pt_GrandparentT1D,BldPrSys,BldPrDia,SMBGperDayPtMeterCombo,WeightKg,HeightCm,DirectLDL,age,diabDur,TotalDailyInsPerKg,LDL,HDL,TotChol,Triglyc,BUN,AlbCreatRat_mggNew,UnitsInsBasalOrLongAct,BGTestAvgNumMeter,BGTestAvgNumPtRep,TSH,HbA1c,AutonomicNeuroCl,Pt_InsGov,NumPumpBolusOrShortAct,HbA1cImputeDtMnC,Pt_SHFlg,Pt_DKAFlg,bmi,bmiPerc,bmiZscore,GFR,diagAgeCombo,Pt_A1cGoalLev,Pt_A1cGoalLevelDsYr5
10146,0.0,0.0,0.0,0.0,0.0,0.0,0.0,131.0,60.0,9.0,49.895160700000005,164.592,0.0,68,44.0,0.360756429,54.0,93.0,161.0,68.0,5.0,8.0,0.0,0.0,9.0,0.0,7.9,0.0,1.0,2.0,0.0,0.0,0.0,18.417936899999997,0.0,-1.389102957,0.0,24.0,0.0,0.0
10146,0.0,0.0,0.0,0.0,0.0,0.0,0.0,149.0,66.0,3.0,48.5,166.4,1.0,69,45.0,0.0,47.0,108.0,0.0,39.0,8.0,6.2,10.0,3.0,0.0,1.76,9.6,0.0,0.0,0.0,16.963,0.0,0.0,17.516006379,0.0,-1.501146176,71.0,24.0,0.0,0.0
10146,0.0,0.0,0.0,0.0,0.0,0.0,0.0,112.0,54.0,0.0,54.9,165.1,0.0,70,46.0,0.364298725,58.0,98.0,176.0,102.0,11.0,15.0,11.0,0.0,0.0,1.03,7.7,0.0,0.0,0.0,29.743000000000002,0.0,0.0,20.140868684,0.0,-1.2500506740000001,0.0,24.0,0.0,0.0
10146,0.0,0.0,0.0,0.0,0.0,0.0,0.0,116.0,55.0,0.0,58.2,165.1,0.0,71,47.0,0.0,0.0,0.0,0.0,0.0,0.0,22.2,12.0,0.0,0.0,0.0,6.8,0.0,0.0,0.0,42.523,0.0,0.0,21.351521993,0.0,-1.057487663,0.0,24.0,0.0,0.0
10146,0.0,0.0,0.0,0.0,0.0,0.0,0.0,133.0,73.0,2.0,54.8,162.6,0.0,72,48.0,0.34671532850000003,63.0,106.0,181.0,60.0,0.0,12.3,10.0,2.0,2.0,1.38,7.1,0.0,0.0,5.0,53.04600000000001,0.0,0.0,20.727144540999998,0.0,-1.156799333,0.0,24.0,0.0,0.0
10146,0.0,0.0,0.0,0.0,0.0,0.0,0.0,177.0,77.0,3.0,54.8,162.6,0.0,73,49.0,0.34671532850000003,97.0,116.0,0.0,63.0,11.0,12.3,9.0,3.0,8.0,1.74,7.6,0.0,0.0,3.0,62.573,0.0,0.0,20.727144540999998,0.0,-1.156799333,0.0,24.0,0.0,0.0
