PtID,Pt_CGMUseNumDays,Pt_FatherT1D,Pt_MotherT1D,Pt_SiblingT1D,Pt_ChildT1D,Pt_GrandchildT1D,Pt_GrandparentT1D,BldPrSys,BldPrDia,SMBGperDayPtMeterCombo,WeightKg,HeightCm,DirectLDL,age,diabDur,TotalDailyInsPerKg,LDL,HDL,TotChol,Triglyc,BUN,AlbCreatRat_mggNew,UnitsInsBasalOrLongAct,BGTestAvgNumMeter,BGTestAvgNumPtRep,TSH,HbA1c,AutonomicNeuroCl,Pt_InsGov,NumPumpBolusOrShortAct,HbA1cImputeDtMnC,Pt_SHFlg,Pt_DKAFlg,bmi,bmiPerc,bmiZscore,GFR,diagAgeCombo,Pt_A1cGoalLev,Pt_A1cGoalLevelDsYr5
10147,0.0,0.0,0.0,0.0,0.0,0.0,0.0,110.0,62.0,5.0,0.0,0.0,1.0,60,47.0,0.0,70.0,0.0,0.0,0.0,16.0,9.9,0.0,0.0,5.0,0.0,7.7,1.0,1.0,0.0,0.0,0.0,0.0,0.0,0.0,0.0,0.0,13.0,0.0,0.0
10147,0.0,0.0,0.0,0.0,0.0,0.0,0.0,100.0,48.0,6.0,67.58526313,171.45,1.0,61,48.0,0.22194187469999999,73.0,0.0,0.0,0.0,0.0,6.5,0.0,0.0,6.0,0.0,7.4,1.0,1.0,0.0,11.187000000000001,0.0,0.0,22.992014785,0.0,-0.820883563,0.0,13.0,6.9,0.0
10147,0.0,0.0,0.0,0.0,0.0,0.0,0.0,100.0,60.0,0.0,0.0,0.0,0.0,62,49.0,0.0,78.0,48.0,0.0,68.0,14.0,20.8,7.0,0.0,0.0,2.65,7.2,1.0,0.0,0.0,26.788,0.0,0.0,0.0,0.0,0.0,50.0,13.0,0.0,0.0
10147,0.0,0.0,0.0,0.0,0.0,0.0,0.0,100.0,50.0,4.0,0.0,0.0,0.0,63,50.0,0.0,88.0,54.0,0.0,67.0,0.0,8.9,8.0,0.0,4.0,2.6,6.8,1.0,0.0,0.0,39.27,0.0,0.0,0.0,0.0,0.0,56.0,13.0,0.0,0.0
10147,0.0,0.0,0.0,0.0,0.0,0.0,0.0,100.0,54.0,0.0,0.0,0.0,0.0,64,51.0,0.0,88.0,58.0,155.0,46.0,27.0,10.6,8.0,0.0,0.0,2.62,7.6,1.0,0.0,0.0,49.261,0.0,0.0,0.0,0.0,0.0,45.0,13.0,0.0,0.0
10147,0.0,0.0,0.0,0.0,0.0,0.0,0.0,120.0,58.0,4.0,0.0,0.0,0.0,65,52.0,0.0,95.0,52.0,0.0,72.0,0.0,18.4,8.0,4.0,5.0,1.41,7.4,1.0,1.0,3.0,62.506,0.0,0.0,0.0,0.0,0.0,0.0,13.0,0.0,0.0
10147,0.0,0.0,0.0,0.0,0.0,0.0,0.0,118.0,50.0,4.0,73.300526992,167.64,1.0,66,53.0,0.2319219342,114.0,0.0,0.0,0.0,0.0,23.2,8.0,4.0,4.0,1.18,8.0,1.0,0.0,3.0,79.734,0.0,0.0,26.082654745,0.0,-0.436945727,53.0,13.0,0.0,0.0
