PtID,Pt_CGMUseNumDays,Pt_FatherT1D,Pt_MotherT1D,Pt_SiblingT1D,Pt_ChildT1D,Pt_GrandchildT1D,Pt_GrandparentT1D,BldPrSys,BldPrDia,SMBGperDayPtMeterCombo,WeightKg,HeightCm,DirectLDL,age,diabDur,TotalDailyInsPerKg,LDL,HDL,TotChol,Triglyc,BUN,AlbCreatRat_mggNew,UnitsInsBasalOrLongAct,BGTestAvgNumMeter,BGTestAvgNumPtRep,TSH,HbA1c,AutonomicNeuroCl,Pt_InsGov,NumPumpBolusOrShortAct,HbA1cImputeDtMnC,Pt_SHFlg,Pt_DKAFlg,bmi,bmiPerc,bmiZscore,GFR,diagAgeCombo,Pt_A1cGoalLev,Pt_A1cGoalLevelDsYr5
10155,0.0,0.0,0.0,0.0,0.0,0.0,0.0,0.0,0.0,13.0,15.87573295,98.0,0.0,3,2.0,0.6298921777,85.0,55.0,0.0,162.0,8.0,0.0,0.0,0.0,13.0,0.0,7.0,0.0,0.0,10.0,0.0,0.0,0.0,16.530334184,0.7273808640999999,0.6049107924,0.0,0.0,0.0,0.0
10155,0.0,0.0,0.0,0.0,0.0,0.0,0.0,0.0,0.0,5.0,17.69010243,107.0,0.0,4,3.0,0.5652878518,0.0,0.0,0.0,0.0,0.0,0.0,0.0,5.0,12.0,0.0,7.3,0.0,0.0,17.0,13.477,0.0,0.0,15.451220569,0.5458329972,0.11514018880000002,0.0,0.0,6.8,0.0
10155,0.0,0.0,0.0,0.0,0.0,0.0,0.0,100.0,60.0,6.0,20.41165665,116.1,0.0,6,5.0,0.7348742073000001,0.0,0.0,164.0,0.0,0.0,8.8,5.0,6.0,0.0,3.82,7.6,0.0,0.0,18.0,33.925,0.0,0.0,15.143065988,0.4808375505,-0.048051622999999995,0.0,0.0,0.0,0.0
10155,0.0,0.0,0.0,0.0,0.0,0.0,0.0,0.0,0.0,11.0,22.22602613,122.1,1.0,7,6.0,0.6748844761,101.0,65.0,168.0,79.0,6.0,8.8,5.0,11.0,0.0,2.88,7.4,0.0,0.0,0.0,43.021,0.0,0.0,14.90838133,0.3621742063,-0.352653248,0.0,0.0,0.0,0.0
10155,0.0,0.0,0.0,0.0,0.0,0.0,0.0,0.0,0.0,0.0,27.0,132.0,0.0,9,8.0,0.0,0.0,0.0,0.0,0.0,0.0,8.8,9.0,0.0,0.0,0.0,7.5,0.0,0.0,0.0,64.664,0.0,0.0,15.495867769,0.3398570743,-0.412853231,0.0,0.0,0.0,0.0
10155,30.0,0.0,0.0,0.0,0.0,0.0,0.0,129.0,78.0,2.0,29.0,135.0,0.0,9,9.0,0.0,0.0,0.0,0.0,0.0,9.0,8.8,10.8,2.0,4.0,4.54,7.4,0.0,0.0,0.0,75.054,0.0,0.0,15.912208505,0.42610365920000004,-0.186302792,0.0,0.0,0.0,0.0
