PtID,Pt_CGMUseNumDays,Pt_FatherT1D,Pt_MotherT1D,Pt_SiblingT1D,Pt_ChildT1D,Pt_GrandchildT1D,Pt_GrandparentT1D,BldPrSys,BldPrDia,SMBGperDayPtMeterCombo,WeightKg,HeightCm,DirectLDL,age,diabDur,TotalDailyInsPerKg,LDL,HDL,TotChol,Triglyc,BUN,AlbCreatRat_mggNew,UnitsInsBasalOrLongAct,BGTestAvgNumMeter,BGTestAvgNumPtRep,TSH,HbA1c,AutonomicNeuroCl,Pt_InsGov,NumPumpBolusOrShortAct,HbA1cImputeDtMnC,Pt_SHFlg,Pt_DKAFlg,bmi,bmiPerc,bmiZscore,GFR,diagAgeCombo,Pt_A1cGoalLev,Pt_A1cGoalLevelDsYr5
10170,0.0,0.0,0.0,0.0,0.0,0.0,0.0,131.0,64.0,7.0,80.0,165.3,0.0,13,2.0,0.8375,90.0,54.0,174.0,148.0,11.0,13.7,0.0,0.0,7.0,0.0,8.0,0.0,0.0,0.0,-1.5930000000000002,0.0,0.0,29.278193711,0.9761818689,1.9805989914,0.0,10.0,0.0,0.0
10170,0.0,0.0,0.0,0.0,0.0,0.0,1.0,131.0,66.0,6.0,88.6,167.0,0.0,14,3.0,0.9480812640999999,86.0,50.0,158.0,110.0,0.0,19.0,0.0,0.0,6.0,0.0,7.9,0.0,0.0,0.0,16.166,0.0,0.0,31.768797734,0.9818144969,2.0927552745,0.0,10.0,6.5,0.0
10170,0.0,0.0,0.0,0.0,0.0,0.0,0.0,126.0,70.0,4.0,88.2,166.8,0.0,15,4.0,1.2698412698000001,103.0,45.0,0.0,111.0,0.0,13.5,62.0,0.0,4.0,2.07,7.7,0.0,0.0,3.0,27.451999999999998,0.0,0.0,31.701257699,0.9771821568000001,1.9987474471000002,0.0,10.0,0.0,0.0
10170,0.0,0.0,0.0,0.0,0.0,0.0,0.0,131.0,71.0,3.0,83.7,168.8,0.0,16,5.0,1.2783751493000002,97.0,49.0,0.0,122.0,0.0,14.0,68.0,0.0,3.0,2.21,7.5,0.0,0.0,3.0,39.303000000000004,0.0,0.0,29.375182498,0.9553291962,1.6988810007,0.0,10.0,0.0,0.0
10170,0.0,0.0,0.0,0.0,0.0,0.0,0.0,116.0,67.0,5.0,80.8,167.7,0.0,17,6.0,1.2252475248,93.0,55.0,0.0,101.0,0.0,14.0,57.0,5.0,0.0,2.78,9.0,0.0,0.0,3.0,51.851000000000006,0.0,0.0,28.730635711999998,0.9391825823000001,1.5479479218,0.0,10.0,0.0,0.0
10170,0.0,0.0,0.0,0.0,0.0,0.0,0.0,125.0,78.0,0.0,85.8,167.4,0.0,18,7.0,1.3752913753,91.0,56.0,0.0,186.0,10.0,14.0,58.0,0.0,0.0,2.18,0.0,0.0,0.0,0.0,0.0,0.0,0.0,30.617969108,0.9531482711,1.6761773581000001,0.0,10.0,0.0,0.0
