PtID,Pt_CGMUseNumDays,Pt_FatherT1D,Pt_MotherT1D,Pt_SiblingT1D,Pt_ChildT1D,Pt_GrandchildT1D,Pt_GrandparentT1D,BldPrSys,BldPrDia,SMBGperDayPtMeterCombo,WeightKg,HeightCm,DirectLDL,age,diabDur,TotalDailyInsPerKg,LDL,HDL,TotChol,Triglyc,BUN,AlbCreatRat_mggNew,UnitsInsBasalOrLongAct,BGTestAvgNumMeter,BGTestAvgNumPtRep,TSH,HbA1c,AutonomicNeuroCl,Pt_InsGov,NumPumpBolusOrShortAct,HbA1cImputeDtMnC,Pt_SHFlg,Pt_DKAFlg,bmi,bmiPerc,bmiZscore,GFR,diagAgeCombo,Pt_A1cGoalLev,Pt_A1cGoalLevelDsYr5
10179,0.0,0.0,0.0,0.0,0.0,0.0,0.0,125.0,75.0,3.0,60.32778521,134.62,0.0,21,2.0,0.43097885840000005,98.0,50.0,0.0,55.0,10.0,10.0,0.0,3.0,4.0,0.0,7.6,0.0,0.0,0.0,0.0,0.0,0.0,33.288805302,0.0,0.8749391929000001,0.0,19.0,0.0,0.0
10179,0.0,0.0,0.0,0.0,0.0,0.0,0.0,137.0,84.0,9.0,60.78137758,160.02,0.0,22,3.0,0.7403583431999999,86.0,46.0,148.0,80.0,10.0,8.0,0.0,9.0,7.0,0.0,7.7,0.0,0.0,0.0,11.618,0.0,0.0,23.736791049,0.0,-0.413037754,0.0,19.0,7.2,0.0
10179,0.0,0.0,0.0,0.0,0.0,0.0,0.0,135.0,88.0,12.0,66.67807839,160.02,0.0,23,4.0,0.0,76.0,57.0,154.0,106.0,6.0,0.0,27.0,12.0,0.0,0.96,8.2,0.0,0.0,2.0,23.469,0.0,0.0,26.039614060999998,0.0,-0.102529114,0.0,19.0,0.0,0.0
10179,0.0,0.0,0.0,0.0,0.0,0.0,0.0,125.0,78.0,8.0,68.49244787,160.02,0.0,24,5.0,0.0,112.0,55.0,184.0,85.0,5.0,0.0,30.0,8.0,8.0,0.62,7.2,0.0,0.0,0.0,36.946,0.0,0.0,26.748174988000002,0.0,-0.006987994,0.0,19.0,0.0,0.0
10179,0.0,0.0,0.0,0.0,0.0,0.0,0.0,131.0,81.0,6.0,0.0,0.0,0.0,25,6.0,0.0,94.0,66.0,180.0,100.0,10.0,0.0,0.0,6.0,0.0,0.71,7.5,0.0,0.0,0.0,52.282,0.0,0.0,0.0,0.0,0.0,0.0,19.0,0.0,0.0
10179,0.0,0.0,0.0,0.0,0.0,0.0,0.0,135.0,85.0,6.0,70.76040972,162.56,0.0,26,7.0,0.0,102.0,55.0,0.0,95.0,12.0,12.0,0.0,6.0,4.0,0.93,7.8,0.0,0.0,0.0,65.759,0.0,0.0,26.777064068,0.0,-0.0030926409999999997,0.0,19.0,0.0,0.0
