PtID,Pt_CGMUseNumDays,Pt_FatherT1D,Pt_MotherT1D,Pt_SiblingT1D,Pt_ChildT1D,Pt_GrandchildT1D,Pt_GrandparentT1D,BldPrSys,BldPrDia,SMBGperDayPtMeterCombo,WeightKg,HeightCm,DirectLDL,age,diabDur,TotalDailyInsPerKg,LDL,HDL,TotChol,Triglyc,BUN,AlbCreatRat_mggNew,UnitsInsBasalOrLongAct,BGTestAvgNumMeter,BGTestAvgNumPtRep,TSH,HbA1c,AutonomicNeuroCl,Pt_InsGov,NumPumpBolusOrShortAct,HbA1cImputeDtMnC,Pt_SHFlg,Pt_DKAFlg,bmi,bmiPerc,bmiZscore,GFR,diagAgeCombo,Pt_A1cGoalLev,Pt_A1cGoalLevelDsYr5
10182,29.0,0.0,0.0,1.0,0.0,0.0,0.0,125.0,78.0,1.0,88.90410452,167.64,0.0,20,11.0,0.6748844761,111.0,64.0,0.0,76.0,14.0,11.5,0.0,1.0,4.0,0.0,8.2,0.0,0.0,7.0,0.0,0.0,0.0,31.634903031999997,0.9636054895999999,0.9931103615000001,0.0,8.0,0.0,0.0
10182,4.0,0.0,0.0,1.0,0.0,0.0,0.0,123.0,81.0,5.0,87.99691978,167.64,0.0,21,12.0,0.2500087509,0.0,0.0,0.0,0.0,0.0,0.0,0.0,0.0,5.0,0.0,8.2,0.0,0.0,0.0,13.212,0.0,0.0,31.312097899,0.0,0.9294386045,0.0,8.0,6.0,0.0
10182,0.0,0.0,0.0,0.0,0.0,0.0,0.0,0.0,0.0,6.0,86.1825503,167.64,0.0,23,14.0,0.0,109.0,62.0,193.0,110.0,13.0,26.0,21.0,6.0,0.0,1.62,9.4,0.0,0.0,0.0,34.788000000000004,0.0,0.0,30.666487633000003,0.0,0.8020950906000001,0.0,8.0,0.0,0.0
10182,30.0,0.0,0.0,0.0,0.0,0.0,0.0,110.0,82.0,2.0,84.0,170.0,0.0,25,16.0,0.0,62.0,62.0,139.0,74.0,8.0,26.0,0.0,0.0,2.0,1.66,10.8,0.0,0.0,0.0,59.718,0.0,0.0,29.065743945,0.0,0.4863561114,121.0,8.0,0.0,0.0
10182,0.0,0.0,0.0,0.0,0.0,0.0,0.0,137.0,95.0,0.0,84.0,170.0,0.0,26,17.0,0.0,0.0,0.0,0.0,0.0,0.0,26.0,0.0,0.0,0.0,0.0,0.0,0.0,0.0,0.0,0.0,0.0,0.0,29.065743945,0.0,0.4863561114,0.0,8.0,0.0,0.0
