PtID,Pt_CGMUseNumDays,Pt_FatherT1D,Pt_MotherT1D,Pt_SiblingT1D,Pt_ChildT1D,Pt_GrandchildT1D,Pt_GrandparentT1D,BldPrSys,BldPrDia,SMBGperDayPtMeterCombo,WeightKg,HeightCm,DirectLDL,age,diabDur,TotalDailyInsPerKg,LDL,HDL,TotChol,Triglyc,BUN,AlbCreatRat_mggNew,UnitsInsBasalOrLongAct,BGTestAvgNumMeter,BGTestAvgNumPtRep,TSH,HbA1c,AutonomicNeuroCl,Pt_InsGov,NumPumpBolusOrShortAct,HbA1cImputeDtMnC,Pt_SHFlg,Pt_DKAFlg,bmi,bmiPerc,bmiZscore,GFR,diagAgeCombo,Pt_A1cGoalLev,Pt_A1cGoalLevelDsYr5
10185,0.0,0.0,0.0,0.0,0.0,0.0,0.0,114.0,70.0,2.0,61.5,162.0,0.0,20,13.0,0.7317073170999999,103.0,60.0,180.0,84.0,8.0,12.1,0.0,2.0,2.0,0.0,10.0,0.0,0.0,3.0,0.0,0.0,0.0,23.433927755,0.676371297,-0.45387531200000003,0.0,6.0,0.0,0.0
10185,0.0,0.0,0.0,0.0,0.0,0.0,0.0,118.0,72.0,2.0,59.6,162.0,0.0,20,14.0,0.8389261745000001,0.0,0.0,0.0,0.0,0.0,0.0,0.0,2.0,2.0,0.0,10.2,0.0,0.0,3.0,9.726,0.0,0.0,22.709952751,0.6099936739,-0.55149484,0.0,6.0,7.0,0.0
10185,0.0,0.0,0.0,0.0,0.0,0.0,0.0,116.0,70.0,1.0,60.3,162.0,1.0,22,15.0,0.679933665,156.0,71.0,243.0,152.0,13.0,8.2,27.0,1.0,0.0,0.0,10.1,0.0,0.0,0.0,24.133000000000003,0.0,0.0,22.976680384,0.0,-0.515529751,0.0,6.0,0.0,0.0
10185,0.0,0.0,0.0,0.0,0.0,0.0,0.0,118.0,80.0,1.0,58.8,161.9,0.0,22,16.0,0.7823129252,0.0,0.0,0.0,0.0,0.0,8.2,29.0,1.0,0.0,0.0,8.6,0.0,0.0,4.0,31.801,0.0,0.0,22.432807447,0.0,-0.588864629,0.0,6.0,0.0,0.0
10185,0.0,0.0,0.0,0.0,0.0,0.0,0.0,118.0,80.0,1.0,58.8,161.9,0.0,24,17.0,0.7823129252,0.0,0.0,0.0,0.0,10.0,8.2,29.0,1.0,0.0,2.13,7.7,0.0,0.0,0.0,48.531000000000006,0.0,0.0,22.432807447,0.0,-0.588864629,114.8,6.0,0.0,0.0
10185,0.0,0.0,0.0,0.0,0.0,0.0,0.0,124.0,66.0,0.0,0.0,0.0,0.0,25,19.0,0.0,112.0,60.0,186.0,69.0,13.0,0.0,27.8,0.0,0.0,1.54,8.4,0.0,0.0,1.0,69.676,0.0,0.0,0.0,0.0,0.0,123.3,6.0,0.0,0.0
