PtID,Pt_CGMUseNumDays,Pt_FatherT1D,Pt_MotherT1D,Pt_SiblingT1D,Pt_ChildT1D,Pt_GrandchildT1D,Pt_GrandparentT1D,BldPrSys,BldPrDia,SMBGperDayPtMeterCombo,WeightKg,HeightCm,DirectLDL,age,diabDur,TotalDailyInsPerKg,LDL,HDL,TotChol,Triglyc,BUN,AlbCreatRat_mggNew,UnitsInsBasalOrLongAct,BGTestAvgNumMeter,BGTestAvgNumPtRep,TSH,HbA1c,AutonomicNeuroCl,Pt_InsGov,NumPumpBolusOrShortAct,HbA1cImputeDtMnC,Pt_SHFlg,Pt_DKAFlg,bmi,bmiPerc,bmiZscore,GFR,diagAgeCombo,Pt_A1cGoalLev,Pt_A1cGoalLevelDsYr5
10244,0.0,0.0,0.0,0.0,0.0,0.0,0.0,169.0,67.0,4.0,58.014464123,157.48,0.0,62,44.0,0.0,76.0,58.0,0.0,107.0,20.0,6.0,0.0,4.0,6.0,0.0,7.4,1.0,0.0,0.0,0.0,0.0,0.0,23.392975868,0.0,-0.771073772,0.0,18.0,0.0,0.0
10244,0.0,0.0,0.0,0.0,0.0,0.0,0.0,147.0,65.0,6.0,56.69904625,157.48,0.0,63,45.0,0.5643833912,79.0,68.0,0.0,63.0,19.0,5.0,0.0,0.0,6.0,0.0,7.2,1.0,0.0,0.0,9.759,0.0,0.0,22.862564374,0.0,-0.83696467,0.0,18.0,0.0,0.0
10244,0.0,0.0,0.0,0.0,0.0,0.0,0.0,147.0,63.0,5.0,58.05982336,157.48,0.0,65,47.0,0.5339320411999999,45.0,63.0,124.0,82.0,16.0,6.0,16.0,5.0,5.0,2.28,7.5,1.0,0.0,3.0,34.855,0.0,0.0,23.411265919,0.0,-0.768801672,0.0,18.0,0.0,0.0
10244,0.0,0.0,0.0,0.0,0.0,0.0,0.0,119.0,49.0,4.0,59.0,157.0,0.0,66,48.0,0.0,0.0,0.0,0.0,0.0,0.0,6.0,18.0,4.0,0.0,0.0,7.3,1.0,0.0,4.0,49.461000000000006,0.0,0.0,23.936062315,0.0,-0.703608316,0.0,18.0,0.0,0.0
10244,0.0,0.0,0.0,0.0,0.0,0.0,0.0,159.0,70.0,4.0,62.0,157.0,0.0,67,49.0,0.0,0.0,0.0,0.0,0.0,20.0,6.0,20.0,4.0,0.0,2.8,8.2,1.0,0.0,0.0,62.041000000000004,0.0,0.0,25.153150229,0.0,-0.5524143539999999,77.0,18.0,0.0,0.0
10244,23.0,0.0,0.0,0.0,0.0,0.0,0.0,139.0,74.0,10.0,63.0,157.0,0.0,68,50.0,0.0,57.0,66.0,138.0,73.0,21.0,6.0,0.0,0.0,10.0,2.2,7.0,1.0,1.0,0.0,77.145,0.0,0.0,25.558846200999998,0.0,-0.5020163670000001,81.0,18.0,0.0,0.0
