PtID,Pt_CGMUseNumDays,Pt_FatherT1D,Pt_MotherT1D,Pt_SiblingT1D,Pt_ChildT1D,Pt_GrandchildT1D,Pt_GrandparentT1D,BldPrSys,BldPrDia,SMBGperDayPtMeterCombo,WeightKg,HeightCm,DirectLDL,age,diabDur,TotalDailyInsPerKg,LDL,HDL,TotChol,Triglyc,BUN,AlbCreatRat_mggNew,UnitsInsBasalOrLongAct,BGTestAvgNumMeter,BGTestAvgNumPtRep,TSH,HbA1c,AutonomicNeuroCl,Pt_InsGov,NumPumpBolusOrShortAct,HbA1cImputeDtMnC,Pt_SHFlg,Pt_DKAFlg,bmi,bmiPerc,bmiZscore,GFR,diagAgeCombo,Pt_A1cGoalLev,Pt_A1cGoalLevelDsYr5
1026,0.0,0.0,0.0,0.0,0.0,0.0,0.0,116.0,61.0,4.0,66.1,147.5,0.0,15,8.0,0.5295007564,123.0,81.0,217.0,67.0,16.0,21.0,0.0,0.0,4.0,0.0,9.1,0.0,0.0,6.0,-3.95,0.0,0.0,30.382074117,0.9702301531,1.8841869383,0.0,6.0,0.0,0.0
1026,0.0,0.0,0.0,0.0,0.0,0.0,0.0,108.0,67.0,4.0,69.0,148.6,0.0,16,9.0,1.0869565217000001,114.0,64.0,201.0,14.0,0.0,13.0,0.0,0.0,4.0,0.0,9.0,0.0,0.0,0.0,15.767999999999999,1.0,0.0,31.247226243000004,0.9698806908,1.8790430271,0.0,6.0,8.0,0.0
1026,0.0,0.0,0.0,0.0,0.0,0.0,0.0,111.0,61.0,2.0,69.2,148.9,0.0,17,11.0,0.7803468208,125.0,67.0,214.0,109.0,14.0,4.9,36.0,2.0,0.0,0.52,9.2,0.0,0.0,0.0,29.842,0.0,0.0,31.211647898000002,0.9641494298000001,1.8010110366,102.0,6.0,0.0,0.0
1026,0.0,0.0,0.0,0.0,0.0,0.0,0.0,82.0,62.0,3.0,76.2,148.4,0.0,18,11.0,0.7611548556000001,100.0,61.0,183.0,110.0,11.0,4.0,39.0,3.0,0.0,1.46,9.2,0.0,0.0,0.0,40.763000000000005,0.0,0.0,34.600882005,0.9766496798000001,1.9890050961,60.1,6.0,0.0,0.0
1026,0.0,0.0,0.0,0.0,0.0,0.0,0.0,115.0,66.0,3.0,73.1,148.7,0.0,19,12.0,0.6976744186,120.0,64.0,209.0,124.0,16.0,4.0,39.0,3.0,0.0,1.0,8.6,0.0,0.0,3.0,48.033,0.0,0.0,33.059435982,0.9652707309,1.815425546,0.0,6.0,0.0,0.0
