PtID,Pt_CGMUseNumDays,Pt_FatherT1D,Pt_MotherT1D,Pt_SiblingT1D,Pt_ChildT1D,Pt_GrandchildT1D,Pt_GrandparentT1D,BldPrSys,BldPrDia,SMBGperDayPtMeterCombo,WeightKg,HeightCm,DirectLDL,age,diabDur,TotalDailyInsPerKg,LDL,HDL,TotChol,Triglyc,BUN,AlbCreatRat_mggNew,UnitsInsBasalOrLongAct,BGTestAvgNumMeter,BGTestAvgNumPtRep,TSH,HbA1c,AutonomicNeuroCl,Pt_InsGov,NumPumpBolusOrShortAct,HbA1cImputeDtMnC,Pt_SHFlg,Pt_DKAFlg,bmi,bmiPerc,bmiZscore,GFR,diagAgeCombo,Pt_A1cGoalLev,Pt_A1cGoalLevelDsYr5
10286,0.0,0.0,0.0,0.0,0.0,0.0,0.0,96.0,62.0,6.0,23.314647818,122.428,0.0,6,0.0,0.47180639770000005,0.0,0.0,0.0,0.0,0.0,0.0,0.0,6.0,6.0,0.0,8.3,0.0,1.0,0.0,-0.1,0.0,0.0,15.554904527,0.5528930244,0.1329739895,0.0,6.0,0.0,0.0
10286,0.0,0.0,0.0,0.0,0.0,0.0,0.0,107.0,71.0,5.0,26.9,132.0,0.0,8,1.0,0.5576208178000001,0.0,0.0,0.0,0.0,0.0,0.0,0.0,5.0,6.0,0.0,8.0,0.0,1.0,0.0,18.523,0.0,0.0,15.438475665999999,0.41474346729999995,-0.21535964,0.0,6.0,7.5,0.0
10286,0.0,0.0,0.0,0.0,0.0,0.0,0.0,111.0,67.0,0.0,28.7,135.7,0.0,9,2.0,0.0,0.0,0.0,0.0,0.0,0.0,0.0,10.0,0.0,0.0,0.0,7.9,0.0,0.0,0.0,28.913,0.0,0.0,15.585552464000001,0.36822487880000004,-0.33655848299999996,0.0,6.0,0.0,0.0
10286,0.0,0.0,0.0,0.0,0.0,0.0,0.0,100.0,67.0,0.0,32.0,138.0,0.0,9,3.0,0.75,0.0,0.0,0.0,0.0,0.0,0.0,12.0,0.0,0.0,0.0,7.3,0.0,0.0,0.0,36.647,0.0,0.0,16.803192607,0.6316761804,0.3362960355,0.0,6.0,0.0,0.0
