PtID,Pt_CGMUseNumDays,Pt_FatherT1D,Pt_MotherT1D,Pt_SiblingT1D,Pt_ChildT1D,Pt_GrandchildT1D,Pt_GrandparentT1D,BldPrSys,BldPrDia,SMBGperDayPtMeterCombo,WeightKg,HeightCm,DirectLDL,age,diabDur,TotalDailyInsPerKg,LDL,HDL,TotChol,Triglyc,BUN,AlbCreatRat_mggNew,UnitsInsBasalOrLongAct,BGTestAvgNumMeter,BGTestAvgNumPtRep,TSH,HbA1c,AutonomicNeuroCl,Pt_InsGov,NumPumpBolusOrShortAct,HbA1cImputeDtMnC,Pt_SHFlg,Pt_DKAFlg,bmi,bmiPerc,bmiZscore,GFR,diagAgeCombo,Pt_A1cGoalLev,Pt_A1cGoalLevelDsYr5
10285,0.0,0.0,0.0,0.0,0.0,0.0,0.0,100.0,62.0,6.0,32.5,142.2,0.0,10,6.0,0.09230769230000001,33.0,54.0,117.0,149.0,14.0,29.9,0.0,6.0,5.0,0.0,8.4,0.0,0.0,0.0,0.0,0.0,0.0,16.072527155,0.38378651119999996,-0.295550969,0.0,4.0,0.0,0.0
10285,0.0,0.0,0.0,0.0,0.0,0.0,0.0,94.0,57.0,5.0,40.0,156.0,0.0,12,8.0,0.0,0.0,0.0,0.0,0.0,0.0,0.0,0.0,5.0,0.0,0.0,9.0,0.0,0.0,0.0,25.526999999999997,0.0,0.0,16.436554898,0.253190613,-0.664483,0.0,4.0,0.0,0.0
10285,0.0,0.0,0.0,0.0,0.0,0.0,0.0,130.0,62.0,6.0,50.9,165.4,0.0,13,9.0,1.6895874263,0.0,0.0,112.0,212.0,12.0,29.9,56.0,6.0,0.0,3.2,7.4,0.0,0.0,3.0,38.306999999999995,0.0,0.0,18.605732466,0.5257366896,0.0645571274,0.0,4.0,0.0,0.0
10285,0.0,0.0,0.0,0.0,0.0,0.0,0.0,110.0,58.0,6.0,56.1,170.7,0.0,14,10.0,1.550802139,67.0,49.0,139.0,117.0,11.0,31.0,56.0,6.0,0.0,1.1,7.5,0.0,0.0,3.0,52.946000000000005,0.0,0.0,19.252885101,0.5189547948,0.0475305149,0.0,4.0,0.0,0.0
10285,0.0,0.0,0.0,0.0,0.0,0.0,0.0,112.0,65.0,6.0,61.5,172.7,0.0,15,11.0,1.7886178862,67.0,48.0,141.0,131.0,10.0,29.9,52.0,6.0,5.0,1.5,7.2,0.0,0.0,3.0,63.833999999999996,0.0,0.0,20.620084499,0.6094678748,0.2779324017,0.0,4.0,0.0,0.0
10285,0.0,0.0,0.0,0.0,0.0,0.0,0.0,114.0,67.0,4.0,64.0,172.9,0.0,16,12.0,1.5625,43.0,49.0,0.0,165.0,14.0,10.0,60.0,4.0,0.0,0.84,6.8,0.0,0.0,2.0,73.593,0.0,0.0,21.408684767,0.6177747258,0.29964160079999996,0.0,4.0,0.0,0.0
