PtID,Pt_CGMUseNumDays,Pt_FatherT1D,Pt_MotherT1D,Pt_SiblingT1D,Pt_ChildT1D,Pt_GrandchildT1D,Pt_GrandparentT1D,BldPrSys,BldPrDia,SMBGperDayPtMeterCombo,WeightKg,HeightCm,DirectLDL,age,diabDur,TotalDailyInsPerKg,LDL,HDL,TotChol,Triglyc,BUN,AlbCreatRat_mggNew,UnitsInsBasalOrLongAct,BGTestAvgNumMeter,BGTestAvgNumPtRep,TSH,HbA1c,AutonomicNeuroCl,Pt_InsGov,NumPumpBolusOrShortAct,HbA1cImputeDtMnC,Pt_SHFlg,Pt_DKAFlg,bmi,bmiPerc,bmiZscore,GFR,diagAgeCombo,Pt_A1cGoalLev,Pt_A1cGoalLevelDsYr5
10298,0.0,0.0,0.0,0.0,0.0,0.0,0.0,111.0,69.0,10.0,37.8,144.9,0.0,9,3.0,1.0052910053,93.0,60.0,162.0,47.0,18.0,0.0,0.0,0.0,10.0,0.0,7.2,0.0,0.0,5.0,0.133,0.0,0.0,18.00342065,0.7978345169,0.833911305,0.0,5.0,0.0,0.0
10298,30.0,0.0,0.0,0.0,0.0,0.0,0.0,102.0,74.0,12.0,40.8,151.7,0.0,11,5.0,0.7352941176000001,81.0,61.0,148.0,29.0,0.0,0.0,0.0,0.0,12.0,0.0,7.2,0.0,0.0,0.0,15.568,0.0,0.0,17.729194378,0.5949637874,0.2403325988,0.0,5.0,6.4,0.0
10298,0.0,0.0,0.0,0.0,0.0,0.0,0.0,121.0,71.0,7.0,43.0,156.5,0.0,12,6.0,0.7209302326,91.0,65.0,163.0,34.0,14.0,4.7,19.0,7.0,0.0,3.8,7.7,0.0,0.0,6.0,27.651,0.0,0.0,17.556574018,0.4595904536,-0.101465545,0.0,5.0,0.0,0.0
10298,0.0,0.0,0.0,0.0,0.0,0.0,0.0,132.0,74.0,12.0,51.6,163.0,0.0,13,7.0,0.7558139534999999,0.0,0.0,0.0,0.0,0.0,4.7,26.0,0.0,12.0,0.0,7.6,0.0,0.0,0.0,40.199,0.0,0.0,19.421129888,0.6416446404,0.3628583258,0.0,5.0,0.0,0.0
10298,0.0,0.0,0.0,0.0,0.0,0.0,0.0,104.0,68.0,4.0,65.0,173.7,0.0,14,8.0,1.1230769231,96.0,58.0,166.0,59.0,15.0,4.7,40.0,4.0,0.0,2.37,7.3,0.0,0.0,0.0,56.696999999999996,0.0,0.0,21.543373938000002,0.7799886997,0.7721550502,0.0,5.0,0.0,0.0
10298,26.0,0.0,0.0,0.0,0.0,0.0,0.0,0.0,0.0,3.0,75.3,179.4,0.0,15,9.0,1.1420982736,0.0,0.0,0.0,0.0,15.0,4.7,45.0,3.0,6.0,0.0,9.0,0.0,0.0,0.0,72.266,0.0,0.0,23.396457161,0.8488379827,1.031462394,0.0,5.0,0.0,0.0
