PtID,Pt_CGMUseNumDays,Pt_FatherT1D,Pt_MotherT1D,Pt_SiblingT1D,Pt_ChildT1D,Pt_GrandchildT1D,Pt_GrandparentT1D,BldPrSys,BldPrDia,SMBGperDayPtMeterCombo,WeightKg,HeightCm,DirectLDL,age,diabDur,TotalDailyInsPerKg,LDL,HDL,TotChol,Triglyc,BUN,AlbCreatRat_mggNew,UnitsInsBasalOrLongAct,BGTestAvgNumMeter,BGTestAvgNumPtRep,TSH,HbA1c,AutonomicNeuroCl,Pt_InsGov,NumPumpBolusOrShortAct,HbA1cImputeDtMnC,Pt_SHFlg,Pt_DKAFlg,bmi,bmiPerc,bmiZscore,GFR,diagAgeCombo,Pt_A1cGoalLev,Pt_A1cGoalLevelDsYr5
10291,0.0,0.0,0.0,0.0,0.0,0.0,1.0,125.0,71.0,4.0,60.9,160.5,0.0,58,27.0,0.5418719211999999,105.0,53.0,0.0,75.0,19.0,0.0,0.0,4.0,5.0,0.0,8.1,0.0,0.0,5.0,0.1,0.0,0.0,23.641074911999997,0.0,-0.571659059,0.0,31.0,0.0,0.0
10291,0.0,0.0,0.0,0.0,0.0,0.0,1.0,134.0,80.0,4.0,0.0,0.0,0.0,59,28.0,0.0,96.0,69.0,0.0,64.0,17.0,0.0,0.0,4.0,5.0,0.0,9.6,0.0,0.0,6.0,12.149000000000001,0.0,0.0,0.0,0.0,0.0,0.0,31.0,7.5,0.0
10291,0.0,0.0,0.0,0.0,0.0,0.0,0.0,100.0,70.0,3.0,61.4,158.2,0.0,59,28.0,0.4071661238,0.0,0.0,0.0,0.0,0.0,0.0,17.0,3.0,6.0,0.08199999999999999,8.8,0.0,0.0,4.0,16.73,0.0,0.0,24.533268551,0.0,-0.47990920299999995,0.0,31.0,0.0,0.0
10291,0.0,0.0,0.0,0.0,0.0,0.0,0.0,116.0,60.0,4.0,58.0,161.6,0.0,60,29.0,0.6206896552000001,78.0,68.0,157.0,56.0,18.0,0.0,18.0,4.0,6.0,0.924,9.7,0.0,0.0,7.0,27.884,0.0,0.0,22.209832369,0.0,-0.918050955,57.0,31.0,0.0,0.0
10291,0.0,0.0,0.0,0.0,0.0,0.0,0.0,124.0,68.0,4.0,60.3,159.0,0.0,61,30.0,0.48092868990000004,105.0,74.0,189.0,52.0,11.0,0.0,18.0,4.0,0.0,0.609,9.6,0.0,0.0,5.0,38.606,0.0,0.0,23.851904591999997,0.0,-0.7140628929999999,64.0,31.0,0.0,0.0
10291,0.0,0.0,0.0,0.0,0.0,0.0,0.0,112.0,66.0,4.0,61.5,160.2,0.0,62,31.0,0.4552845528,94.0,77.0,181.0,51.0,15.0,0.0,18.0,4.0,6.0,4.05,9.7,0.0,0.0,5.0,49.826,0.0,0.0,23.963491329,0.0,-0.700200919,78.0,31.0,0.0,0.0
10291,30.0,0.0,0.0,0.0,0.0,0.0,0.0,142.0,80.0,5.0,62.9,158.8,0.0,63,32.0,0.39268680450000004,89.0,70.0,171.0,62.0,14.0,0.0,17.0,5.0,5.0,2.99,9.4,0.0,1.0,5.0,69.477,0.0,0.0,24.943055282,0.0,-0.578513609,77.0,31.0,0.0,0.0
