PtID,Pt_CGMUseNumDays,Pt_FatherT1D,Pt_MotherT1D,Pt_SiblingT1D,Pt_ChildT1D,Pt_GrandchildT1D,Pt_GrandparentT1D,BldPrSys,BldPrDia,SMBGperDayPtMeterCombo,WeightKg,HeightCm,DirectLDL,age,diabDur,TotalDailyInsPerKg,LDL,HDL,TotChol,Triglyc,BUN,AlbCreatRat_mggNew,UnitsInsBasalOrLongAct,BGTestAvgNumMeter,BGTestAvgNumPtRep,TSH,HbA1c,AutonomicNeuroCl,Pt_InsGov,NumPumpBolusOrShortAct,HbA1cImputeDtMnC,Pt_SHFlg,Pt_DKAFlg,bmi,bmiPerc,bmiZscore,GFR,diagAgeCombo,Pt_A1cGoalLev,Pt_A1cGoalLevelDsYr5
10300,0.0,0.0,0.0,0.0,0.0,0.0,0.0,126.0,74.0,4.0,33.5,142.4,0.0,8,0.0,0.7462686567,0.0,0.0,0.0,0.0,10.0,0.0,0.0,4.0,5.0,0.0,12.2,0.0,1.0,0.0,-0.996,0.0,0.0,16.520562429,0.6391592505,0.3562124097,0.0,8.0,0.0,0.0
10300,0.0,0.0,0.0,0.0,0.0,0.0,0.0,136.0,84.0,5.0,40.4,149.1,0.0,9,1.0,0.7920792079000001,0.0,0.0,0.0,0.0,0.0,0.0,0.0,0.0,5.0,0.0,7.9,0.0,1.0,0.0,11.386,0.0,0.0,18.172977053,0.7755433467,0.7572279521999999,0.0,8.0,7.5,0.0
10300,0.0,0.0,0.0,0.0,0.0,0.0,0.0,114.0,60.0,0.0,63.5,164.3,0.0,12,3.0,1.2755905512,126.0,59.0,196.0,54.0,8.0,13.0,30.0,0.0,0.0,0.883,8.1,0.0,0.0,0.0,39.734,0.0,0.0,23.523319018000002,0.9170448095999999,1.3854648257,0.0,8.0,0.0,0.0
10300,0.0,0.0,0.0,0.0,0.0,0.0,0.0,115.0,69.0,0.0,60.6,166.9,0.0,13,4.0,0.0,113.0,58.0,183.0,58.0,0.0,3.0,31.0,0.0,0.0,1.18,8.8,0.0,0.0,0.0,52.05,0.0,0.0,21.755043239000003,0.8069884102,0.8668518663,0.0,8.0,0.0,0.0
10300,0.0,0.0,0.0,0.0,0.0,0.0,0.0,113.0,72.0,2.0,60.8,166.7,0.0,14,5.0,0.7730263158,0.0,0.0,0.0,0.0,0.0,3.0,31.0,2.0,2.0,0.0,8.2,0.0,0.0,1.0,63.203,0.0,0.0,21.879247426,0.766429788,0.7271396295999999,0.0,8.0,0.0,0.0
10300,0.0,0.0,0.0,0.0,0.0,0.0,0.0,131.0,78.0,1.0,61.0,166.8,0.0,15,6.0,0.6885245902,0.0,0.0,0.0,0.0,0.0,4.0,31.0,1.0,0.0,0.0,9.0,0.0,0.0,1.0,73.42699999999999,0.0,0.0,21.924906118000003,0.7197776434000001,0.5821810842,0.0,8.0,0.0,0.0
10300,0.0,0.0,0.0,0.0,0.0,0.0,0.0,119.0,81.0,2.0,60.4,166.5,0.0,15,7.0,0.0,125.0,68.0,210.0,85.0,11.0,4.0,23.0,2.0,0.0,1.389,10.6,0.0,0.0,0.0,84.581,0.0,0.0,21.787553319,0.7080356105,0.5476550544,0.0,8.0,0.0,0.0
