PtID,Pt_CGMUseNumDays,Pt_FatherT1D,Pt_MotherT1D,Pt_SiblingT1D,Pt_ChildT1D,Pt_GrandchildT1D,Pt_GrandparentT1D,BldPrSys,BldPrDia,SMBGperDayPtMeterCombo,WeightKg,HeightCm,DirectLDL,age,diabDur,TotalDailyInsPerKg,LDL,HDL,TotChol,Triglyc,BUN,AlbCreatRat_mggNew,UnitsInsBasalOrLongAct,BGTestAvgNumMeter,BGTestAvgNumPtRep,TSH,HbA1c,AutonomicNeuroCl,Pt_InsGov,NumPumpBolusOrShortAct,HbA1cImputeDtMnC,Pt_SHFlg,Pt_DKAFlg,bmi,bmiPerc,bmiZscore,GFR,diagAgeCombo,Pt_A1cGoalLev,Pt_A1cGoalLevelDsYr5
1031,0.0,0.0,0.0,0.0,0.0,0.0,0.0,102.0,67.0,6.0,50.4,166.3,0.0,14,6.0,0.9126984127,70.0,63.0,111.0,39.0,0.0,15.8,0.0,6.0,6.0,0.0,6.8,0.0,0.0,0.0,0.0,0.0,0.0,18.224097825999998,0.3401363968,-0.412090907,0.0,7.0,0.0,0.0
1031,0.0,0.0,0.0,0.0,0.0,0.0,0.0,102.0,66.0,4.0,52.0,167.0,0.0,15,7.0,0.9230769231,81.0,65.0,155.0,45.0,0.0,4.6,0.0,4.0,4.0,0.0,6.6,0.0,0.0,0.0,14.772,0.0,0.0,18.645344042,0.3208607575,-0.46529318399999997,0.0,7.0,6.7,0.0
1031,0.0,0.0,0.0,0.0,0.0,0.0,0.0,100.0,64.0,4.0,51.0,166.0,0.0,16,8.0,0.5882352941,0.0,0.0,0.0,0.0,0.0,9.4,19.0,4.0,5.0,0.0,6.5,0.0,0.0,3.0,23.866999999999997,0.0,0.0,18.507766004,0.23028036510000002,-0.737923841,0.0,7.0,0.0,0.0
1031,0.0,0.0,0.0,0.0,0.0,0.0,0.0,110.0,55.0,5.0,53.0,167.0,0.0,17,9.0,1.5094339623,0.0,0.0,0.0,0.0,0.0,9.4,20.0,5.0,0.0,0.0,6.6,0.0,0.0,4.0,38.075,0.0,0.0,19.003908351,0.2383359375,-0.711665599,0.0,7.0,0.0,0.0
