PtID,Pt_CGMUseNumDays,Pt_FatherT1D,Pt_MotherT1D,Pt_SiblingT1D,Pt_ChildT1D,Pt_GrandchildT1D,Pt_GrandparentT1D,BldPrSys,BldPrDia,SMBGperDayPtMeterCombo,WeightKg,HeightCm,DirectLDL,age,diabDur,TotalDailyInsPerKg,LDL,HDL,TotChol,Triglyc,BUN,AlbCreatRat_mggNew,UnitsInsBasalOrLongAct,BGTestAvgNumMeter,BGTestAvgNumPtRep,TSH,HbA1c,AutonomicNeuroCl,Pt_InsGov,NumPumpBolusOrShortAct,HbA1cImputeDtMnC,Pt_SHFlg,Pt_DKAFlg,bmi,bmiPerc,bmiZscore,GFR,diagAgeCombo,Pt_A1cGoalLev,Pt_A1cGoalLevelDsYr5
10311,0.0,0.0,0.0,0.0,0.0,0.0,1.0,107.0,56.0,6.0,66.8,173.5,0.0,17,2.0,0.8982035928000001,74.0,60.0,152.0,91.0,0.0,0.0,0.0,6.0,6.0,0.0,6.4,0.0,0.0,0.0,0.0,0.0,0.0,22.191032231999998,0.6269194344,0.3237053353,0.0,15.0,0.0,0.0
10311,0.0,0.0,0.0,0.0,0.0,0.0,1.0,130.0,76.0,8.0,63.4,175.2,0.0,18,3.0,1.3249211356000001,0.0,0.0,0.0,0.0,0.0,0.0,0.0,0.0,8.0,0.0,6.7,0.0,0.0,0.0,12.083,0.0,0.0,20.654802861,0.324221868,-0.455925244,0.0,15.0,6.5,0.0
10311,0.0,0.0,0.0,0.0,0.0,0.0,0.0,126.0,77.0,6.0,72.6,175.4,0.0,19,4.0,0.0,74.0,60.0,152.0,97.0,0.0,2.0,20.0,0.0,6.0,0.0,6.7,0.0,0.0,0.0,26.49,0.0,0.0,23.598122032,0.6373788001,0.3514611682,0.0,15.0,0.0,0.0
10311,0.0,0.0,0.0,0.0,0.0,0.0,0.0,130.0,79.0,4.0,70.2,175.5,0.0,20,5.0,0.7407407407,78.0,56.0,149.0,76.0,0.0,2.0,22.0,4.0,5.0,1.26,6.6,0.0,0.0,3.0,37.876,0.0,0.0,22.792022791999997,0.47295326909999996,-0.751105155,0.0,15.0,0.0,0.0
10311,0.0,0.0,0.0,0.0,0.0,0.0,0.0,120.0,67.0,5.0,74.9,175.0,0.0,22,6.0,0.8010680908,0.0,0.0,0.0,0.0,0.0,2.0,24.0,5.0,5.0,0.0,7.1,0.0,0.0,4.0,51.817,0.0,0.0,24.457142856999997,0.0,-0.422668246,0.0,15.0,0.0,0.0
10311,0.0,0.0,0.0,0.0,0.0,0.0,0.0,114.0,69.0,5.0,75.1,176.0,0.0,23,7.0,0.7989347537,0.0,0.0,0.0,0.0,0.0,2.0,24.0,5.0,5.0,0.93,7.3,0.0,0.0,3.0,65.759,0.0,0.0,24.244576446,0.0,-0.46459594600000004,0.0,15.0,0.0,0.0
