PtID,Pt_CGMUseNumDays,Pt_FatherT1D,Pt_MotherT1D,Pt_SiblingT1D,Pt_ChildT1D,Pt_GrandchildT1D,Pt_GrandparentT1D,BldPrSys,BldPrDia,SMBGperDayPtMeterCombo,WeightKg,HeightCm,DirectLDL,age,diabDur,TotalDailyInsPerKg,LDL,HDL,TotChol,Triglyc,BUN,AlbCreatRat_mggNew,UnitsInsBasalOrLongAct,BGTestAvgNumMeter,BGTestAvgNumPtRep,TSH,HbA1c,AutonomicNeuroCl,Pt_InsGov,NumPumpBolusOrShortAct,HbA1cImputeDtMnC,Pt_SHFlg,Pt_DKAFlg,bmi,bmiPerc,bmiZscore,GFR,diagAgeCombo,Pt_A1cGoalLev,Pt_A1cGoalLevelDsYr5
10310,0.0,0.0,0.0,0.0,0.0,0.0,0.0,126.0,85.0,5.0,78.47148001,175.26,0.0,36,27.0,0.3568175342,89.0,57.0,0.0,72.0,10.0,14.0,0.0,0.0,5.0,0.0,6.3,0.0,0.0,4.0,0.0,0.0,0.0,25.547371829,0.0,-0.269843302,0.0,9.0,0.0,0.0
10310,0.0,0.0,0.0,0.0,0.0,0.0,0.0,114.0,73.0,9.0,77.1107029,175.26,0.0,37,28.0,0.3631143142,76.0,72.0,0.0,51.0,13.0,4.0,0.0,0.0,9.0,0.0,6.2,0.0,0.0,0.0,12.05,0.0,0.0,25.10435382,0.0,-0.320656874,0.0,9.0,6.2,0.0
10310,0.0,0.0,0.0,0.0,0.0,0.0,0.0,126.0,78.0,0.0,77.56429527,175.26,0.0,39,30.0,0.0,0.0,0.0,0.0,0.0,0.0,0.0,12.0,0.0,0.0,0.0,5.9,0.0,0.0,0.0,28.548000000000002,0.0,0.0,25.25202649,0.0,-0.303719017,0.0,9.0,0.0,0.0
10310,0.0,0.0,0.0,0.0,0.0,0.0,0.0,103.0,72.0,0.0,78.0,175.0,0.0,40,31.0,0.0,0.0,0.0,0.0,0.0,0.0,0.0,13.0,0.0,0.0,0.0,6.4,0.0,0.0,0.0,43.651,0.0,0.0,25.469387755,0.0,-0.279697386,0.0,9.0,0.0,0.0
10310,0.0,0.0,0.0,0.0,0.0,0.0,0.0,130.0,82.0,2.0,78.4,175.3,0.0,42,33.0,0.2920918367,0.0,0.0,0.0,0.0,0.0,0.0,13.0,2.0,0.0,0.0,5.9,0.0,0.0,4.0,68.78,0.0,0.0,25.512453755,0.0,-0.27584975300000003,0.0,9.0,0.0,0.0
