PtID,Pt_CGMUseNumDays,Pt_FatherT1D,Pt_MotherT1D,Pt_SiblingT1D,Pt_ChildT1D,Pt_GrandchildT1D,Pt_GrandparentT1D,BldPrSys,BldPrDia,SMBGperDayPtMeterCombo,WeightKg,HeightCm,DirectLDL,age,diabDur,TotalDailyInsPerKg,LDL,HDL,TotChol,Triglyc,BUN,AlbCreatRat_mggNew,UnitsInsBasalOrLongAct,BGTestAvgNumMeter,BGTestAvgNumPtRep,TSH,HbA1c,AutonomicNeuroCl,Pt_InsGov,NumPumpBolusOrShortAct,HbA1cImputeDtMnC,Pt_SHFlg,Pt_DKAFlg,bmi,bmiPerc,bmiZscore,GFR,diagAgeCombo,Pt_A1cGoalLev,Pt_A1cGoalLevelDsYr5
10315,0.0,0.0,0.0,0.0,0.0,0.0,0.0,97.0,62.0,1.0,29.4,133.1,0.0,10,8.0,0.8163265306,55.0,47.0,0.0,166.0,19.0,108.0,0.0,1.0,5.0,0.0,10.2,0.0,1.0,5.0,0.133,0.0,0.0,16.595533544000002,0.4570848682,-0.107780595,0.0,2.0,0.0,0.0
10315,0.0,0.0,0.0,0.0,0.0,0.0,0.0,96.0,60.0,0.0,37.2,144.2,0.0,12,10.0,0.8602150538,0.0,0.0,0.0,0.0,0.0,0.0,0.0,0.0,4.0,0.0,10.7,0.0,1.0,0.0,16.863,0.0,0.0,17.890085622,0.4720713814,-0.070063946,0.0,2.0,8.0,0.0
10315,0.0,0.0,0.0,0.0,0.0,0.0,0.0,84.0,60.0,4.0,45.5,151.1,0.0,13,11.0,1.032967033,71.0,46.0,0.0,167.0,12.0,25.1,17.0,4.0,5.0,1.54,9.8,0.0,0.0,6.0,29.776,0.0,0.0,19.928860538,0.6532328823,0.39406339520000006,0.0,2.0,0.0,0.0
10315,0.0,0.0,0.0,0.0,0.0,0.0,0.0,118.0,68.0,4.0,51.3,153.5,0.0,14,12.0,1.0136452242,0.0,0.0,0.0,0.0,0.0,25.1,21.0,0.0,4.0,0.0,9.7,0.0,0.0,6.0,43.286,0.0,0.0,21.772114293,0.7585405854,0.7016157459000001,0.0,2.0,0.0,0.0
10315,0.0,0.0,0.0,0.0,0.0,0.0,0.0,120.0,80.0,2.0,49.7,153.9,1.0,15,13.0,0.8853118712000001,104.0,0.0,0.0,0.0,15.0,3.8,25.0,2.0,4.0,0.0,9.3,0.0,0.0,5.0,60.714,0.0,0.0,20.983558937999998,0.6299104631,0.3316162153,0.0,2.0,0.0,0.0
10315,0.0,0.0,0.0,0.0,0.0,0.0,0.0,122.0,72.0,3.0,56.7,153.9,0.0,17,15.0,0.9559082892,76.0,47.0,137.0,68.0,0.0,3.8,24.4,3.0,4.0,1.01,9.5,0.0,0.0,9.0,78.83800000000001,0.0,0.0,23.938989775,0.7871014659000001,0.7964043198999999,0.0,2.0,0.0,0.0
