PtID,Pt_CGMUseNumDays,Pt_FatherT1D,Pt_MotherT1D,Pt_SiblingT1D,Pt_ChildT1D,Pt_GrandchildT1D,Pt_GrandparentT1D,BldPrSys,BldPrDia,SMBGperDayPtMeterCombo,WeightKg,HeightCm,DirectLDL,age,diabDur,TotalDailyInsPerKg,LDL,HDL,TotChol,Triglyc,BUN,AlbCreatRat_mggNew,UnitsInsBasalOrLongAct,BGTestAvgNumMeter,BGTestAvgNumPtRep,TSH,HbA1c,AutonomicNeuroCl,Pt_InsGov,NumPumpBolusOrShortAct,HbA1cImputeDtMnC,Pt_SHFlg,Pt_DKAFlg,bmi,bmiPerc,bmiZscore,GFR,diagAgeCombo,Pt_A1cGoalLev,Pt_A1cGoalLevelDsYr5
1035,0.0,0.0,0.0,0.0,0.0,0.0,0.0,144.0,77.0,4.0,0.0,0.0,0.0,47,42.0,0.0,74.0,52.0,145.0,94.0,39.0,362.5,0.0,0.0,4.0,0.0,8.2,1.0,1.0,0.0,0.0,0.0,0.0,0.0,0.0,0.0,0.0,5.0,0.0,0.0
1035,0.0,0.0,0.0,0.0,0.0,0.0,0.0,144.0,80.0,4.0,0.0,0.0,0.0,49,44.0,0.0,88.0,50.0,0.0,67.0,52.0,0.0,0.0,0.0,4.0,0.0,7.8,1.0,1.0,0.0,18.555999999999997,0.0,0.0,0.0,0.0,0.0,0.0,5.0,8.7,0.0
1035,0.0,0.0,0.0,0.0,0.0,0.0,0.0,138.0,70.0,0.0,0.0,0.0,0.0,50,45.0,0.0,103.0,49.0,0.0,44.0,0.0,0.0,6.0,0.0,0.0,0.0,7.1,1.0,0.0,0.0,30.838,0.0,0.0,0.0,0.0,0.0,0.0,5.0,0.0,0.0
1035,0.0,0.0,0.0,0.0,0.0,0.0,0.0,154.0,70.0,5.0,0.0,0.0,1.0,50,45.0,0.0,92.0,0.0,0.0,0.0,0.0,0.0,5.0,5.0,0.0,0.0,6.5,1.0,0.0,0.0,41.129,0.0,0.0,0.0,0.0,0.0,0.0,5.0,0.0,0.0
1035,0.0,0.0,0.0,0.0,0.0,0.0,0.0,138.0,74.0,4.0,75.160255709,175.26,0.0,51,46.0,0.2794029877,0.0,0.0,0.0,0.0,0.0,0.0,4.0,4.0,4.0,0.0,8.2,1.0,0.0,4.0,54.141000000000005,0.0,0.0,24.469361341,0.0,-0.55995228,0.0,5.0,0.0,0.0
1035,0.0,0.0,0.0,0.0,0.0,0.0,0.0,100.0,64.0,0.0,69.85322498,175.26,0.0,53,48.0,0.0,0.0,0.0,0.0,0.0,0.0,0.0,4.0,0.0,0.0,0.0,0.0,1.0,0.0,0.0,0.0,0.0,0.0,22.741591108,0.0,-0.7886338,7.0,5.0,0.0,0.0
