PtID,Pt_CGMUseNumDays,Pt_FatherT1D,Pt_MotherT1D,Pt_SiblingT1D,Pt_ChildT1D,Pt_GrandchildT1D,Pt_GrandparentT1D,BldPrSys,BldPrDia,SMBGperDayPtMeterCombo,WeightKg,HeightCm,DirectLDL,age,diabDur,TotalDailyInsPerKg,LDL,HDL,TotChol,Triglyc,BUN,AlbCreatRat_mggNew,UnitsInsBasalOrLongAct,BGTestAvgNumMeter,BGTestAvgNumPtRep,TSH,HbA1c,AutonomicNeuroCl,Pt_InsGov,NumPumpBolusOrShortAct,HbA1cImputeDtMnC,Pt_SHFlg,Pt_DKAFlg,bmi,bmiPerc,bmiZscore,GFR,diagAgeCombo,Pt_A1cGoalLev,Pt_A1cGoalLevelDsYr5
10352,0.0,0.0,0.0,0.0,0.0,0.0,0.0,118.0,80.0,6.0,99.109932845,198.12,0.0,38,1.0,0.4944004964,101.0,43.0,155.0,53.0,20.0,2.2,0.0,6.0,4.0,0.0,6.6,0.0,0.0,6.0,-0.23199999999999998,0.0,0.0,25.249951208000002,0.0,-0.326161171,0.0,36.0,0.0,0.0
10352,0.0,0.0,0.0,0.0,0.0,0.0,0.0,98.0,62.0,5.0,97.295563365,198.12,0.0,39,3.0,0.6166776565,84.0,49.0,142.0,43.0,17.0,2.6,0.0,5.0,5.0,0.0,6.0,0.0,0.0,6.0,18.058,0.0,0.0,24.787709539,0.0,-0.393166511,0.0,36.0,6.0,0.0
10352,0.0,0.0,0.0,0.0,0.0,0.0,0.0,100.0,60.0,8.0,96.16158244,198.12,0.0,41,4.0,0.6967439418000001,88.0,49.0,149.0,58.0,0.0,1.2,32.0,8.0,0.0,0.0,7.2,0.0,0.0,6.0,36.249,0.0,0.0,24.498808495,0.0,-0.560901732,0.0,36.0,0.0,0.0
10352,0.0,0.0,0.0,0.0,0.0,0.0,0.0,122.0,80.0,8.0,96.61517481,198.12,0.0,42,5.0,0.6520714797,88.0,57.0,157.0,58.0,17.0,0.0,31.0,8.0,5.0,0.0,7.2,0.0,0.0,5.0,48.498000000000005,0.0,0.0,24.614368912,0.0,-0.544286798,94.0,36.0,0.0,0.0
10352,0.0,0.0,0.0,0.0,0.0,0.0,0.0,102.0,70.0,6.0,100.92430233,198.12,0.0,43,6.0,0.8719406325,86.0,56.0,154.0,60.0,20.0,0.0,38.0,6.0,5.0,0.0,6.3,0.0,0.0,7.0,61.04600000000001,0.0,0.0,25.712192878000003,0.0,-0.38644492799999997,73.0,36.0,0.0,0.0
10352,0.0,0.0,0.0,0.0,0.0,0.0,0.0,114.0,81.0,5.0,101.15109851,198.12,0.0,44,7.0,0.8897580088,121.0,67.0,205.0,84.0,14.0,1.5,31.6,5.0,5.0,0.0,5.9,0.0,0.0,5.0,74.191,0.0,0.0,25.769973086999997,0.0,-0.378137461,79.0,36.0,0.0,0.0
