PtID,Pt_CGMUseNumDays,Pt_FatherT1D,Pt_MotherT1D,Pt_SiblingT1D,Pt_ChildT1D,Pt_GrandchildT1D,Pt_GrandparentT1D,BldPrSys,BldPrDia,SMBGperDayPtMeterCombo,WeightKg,HeightCm,DirectLDL,age,diabDur,TotalDailyInsPerKg,LDL,HDL,TotChol,Triglyc,BUN,AlbCreatRat_mggNew,UnitsInsBasalOrLongAct,BGTestAvgNumMeter,BGTestAvgNumPtRep,TSH,HbA1c,AutonomicNeuroCl,Pt_InsGov,NumPumpBolusOrShortAct,HbA1cImputeDtMnC,Pt_SHFlg,Pt_DKAFlg,bmi,bmiPerc,bmiZscore,GFR,diagAgeCombo,Pt_A1cGoalLev,Pt_A1cGoalLevelDsYr5
10393,0.0,1.0,0.0,1.0,0.0,0.0,0.0,124.0,61.0,5.0,85.093928612,177.292,0.0,58,53.0,0.5875859865999999,73.0,52.0,140.0,76.0,16.0,20.0,0.0,0.0,5.0,0.0,8.4,1.0,0.0,4.0,0.0,0.0,0.0,27.07199718,0.0,-0.215476661,0.0,4.0,0.0,0.0
10393,0.0,1.0,0.0,1.0,0.0,0.0,0.0,110.0,56.0,5.0,83.4,177.2,0.0,58,54.0,0.2997601918,87.0,58.0,162.0,82.0,19.0,0.0,0.0,0.0,5.0,0.0,0.0,1.0,0.0,0.0,0.0,0.0,0.0,26.560644895,0.0,-0.28315743,0.0,4.0,0.0,0.0
10393,0.0,0.0,0.0,0.0,0.0,0.0,0.0,118.0,58.0,6.0,84.82177319,177.2,0.0,60,55.0,0.0,0.0,0.0,0.0,0.0,0.0,10.4,20.0,0.0,6.0,1.85,9.4,1.0,0.0,15.0,25.461,0.0,0.0,27.013441211999996,0.0,-0.359621898,0.0,4.0,0.0,0.0
10393,0.0,0.0,0.0,0.0,0.0,0.0,0.0,128.0,58.0,4.0,86.9,176.5,0.0,61,56.0,0.7134637514,95.0,66.0,181.0,98.0,16.0,22.0,18.0,4.0,4.0,2.63,9.8,1.0,0.0,7.0,37.544000000000004,0.0,0.0,27.895256361999998,0.0,-0.19152746,0.0,4.0,0.0,0.0
10393,0.0,0.0,0.0,0.0,0.0,0.0,0.0,109.0,52.0,4.0,0.0,0.0,0.0,61,57.0,0.0,80.0,64.0,162.0,87.0,23.0,74.0,26.0,4.0,4.0,0.0,8.7,1.0,0.0,6.0,47.369,0.0,0.0,0.0,0.0,0.0,0.0,4.0,0.0,0.0
10393,0.0,0.0,0.0,0.0,0.0,0.0,0.0,135.0,79.0,5.0,85.9,180.3,0.0,62,58.0,0.6402793946,0.0,0.0,0.0,0.0,0.0,45.0,28.0,5.0,5.0,0.0,9.7,1.0,0.0,4.0,57.593,0.0,0.0,26.42419164,0.0,-0.47194654399999997,0.0,4.0,0.0,0.0
10393,0.0,0.0,0.0,0.0,0.0,0.0,0.0,133.0,60.0,4.0,82.7,180.3,0.0,63,59.0,0.6529625151,0.0,0.0,0.0,0.0,0.0,45.0,28.0,4.0,0.0,0.0,10.0,1.0,0.0,6.0,69.145,0.0,0.0,25.439821288,0.0,-0.659590383,0.0,4.0,0.0,0.0
