PtID,Pt_CGMUseNumDays,Pt_FatherT1D,Pt_MotherT1D,Pt_SiblingT1D,Pt_ChildT1D,Pt_GrandchildT1D,Pt_GrandparentT1D,BldPrSys,BldPrDia,SMBGperDayPtMeterCombo,WeightKg,HeightCm,DirectLDL,age,diabDur,TotalDailyInsPerKg,LDL,HDL,TotChol,Triglyc,BUN,AlbCreatRat_mggNew,UnitsInsBasalOrLongAct,BGTestAvgNumMeter,BGTestAvgNumPtRep,TSH,HbA1c,AutonomicNeuroCl,Pt_InsGov,NumPumpBolusOrShortAct,HbA1cImputeDtMnC,Pt_SHFlg,Pt_DKAFlg,bmi,bmiPerc,bmiZscore,GFR,diagAgeCombo,Pt_A1cGoalLev,Pt_A1cGoalLevelDsYr5
103,0.0,0.0,0.0,0.0,0.0,0.0,0.0,93.0,59.0,4.0,26.8,128.4,0.0,6,6.0,1.0074626866,94.0,76.0,182.0,58.0,0.0,0.0,0.0,4.0,7.0,0.0,8.7,0.0,0.0,7.0,0.0,0.0,0.0,16.255665220999997,0.7390536672,0.6404306444,0.0,0.0,0.0,0.0
103,0.0,0.0,0.0,0.0,0.0,0.0,0.0,94.0,58.0,4.0,27.0,129.0,0.0,7,6.0,1.4814814815000001,0.0,0.0,0.0,0.0,0.0,4.6,14.0,4.0,4.0,2.34,8.7,0.0,0.0,4.0,0.0,0.0,0.0,16.224986479000002,0.66993671,0.43973841,0.0,0.0,0.0,0.0
103,0.0,0.0,0.0,0.0,0.0,0.0,0.0,96.0,59.0,5.0,32.0,135.0,0.0,8,7.0,0.96875,0.0,0.0,0.0,0.0,0.0,4.6,15.0,5.0,5.0,0.0,0.0,0.0,0.0,4.0,0.0,0.0,0.0,17.55829904,0.7840523959000001,0.7859526833,0.0,0.0,0.0,0.0
103,0.0,0.0,0.0,0.0,0.0,0.0,0.0,99.0,64.0,7.0,36.0,141.3,0.0,9,8.0,0.0,0.0,0.0,0.0,0.0,0.0,4.6,18.0,7.0,0.0,0.0,8.3,0.0,0.0,0.0,28.349,0.0,0.0,18.030932064,0.7609518890000001,0.7093678682,0.0,0.0,0.0,0.0
103,0.0,0.0,0.0,0.0,0.0,0.0,0.0,96.0,61.0,7.0,39.0,144.0,0.0,10,9.0,0.9230769231,0.0,0.0,0.0,0.0,0.0,4.6,18.0,7.0,0.0,0.0,8.7,0.0,0.0,0.0,38.041,0.0,0.0,18.80787037,0.7639620168000001,0.7191054228,0.0,0.0,0.0,0.0
103,0.0,0.0,0.0,0.0,0.0,0.0,0.0,108.0,69.0,0.0,43.3,151.1,0.0,10,10.0,0.3464203233,0.0,0.0,0.0,0.0,0.0,4.6,0.0,0.0,0.0,1.86,7.6,0.0,0.0,0.0,47.535,0.0,0.0,18.965267281,0.7783332336,0.7665761962000001,0.0,0.0,0.0,0.0
103,0.0,0.0,0.0,0.0,0.0,0.0,0.0,90.0,55.0,6.0,48.6,156.9,0.0,11,11.0,0.8436213992,74.0,67.0,160.0,94.0,0.0,4.0,18.0,6.0,0.0,1.5,9.5,0.0,0.0,0.0,59.95,0.0,0.0,19.741965203,0.7767590958,0.7612934558,0.0,0.0,0.0,0.0
103,0.0,0.0,0.0,0.0,0.0,0.0,0.0,109.0,66.0,6.0,51.6,158.6,0.0,12,12.0,0.8972868217000001,0.0,0.0,0.0,0.0,0.0,4.0,19.8,6.0,0.0,0.0,7.2,0.0,0.0,8.0,70.57300000000001,0.0,0.0,20.513668623,0.7750086493,0.7554438659999999,0.0,0.0,0.0,0.0
103,30.0,0.0,0.0,0.0,0.0,0.0,0.0,95.0,50.0,7.0,60.4,164.8,0.0,12,12.0,0.9933774834,0.0,0.0,0.0,0.0,0.0,4.0,27.0,7.0,3.0,0.0,7.6,0.0,0.0,8.0,74.124,0.0,0.0,22.239372230999997,0.8744317443999999,1.1475932656,0.0,0.0,0.0,0.0
