PtID,Pt_CGMUseNumDays,Pt_FatherT1D,Pt_MotherT1D,Pt_SiblingT1D,Pt_ChildT1D,Pt_GrandchildT1D,Pt_GrandparentT1D,BldPrSys,BldPrDia,SMBGperDayPtMeterCombo,WeightKg,HeightCm,DirectLDL,age,diabDur,TotalDailyInsPerKg,LDL,HDL,TotChol,Triglyc,BUN,AlbCreatRat_mggNew,UnitsInsBasalOrLongAct,BGTestAvgNumMeter,BGTestAvgNumPtRep,TSH,HbA1c,AutonomicNeuroCl,Pt_InsGov,NumPumpBolusOrShortAct,HbA1cImputeDtMnC,Pt_SHFlg,Pt_DKAFlg,bmi,bmiPerc,bmiZscore,GFR,diagAgeCombo,Pt_A1cGoalLev,Pt_A1cGoalLevelDsYr5
1040,0.0,0.0,0.0,0.0,0.0,0.0,0.0,133.0,83.0,3.0,78.15396535100001,191.00799999999998,0.0,47,35.0,0.9084631814,107.0,40.0,165.0,0.0,20.0,5.9,0.0,0.0,3.0,0.0,8.0,1.0,0.0,0.0,0.0,0.0,0.0,21.421402602,0.0,-1.0033620140000001,0.0,12.0,0.0,0.0
1040,0.0,0.0,0.0,0.0,0.0,0.0,0.0,136.0,89.0,2.0,106.59420695,190.5,0.0,48,36.0,0.8067980659,0.0,0.0,0.0,0.0,0.0,0.0,0.0,0.0,2.0,0.0,8.8,1.0,0.0,0.0,19.054000000000002,0.0,0.0,29.37268466,0.0,0.1398497125,0.0,12.0,6.5,0.0
1040,0.0,0.0,0.0,0.0,0.0,0.0,0.0,152.0,85.0,0.0,0.0,0.0,0.0,49,37.0,0.0,89.0,53.0,0.0,108.0,0.0,3.0,50.0,0.0,0.0,0.0,7.6,1.0,0.0,3.0,29.676,0.0,0.0,0.0,0.0,0.0,64.4,12.0,0.0,0.0
1040,0.0,0.0,0.0,0.0,0.0,0.0,0.0,112.0,74.0,3.0,111.35692684,160.528,0.0,51,39.0,0.8710728893,148.0,53.0,0.0,217.0,15.0,18.4,43.0,0.0,3.0,2.0,7.7,1.0,0.0,3.0,44.647,0.0,0.0,43.213122346999995,0.0,1.9209052348,0.0,12.0,0.0,0.0
1040,0.0,0.0,0.0,0.0,0.0,0.0,0.0,124.0,80.0,3.0,114.30527724,190.5,1.0,51,39.0,0.8486047394,137.0,44.0,0.0,307.0,18.0,4.5,43.0,3.0,0.0,1.25,6.9,1.0,0.0,3.0,54.407,0.0,0.0,31.497517168,0.0,0.3702694185,0.0,12.0,0.0,0.0
1040,0.0,0.0,0.0,0.0,0.0,0.0,0.0,127.0,80.0,3.0,103.41906036,190.5,0.0,52,40.0,1.0636337211,0.0,0.0,0.0,0.0,0.0,11.1,44.0,3.0,4.0,0.0,6.7,1.0,0.0,3.0,66.921,1.0,0.0,28.497753628,0.0,-0.02676861,0.0,12.0,0.0,0.0
1040,0.0,0.0,0.0,0.0,0.0,0.0,0.0,134.0,84.0,0.0,0.0,0.0,0.0,53,41.0,0.0,113.0,55.0,0.0,169.0,19.0,11.1,36.0,0.0,0.0,0.84,6.8,1.0,0.0,3.0,78.805,0.0,0.0,0.0,0.0,0.0,0.0,12.0,0.0,0.0
