PtID,Pt_CGMUseNumDays,Pt_FatherT1D,Pt_MotherT1D,Pt_SiblingT1D,Pt_ChildT1D,Pt_GrandchildT1D,Pt_GrandparentT1D,BldPrSys,BldPrDia,SMBGperDayPtMeterCombo,WeightKg,HeightCm,DirectLDL,age,diabDur,TotalDailyInsPerKg,LDL,HDL,TotChol,Triglyc,BUN,AlbCreatRat_mggNew,UnitsInsBasalOrLongAct,BGTestAvgNumMeter,BGTestAvgNumPtRep,TSH,HbA1c,AutonomicNeuroCl,Pt_InsGov,NumPumpBolusOrShortAct,HbA1cImputeDtMnC,Pt_SHFlg,Pt_DKAFlg,bmi,bmiPerc,bmiZscore,GFR,diagAgeCombo,Pt_A1cGoalLev,Pt_A1cGoalLevelDsYr5
10442,0.0,0.0,0.0,0.0,0.0,0.0,0.0,103.0,63.0,3.0,44.5,146.1,0.0,10,1.0,0.8089887640000001,137.0,64.0,0.0,49.0,13.0,14.7,0.0,3.0,4.0,0.0,9.4,0.0,1.0,0.0,-1.892,0.0,0.0,20.847768656,0.8942243048,1.249310879,0.0,9.0,0.0,0.0
10442,0.0,0.0,0.0,0.0,0.0,0.0,1.0,111.0,74.0,3.0,53.2,154.4,0.0,11,2.0,0.2819548872,0.0,0.0,0.0,0.0,0.0,0.0,0.0,3.0,4.0,0.0,9.6,0.0,1.0,0.0,11.286,1.0,1.0,22.31603533,0.910974486,1.3467802168,0.0,9.0,8.0,0.0
10442,0.0,0.0,0.0,0.0,0.0,0.0,0.0,116.0,78.0,0.0,56.2,157.8,0.0,12,3.0,0.48042704630000005,122.0,77.0,0.0,185.0,14.0,34.9,18.0,0.0,0.0,3.91,14.0,0.0,0.0,2.0,25.56,0.0,0.0,22.569519743,0.8873629684000001,1.212622812,0.0,9.0,0.0,0.0
10442,0.0,0.0,0.0,0.0,0.0,0.0,0.0,118.0,67.0,1.0,69.7,159.3,0.0,13,4.0,0.8177905308,0.0,0.0,0.0,0.0,0.0,430.7,32.0,1.0,0.0,0.0,12.8,0.0,0.0,3.0,36.249,0.0,0.0,27.466367492,0.9634647343000001,1.7923899006,0.0,9.0,0.0,0.0
10442,0.0,0.0,0.0,0.0,0.0,0.0,0.0,117.0,76.0,0.0,59.8,160.5,1.0,14,5.0,0.7859531773,257.0,52.0,348.0,665.0,15.0,430.7,0.0,0.0,0.0,2.86,11.6,0.0,0.0,4.0,44.11600000000001,0.0,0.0,23.214060423000003,0.8452652909,1.0163359848,0.0,9.0,0.0,0.0
10442,0.0,0.0,0.0,0.0,0.0,0.0,0.0,102.0,50.0,6.0,67.8,160.5,0.0,15,6.0,1.2389380531,0.0,0.0,0.0,0.0,15.0,26.2,35.0,6.0,5.0,0.0,11.6,0.0,0.0,3.0,55.701,0.0,0.0,26.319620345,0.9215101573000001,1.4153029674000002,0.0,9.0,0.0,0.0
10442,0.0,0.0,0.0,0.0,0.0,0.0,0.0,92.0,64.0,1.0,62.3,161.3,1.0,16,6.0,0.0,236.0,31.0,338.0,613.0,16.0,81.1,35.0,1.0,8.0,2.15,11.5,0.0,1.0,0.0,66.058,0.0,1.0,23.945246484000002,0.8168697977,0.9035003461,0.0,9.0,0.0,0.0
10442,0.0,0.0,0.0,0.0,0.0,0.0,0.0,104.0,68.0,3.0,82.7,160.4,0.0,17,8.0,0.0,169.0,45.0,259.0,224.0,11.0,81.1,31.0,3.0,3.0,2.88,11.3,0.0,0.0,0.0,79.635,0.0,0.0,32.143767763,0.9699682524,1.8803272246,0.0,9.0,0.0,0.0
