PtID,Pt_CGMUseNumDays,Pt_FatherT1D,Pt_MotherT1D,Pt_SiblingT1D,Pt_ChildT1D,Pt_GrandchildT1D,Pt_GrandparentT1D,BldPrSys,BldPrDia,SMBGperDayPtMeterCombo,WeightKg,HeightCm,DirectLDL,age,diabDur,TotalDailyInsPerKg,LDL,HDL,TotChol,Triglyc,BUN,AlbCreatRat_mggNew,UnitsInsBasalOrLongAct,BGTestAvgNumMeter,BGTestAvgNumPtRep,TSH,HbA1c,AutonomicNeuroCl,Pt_InsGov,NumPumpBolusOrShortAct,HbA1cImputeDtMnC,Pt_SHFlg,Pt_DKAFlg,bmi,bmiPerc,bmiZscore,GFR,diagAgeCombo,Pt_A1cGoalLev,Pt_A1cGoalLevelDsYr5
10457,0.0,0.0,0.0,1.0,0.0,0.0,1.0,117.0,79.0,7.0,99.9,170.0,0.0,36,2.0,0.6506506507,0.0,68.0,151.0,71.0,13.0,0.0,0.0,7.0,5.0,0.0,9.2,0.0,0.0,8.0,0.0,0.0,0.0,34.567474048,0.0,0.7647503470999999,0.0,34.0,0.0,0.0
10457,0.0,0.0,0.0,1.0,0.0,0.0,0.0,107.0,74.0,4.0,103.1,170.0,1.0,37,2.0,0.5819592629,78.0,72.0,0.0,0.0,18.0,0.0,0.0,0.0,4.0,0.0,8.3,0.0,0.0,0.0,6.837999999999999,0.0,0.0,35.674740484000004,0.0,0.891752325,0.0,34.0,7.0,0.0
10457,0.0,0.0,0.0,0.0,0.0,0.0,0.0,99.0,70.0,2.0,109.5,170.0,1.0,38,3.0,0.0,65.0,53.0,0.0,0.0,0.0,0.0,0.0,0.0,2.0,1.72,9.4,0.0,0.0,3.0,19.386,0.0,0.0,37.889273356,0.0,1.1457562806000001,0.0,34.0,0.0,0.0
10457,0.0,0.0,0.0,0.0,0.0,0.0,0.0,101.0,66.0,7.0,0.0,0.0,0.0,39,4.0,0.0,0.0,0.0,0.0,0.0,11.0,0.0,28.0,0.0,7.0,0.49,8.4,0.0,0.0,0.0,31.401999999999997,0.0,0.0,0.0,0.0,0.0,105.0,34.0,0.0,0.0
10457,0.0,0.0,0.0,0.0,0.0,0.0,0.0,120.0,80.0,4.0,107.3,170.2,0.0,40,5.0,0.0,0.0,0.0,0.0,0.0,0.0,24.0,34.0,4.0,0.0,0.75,7.1,0.0,0.0,0.0,45.145,0.0,0.0,37.04082154,0.0,0.7541258814,0.0,34.0,0.0,0.0
10457,0.0,0.0,0.0,0.0,0.0,0.0,0.0,123.0,70.0,3.0,99.8,170.2,0.0,41,6.0,0.0,58.0,53.0,132.0,103.0,9.0,0.0,34.0,3.0,0.0,0.4,7.3,0.0,0.0,0.0,57.925,0.0,0.0,34.45176132,0.0,0.5228122219,0.0,34.0,0.0,0.0
10457,0.0,0.0,0.0,0.0,0.0,0.0,0.0,143.0,90.0,4.0,102.5,170.2,0.0,42,7.0,0.0,22.0,67.0,101.0,64.0,9.0,0.0,36.0,4.0,6.0,0.47,6.6,0.0,0.0,0.0,69.975,0.0,0.0,35.383822999,0.0,0.6060851393,0.0,34.0,0.0,0.0
