PtID,Pt_CGMUseNumDays,Pt_FatherT1D,Pt_MotherT1D,Pt_SiblingT1D,Pt_ChildT1D,Pt_GrandchildT1D,Pt_GrandparentT1D,BldPrSys,BldPrDia,SMBGperDayPtMeterCombo,WeightKg,HeightCm,DirectLDL,age,diabDur,TotalDailyInsPerKg,LDL,HDL,TotChol,Triglyc,BUN,AlbCreatRat_mggNew,UnitsInsBasalOrLongAct,BGTestAvgNumMeter,BGTestAvgNumPtRep,TSH,HbA1c,AutonomicNeuroCl,Pt_InsGov,NumPumpBolusOrShortAct,HbA1cImputeDtMnC,Pt_SHFlg,Pt_DKAFlg,bmi,bmiPerc,bmiZscore,GFR,diagAgeCombo,Pt_A1cGoalLev,Pt_A1cGoalLevelDsYr5
10459,0.0,0.0,0.0,0.0,0.0,0.0,0.0,113.0,77.0,5.0,78.2,172.6,0.0,14,12.0,0.9974424552,82.0,60.0,154.0,62.0,15.0,0.0,0.0,5.0,6.0,0.0,7.5,0.0,0.0,6.0,0.0,0.0,0.0,26.249749922,0.9533654678,1.6783998628999999,0.0,1.0,0.0,0.0
10459,0.0,0.0,0.0,0.0,0.0,0.0,0.0,96.0,76.0,4.0,83.0,174.0,0.0,15,13.0,0.9036144578,63.0,44.0,125.0,88.0,19.0,29.9,0.0,4.0,7.0,0.0,7.3,0.0,0.0,0.0,12.481,1.0,0.0,27.414453693000002,0.9581952033,1.7301157694,0.0,1.0,7.0,0.0
10459,0.0,0.0,0.0,0.0,0.0,0.0,0.0,122.0,57.0,6.0,88.4,174.7,0.0,16,15.0,0.814479638,0.0,0.0,0.0,0.0,16.0,30.0,20.0,6.0,0.0,0.0,7.4,0.0,0.0,0.0,25.593000000000004,0.0,0.0,28.964527955,0.9672279579999999,1.8415289371999999,0.0,1.0,0.0,0.0
10459,0.0,0.0,0.0,0.0,0.0,0.0,0.0,129.0,78.0,5.0,89.5,175.0,0.0,17,15.0,0.8379888268000001,73.0,45.0,134.0,79.0,12.0,30.0,20.0,5.0,5.0,0.0,7.7,0.0,0.0,5.0,30.805,0.0,0.0,29.224489796,0.96320233,1.7891209437,0.0,1.0,0.0,0.0
10459,0.0,0.0,0.0,0.0,0.0,0.0,0.0,115.0,71.0,4.0,89.40305612700001,174.7,0.0,18,16.0,0.7158591973999999,65.0,44.0,133.0,122.0,16.0,29.9,21.0,4.0,0.0,2.13,7.3,0.0,0.0,5.0,42.324,0.0,0.0,29.293182335999997,0.9554531848000001,1.7001983087,0.0,1.0,0.0,0.0
10459,0.0,0.0,0.0,0.0,0.0,0.0,0.0,139.0,72.0,4.0,91.5,175.5,0.0,19,17.0,0.7431693989,0.0,0.0,0.0,0.0,0.0,29.9,23.0,4.0,0.0,0.0,7.5,0.0,0.0,3.0,55.104,0.0,0.0,29.707551075,0.9502335824,1.6471226662,0.0,1.0,0.0,0.0
10459,14.0,0.0,0.0,0.0,0.0,0.0,0.0,124.0,61.0,8.0,90.99062942200001,175.26,0.0,20,18.0,0.6374282754999999,77.0,48.0,0.0,113.0,13.0,29.9,23.0,0.0,8.0,1.5,7.5,0.0,0.0,0.0,66.29,0.0,0.0,29.623137508000003,0.9338666248999999,0.5962993059,0.0,1.0,0.0,0.0
