PtID,Pt_CGMUseNumDays,Pt_FatherT1D,Pt_MotherT1D,Pt_SiblingT1D,Pt_ChildT1D,Pt_GrandchildT1D,Pt_GrandparentT1D,BldPrSys,BldPrDia,SMBGperDayPtMeterCombo,WeightKg,HeightCm,DirectLDL,age,diabDur,TotalDailyInsPerKg,LDL,HDL,TotChol,Triglyc,BUN,AlbCreatRat_mggNew,UnitsInsBasalOrLongAct,BGTestAvgNumMeter,BGTestAvgNumPtRep,TSH,HbA1c,AutonomicNeuroCl,Pt_InsGov,NumPumpBolusOrShortAct,HbA1cImputeDtMnC,Pt_SHFlg,Pt_DKAFlg,bmi,bmiPerc,bmiZscore,GFR,diagAgeCombo,Pt_A1cGoalLev,Pt_A1cGoalLevelDsYr5
10469,0.0,0.0,0.0,0.0,0.0,0.0,0.0,132.0,72.0,4.0,67.4,159.4,0.0,29,27.0,0.7566765579000001,80.0,0.0,0.0,0.0,17.0,9.9,0.0,0.0,4.0,0.0,8.6,0.0,1.0,0.0,0.0,0.0,0.0,26.526702235,0.0,-0.036850994,0.0,1.0,0.0,0.0
10469,0.0,0.0,0.0,0.0,0.0,0.0,0.0,100.0,60.0,4.0,0.0,0.0,1.0,30,28.0,0.0,75.0,0.0,0.0,0.0,0.0,9.9,0.0,0.0,4.0,0.0,8.8,0.0,0.0,0.0,11.850999999999999,0.0,0.0,0.0,0.0,0.0,0.0,1.0,7.0,0.0
10469,0.0,0.0,0.0,0.0,0.0,0.0,0.0,110.0,64.0,4.0,0.0,0.0,0.0,31,29.0,0.0,63.0,0.0,0.0,0.0,0.0,0.0,17.0,0.0,4.0,0.0,8.1,0.0,0.0,0.0,25.959,0.0,0.0,0.0,0.0,0.0,0.0,1.0,0.0,0.0
10469,0.0,0.0,0.0,0.0,0.0,0.0,0.0,100.0,64.0,0.0,0.0,0.0,1.0,32,30.0,0.0,78.0,0.0,0.0,0.0,0.0,9.9,15.0,0.0,0.0,0.0,8.8,0.0,0.0,0.0,36.714,0.0,0.0,0.0,0.0,0.0,0.0,1.0,0.0,0.0
10469,0.0,0.0,0.0,0.0,0.0,0.0,0.0,100.0,60.0,6.0,67.58526313,160.02,1.0,33,32.0,0.0,65.0,0.0,0.0,0.0,0.0,0.0,23.0,6.0,6.0,1.42,9.0,0.0,0.0,0.0,51.353,0.0,0.0,26.393894524,0.0,-0.172748282,0.0,1.0,0.0,0.0
10469,0.0,0.0,0.0,0.0,0.0,0.0,0.0,102.0,62.0,4.0,68.49244787,160.02,0.0,34,32.0,0.0,0.0,0.0,0.0,0.0,0.0,0.0,27.0,0.0,4.0,0.0,8.0,0.0,0.0,4.0,61.51,0.0,0.0,26.748174988000002,0.0,-0.13211278699999998,0.0,1.0,0.0,0.0
