PtID,Pt_CGMUseNumDays,Pt_FatherT1D,Pt_MotherT1D,Pt_SiblingT1D,Pt_ChildT1D,Pt_GrandchildT1D,Pt_GrandparentT1D,BldPrSys,BldPrDia,SMBGperDayPtMeterCombo,WeightKg,HeightCm,DirectLDL,age,diabDur,TotalDailyInsPerKg,LDL,HDL,TotChol,Triglyc,BUN,AlbCreatRat_mggNew,UnitsInsBasalOrLongAct,BGTestAvgNumMeter,BGTestAvgNumPtRep,TSH,HbA1c,AutonomicNeuroCl,Pt_InsGov,NumPumpBolusOrShortAct,HbA1cImputeDtMnC,Pt_SHFlg,Pt_DKAFlg,bmi,bmiPerc,bmiZscore,GFR,diagAgeCombo,Pt_A1cGoalLev,Pt_A1cGoalLevelDsYr5
10480,0.0,1.0,0.0,0.0,0.0,0.0,0.0,0.0,0.0,6.0,9.9,80.2,0.0,1,0.0,0.5050505050999999,87.0,55.0,149.0,34.0,31.0,0.0,0.0,6.0,7.0,0.0,8.3,0.0,1.0,0.0,-1.494,0.0,0.0,0.0,0.0,0.0,0.0,1.0,0.0,0.0
10480,0.0,1.0,0.0,0.0,0.0,0.0,0.0,86.0,60.0,6.0,13.2,93.5,0.0,3,2.0,0.6060606061,0.0,0.0,0.0,0.0,0.0,0.0,0.0,6.0,8.0,0.0,7.8,0.0,1.0,0.0,18.921,0.0,0.0,15.099087763,0.2961497688,-0.5355066829999999,0.0,1.0,7.5,0.0
10480,0.0,0.0,0.0,0.0,0.0,0.0,0.0,88.0,64.0,8.0,14.9,97.6,0.0,4,2.0,0.6711409396,64.0,53.0,0.0,33.0,0.0,0.0,5.0,8.0,8.0,1.74,7.2,0.0,0.0,0.0,28.68,0.0,0.0,15.64179656,0.6041644531,0.2641412312,0.0,1.0,0.0,0.0
10480,0.0,0.0,0.0,0.0,0.0,0.0,0.0,84.0,50.0,8.0,16.9,106.0,0.0,5,3.0,0.5917159763000001,0.0,0.0,0.0,0.0,0.0,0.0,5.0,8.0,7.0,2.7,7.1,0.0,0.0,0.0,42.39,0.0,0.0,15.040939836,0.46413411179999997,-0.090023899,0.0,1.0,0.0,0.0
10480,0.0,0.0,0.0,0.0,0.0,0.0,0.0,80.0,58.0,8.0,18.6,111.8,0.0,6,4.0,0.6451612903,93.0,61.0,0.0,24.0,0.0,0.0,5.0,8.0,8.0,1.23,7.4,0.0,0.0,0.0,52.846000000000004,0.0,0.0,14.880904759000002,0.4038863203,-0.24330047,0.0,1.0,0.0,0.0
10480,0.0,0.0,0.0,0.0,0.0,0.0,0.0,92.0,58.0,10.0,21.0,117.9,0.0,7,5.0,0.7142857143000001,81.0,58.0,0.0,35.0,0.0,0.0,5.0,10.0,10.0,2.85,6.9,0.0,0.0,0.0,66.158,0.0,0.0,15.107468053,0.4148618552,-0.215055933,0.0,1.0,0.0,0.0
10480,0.0,0.0,0.0,0.0,0.0,0.0,0.0,94.0,62.0,0.0,23.8,124.0,0.0,8,6.0,0.0,0.0,0.0,0.0,0.0,0.0,0.0,0.0,0.0,0.0,1.06,7.2,0.0,0.0,0.0,78.73899999999999,0.0,0.0,15.478668054000002,0.4261346365,-0.18622378399999998,0.0,1.0,0.0,0.0
