PtID,Pt_CGMUseNumDays,Pt_FatherT1D,Pt_MotherT1D,Pt_SiblingT1D,Pt_ChildT1D,Pt_GrandchildT1D,Pt_GrandparentT1D,BldPrSys,BldPrDia,SMBGperDayPtMeterCombo,WeightKg,HeightCm,DirectLDL,age,diabDur,TotalDailyInsPerKg,LDL,HDL,TotChol,Triglyc,BUN,AlbCreatRat_mggNew,UnitsInsBasalOrLongAct,BGTestAvgNumMeter,BGTestAvgNumPtRep,TSH,HbA1c,AutonomicNeuroCl,Pt_InsGov,NumPumpBolusOrShortAct,HbA1cImputeDtMnC,Pt_SHFlg,Pt_DKAFlg,bmi,bmiPerc,bmiZscore,GFR,diagAgeCombo,Pt_A1cGoalLev,Pt_A1cGoalLevelDsYr5
10488,0.0,0.0,0.0,0.0,0.0,0.0,0.0,90.0,50.0,3.0,50.4,160.2,0.0,18,4.0,1.4484126984,0.0,0.0,0.0,0.0,0.0,0.0,0.0,3.0,3.0,0.0,7.6,0.0,1.0,5.0,0.0,0.0,0.0,19.638373382,0.2770157334,-0.591729906,0.0,13.0,0.0,0.0
10488,0.0,0.0,0.0,0.0,0.0,0.0,0.0,107.0,75.0,2.0,51.1,160.6,0.0,18,5.0,0.5870841486999999,0.0,0.0,0.0,0.0,0.0,31.0,0.0,2.0,3.0,0.0,7.6,0.0,1.0,0.0,10.058,0.0,0.0,19.81206838,0.3012994255,-0.520666879,0.0,13.0,7.0,0.0
10488,0.0,0.0,0.0,0.0,0.0,0.0,0.0,117.0,77.0,2.0,54.5,161.1,0.0,20,6.0,0.8256880734,0.0,0.0,0.0,0.0,0.0,31.0,27.0,2.0,0.0,0.0,7.6,0.0,0.0,0.0,25.162,0.0,0.0,20.999329177,0.4100984059,-0.78215234,0.0,13.0,0.0,0.0
10488,0.0,0.0,0.0,0.0,0.0,0.0,0.0,104.0,73.0,1.0,48.1,161.4,0.0,21,7.0,0.6652806653,0.0,0.0,0.0,0.0,0.0,31.0,25.0,1.0,0.0,0.0,8.6,0.0,0.0,1.0,38.373000000000005,0.0,0.0,18.464519715,0.0,-1.1239416279999999,0.0,13.0,0.0,0.0
10488,0.0,0.0,0.0,0.0,0.0,0.0,0.0,102.0,69.0,2.0,48.0,161.2,0.0,22,8.0,0.6041666667,0.0,0.0,0.0,0.0,0.0,29.9,21.0,2.0,0.0,0.0,8.1,0.0,0.0,2.0,47.668,0.0,0.0,18.471882716,0.0,-1.1229488140000001,0.0,13.0,0.0,0.0
10488,14.0,0.0,0.0,0.0,0.0,0.0,0.0,107.0,66.0,6.0,48.897257486,161.036,0.0,23,9.0,0.4499229841,35.0,32.0,0.0,115.0,12.0,31.0,17.0,6.0,2.0,1.2,9.6,0.0,0.0,2.0,65.793,0.0,0.0,18.85552167,0.0,-1.0712196059999999,0.0,13.0,0.0,0.0
