PtID,Pt_CGMUseNumDays,Pt_FatherT1D,Pt_MotherT1D,Pt_SiblingT1D,Pt_ChildT1D,Pt_GrandchildT1D,Pt_GrandparentT1D,BldPrSys,BldPrDia,SMBGperDayPtMeterCombo,WeightKg,HeightCm,DirectLDL,age,diabDur,TotalDailyInsPerKg,LDL,HDL,TotChol,Triglyc,BUN,AlbCreatRat_mggNew,UnitsInsBasalOrLongAct,BGTestAvgNumMeter,BGTestAvgNumPtRep,TSH,HbA1c,AutonomicNeuroCl,Pt_InsGov,NumPumpBolusOrShortAct,HbA1cImputeDtMnC,Pt_SHFlg,Pt_DKAFlg,bmi,bmiPerc,bmiZscore,GFR,diagAgeCombo,Pt_A1cGoalLev,Pt_A1cGoalLevelDsYr5
10512,0.0,0.0,0.0,0.0,0.0,0.0,0.0,156.0,73.0,4.0,78.47148001,177.8,0.0,71,59.0,0.3695610175,87.0,41.0,0.0,175.0,21.0,0.0,0.0,4.0,5.0,0.0,0.0,1.0,1.0,3.0,0.0,0.0,0.0,24.822660669,0.0,-0.7078373729999999,0.0,12.0,0.0,0.0
10512,0.0,0.0,0.0,0.0,0.0,0.0,0.0,131.0,60.0,4.0,0.0,0.0,0.0,72,60.0,0.0,0.0,0.0,0.0,0.0,0.0,0.0,0.0,4.0,6.0,0.0,0.0,1.0,1.0,3.0,0.0,0.0,0.0,0.0,0.0,0.0,0.0,12.0,6.2,0.0
10512,0.0,0.0,0.0,0.0,0.0,0.0,0.0,124.0,68.0,4.0,0.0,0.0,0.0,73,61.0,0.0,103.0,45.0,186.0,189.0,18.0,116.0,20.0,4.0,0.0,0.13,7.4,1.0,0.0,3.0,23.27,0.0,0.0,0.0,0.0,0.0,0.0,12.0,0.0,0.0
10512,0.0,0.0,0.0,0.0,0.0,0.0,0.0,118.0,64.0,4.0,0.0,0.0,0.0,74,62.0,0.0,103.0,49.0,174.0,112.0,17.0,116.0,19.0,4.0,0.0,0.29,0.0,1.0,0.0,4.0,0.0,0.0,0.0,0.0,0.0,0.0,49.0,12.0,0.0,0.0
10512,0.0,0.0,0.0,0.0,0.0,0.0,0.0,118.0,62.0,4.0,0.0,0.0,0.0,75,63.0,0.0,117.0,50.0,196.0,145.0,21.0,116.0,20.0,4.0,0.0,0.35,0.0,1.0,0.0,9.0,0.0,0.0,0.0,0.0,0.0,0.0,48.0,12.0,0.0,0.0
10512,0.0,0.0,0.0,0.0,0.0,0.0,0.0,163.0,70.0,2.0,79.0,175.0,0.0,76,64.0,0.35443037969999996,0.0,0.0,0.0,0.0,23.0,116.0,18.0,2.0,5.0,0.0,0.0,1.0,1.0,0.0,0.0,0.0,0.0,25.795918367,0.0,-0.468411955,0.0,12.0,0.0,0.0
10512,0.0,0.0,0.0,0.0,0.0,0.0,0.0,199.0,64.0,4.0,76.0,175.0,0.0,77,65.0,0.3552631579,0.0,0.0,0.0,0.0,23.0,116.0,18.0,4.0,0.0,0.0,0.0,1.0,0.0,0.0,0.0,0.0,0.0,24.816326530999998,0.0,-0.709395597,0.0,12.0,0.0,0.0
