PtID,Pt_CGMUseNumDays,Pt_FatherT1D,Pt_MotherT1D,Pt_SiblingT1D,Pt_ChildT1D,Pt_GrandchildT1D,Pt_GrandparentT1D,BldPrSys,BldPrDia,SMBGperDayPtMeterCombo,WeightKg,HeightCm,DirectLDL,age,diabDur,TotalDailyInsPerKg,LDL,HDL,TotChol,Triglyc,BUN,AlbCreatRat_mggNew,UnitsInsBasalOrLongAct,BGTestAvgNumMeter,BGTestAvgNumPtRep,TSH,HbA1c,AutonomicNeuroCl,Pt_InsGov,NumPumpBolusOrShortAct,HbA1cImputeDtMnC,Pt_SHFlg,Pt_DKAFlg,bmi,bmiPerc,bmiZscore,GFR,diagAgeCombo,Pt_A1cGoalLev,Pt_A1cGoalLevelDsYr5
10571,0.0,0.0,0.0,1.0,0.0,0.0,0.0,90.0,56.0,8.0,23.4,124.0,0.0,9,5.0,0.8547008547,0.0,0.0,0.0,0.0,0.0,0.0,0.0,8.0,6.0,0.0,7.1,0.0,0.0,4.0,0.0,0.0,0.0,15.218522372999999,0.2798938897,-0.583156756,0.0,3.0,0.0,0.0
10571,0.0,0.0,0.0,1.0,0.0,0.0,0.0,113.0,65.0,10.0,25.6,128.5,0.0,10,7.0,0.0,0.0,0.0,0.0,0.0,0.0,0.0,0.0,10.0,6.0,0.0,7.3,0.0,0.0,5.0,14.672,0.0,0.0,15.503641235999998,0.2601160904,-0.642987546,0.0,3.0,7.0,0.0
10571,0.0,0.0,0.0,0.0,0.0,0.0,0.0,113.0,52.0,7.0,30.0,132.0,0.0,11,8.0,0.7666666667,0.0,0.0,188.0,0.0,0.0,2.0,9.0,7.0,4.0,1.08,7.9,0.0,0.0,0.0,29.909000000000002,0.0,0.0,17.217630854,0.5075128135,0.018832944,0.0,3.0,0.0,0.0
10571,0.0,0.0,0.0,0.0,0.0,0.0,0.0,119.0,67.0,6.0,32.4,137.6,0.0,12,9.0,0.8024691358,75.0,92.0,178.0,56.0,0.0,3.0,10.0,6.0,5.0,1.9,8.7,0.0,0.0,5.0,41.028999999999996,0.0,0.0,17.112290427,0.37841979670000003,-0.30963361100000003,0.0,3.0,0.0,0.0
10571,0.0,0.0,0.0,0.0,0.0,0.0,0.0,118.0,65.0,5.0,37.2,142.9,0.0,13,10.0,0.752688172,101.0,67.0,0.0,68.0,12.0,3.0,13.0,5.0,5.0,1.26,8.6,0.0,0.0,3.0,52.647,0.0,0.0,18.21706812,0.4627141182,-0.09359833,0.0,3.0,0.0,0.0
