PtID,Pt_CGMUseNumDays,Pt_FatherT1D,Pt_MotherT1D,Pt_SiblingT1D,Pt_ChildT1D,Pt_GrandchildT1D,Pt_GrandparentT1D,BldPrSys,BldPrDia,SMBGperDayPtMeterCombo,WeightKg,HeightCm,DirectLDL,age,diabDur,TotalDailyInsPerKg,LDL,HDL,TotChol,Triglyc,BUN,AlbCreatRat_mggNew,UnitsInsBasalOrLongAct,BGTestAvgNumMeter,BGTestAvgNumPtRep,TSH,HbA1c,AutonomicNeuroCl,Pt_InsGov,NumPumpBolusOrShortAct,HbA1cImputeDtMnC,Pt_SHFlg,Pt_DKAFlg,bmi,bmiPerc,bmiZscore,GFR,diagAgeCombo,Pt_A1cGoalLev,Pt_A1cGoalLevelDsYr5
10599,0.0,0.0,0.0,0.0,0.0,0.0,0.0,116.0,56.0,5.0,69.5,164.3,0.0,15,9.0,1.7410071941999998,166.0,39.0,0.0,143.0,19.0,0.0,0.0,5.0,7.0,0.0,8.5,0.0,0.0,0.0,0.0,0.0,0.0,25.745994830999997,0.930724808,1.4812108941,0.0,6.0,0.0,0.0
10599,0.0,0.0,0.0,0.0,0.0,0.0,0.0,115.0,59.0,6.0,71.9,164.9,0.0,16,10.0,0.0,107.0,31.0,0.0,81.0,13.0,3.0,0.0,6.0,6.0,0.0,9.2,0.0,0.0,7.0,10.921,0.0,0.0,26.441590747,0.9295164702,1.4721993253999999,0.0,6.0,7.3,0.0
10599,0.0,0.0,0.0,0.0,0.0,0.0,0.0,134.0,60.0,3.0,70.0,165.0,0.0,17,11.0,1.4714285714,0.0,0.0,0.0,0.0,0.0,1.0,46.0,3.0,0.0,0.82,9.7,0.0,0.0,6.0,25.991999999999997,0.0,0.0,25.711662075,0.8857640326999999,1.2043044311,0.0,6.0,0.0,0.0
10599,0.0,0.0,0.0,0.0,0.0,0.0,0.0,112.0,60.0,3.0,70.4,165.0,0.0,18,12.0,0.0,96.0,29.0,0.0,96.0,14.0,4.4,30.0,3.0,0.0,0.67,11.0,0.0,0.0,0.0,35.751,0.0,0.0,25.858585859,0.8613913159000001,1.0865915339,0.0,6.0,0.0,0.0
10599,0.0,0.0,0.0,0.0,0.0,0.0,0.0,123.0,65.0,5.0,74.1,165.3,0.0,19,13.0,1.3360323887,92.0,46.0,0.0,109.0,14.0,4.4,31.0,5.0,0.0,1.12,11.8,0.0,0.0,9.0,45.544,0.0,0.0,27.118926925,0.8846129340000001,1.1983671068000001,0.0,6.0,0.0,0.0
10599,0.0,0.0,0.0,0.0,0.0,0.0,0.0,130.0,67.0,2.0,79.9,165.0,0.0,19,13.0,0.6007509387,0.0,0.0,0.0,0.0,0.0,4.4,24.0,2.0,0.0,0.0,12.5,0.0,0.0,3.0,51.086999999999996,0.0,0.0,29.348025712,0.9442453461,1.5914456944,0.0,6.0,0.0,0.0
10599,0.0,0.0,0.0,0.0,0.0,0.0,0.0,124.0,72.0,2.0,78.4,166.1,0.0,21,14.0,0.0,123.0,39.0,0.0,132.0,0.0,9.4,20.0,2.0,0.0,0.86,11.3,0.0,0.0,0.0,67.12,0.0,0.0,28.416906465,0.0,0.358376045,0.0,6.0,0.0,0.0
