PtID,Pt_CGMUseNumDays,Pt_FatherT1D,Pt_MotherT1D,Pt_SiblingT1D,Pt_ChildT1D,Pt_GrandchildT1D,Pt_GrandparentT1D,BldPrSys,BldPrDia,SMBGperDayPtMeterCombo,WeightKg,HeightCm,DirectLDL,age,diabDur,TotalDailyInsPerKg,LDL,HDL,TotChol,Triglyc,BUN,AlbCreatRat_mggNew,UnitsInsBasalOrLongAct,BGTestAvgNumMeter,BGTestAvgNumPtRep,TSH,HbA1c,AutonomicNeuroCl,Pt_InsGov,NumPumpBolusOrShortAct,HbA1cImputeDtMnC,Pt_SHFlg,Pt_DKAFlg,bmi,bmiPerc,bmiZscore,GFR,diagAgeCombo,Pt_A1cGoalLev,Pt_A1cGoalLevelDsYr5
10649,0.0,0.0,0.0,0.0,0.0,0.0,0.0,104.0,67.0,6.0,85.502161745,165.1,0.0,32,24.0,0.725127865,107.0,61.0,0.0,95.0,9.0,3.6,0.0,0.0,6.0,0.0,6.9,0.0,0.0,0.0,0.033,0.0,0.0,31.367719707,0.0,0.3977428079,0.0,8.0,0.0,0.0
10649,0.0,0.0,0.0,0.0,0.0,0.0,0.0,131.0,80.0,8.0,92.0,165.0,0.0,34,26.0,0.6304347826,69.0,62.0,0.0,100.0,14.0,0.0,0.0,8.0,8.0,0.0,7.5,0.0,0.0,0.0,18.158,0.0,0.0,33.792470156,0.0,0.6758584381999999,0.0,8.0,0.0,0.0
10649,0.0,0.0,0.0,0.0,0.0,0.0,0.0,119.0,72.0,3.0,97.5,165.0,0.0,35,27.0,1.0256410256,88.0,51.0,172.0,165.0,0.0,5.5,0.0,3.0,0.0,3.48,7.6,0.0,0.0,0.0,34.49,0.0,0.0,35.812672176,0.0,0.9075729054,0.0,8.0,0.0,0.0
10649,0.0,0.0,0.0,0.0,0.0,0.0,0.0,116.0,78.0,9.0,88.0,165.0,0.0,36,28.0,0.5454545454999999,136.0,64.0,227.0,134.0,11.0,2.9,33.0,9.0,0.0,2.92,7.1,0.0,0.0,0.0,46.24100000000001,0.0,0.0,32.323232323,0.0,0.5073388258,99.0,8.0,0.0,0.0
10649,0.0,0.0,0.0,0.0,0.0,0.0,0.0,110.0,73.0,11.0,102.0,165.0,0.0,37,29.0,0.7254901961,0.0,0.0,0.0,0.0,0.0,2.9,48.0,11.0,0.0,0.0,0.0,0.0,0.0,4.0,0.0,0.0,0.0,37.465564738000005,0.0,1.0971574694,0.0,8.0,0.0,0.0
10649,0.0,0.0,0.0,0.0,0.0,0.0,0.0,99.0,68.0,9.0,108.5,165.0,0.0,39,31.0,0.7188940092,137.0,41.0,205.0,137.0,10.0,2.9,54.0,9.0,0.0,2.05,7.1,0.0,0.0,3.0,76.846,0.0,0.0,39.853076216999995,0.0,1.3710018396,0.0,8.0,0.0,0.0
