PtID,Pt_CGMUseNumDays,Pt_FatherT1D,Pt_MotherT1D,Pt_SiblingT1D,Pt_ChildT1D,Pt_GrandchildT1D,Pt_GrandparentT1D,BldPrSys,BldPrDia,SMBGperDayPtMeterCombo,WeightKg,HeightCm,DirectLDL,age,diabDur,TotalDailyInsPerKg,LDL,HDL,TotChol,Triglyc,BUN,AlbCreatRat_mggNew,UnitsInsBasalOrLongAct,BGTestAvgNumMeter,BGTestAvgNumPtRep,TSH,HbA1c,AutonomicNeuroCl,Pt_InsGov,NumPumpBolusOrShortAct,HbA1cImputeDtMnC,Pt_SHFlg,Pt_DKAFlg,bmi,bmiPerc,bmiZscore,GFR,diagAgeCombo,Pt_A1cGoalLev,Pt_A1cGoalLevelDsYr5
10670,0.0,0.0,0.0,0.0,0.0,0.0,0.0,110.0,70.0,3.0,87.54332741,160.02,0.0,56,43.0,0.4683395207,94.0,71.0,0.0,54.0,11.0,3.0,0.0,0.0,3.0,0.0,6.9,0.0,0.0,3.0,0.332,0.0,0.0,34.188064719,0.0,0.512953914,0.0,13.0,0.0,0.0
10670,0.0,0.0,0.0,0.0,0.0,0.0,0.0,118.0,70.0,4.0,78.92507238,160.02,0.0,58,45.0,0.5701610229,71.0,63.0,0.0,44.0,13.0,14.4,0.0,4.0,3.0,0.0,6.5,0.0,0.0,4.0,26.689,1.0,0.0,30.822400317,0.0,0.1668415787,0.0,13.0,6.5,0.0
10670,0.0,0.0,0.0,0.0,0.0,0.0,0.0,122.0,70.0,3.0,76.112799686,160.02,0.0,59,46.0,0.43356702340000003,60.0,78.0,0.0,55.0,12.0,6.4,28.0,3.0,4.0,0.319,0.0,0.0,0.0,7.0,0.0,0.0,0.0,29.72413088,0.0,0.0538996588,86.0,13.0,0.0,0.0
10670,0.0,0.0,0.0,0.0,0.0,0.0,0.0,124.0,78.0,4.0,80.28584949,160.02,0.0,60,47.0,0.4359423264,61.0,107.0,0.0,68.0,12.0,3.8,27.0,4.0,0.0,2.96,6.1,0.0,0.0,9.0,52.248999999999995,0.0,0.0,31.353821011999997,0.0,0.2178701668,0.0,13.0,0.0,0.0
10670,0.0,0.0,0.0,0.0,0.0,0.0,0.0,128.0,76.0,3.0,82.10021897,160.02,0.0,61,48.0,0.4141280063,63.0,82.0,157.0,61.0,11.0,6.2,27.0,3.0,0.0,6.74,5.8,0.0,0.0,8.0,63.867,0.0,0.0,32.062381939,0.0,0.3058918556,79.0,13.0,0.0,0.0
10670,29.0,0.0,0.0,0.0,0.0,0.0,0.0,130.0,70.0,3.0,88.90410452,160.02,0.0,62,49.0,0.4274268348,43.0,144.0,198.0,53.0,15.0,4.8,24.0,3.0,4.0,7.6,6.6,0.0,0.0,10.0,76.382,0.0,0.0,34.719485414,0.0,0.6359731887,95.0,13.0,0.0,0.0
