PtID,Pt_CGMUseNumDays,Pt_FatherT1D,Pt_MotherT1D,Pt_SiblingT1D,Pt_ChildT1D,Pt_GrandchildT1D,Pt_GrandparentT1D,BldPrSys,BldPrDia,SMBGperDayPtMeterCombo,WeightKg,HeightCm,DirectLDL,age,diabDur,TotalDailyInsPerKg,LDL,HDL,TotChol,Triglyc,BUN,AlbCreatRat_mggNew,UnitsInsBasalOrLongAct,BGTestAvgNumMeter,BGTestAvgNumPtRep,TSH,HbA1c,AutonomicNeuroCl,Pt_InsGov,NumPumpBolusOrShortAct,HbA1cImputeDtMnC,Pt_SHFlg,Pt_DKAFlg,bmi,bmiPerc,bmiZscore,GFR,diagAgeCombo,Pt_A1cGoalLev,Pt_A1cGoalLevelDsYr5
1068,0.0,0.0,0.0,1.0,0.0,0.0,0.0,129.0,74.0,5.0,114.0,183.2,1.0,46,38.0,0.5438596491,78.0,58.0,153.0,85.0,12.0,2.0,0.0,0.0,5.0,0.0,8.0,1.0,1.0,5.0,0.0,0.0,0.0,33.966743578,0.0,0.8003698637000001,0.0,7.0,0.0,0.0
1068,0.0,0.0,1.0,1.0,0.0,0.0,1.0,110.0,80.0,6.0,115.7,180.0,0.0,46,39.0,0.6482281763000001,49.0,51.0,108.0,38.0,7.0,3.0,0.0,0.0,6.0,0.0,8.2,1.0,1.0,0.0,4.0169999999999995,1.0,0.0,35.709876543,0.0,1.0509923459000001,0.0,7.0,7.5,0.0
1068,0.0,0.0,0.0,0.0,0.0,0.0,0.0,120.0,76.0,6.0,119.0,182.9,1.0,48,40.0,0.5882352941,37.0,42.0,104.0,125.0,14.0,0.0,40.0,0.0,6.0,1.675,8.1,1.0,0.0,4.0,26.689,0.0,0.0,35.572922848000005,0.0,1.0313015502,0.0,7.0,0.0,0.0
1068,0.0,0.0,0.0,0.0,0.0,0.0,0.0,145.0,81.0,0.0,71.7,182.0,1.0,49,41.0,0.0,71.0,63.0,166.0,162.0,11.0,0.0,37.0,0.0,0.0,2.048,8.7,1.0,0.0,0.0,39.834,0.0,0.0,21.645936481,0.0,-0.9710791999999999,0.0,7.0,0.0,0.0
1068,0.0,0.0,0.0,0.0,0.0,0.0,0.0,108.0,62.0,0.0,118.1,182.0,0.0,50,42.0,0.0,52.0,52.0,121.0,87.0,7.0,0.0,37.0,0.0,0.0,1.614,8.0,1.0,0.0,0.0,52.481,0.0,0.0,35.653906533000004,0.0,0.9203943261,0.0,7.0,0.0,0.0
1068,0.0,0.0,0.0,0.0,0.0,0.0,0.0,118.0,64.0,0.0,126.4,182.0,0.0,51,43.0,0.0,61.0,63.0,140.0,81.0,12.0,0.0,39.0,0.0,0.0,1.199,8.5,1.0,0.0,0.0,62.938,0.0,0.0,38.159642555,0.0,1.2520446304000001,0.0,7.0,0.0,0.0
1068,0.0,0.0,0.0,0.0,0.0,0.0,0.0,120.0,70.0,5.0,122.0,182.0,0.0,51,44.0,0.0,0.0,0.0,0.0,0.0,0.0,0.0,45.0,0.0,5.0,0.0,8.5,1.0,1.0,0.0,69.676,0.0,0.0,36.831300568,0.0,1.0762300112999998,0.0,7.0,0.0,0.0
