PtID,Pt_CGMUseNumDays,Pt_FatherT1D,Pt_MotherT1D,Pt_SiblingT1D,Pt_ChildT1D,Pt_GrandchildT1D,Pt_GrandparentT1D,BldPrSys,BldPrDia,SMBGperDayPtMeterCombo,WeightKg,HeightCm,DirectLDL,age,diabDur,TotalDailyInsPerKg,LDL,HDL,TotChol,Triglyc,BUN,AlbCreatRat_mggNew,UnitsInsBasalOrLongAct,BGTestAvgNumMeter,BGTestAvgNumPtRep,TSH,HbA1c,AutonomicNeuroCl,Pt_InsGov,NumPumpBolusOrShortAct,HbA1cImputeDtMnC,Pt_SHFlg,Pt_DKAFlg,bmi,bmiPerc,bmiZscore,GFR,diagAgeCombo,Pt_A1cGoalLev,Pt_A1cGoalLevelDsYr5
10686,1.0,0.0,0.0,0.0,0.0,0.0,0.0,118.0,62.0,10.0,107.4,177.8,0.0,32,25.0,1.5083798883000001,99.0,48.0,169.0,110.0,15.0,86.0,0.0,0.0,10.0,0.0,7.9,0.0,0.0,6.0,-2.423,0.0,0.0,33.973537335,0.0,0.9383869933,0.0,7.0,0.0,0.0
10686,0.0,0.0,0.0,0.0,0.0,0.0,0.0,121.0,63.0,5.0,114.30527724,177.8,0.0,34,27.0,0.822359232,109.0,43.0,176.0,122.0,13.0,308.0,0.0,0.0,5.0,0.0,8.7,0.0,0.0,0.0,21.842,1.0,0.0,36.157864096,0.0,1.2550212715,0.0,7.0,7.2,0.0
10686,0.0,0.0,0.0,0.0,0.0,0.0,0.0,132.0,67.0,0.0,115.21246198,177.8,0.0,35,28.0,0.0,114.0,48.0,183.0,107.0,11.0,307.0,43.0,0.0,0.0,0.0,9.2,0.0,0.0,0.0,32.498000000000005,0.0,0.0,36.444831271,0.0,1.2966192806,95.0,7.0,0.0,0.0
10686,0.0,0.0,0.0,0.0,0.0,0.0,0.0,134.0,77.0,0.0,112.94450013,177.8,0.0,36,29.0,0.0,122.0,50.0,195.0,115.0,0.0,351.0,44.0,0.0,0.0,0.0,9.0,0.0,0.0,0.0,45.012,0.0,0.0,35.727413333,0.0,1.1926242579000002,0.0,7.0,0.0,0.0
10686,0.0,0.0,0.0,0.0,0.0,0.0,0.0,144.0,66.0,0.0,116.57323909,177.8,0.0,37,30.0,0.0,105.0,52.0,177.0,100.0,15.0,351.0,48.0,0.0,0.0,4.44,9.1,0.0,0.0,0.0,56.1,0.0,0.0,36.875282034,0.0,1.3590162942,83.0,7.0,0.0,0.0
10686,0.0,0.0,0.0,0.0,0.0,0.0,0.0,135.0,70.0,5.0,112.03731539,177.0,0.0,38,31.0,0.0,105.0,52.0,177.0,100.0,14.0,239.0,50.0,0.0,5.0,4.44,8.8,0.0,0.0,0.0,65.959,0.0,0.0,35.761535762,0.0,1.1975705558,0.0,7.0,0.0,0.0
10686,0.0,0.0,0.0,0.0,0.0,0.0,0.0,135.0,66.0,0.0,114.30527724,177.8,0.0,39,32.0,0.0,120.0,47.0,195.0,139.0,0.0,239.0,50.0,0.0,0.0,3.78,0.0,0.0,0.0,0.0,0.0,0.0,0.0,36.157864096,0.0,1.2550212715,0.0,7.0,0.0,0.0
