PtID,Pt_CGMUseNumDays,Pt_FatherT1D,Pt_MotherT1D,Pt_SiblingT1D,Pt_ChildT1D,Pt_GrandchildT1D,Pt_GrandparentT1D,BldPrSys,BldPrDia,SMBGperDayPtMeterCombo,WeightKg,HeightCm,DirectLDL,age,diabDur,TotalDailyInsPerKg,LDL,HDL,TotChol,Triglyc,BUN,AlbCreatRat_mggNew,UnitsInsBasalOrLongAct,BGTestAvgNumMeter,BGTestAvgNumPtRep,TSH,HbA1c,AutonomicNeuroCl,Pt_InsGov,NumPumpBolusOrShortAct,HbA1cImputeDtMnC,Pt_SHFlg,Pt_DKAFlg,bmi,bmiPerc,bmiZscore,GFR,diagAgeCombo,Pt_A1cGoalLev,Pt_A1cGoalLevelDsYr5
10683,0.0,0.0,0.0,0.0,0.0,0.0,0.0,116.0,70.0,5.0,53.1,166.6,0.0,13,0.0,0.5461393596999999,121.0,53.0,0.0,0.0,16.0,3.0,0.0,5.0,5.0,0.0,6.8,0.0,0.0,0.0,0.0,0.0,0.0,19.131301981,0.603212188,0.2616703207,0.0,12.0,0.0,0.0
10683,0.0,0.0,0.0,0.0,0.0,0.0,0.0,131.0,71.0,4.0,66.2,176.2,0.0,14,1.0,0.9365558912,0.0,0.0,187.0,0.0,0.0,2.7,0.0,0.0,4.0,0.0,8.9,0.0,0.0,0.0,12.282,0.0,0.0,21.322895636,0.7621192244,0.7131360862999999,0.0,12.0,0.0,0.0
10683,0.0,0.0,0.0,0.0,0.0,0.0,0.0,126.0,73.0,0.0,73.2,182.5,0.0,15,3.0,0.0,0.0,0.0,201.0,0.0,0.0,2.2,0.0,0.0,0.0,3.08,10.6,0.0,0.0,0.0,26.456,0.0,0.0,21.977857009,0.7529189240999999,0.6837039134,0.0,12.0,0.0,0.0
10683,0.0,0.0,0.0,0.0,0.0,0.0,0.0,127.0,75.0,0.0,78.4,183.8,0.0,16,4.0,0.0,141.0,53.0,213.0,94.0,0.0,0.0,0.0,0.0,0.0,2.45,8.6,0.0,0.0,0.0,43.021,0.0,0.0,23.207323094,0.7904939461,0.8081363262000001,0.0,12.0,0.0,0.0
