PtID,Pt_CGMUseNumDays,Pt_FatherT1D,Pt_MotherT1D,Pt_SiblingT1D,Pt_ChildT1D,Pt_GrandchildT1D,Pt_GrandparentT1D,BldPrSys,BldPrDia,SMBGperDayPtMeterCombo,WeightKg,HeightCm,DirectLDL,age,diabDur,TotalDailyInsPerKg,LDL,HDL,TotChol,Triglyc,BUN,AlbCreatRat_mggNew,UnitsInsBasalOrLongAct,BGTestAvgNumMeter,BGTestAvgNumPtRep,TSH,HbA1c,AutonomicNeuroCl,Pt_InsGov,NumPumpBolusOrShortAct,HbA1cImputeDtMnC,Pt_SHFlg,Pt_DKAFlg,bmi,bmiPerc,bmiZscore,GFR,diagAgeCombo,Pt_A1cGoalLev,Pt_A1cGoalLevelDsYr5
10696,0.0,0.0,1.0,0.0,0.0,0.0,0.0,118.0,53.0,3.0,73.1,163.3,0.0,13,3.0,1.5047879617,114.0,47.0,199.0,188.0,7.0,4.7,0.0,3.0,4.0,0.0,9.8,0.0,0.0,6.0,-0.43200000000000005,0.0,0.0,27.412270422,0.962966489,1.7861991299000002,0.0,9.0,0.0,0.0
10696,0.0,0.0,1.0,0.0,0.0,0.0,0.0,129.0,75.0,3.0,76.0,164.7,0.0,14,4.0,1.1842105263,0.0,0.0,0.0,0.0,0.0,0.0,0.0,3.0,4.0,0.0,12.4,0.0,0.0,0.0,13.51,1.0,0.0,28.017307323,0.9590221956,1.7394501768000001,0.0,9.0,7.0,0.0
10696,0.0,0.0,0.0,0.0,0.0,0.0,0.0,112.0,65.0,1.0,78.2,164.9,0.0,15,5.0,1.5984654731,0.0,0.0,0.0,0.0,0.0,0.0,0.0,1.0,0.0,0.0,11.2,0.0,0.0,0.0,24.896,0.0,0.0,28.758447794000002,0.9573493202,1.7207215744,0.0,9.0,0.0,0.0
10696,0.0,0.0,0.0,0.0,0.0,0.0,0.0,104.0,66.0,1.0,78.9,165.2,0.0,15,5.0,1.9011406844,0.0,0.0,0.0,0.0,0.0,0.0,0.0,1.0,0.0,0.0,13.7,0.0,0.0,0.0,34.423,0.0,0.0,28.910587504000002,0.9588266826999999,1.7372296993,0.0,9.0,0.0,0.0
10696,0.0,0.0,0.0,0.0,0.0,0.0,0.0,119.0,76.0,0.0,82.7,165.3,0.0,16,6.0,0.8585247884,190.0,37.0,282.0,274.0,0.0,0.0,60.0,0.0,0.0,113.25,12.4,0.0,0.0,0.0,45.012,0.0,0.0,30.266332749,0.9631904881000001,1.7889738707,0.0,9.0,0.0,0.0
