PtID,Pt_CGMUseNumDays,Pt_FatherT1D,Pt_MotherT1D,Pt_SiblingT1D,Pt_ChildT1D,Pt_GrandchildT1D,Pt_GrandparentT1D,BldPrSys,BldPrDia,SMBGperDayPtMeterCombo,WeightKg,HeightCm,DirectLDL,age,diabDur,TotalDailyInsPerKg,LDL,HDL,TotChol,Triglyc,BUN,AlbCreatRat_mggNew,UnitsInsBasalOrLongAct,BGTestAvgNumMeter,BGTestAvgNumPtRep,TSH,HbA1c,AutonomicNeuroCl,Pt_InsGov,NumPumpBolusOrShortAct,HbA1cImputeDtMnC,Pt_SHFlg,Pt_DKAFlg,bmi,bmiPerc,bmiZscore,GFR,diagAgeCombo,Pt_A1cGoalLev,Pt_A1cGoalLevelDsYr5
10690,0.0,0.0,0.0,0.0,0.0,0.0,0.0,104.0,64.0,5.0,22.3,121.5,0.0,6,0.0,0.44843049329999995,0.0,0.0,0.0,0.0,0.0,0.0,0.0,5.0,5.0,0.0,8.1,0.0,0.0,0.0,0.564,0.0,0.0,15.106098325,0.4702192535,-0.074718727,0.0,6.0,0.0,0.0
10690,0.0,0.0,0.0,0.0,0.0,0.0,0.0,108.0,66.0,6.0,24.3,125.6,0.0,7,0.0,0.7407407407,0.0,0.0,0.0,0.0,0.0,0.0,0.0,6.0,6.0,0.0,9.0,0.0,0.0,0.0,8.631,0.0,0.0,15.403768915999999,0.4908139729,-0.02302799,0.0,6.0,6.5,0.0
10690,0.0,0.0,0.0,0.0,0.0,0.0,0.0,106.0,62.0,5.0,30.6,133.2,0.0,8,2.0,0.9803921568999999,0.0,0.0,0.0,0.0,0.0,8.7,12.0,5.0,0.0,0.0,8.7,0.0,0.0,5.0,24.664,0.0,0.0,17.246976705999998,0.7475543962000001,0.6668135950999999,0.0,6.0,0.0,0.0
10690,0.0,0.0,0.0,0.0,0.0,0.0,0.0,104.0,69.0,6.0,37.2,140.1,0.0,9,3.0,0.8064516129000001,0.0,0.0,0.0,0.0,0.0,8.7,14.0,6.0,0.0,0.0,8.5,0.0,0.0,6.0,36.747,0.0,0.0,18.952507157,0.8410534851000001,0.9987970201999999,0.0,6.0,0.0,0.0
10690,0.0,0.0,0.0,0.0,0.0,0.0,0.0,118.0,75.0,6.0,45.7,150.0,0.0,10,4.0,0.9846827133,0.0,0.0,0.0,0.0,0.0,8.7,20.0,6.0,0.0,0.0,10.2,0.0,0.0,7.0,50.92100000000001,0.0,0.0,20.311111111,0.8699294008,1.1260574607,0.0,6.0,0.0,0.0
10690,0.0,0.0,0.0,0.0,0.0,0.0,0.0,116.0,64.0,5.0,60.0,161.5,0.0,12,6.0,1.1133333333,72.0,37.0,168.0,294.0,0.0,8.7,27.3,5.0,4.0,1.38,9.2,0.0,0.0,5.0,75.32,0.0,0.0,23.004150332,0.9021727321999999,1.2940315138,0.0,6.0,0.0,0.0
