PtID,Pt_CGMUseNumDays,Pt_FatherT1D,Pt_MotherT1D,Pt_SiblingT1D,Pt_ChildT1D,Pt_GrandchildT1D,Pt_GrandparentT1D,BldPrSys,BldPrDia,SMBGperDayPtMeterCombo,WeightKg,HeightCm,DirectLDL,age,diabDur,TotalDailyInsPerKg,LDL,HDL,TotChol,Triglyc,BUN,AlbCreatRat_mggNew,UnitsInsBasalOrLongAct,BGTestAvgNumMeter,BGTestAvgNumPtRep,TSH,HbA1c,AutonomicNeuroCl,Pt_InsGov,NumPumpBolusOrShortAct,HbA1cImputeDtMnC,Pt_SHFlg,Pt_DKAFlg,bmi,bmiPerc,bmiZscore,GFR,diagAgeCombo,Pt_A1cGoalLev,Pt_A1cGoalLevelDsYr5
10709,0.0,0.0,0.0,0.0,0.0,0.0,0.0,110.0,58.0,10.0,36.0,141.0,0.0,10,2.0,0.6666666667,0.0,0.0,0.0,0.0,20.0,0.0,0.0,10.0,10.0,0.0,7.7,0.0,1.0,7.0,-0.19899999999999998,0.0,0.0,18.107741059000002,0.737322033,0.635111137,0.0,8.0,0.0,0.0
10709,0.0,0.0,0.0,0.0,0.0,0.0,0.0,105.0,60.0,10.0,0.0,0.0,0.0,11,3.0,0.0,0.0,0.0,0.0,0.0,0.0,0.0,0.0,0.0,10.0,0.0,8.1,0.0,1.0,0.0,11.917,0.0,0.0,0.0,0.0,0.0,0.0,8.0,0.0,0.0
10709,0.0,0.0,0.0,0.0,0.0,0.0,0.0,118.0,58.0,8.0,42.0,151.0,0.0,12,4.0,0.7142857143000001,0.0,0.0,0.0,0.0,0.0,0.0,9.0,8.0,0.0,1.84,8.1,0.0,0.0,9.0,21.079,0.0,0.0,18.420244726,0.6006417964999999,0.2550086646,0.0,8.0,0.0,0.0
10709,0.0,0.0,0.0,0.0,0.0,0.0,0.0,104.0,63.0,6.0,45.4,157.1,0.0,13,5.0,0.7488986784,0.0,0.0,0.0,0.0,0.0,0.0,9.0,6.0,0.0,0.0,9.7,0.0,0.0,0.0,33.461,0.0,0.0,18.39515632,0.49212249880000003,-0.019747251,0.0,8.0,0.0,0.0
