PtID,Pt_CGMUseNumDays,Pt_FatherT1D,Pt_MotherT1D,Pt_SiblingT1D,Pt_ChildT1D,Pt_GrandchildT1D,Pt_GrandparentT1D,BldPrSys,BldPrDia,SMBGperDayPtMeterCombo,WeightKg,HeightCm,DirectLDL,age,diabDur,TotalDailyInsPerKg,LDL,HDL,TotChol,Triglyc,BUN,AlbCreatRat_mggNew,UnitsInsBasalOrLongAct,BGTestAvgNumMeter,BGTestAvgNumPtRep,TSH,HbA1c,AutonomicNeuroCl,Pt_InsGov,NumPumpBolusOrShortAct,HbA1cImputeDtMnC,Pt_SHFlg,Pt_DKAFlg,bmi,bmiPerc,bmiZscore,GFR,diagAgeCombo,Pt_A1cGoalLev,Pt_A1cGoalLevelDsYr5
10762,0.0,0.0,0.0,0.0,0.0,0.0,0.0,88.0,48.0,6.0,19.7,107.4,1.0,5,0.0,0.152284264,101.0,59.0,168.0,40.0,0.0,0.0,0.0,0.0,6.0,0.0,10.5,0.0,1.0,0.0,0.133,0.0,0.0,17.078812216,0.8797204549,1.1735904949,0.0,4.0,0.0,0.0
10762,0.0,0.0,0.0,0.0,0.0,0.0,1.0,100.0,59.0,6.0,24.1,113.9,0.0,6,1.0,1.1618257261,0.0,0.0,0.0,0.0,0.0,0.0,0.0,6.0,10.0,0.0,10.6,0.0,1.0,0.0,13.311,0.0,0.0,18.576743921,0.9425813687000001,1.5768186347,0.0,4.0,8.0,0.0
10762,0.0,0.0,0.0,0.0,0.0,0.0,0.0,89.0,64.0,0.0,26.5,117.8,0.0,7,2.0,0.0,0.0,0.0,0.0,0.0,0.0,0.0,10.0,0.0,0.0,1.121,10.4,0.0,0.0,0.0,24.398000000000003,0.0,0.0,19.096566654,0.9341603092,1.5075123463999998,0.0,4.0,0.0,0.0
10762,0.0,0.0,0.0,0.0,0.0,0.0,0.0,95.0,62.0,0.0,32.8,126.1,0.0,8,3.0,0.0,0.0,0.0,0.0,0.0,0.0,0.0,13.0,0.0,0.0,0.0,8.0,0.0,0.0,0.0,35.485,0.0,0.0,20.627361062000002,0.9495081913,1.6401036511000002,0.0,4.0,0.0,0.0
10762,0.0,0.0,0.0,0.0,0.0,0.0,0.0,101.0,54.0,0.0,38.0,134.0,0.0,9,4.0,0.0,84.0,74.0,175.0,86.0,0.0,0.0,0.0,0.0,0.0,2.1830000000000003,7.8,0.0,0.0,0.0,45.544,0.0,0.0,21.162842504,0.9369620461,1.5297609615999999,0.0,4.0,0.0,0.0
10762,0.0,0.0,0.0,0.0,0.0,0.0,0.0,101.0,56.0,0.0,44.4,140.3,0.0,9,4.0,0.0,0.0,0.0,0.0,0.0,0.0,0.0,0.0,0.0,0.0,0.0,8.4,0.0,0.0,0.0,53.71,0.0,0.0,22.556287845,0.9623802967,1.7790021674,0.0,4.0,0.0,0.0
