PtID,Pt_CGMUseNumDays,Pt_FatherT1D,Pt_MotherT1D,Pt_SiblingT1D,Pt_ChildT1D,Pt_GrandchildT1D,Pt_GrandparentT1D,BldPrSys,BldPrDia,SMBGperDayPtMeterCombo,WeightKg,HeightCm,DirectLDL,age,diabDur,TotalDailyInsPerKg,LDL,HDL,TotChol,Triglyc,BUN,AlbCreatRat_mggNew,UnitsInsBasalOrLongAct,BGTestAvgNumMeter,BGTestAvgNumPtRep,TSH,HbA1c,AutonomicNeuroCl,Pt_InsGov,NumPumpBolusOrShortAct,HbA1cImputeDtMnC,Pt_SHFlg,Pt_DKAFlg,bmi,bmiPerc,bmiZscore,GFR,diagAgeCombo,Pt_A1cGoalLev,Pt_A1cGoalLevelDsYr5
1077,0.0,0.0,0.0,0.0,0.0,0.0,0.0,134.0,67.0,5.0,54.0,157.5,0.0,14,8.0,1.962962963,95.0,68.0,176.0,64.0,0.0,4.0,0.0,5.0,10.0,0.0,7.5,0.0,0.0,0.0,0.0,0.0,0.0,21.768707483000004,0.7582854428,0.7007979552,0.0,5.0,0.0,0.0
1077,0.0,0.0,0.0,0.0,0.0,0.0,0.0,106.0,66.0,5.0,68.6,158.9,0.0,15,9.0,0.8746355684999999,80.0,63.0,154.0,55.0,0.0,4.0,0.0,5.0,8.0,0.0,8.0,0.0,0.0,0.0,12.083,0.0,0.0,27.169166877,0.9371357118000001,1.5311651708,0.0,5.0,7.5,0.0
1077,0.0,0.0,0.0,0.0,0.0,0.0,0.0,107.0,72.0,3.0,74.2,160.0,0.0,16,10.0,0.8490566037999999,114.0,60.0,184.0,48.0,0.0,3.0,39.0,3.0,3.0,3.3,8.8,0.0,0.0,0.0,26.721999999999998,0.0,0.0,28.984375,0.9512018858,1.6566204836000002,0.0,5.0,0.0,0.0
1077,0.0,0.0,0.0,0.0,0.0,0.0,0.0,126.0,81.0,5.0,82.8,160.0,0.0,17,11.0,0.9420289854999999,114.0,60.0,184.0,48.0,0.0,3.0,48.0,5.0,0.0,3.31,9.2,0.0,0.0,0.0,36.216,0.0,0.0,32.34375,0.9710461302,1.8963957028999998,0.0,5.0,0.0,0.0
