PtID,Pt_CGMUseNumDays,Pt_FatherT1D,Pt_MotherT1D,Pt_SiblingT1D,Pt_ChildT1D,Pt_GrandchildT1D,Pt_GrandparentT1D,BldPrSys,BldPrDia,SMBGperDayPtMeterCombo,WeightKg,HeightCm,DirectLDL,age,diabDur,TotalDailyInsPerKg,LDL,HDL,TotChol,Triglyc,BUN,AlbCreatRat_mggNew,UnitsInsBasalOrLongAct,BGTestAvgNumMeter,BGTestAvgNumPtRep,TSH,HbA1c,AutonomicNeuroCl,Pt_InsGov,NumPumpBolusOrShortAct,HbA1cImputeDtMnC,Pt_SHFlg,Pt_DKAFlg,bmi,bmiPerc,bmiZscore,GFR,diagAgeCombo,Pt_A1cGoalLev,Pt_A1cGoalLevelDsYr5
10825,0.0,0.0,0.0,0.0,0.0,0.0,0.0,105.0,60.0,5.0,49.895160700000005,173.482,0.0,13,0.0,1.5833198830000002,0.0,0.0,0.0,0.0,0.0,0.0,0.0,5.0,6.0,0.0,8.6,0.0,0.0,0.0,0.0,0.0,0.0,16.578666112,0.18328443870000002,-0.9029190159999999,0.0,12.0,0.0,0.0
10825,0.0,0.0,0.0,0.0,0.0,0.0,0.0,100.0,87.0,4.0,57.0,179.578,0.0,14,1.0,0.350877193,73.0,59.0,0.0,83.0,0.0,0.0,0.0,4.0,7.0,0.0,6.8,0.0,0.0,0.0,10.622,0.0,0.0,17.675373303,0.26142323300000003,-0.638963824,0.0,12.0,6.5,0.0
10825,0.0,0.0,0.0,0.0,0.0,0.0,0.0,96.0,62.0,4.0,58.05982336,182.118,1.0,15,3.0,0.0,100.0,0.0,0.0,0.0,0.0,79.1,25.0,4.0,0.0,1.73,7.8,0.0,0.0,0.0,25.129,0.0,0.0,17.505316432,0.1453673405,-1.0565113000000002,0.0,12.0,0.0,0.0
10825,0.0,0.0,0.0,0.0,0.0,0.0,0.0,102.0,58.0,5.0,59.239163522,182.62599999999998,1.0,16,3.0,0.0,98.0,0.0,0.0,0.0,0.0,79.1,22.0,5.0,0.0,1.76,7.2,0.0,0.0,0.0,36.647,0.0,0.0,17.76166618,0.1047532408,-1.254923639,0.0,12.0,0.0,0.0
10825,0.0,0.0,0.0,0.0,0.0,0.0,0.0,118.0,64.0,4.0,60.599940632,183.0,1.0,17,4.0,0.0,93.0,0.0,0.0,0.0,0.0,78.6,23.0,4.0,0.0,1.43,7.2,0.0,0.0,0.0,48.498000000000005,0.0,0.0,18.095476315,0.0806065861,-1.4010030130000002,0.0,12.0,0.0,0.0
