PtID,Pt_CGMUseNumDays,Pt_FatherT1D,Pt_MotherT1D,Pt_SiblingT1D,Pt_ChildT1D,Pt_GrandchildT1D,Pt_GrandparentT1D,BldPrSys,BldPrDia,SMBGperDayPtMeterCombo,WeightKg,HeightCm,DirectLDL,age,diabDur,TotalDailyInsPerKg,LDL,HDL,TotChol,Triglyc,BUN,AlbCreatRat_mggNew,UnitsInsBasalOrLongAct,BGTestAvgNumMeter,BGTestAvgNumPtRep,TSH,HbA1c,AutonomicNeuroCl,Pt_InsGov,NumPumpBolusOrShortAct,HbA1cImputeDtMnC,Pt_SHFlg,Pt_DKAFlg,bmi,bmiPerc,bmiZscore,GFR,diagAgeCombo,Pt_A1cGoalLev,Pt_A1cGoalLevelDsYr5
10858,0.0,0.0,0.0,0.0,0.0,0.0,0.0,98.0,64.0,8.0,21.5,116.2,0.0,5,2.0,1.2093023256,0.0,0.0,0.0,0.0,0.0,0.0,0.0,8.0,0.0,0.0,7.2,0.0,0.0,0.0,0.0,0.0,0.0,15.923047982,0.7065889892,0.5434470745000001,0.0,3.0,0.0,0.0
10858,0.0,1.0,0.0,0.0,0.0,0.0,0.0,109.0,69.0,8.0,23.0,120.0,0.0,6,3.0,0.0,0.0,0.0,0.0,0.0,0.0,0.0,0.0,8.0,8.0,0.0,6.8,0.0,0.0,8.0,6.971,0.0,0.0,15.972222222000001,0.6858252592,0.48405127270000003,0.0,3.0,0.0,0.0
10858,0.0,0.0,0.0,0.0,0.0,0.0,0.0,100.0,64.0,9.0,25.6,126.3,0.0,7,4.0,1.2109375,0.0,0.0,0.0,0.0,0.0,0.0,8.0,9.0,0.0,0.0,6.7,0.0,0.0,8.0,17.892,0.0,0.0,16.048456308,0.6361004845,0.348054797,0.0,3.0,0.0,0.0
10858,0.0,0.0,0.0,0.0,0.0,0.0,0.0,114.0,71.0,7.0,28.7,131.6,0.0,8,5.0,1.1846689895,0.0,0.0,0.0,0.0,0.0,0.0,10.0,7.0,0.0,0.0,7.9,0.0,0.0,7.0,28.116,0.0,0.0,16.571816594,0.6479397269,0.3797640828,0.0,3.0,0.0,0.0
10858,0.0,0.0,0.0,0.0,0.0,0.0,0.0,121.0,72.0,3.0,35.1,136.0,0.0,8,5.0,1.1396011395999999,0.0,0.0,0.0,0.0,0.0,0.0,18.0,3.0,0.0,0.0,8.0,0.0,0.0,6.0,37.444,0.0,0.0,18.977076125,0.8930799755,1.2430754025,0.0,3.0,0.0,0.0
10858,0.0,0.0,0.0,0.0,0.0,0.0,0.0,120.0,68.0,3.0,45.4,145.5,0.0,10,6.0,1.40969163,0.0,0.0,0.0,0.0,0.0,0.0,20.0,3.0,0.0,0.0,7.4,0.0,0.0,13.0,51.618,0.0,0.0,21.445188413,0.9154611212999999,1.3751731915,0.0,3.0,0.0,0.0
10858,0.0,0.0,0.0,0.0,0.0,0.0,0.0,136.0,75.0,4.0,51.4,151.1,0.0,10,7.0,1.5038910506,0.0,0.0,0.0,0.0,0.0,0.0,33.1,4.0,0.0,0.0,8.3,0.0,0.0,8.0,62.141000000000005,0.0,0.0,22.513042454,0.9422948090000001,1.5743334430000002,0.0,3.0,0.0,0.0
10858,0.0,0.0,0.0,0.0,0.0,0.0,0.0,131.0,78.0,1.0,52.5,156.1,0.0,11,8.0,1.1619047619,0.0,0.0,0.0,0.0,0.0,0.0,37.0,1.0,0.0,0.0,9.5,0.0,0.0,5.0,69.577,0.0,0.0,21.54534721,0.8836901175,1.1936375851,0.0,3.0,0.0,0.0
