PtID,Pt_CGMUseNumDays,Pt_FatherT1D,Pt_MotherT1D,Pt_SiblingT1D,Pt_ChildT1D,Pt_GrandchildT1D,Pt_GrandparentT1D,BldPrSys,BldPrDia,SMBGperDayPtMeterCombo,WeightKg,HeightCm,DirectLDL,age,diabDur,TotalDailyInsPerKg,LDL,HDL,TotChol,Triglyc,BUN,AlbCreatRat_mggNew,UnitsInsBasalOrLongAct,BGTestAvgNumMeter,BGTestAvgNumPtRep,TSH,HbA1c,AutonomicNeuroCl,Pt_InsGov,NumPumpBolusOrShortAct,HbA1cImputeDtMnC,Pt_SHFlg,Pt_DKAFlg,bmi,bmiPerc,bmiZscore,GFR,diagAgeCombo,Pt_A1cGoalLev,Pt_A1cGoalLevelDsYr5
10863,0.0,0.0,0.0,0.0,0.0,0.0,0.0,0.0,0.0,4.0,67.58526313,182.88,0.0,23,0.0,0.22194187469999999,0.0,0.0,0.0,0.0,6.0,0.0,0.0,4.0,4.0,0.0,7.4,0.0,0.0,0.0,-0.631,0.0,0.0,20.207825495,0.0,-1.260825619,0.0,23.0,0.0,0.0
10863,0.0,0.0,0.0,0.0,0.0,0.0,0.0,0.0,0.0,5.0,76.20351816,182.88,0.0,25,2.0,0.7611197147,94.0,70.0,0.0,84.0,14.0,4.0,0.0,0.0,5.0,0.0,6.8,0.0,0.0,0.0,28.215999999999998,0.0,0.0,22.784662303,0.0,-0.7525569759999999,0.0,23.0,5.9,0.0
10863,0.0,0.0,0.0,0.0,0.0,0.0,0.0,120.0,80.0,0.0,0.0,0.0,0.0,26,3.0,0.0,98.0,72.0,182.0,60.0,0.0,0.0,0.0,0.0,0.0,0.0,0.0,0.0,0.0,0.0,0.0,0.0,0.0,0.0,0.0,0.0,0.0,23.0,0.0,0.0
10863,0.0,0.0,0.0,0.0,0.0,0.0,0.0,120.0,80.0,0.0,71.0,180.0,0.0,28,5.0,0.0,0.0,0.0,0.0,0.0,11.0,0.0,18.0,0.0,0.0,2.07,6.9,0.0,0.0,0.0,68.05,0.0,0.0,21.913580247,0.0,-0.924373714,104.0,23.0,0.0,0.0
10863,0.0,0.0,0.0,0.0,0.0,0.0,0.0,110.0,70.0,5.0,69.0,182.0,0.0,29,6.0,0.0,0.0,0.0,0.0,0.0,0.0,0.0,0.0,0.0,5.0,0.0,6.9,0.0,1.0,0.0,77.61,0.0,0.0,20.830817534,0.0,-1.137943442,0.0,23.0,0.0,5.4
