PtID,Pt_CGMUseNumDays,Pt_FatherT1D,Pt_MotherT1D,Pt_SiblingT1D,Pt_ChildT1D,Pt_GrandchildT1D,Pt_GrandparentT1D,BldPrSys,BldPrDia,SMBGperDayPtMeterCombo,WeightKg,HeightCm,DirectLDL,age,diabDur,TotalDailyInsPerKg,LDL,HDL,TotChol,Triglyc,BUN,AlbCreatRat_mggNew,UnitsInsBasalOrLongAct,BGTestAvgNumMeter,BGTestAvgNumPtRep,TSH,HbA1c,AutonomicNeuroCl,Pt_InsGov,NumPumpBolusOrShortAct,HbA1cImputeDtMnC,Pt_SHFlg,Pt_DKAFlg,bmi,bmiPerc,bmiZscore,GFR,diagAgeCombo,Pt_A1cGoalLev,Pt_A1cGoalLevelDsYr5
10890,30.0,0.0,0.0,0.0,0.0,0.0,0.0,136.0,70.0,7.0,0.0,0.0,0.0,57,30.0,0.0,107.0,58.0,0.0,69.0,26.0,5.5,0.0,0.0,7.0,0.0,6.2,0.0,1.0,0.0,0.033,0.0,0.0,0.0,0.0,0.0,0.0,27.0,0.0,0.0
10890,0.0,0.0,0.0,0.0,0.0,0.0,0.0,128.0,82.0,3.0,0.0,0.0,0.0,58,31.0,0.0,135.0,53.0,0.0,56.0,13.0,9.9,0.0,3.0,4.0,0.0,6.6,0.0,1.0,0.0,13.942,0.0,0.0,0.0,0.0,0.0,0.0,27.0,7.0,0.0
10890,0.0,0.0,0.0,0.0,0.0,0.0,0.0,132.0,78.0,2.0,90.4,177.6,0.0,59,32.0,0.0,104.0,58.0,0.0,63.0,11.0,0.0,5.0,2.0,3.0,2.8,6.3,0.0,0.0,0.0,26.423000000000002,0.0,0.0,28.660417174000003,0.0,-0.005239042,0.0,27.0,0.0,0.0
10890,0.0,0.0,0.0,0.0,0.0,0.0,0.0,118.0,62.0,4.0,91.7,175.3,0.0,60,33.0,0.0,121.0,58.0,197.0,91.0,21.0,13.3,8.0,4.0,5.0,1.62,6.9,0.0,0.0,0.0,39.104,0.0,0.0,29.840459302,0.0,0.1792733738,90.1,27.0,0.0,0.0
10890,0.0,0.0,0.0,0.0,0.0,0.0,0.0,130.0,80.0,2.0,98.3,177.6,0.0,61,34.0,0.0,0.0,0.0,0.0,0.0,20.0,13.3,7.0,2.0,3.0,0.0,6.5,0.0,0.0,0.0,48.83,0.0,0.0,31.165033277,0.0,0.43176792049999996,0.0,27.0,0.0,0.0
10890,30.0,0.0,0.0,0.0,0.0,0.0,0.0,120.0,66.0,5.0,94.1,177.4,0.0,63,36.0,0.0,94.0,77.0,180.0,47.0,17.0,0.0,3.0,5.0,8.0,3.42,6.7,0.0,1.0,0.0,68.747,0.0,0.0,29.900771383000002,0.0,0.1907702564,90.1,27.0,0.0,0.0
