PtID,Pt_CGMUseNumDays,Pt_FatherT1D,Pt_MotherT1D,Pt_SiblingT1D,Pt_ChildT1D,Pt_GrandchildT1D,Pt_GrandparentT1D,BldPrSys,BldPrDia,SMBGperDayPtMeterCombo,WeightKg,HeightCm,DirectLDL,age,diabDur,TotalDailyInsPerKg,LDL,HDL,TotChol,Triglyc,BUN,AlbCreatRat_mggNew,UnitsInsBasalOrLongAct,BGTestAvgNumMeter,BGTestAvgNumPtRep,TSH,HbA1c,AutonomicNeuroCl,Pt_InsGov,NumPumpBolusOrShortAct,HbA1cImputeDtMnC,Pt_SHFlg,Pt_DKAFlg,bmi,bmiPerc,bmiZscore,GFR,diagAgeCombo,Pt_A1cGoalLev,Pt_A1cGoalLevelDsYr5
10897,0.0,0.0,0.0,0.0,0.0,0.0,0.0,100.0,55.0,7.0,45.5,158.4,0.0,12,2.0,0.3296703297,74.0,60.0,0.0,57.0,16.0,0.0,0.0,7.0,7.0,0.0,6.8,0.0,0.0,0.0,0.0,0.0,0.0,18.134310274,0.557034601,0.1434550637,0.0,10.0,0.0,0.0
10897,0.0,0.0,0.0,0.0,0.0,0.0,0.0,119.0,58.0,3.0,55.8,169.5,0.0,13,3.0,0.3225806452,69.0,63.0,0.0,57.0,9.0,0.0,0.0,3.0,5.0,0.0,10.2,0.0,0.0,0.0,17.66,0.0,0.0,19.422037748,0.6417600827000001,0.3631674052,0.0,10.0,6.0,0.0
10897,0.0,0.0,0.0,0.0,0.0,0.0,0.0,114.0,63.0,3.0,68.7,174.4,0.0,15,4.0,0.0,86.0,51.0,0.0,85.0,14.0,6.0,20.0,3.0,0.0,2.92,9.3,0.0,0.0,0.0,33.461,0.0,0.0,22.587271694000002,0.799966189,0.8415004698,0.0,10.0,0.0,0.0
10897,0.0,0.0,0.0,0.0,0.0,0.0,0.0,120.0,64.0,2.0,65.2,176.4,0.0,16,5.0,0.0,0.0,0.0,0.0,0.0,0.0,0.0,24.0,2.0,0.0,0.0,14.0,0.0,0.0,0.0,44.813,0.0,0.0,20.953203655,0.5593551818,0.14933457220000002,0.0,10.0,0.0,0.0
10897,0.0,0.0,0.0,0.0,0.0,0.0,0.0,120.0,61.0,2.0,68.4,175.8,0.0,17,6.0,0.0,0.0,0.0,0.0,0.0,0.0,8.2,24.0,2.0,0.0,1.25,14.0,0.0,0.0,0.0,55.967,0.0,0.0,22.131882724,0.6199280846999999,0.30529191829999996,0.0,10.0,0.0,0.0
10897,0.0,0.0,0.0,0.0,0.0,0.0,0.0,117.0,56.0,2.0,66.2,176.5,0.0,17,7.0,0.0,99.0,52.0,0.0,70.0,18.0,8.2,28.0,2.0,3.0,0.97,14.0,0.0,1.0,0.0,64.863,0.0,0.0,21.250471475,0.5050793784000001,0.0127324575,0.0,10.0,0.0,0.0
10897,0.0,0.0,0.0,0.0,0.0,0.0,0.0,106.0,55.0,1.0,70.4,176.6,0.0,18,8.0,0.0,64.0,40.0,0.0,160.0,0.0,5.7,35.0,1.0,0.0,1.12,13.8,0.0,0.0,0.0,76.64699999999999,0.0,0.0,22.573102865,0.5918803539999999,0.2323846218,0.0,10.0,0.0,0.0
