PtID,Pt_CGMUseNumDays,Pt_FatherT1D,Pt_MotherT1D,Pt_SiblingT1D,Pt_ChildT1D,Pt_GrandchildT1D,Pt_GrandparentT1D,BldPrSys,BldPrDia,SMBGperDayPtMeterCombo,WeightKg,HeightCm,DirectLDL,age,diabDur,TotalDailyInsPerKg,LDL,HDL,TotChol,Triglyc,BUN,AlbCreatRat_mggNew,UnitsInsBasalOrLongAct,BGTestAvgNumMeter,BGTestAvgNumPtRep,TSH,HbA1c,AutonomicNeuroCl,Pt_InsGov,NumPumpBolusOrShortAct,HbA1cImputeDtMnC,Pt_SHFlg,Pt_DKAFlg,bmi,bmiPerc,bmiZscore,GFR,diagAgeCombo,Pt_A1cGoalLev,Pt_A1cGoalLevelDsYr5
10996,9.0,0.0,0.0,0.0,0.0,0.0,0.0,108.0,60.0,2.0,61.23496995,167.64,0.0,36,12.0,0.5062466761,73.0,71.0,155.0,55.0,16.0,5.9,0.0,2.0,3.0,0.0,7.1,0.0,0.0,4.0,0.0,0.0,0.0,21.789346476,0.0,-0.700883778,0.0,24.0,0.0,0.0
10996,0.0,0.0,0.0,0.0,0.0,0.0,0.0,108.0,58.0,3.0,66.7,167.6,0.0,39,15.0,0.0,90.0,87.0,190.0,65.0,13.0,5.0,17.0,0.0,3.0,1.5,7.8,0.0,0.0,0.0,37.643,0.0,0.0,23.745307899,0.0,-0.47653762200000005,0.0,24.0,0.0,0.0
10996,0.0,0.0,0.0,0.0,0.0,0.0,0.0,115.0,56.0,3.0,64.1,167.6,0.0,40,16.0,0.0,105.0,87.0,205.0,61.0,14.0,4.0,17.0,3.0,3.0,1.36,7.5,0.0,0.0,0.0,49.494,0.0,0.0,22.819703693,0.0,-0.516427344,0.0,24.0,0.0,0.0
10996,30.0,0.0,0.0,0.0,0.0,0.0,0.0,106.0,55.0,4.0,64.0,167.6,0.0,41,17.0,0.5625,132.0,94.0,241.0,74.0,16.0,4.3,18.0,4.0,6.0,1.28,7.4,0.0,0.0,10.0,63.43600000000001,0.0,0.0,22.784103531,0.0,-0.519607959,0.0,24.0,0.0,0.0
10996,0.0,0.0,0.0,0.0,0.0,0.0,0.0,111.0,58.0,3.0,67.0,167.6,0.0,42,18.0,0.43283582090000006,0.0,0.0,0.0,0.0,0.0,4.3,17.0,3.0,0.0,0.0,7.3,0.0,0.0,7.0,71.801,0.0,0.0,23.852108384,0.0,-0.42418951,0.0,24.0,0.0,0.0
10996,0.0,0.0,0.0,0.0,0.0,0.0,0.0,117.0,64.0,3.0,66.7,167.6,0.0,42,18.0,0.44077961020000006,164.0,94.0,0.0,79.0,16.0,4.2,16.8,3.0,4.0,1.61,7.6,0.0,0.0,8.0,78.075,0.0,0.0,23.745307899,0.0,-0.433731355,0.0,24.0,0.0,0.0
