PtID,Pt_CGMUseNumDays,Pt_FatherT1D,Pt_MotherT1D,Pt_SiblingT1D,Pt_ChildT1D,Pt_GrandchildT1D,Pt_GrandparentT1D,BldPrSys,BldPrDia,SMBGperDayPtMeterCombo,WeightKg,HeightCm,DirectLDL,age,diabDur,TotalDailyInsPerKg,LDL,HDL,TotChol,Triglyc,BUN,AlbCreatRat_mggNew,UnitsInsBasalOrLongAct,BGTestAvgNumMeter,BGTestAvgNumPtRep,TSH,HbA1c,AutonomicNeuroCl,Pt_InsGov,NumPumpBolusOrShortAct,HbA1cImputeDtMnC,Pt_SHFlg,Pt_DKAFlg,bmi,bmiPerc,bmiZscore,GFR,diagAgeCombo,Pt_A1cGoalLev,Pt_A1cGoalLevelDsYr5
11013,0.0,0.0,0.0,0.0,0.0,0.0,0.0,131.0,60.0,2.0,58.4,166.5,0.0,15,6.0,0.9760273973,79.0,73.0,0.0,61.0,13.0,0.0,0.0,2.0,3.0,0.0,6.8,0.0,0.0,0.0,0.0,0.0,0.0,21.066111155999998,0.6628700289,0.4203087178,0.0,8.0,0.0,0.0
11013,0.0,0.0,0.0,0.0,0.0,0.0,1.0,131.0,68.0,3.0,58.3,167.2,0.0,16,7.0,0.9433962264,122.0,71.0,0.0,122.0,0.0,3.0,0.0,0.0,3.0,0.0,8.8,0.0,0.0,0.0,12.515,0.0,0.0,20.854318811,0.5459264736,0.1153760611,0.0,8.0,0.0,0.0
11013,0.0,0.0,0.0,0.0,0.0,0.0,0.0,123.0,62.0,1.0,63.8,168.2,0.0,17,8.0,0.0,0.0,0.0,0.0,0.0,0.0,2.7,18.0,1.0,0.0,0.0,7.6,0.0,0.0,0.0,27.851,0.0,0.0,22.551150109,0.6674021263000001,0.4327508998,0.0,8.0,0.0,0.0
11013,0.0,0.0,0.0,0.0,0.0,0.0,0.0,136.0,63.0,6.0,73.8,168.1,0.0,18,9.0,0.0,127.0,63.0,0.0,94.0,0.0,2.7,19.0,6.0,0.0,2.03,6.7,0.0,0.0,0.0,36.913000000000004,0.0,0.0,26.116858431999997,0.8730501857999999,1.1409286198,0.0,8.0,0.0,0.0
11013,0.0,0.0,0.0,0.0,0.0,0.0,0.0,116.0,68.0,0.0,68.4,168.3,0.0,19,10.0,0.0,0.0,0.0,0.0,0.0,0.0,0.0,18.0,0.0,0.0,0.0,7.9,0.0,0.0,0.0,49.726000000000006,0.0,0.0,24.148372686,0.693991934,0.5071976667,0.0,8.0,0.0,0.0
11013,0.0,0.0,0.0,0.0,0.0,0.0,0.0,112.0,52.0,6.0,79.4,169.2,0.0,20,11.0,0.0,145.0,67.0,0.0,380.0,0.0,0.0,22.0,6.0,3.0,3.77,7.4,0.0,0.0,0.0,59.685,0.0,0.0,27.734464508000002,0.8806455711,0.2237676576,0.0,8.0,0.0,0.0
