PtID,Pt_CGMUseNumDays,Pt_FatherT1D,Pt_MotherT1D,Pt_SiblingT1D,Pt_ChildT1D,Pt_GrandchildT1D,Pt_GrandparentT1D,BldPrSys,BldPrDia,SMBGperDayPtMeterCombo,WeightKg,HeightCm,DirectLDL,age,diabDur,TotalDailyInsPerKg,LDL,HDL,TotChol,Triglyc,BUN,AlbCreatRat_mggNew,UnitsInsBasalOrLongAct,BGTestAvgNumMeter,BGTestAvgNumPtRep,TSH,HbA1c,AutonomicNeuroCl,Pt_InsGov,NumPumpBolusOrShortAct,HbA1cImputeDtMnC,Pt_SHFlg,Pt_DKAFlg,bmi,bmiPerc,bmiZscore,GFR,diagAgeCombo,Pt_A1cGoalLev,Pt_A1cGoalLevelDsYr5
11022,30.0,0.0,0.0,0.0,0.0,0.0,0.0,150.0,70.0,3.0,0.0,0.0,0.0,54,35.0,0.0,78.0,78.0,0.0,44.0,30.0,5.7,0.0,3.0,2.0,0.0,7.1,0.0,0.0,3.0,-0.996,0.0,0.0,0.0,0.0,0.0,0.0,18.0,0.0,0.0
11022,30.0,0.0,0.0,0.0,0.0,0.0,0.0,140.0,70.0,3.0,98.97385513399999,185.42,0.0,56,38.0,0.6264280594,88.0,75.0,172.0,46.0,18.0,4.0,0.0,3.0,2.0,0.0,7.2,0.0,0.0,0.0,28.747,0.0,0.0,28.787724203000003,0.0,0.011610863400000001,0.0,18.0,6.5,0.0
11022,0.0,0.0,0.0,0.0,0.0,0.0,0.0,122.0,68.0,3.0,101.15109851,177.8,0.0,57,38.0,0.0,148.0,66.0,0.0,118.0,0.0,3.8,36.0,3.0,0.0,0.0,7.3,0.0,0.0,0.0,38.34,0.0,0.0,31.996840053000003,0.0,0.436358019,0.0,18.0,0.0,0.0
11022,0.0,0.0,0.0,0.0,0.0,0.0,0.0,138.0,68.0,3.0,93.89362059,185.42,0.0,58,39.0,0.5112168398,132.0,74.0,0.0,98.0,17.0,3.8,28.0,3.0,0.0,1.8,7.5,0.0,0.0,5.0,52.248999999999995,0.0,0.0,27.310077498000002,0.0,-0.183965197,0.0,18.0,0.0,0.0
11022,0.0,0.0,0.0,0.0,0.0,0.0,0.0,154.0,66.0,2.0,95.25439770000001,185.42,0.0,59,40.0,0.41992811840000005,88.0,81.0,186.0,87.0,19.0,6.0,18.0,2.0,0.0,2.14,7.4,0.0,0.0,0.0,64.266,0.0,0.0,27.705875722,0.0,-0.131578752,94.0,18.0,0.0,0.0
11022,0.0,0.0,0.0,0.0,0.0,0.0,0.0,122.0,62.0,3.0,92.53284348,185.42,0.0,60,42.0,0.45389289270000005,76.0,79.0,173.0,89.0,15.0,3.7,24.0,3.0,0.0,1.95,7.6,0.0,0.0,3.0,79.834,0.0,0.0,26.914279273000002,0.0,-0.378524465,97.0,18.0,0.0,0.0
