PtID,Pt_CGMUseNumDays,Pt_FatherT1D,Pt_MotherT1D,Pt_SiblingT1D,Pt_ChildT1D,Pt_GrandchildT1D,Pt_GrandparentT1D,BldPrSys,BldPrDia,SMBGperDayPtMeterCombo,WeightKg,HeightCm,DirectLDL,age,diabDur,TotalDailyInsPerKg,LDL,HDL,TotChol,Triglyc,BUN,AlbCreatRat_mggNew,UnitsInsBasalOrLongAct,BGTestAvgNumMeter,BGTestAvgNumPtRep,TSH,HbA1c,AutonomicNeuroCl,Pt_InsGov,NumPumpBolusOrShortAct,HbA1cImputeDtMnC,Pt_SHFlg,Pt_DKAFlg,bmi,bmiPerc,bmiZscore,GFR,diagAgeCombo,Pt_A1cGoalLev,Pt_A1cGoalLevelDsYr5
11020,0.0,0.0,0.0,0.0,0.0,0.0,0.0,139.0,74.0,4.0,30.7,128.1,0.0,6,0.0,0.3908794788,0.0,0.0,0.0,0.0,10.0,0.0,0.0,4.0,4.0,0.0,8.6,0.0,0.0,0.0,0.0,0.0,0.0,18.708549441,0.9607537212,1.759500369,0.0,6.0,0.0,0.0
11020,0.0,0.0,0.0,0.0,0.0,0.0,0.0,0.0,0.0,5.0,42.3,141.6,0.0,9,2.0,0.0,0.0,42.0,140.0,155.0,0.0,0.0,23.0,5.0,0.0,1.52,8.1,0.0,0.0,2.0,25.427,0.0,0.0,21.096667624000002,0.9510166814,1.6547922959,0.0,6.0,0.0,0.0
11020,0.0,0.0,0.0,0.0,0.0,0.0,0.0,130.0,69.0,3.0,54.1,150.1,0.0,10,3.0,0.0,0.0,0.0,169.0,0.0,0.0,0.0,48.0,3.0,0.0,2.77,8.1,0.0,0.0,2.0,45.61,0.0,0.0,24.012417216,0.9728339414,1.9241792655,0.0,6.0,0.0,0.0
11020,0.0,0.0,0.0,0.0,0.0,0.0,0.0,127.0,70.0,4.0,54.0,155.1,0.0,11,4.0,0.0,0.0,0.0,105.0,0.0,0.0,0.0,44.0,0.0,4.0,2.01,8.3,0.0,0.0,0.0,54.938,0.0,0.0,22.447612883,0.9363574801000001,1.5248959999,0.0,6.0,0.0,0.0
11020,0.0,0.0,0.0,0.0,0.0,0.0,0.0,0.0,0.0,6.0,60.6,158.2,0.0,12,5.0,0.0,0.0,51.0,174.0,0.0,0.0,0.0,36.0,0.0,6.0,2.52,8.7,0.0,0.0,3.0,63.967,0.0,0.0,24.213616843,0.9503794093000001,1.6485435515,0.0,6.0,0.0,0.0
11020,0.0,0.0,0.0,0.0,0.0,0.0,0.0,0.0,0.0,2.0,68.5,162.5,0.0,12,6.0,1.2700729926999998,0.0,0.0,0.0,0.0,0.0,0.0,72.0,2.0,0.0,0.0,9.8,0.0,0.0,2.0,72.598,0.0,0.0,25.940828401999998,0.9696222841,1.8752711381,0.0,6.0,0.0,0.0
