PtID,Pt_CGMUseNumDays,Pt_FatherT1D,Pt_MotherT1D,Pt_SiblingT1D,Pt_ChildT1D,Pt_GrandchildT1D,Pt_GrandparentT1D,BldPrSys,BldPrDia,SMBGperDayPtMeterCombo,WeightKg,HeightCm,DirectLDL,age,diabDur,TotalDailyInsPerKg,LDL,HDL,TotChol,Triglyc,BUN,AlbCreatRat_mggNew,UnitsInsBasalOrLongAct,BGTestAvgNumMeter,BGTestAvgNumPtRep,TSH,HbA1c,AutonomicNeuroCl,Pt_InsGov,NumPumpBolusOrShortAct,HbA1cImputeDtMnC,Pt_SHFlg,Pt_DKAFlg,bmi,bmiPerc,bmiZscore,GFR,diagAgeCombo,Pt_A1cGoalLev,Pt_A1cGoalLevelDsYr5
11042,0.0,1.0,0.0,0.0,0.0,0.0,0.0,120.0,66.0,12.0,14.6,92.3,0.0,2,0.0,0.47945205479999997,64.0,87.0,169.0,92.0,0.0,0.0,0.0,0.0,12.0,0.0,8.5,0.0,1.0,6.0,0.0,0.0,0.0,17.137578366,0.6556221537,0.4005442578,0.0,1.0,0.0,0.0
11042,0.0,1.0,0.0,0.0,0.0,0.0,0.0,96.0,74.0,13.0,16.5,99.9,0.0,3,1.0,0.4848484848,0.0,0.0,0.0,0.0,0.0,0.0,0.0,0.0,13.0,0.0,8.0,0.0,0.0,0.0,6.971,0.0,0.0,16.533049566,0.6641095193,0.4237050094,0.0,1.0,0.0,0.0
11042,0.0,0.0,0.0,0.0,0.0,0.0,0.0,0.0,0.0,12.0,19.8,113.0,0.0,5,3.0,0.0,0.0,0.0,0.0,0.0,0.0,29.0,0.0,0.0,12.0,0.69,8.6,0.0,0.0,0.0,35.353,0.0,0.0,15.506304330999999,0.52761448,0.0692746042,0.0,1.0,0.0,0.0
11042,0.0,0.0,0.0,0.0,0.0,0.0,0.0,127.0,68.0,8.0,21.6,117.2,0.0,6,5.0,0.0,71.0,33.0,119.0,76.0,0.0,29.0,0.0,8.0,0.0,3.31,8.7,0.0,0.0,0.0,49.527,0.0,0.0,15.725285094,0.6017458981,0.2578687494,0.0,1.0,0.0,0.0
11042,0.0,0.0,0.0,0.0,0.0,0.0,0.0,108.0,60.0,10.0,23.3,120.1,0.0,7,5.0,0.0,64.0,54.0,161.0,213.0,0.0,15.0,5.0,10.0,0.0,4.13,8.0,0.0,0.0,0.0,59.751000000000005,0.0,0.0,16.153621635,0.66199231,0.4179066367,0.0,1.0,0.0,0.0
11042,0.0,0.0,0.0,0.0,0.0,0.0,0.0,106.0,62.0,10.0,25.8,126.2,0.0,8,6.0,0.0,74.0,71.0,157.0,59.0,0.0,4.9,7.7,10.0,8.0,3.86,6.7,0.0,0.0,0.0,71.801,0.0,0.0,16.199477096,0.6002476785,0.25398824059999997,0.0,1.0,0.0,0.0
