PtID,Pt_CGMUseNumDays,Pt_FatherT1D,Pt_MotherT1D,Pt_SiblingT1D,Pt_ChildT1D,Pt_GrandchildT1D,Pt_GrandparentT1D,BldPrSys,BldPrDia,SMBGperDayPtMeterCombo,WeightKg,HeightCm,DirectLDL,age,diabDur,TotalDailyInsPerKg,LDL,HDL,TotChol,Triglyc,BUN,AlbCreatRat_mggNew,UnitsInsBasalOrLongAct,BGTestAvgNumMeter,BGTestAvgNumPtRep,TSH,HbA1c,AutonomicNeuroCl,Pt_InsGov,NumPumpBolusOrShortAct,HbA1cImputeDtMnC,Pt_SHFlg,Pt_DKAFlg,bmi,bmiPerc,bmiZscore,GFR,diagAgeCombo,Pt_A1cGoalLev,Pt_A1cGoalLevelDsYr5
11068,0.0,0.0,1.0,0.0,0.0,0.0,0.0,122.0,76.0,1.0,49.7,171.3,0.0,14,0.0,0.7645875252,0.0,0.0,0.0,0.0,5.0,0.0,0.0,1.0,6.0,0.0,8.4,0.0,0.0,0.0,0.0,0.0,0.0,16.937201831,0.1593462505,-0.997148363,0.0,13.0,0.0,0.0
11068,0.0,0.0,1.0,0.0,0.0,0.0,0.0,130.0,77.0,2.0,59.3,172.7,0.0,15,2.0,0.910623946,0.0,0.0,150.0,0.0,0.0,6.6,0.0,2.0,4.0,0.0,7.0,0.0,0.0,0.0,18.822,0.0,0.0,19.88245546,0.4966697539,-0.008347786,0.0,13.0,7.0,0.0
11068,0.0,0.0,0.0,0.0,0.0,0.0,0.0,138.0,82.0,2.0,61.5,173.6,0.0,16,3.0,0.0,90.0,51.0,161.0,99.0,0.0,8.1,30.0,2.0,3.0,1.66,6.7,0.0,0.0,0.0,32.166,0.0,0.0,20.406835990999998,0.4966047004,-0.008510857,0.0,13.0,0.0,0.0
11068,0.0,0.0,0.0,0.0,0.0,0.0,0.0,140.0,73.0,4.0,60.8,174.2,0.0,17,4.0,0.0,0.0,0.0,0.0,0.0,0.0,0.0,35.0,4.0,3.0,0.0,6.1,0.0,0.0,0.0,42.589,0.0,0.0,20.035827223,0.3838389392,-0.295413688,0.0,13.0,0.0,0.0
11068,0.0,0.0,0.0,0.0,0.0,0.0,0.0,126.0,78.0,3.0,64.0,174.4,0.0,18,5.0,0.0,98.0,52.0,163.0,67.0,18.0,0.0,38.0,3.0,4.0,1.74,7.0,0.0,0.0,0.0,51.651,0.0,0.0,21.041999832000002,0.4715526805,-0.071367392,128.0,13.0,0.0,0.0
11068,20.0,0.0,0.0,0.0,0.0,0.0,0.0,117.0,72.0,2.0,62.0,175.0,0.0,19,6.0,0.0,88.0,45.0,140.0,37.0,0.0,9.3,35.0,2.0,4.0,1.97,7.0,0.0,0.0,0.0,64.863,1.0,0.0,20.244897959,0.3264610306,-0.449706531,0.0,13.0,0.0,0.0
