PtID,Pt_CGMUseNumDays,Pt_FatherT1D,Pt_MotherT1D,Pt_SiblingT1D,Pt_ChildT1D,Pt_GrandchildT1D,Pt_GrandparentT1D,BldPrSys,BldPrDia,SMBGperDayPtMeterCombo,WeightKg,HeightCm,DirectLDL,age,diabDur,TotalDailyInsPerKg,LDL,HDL,TotChol,Triglyc,BUN,AlbCreatRat_mggNew,UnitsInsBasalOrLongAct,BGTestAvgNumMeter,BGTestAvgNumPtRep,TSH,HbA1c,AutonomicNeuroCl,Pt_InsGov,NumPumpBolusOrShortAct,HbA1cImputeDtMnC,Pt_SHFlg,Pt_DKAFlg,bmi,bmiPerc,bmiZscore,GFR,diagAgeCombo,Pt_A1cGoalLev,Pt_A1cGoalLevelDsYr5
11094,0.0,0.0,1.0,0.0,0.0,0.0,0.0,0.0,0.0,2.0,79.37866475,167.64,0.0,27,15.0,0.6172943341,120.0,88.0,0.0,64.0,10.0,24.0,0.0,2.0,5.0,0.0,7.2,0.0,0.0,0.0,0.465,0.0,0.0,28.245449135999998,0.0,0.1949018412,0.0,12.0,0.0,0.0
11094,0.0,0.0,1.0,0.0,0.0,0.0,0.0,0.0,0.0,1.0,78.47148001,167.64,0.0,28,16.0,0.5352263013,0.0,0.0,0.0,0.0,0.0,0.0,0.0,1.0,4.0,0.0,7.8,0.0,0.0,0.0,11.850999999999999,0.0,0.0,27.922644003000002,0.0,0.1513753599,0.0,12.0,6.8,0.0
11094,0.0,0.0,0.0,0.0,0.0,0.0,0.0,120.0,80.0,4.0,80.28584949,167.64,0.0,30,18.0,0.8096071775,83.0,79.0,173.0,55.0,13.0,43.8,25.0,0.0,4.0,1.18,7.6,0.0,0.0,3.0,36.68,0.0,0.0,28.568254269,0.0,0.07664787,0.0,12.0,0.0,0.0
11094,0.0,0.0,0.0,0.0,0.0,0.0,0.0,120.0,80.0,0.0,75.74992579,167.0,0.0,32,19.0,0.0,83.0,85.0,178.0,49.0,10.0,10.0,0.0,0.0,0.0,1.88,6.7,0.0,0.0,0.0,57.129,0.0,0.0,27.16121976,0.0,-0.08473710400000001,0.0,12.0,0.0,0.0
11094,0.0,0.0,0.0,0.0,0.0,0.0,0.0,120.0,80.0,0.0,80.0,167.5,0.0,33,20.0,0.0,0.0,0.0,0.0,0.0,0.0,10.0,29.0,0.0,0.0,2.46,6.2,0.0,0.0,3.0,63.934,0.0,0.0,28.514145689,0.0,0.0704416884,0.0,12.0,0.0,0.0
