PtID,Pt_CGMUseNumDays,Pt_FatherT1D,Pt_MotherT1D,Pt_SiblingT1D,Pt_ChildT1D,Pt_GrandchildT1D,Pt_GrandparentT1D,BldPrSys,BldPrDia,SMBGperDayPtMeterCombo,WeightKg,HeightCm,DirectLDL,age,diabDur,TotalDailyInsPerKg,LDL,HDL,TotChol,Triglyc,BUN,AlbCreatRat_mggNew,UnitsInsBasalOrLongAct,BGTestAvgNumMeter,BGTestAvgNumPtRep,TSH,HbA1c,AutonomicNeuroCl,Pt_InsGov,NumPumpBolusOrShortAct,HbA1cImputeDtMnC,Pt_SHFlg,Pt_DKAFlg,bmi,bmiPerc,bmiZscore,GFR,diagAgeCombo,Pt_A1cGoalLev,Pt_A1cGoalLevelDsYr5
11095,0.0,0.0,0.0,0.0,0.0,0.0,0.0,130.0,56.0,1.0,66.5,176.5,0.0,28,18.0,0.40601503759999996,0.0,0.0,110.0,0.0,14.0,22.0,0.0,1.0,3.0,0.0,7.0,1.0,0.0,0.0,0.0,0.0,0.0,21.346772705,0.0,-1.03617377,0.0,10.0,0.0,0.0
11095,0.0,0.0,0.0,0.0,0.0,0.0,0.0,130.0,70.0,3.0,66.4,176.5,0.0,29,19.0,0.0,52.0,31.0,0.0,76.0,11.0,56.0,30.0,3.0,0.0,2.56,7.0,1.0,0.0,0.0,11.253,0.0,0.0,21.314672295,0.0,-1.042505421,0.0,10.0,0.0,0.0
11095,0.0,0.0,0.0,0.0,0.0,0.0,0.0,130.0,80.0,0.0,72.7,177.8,0.0,30,20.0,0.0,51.0,38.0,0.0,77.0,16.0,37.0,29.0,0.0,0.0,0.0,6.8,1.0,0.0,0.0,26.456,0.0,0.0,22.996984769,0.0,-0.6527452770000001,0.0,10.0,0.0,0.0
11095,0.0,0.0,0.0,0.0,0.0,0.0,0.0,116.0,76.0,2.0,65.2,179.1,0.0,31,21.0,0.0,0.0,0.0,0.0,0.0,12.0,37.0,22.0,2.0,0.0,2.28,6.4,1.0,0.0,0.0,40.398,0.0,0.0,20.326210742,0.0,-1.039893675,0.0,10.0,0.0,0.0
11095,0.0,0.0,0.0,0.0,0.0,0.0,0.0,124.0,80.0,1.0,70.1,175.3,0.0,32,22.0,1.2838801712,22.0,34.0,0.0,87.0,18.0,126.0,30.0,1.0,0.0,2.78,6.4,1.0,0.0,3.0,58.123999999999995,0.0,0.0,22.811517961999996,0.0,-0.6796300590000001,0.0,10.0,0.0,0.0
11095,0.0,0.0,0.0,0.0,0.0,0.0,0.0,118.0,70.0,1.0,67.8,180.3,0.0,33,23.0,0.0,0.0,0.0,0.0,0.0,15.0,126.0,30.0,1.0,1.0,0.0,6.1,1.0,0.0,0.0,68.846,0.0,0.0,20.856346836,0.0,-0.963046538,0.0,10.0,0.0,0.0
