PtID,Pt_CGMUseNumDays,Pt_FatherT1D,Pt_MotherT1D,Pt_SiblingT1D,Pt_ChildT1D,Pt_GrandchildT1D,Pt_GrandparentT1D,BldPrSys,BldPrDia,SMBGperDayPtMeterCombo,WeightKg,HeightCm,DirectLDL,age,diabDur,TotalDailyInsPerKg,LDL,HDL,TotChol,Triglyc,BUN,AlbCreatRat_mggNew,UnitsInsBasalOrLongAct,BGTestAvgNumMeter,BGTestAvgNumPtRep,TSH,HbA1c,AutonomicNeuroCl,Pt_InsGov,NumPumpBolusOrShortAct,HbA1cImputeDtMnC,Pt_SHFlg,Pt_DKAFlg,bmi,bmiPerc,bmiZscore,GFR,diagAgeCombo,Pt_A1cGoalLev,Pt_A1cGoalLevelDsYr5
11210,0.0,0.0,0.0,0.0,0.0,0.0,0.0,106.0,72.0,6.0,55.565065325,158.24200000000002,0.0,13,0.0,0.48591682280000004,0.0,0.0,0.0,0.0,0.0,0.0,0.0,6.0,10.0,0.0,5.7,0.0,1.0,0.0,0.0,0.0,0.0,22.190051119,0.8321897964,0.9628547764000001,0.0,12.0,0.0,0.0
11210,0.0,0.0,0.0,0.0,0.0,0.0,0.0,122.0,85.0,3.0,71.0,163.0,0.0,14,1.0,0.7887323944,0.0,0.0,0.0,0.0,0.0,27.0,24.0,3.0,0.0,0.0,8.3,0.0,0.0,3.0,11.585,0.0,0.0,26.722872521,0.9431783175,1.5820271831000001,0.0,12.0,0.0,0.0
11210,0.0,0.0,0.0,0.0,0.0,0.0,0.0,124.0,85.0,0.0,80.0,165.0,0.0,15,2.0,0.5,158.0,52.0,0.0,288.0,0.0,27.0,28.0,0.0,0.0,4.37,13.7,0.0,0.0,4.0,24.331999999999997,0.0,0.0,29.384756656999997,0.9630335472,1.7870283562,0.0,12.0,0.0,0.0
11210,0.0,0.0,0.0,0.0,0.0,0.0,0.0,123.0,86.0,0.0,86.4,166.2,0.0,16,3.0,0.46296296299999995,0.0,0.0,0.0,0.0,0.0,2.2,0.0,0.0,0.0,0.0,15.0,0.0,0.0,0.0,37.577,0.0,0.0,31.278916706999997,0.9700688976,1.8818071492,0.0,12.0,0.0,0.0
11210,0.0,0.0,0.0,0.0,0.0,0.0,0.0,112.0,82.0,3.0,92.0,167.0,0.0,17,4.0,0.43478260869999996,0.0,0.0,0.0,0.0,0.0,2.2,0.0,3.0,0.0,3.09,10.0,0.0,0.0,0.0,48.232,0.0,0.0,32.987916383000005,0.9741754295,1.9460466094,0.0,12.0,0.0,0.0
