PtID,Pt_CGMUseNumDays,Pt_FatherT1D,Pt_MotherT1D,Pt_SiblingT1D,Pt_ChildT1D,Pt_GrandchildT1D,Pt_GrandparentT1D,BldPrSys,BldPrDia,SMBGperDayPtMeterCombo,WeightKg,HeightCm,DirectLDL,age,diabDur,TotalDailyInsPerKg,LDL,HDL,TotChol,Triglyc,BUN,AlbCreatRat_mggNew,UnitsInsBasalOrLongAct,BGTestAvgNumMeter,BGTestAvgNumPtRep,TSH,HbA1c,AutonomicNeuroCl,Pt_InsGov,NumPumpBolusOrShortAct,HbA1cImputeDtMnC,Pt_SHFlg,Pt_DKAFlg,bmi,bmiPerc,bmiZscore,GFR,diagAgeCombo,Pt_A1cGoalLev,Pt_A1cGoalLevelDsYr5
11243,0.0,0.0,0.0,1.0,0.0,0.0,0.0,118.0,74.0,1.0,94.9,189.3,0.0,22,1.0,0.4531085353,80.0,62.0,147.0,29.0,11.0,1.9,0.0,1.0,3.0,0.0,5.7,0.0,0.0,0.0,0.0,0.0,0.0,26.482866088,0.0,-0.0231041,0.0,20.0,0.0,0.0
11243,0.0,0.0,0.0,1.0,0.0,0.0,0.0,124.0,60.0,2.0,97.0,189.3,0.0,24,3.0,0.412371134,90.0,62.0,161.0,45.0,12.0,2.6,0.0,2.0,3.0,0.0,6.2,0.0,0.0,0.0,18.124000000000002,0.0,0.0,27.068893683000002,0.0,0.09248701960000001,0.0,20.0,0.0,0.0
11243,0.0,0.0,0.0,0.0,0.0,0.0,0.0,122.0,72.0,2.0,100.8,189.3,0.0,24,3.0,0.0,127.0,54.0,196.0,75.0,0.0,3.3,0.0,2.0,0.0,1.87,6.4,0.0,0.0,0.0,27.087,0.0,0.0,28.12932457,0.0,0.30165190199999997,0.0,20.0,0.0,0.0
11243,0.0,0.0,0.0,0.0,0.0,0.0,0.0,120.0,84.0,3.0,103.8,189.3,0.0,25,4.0,0.472061657,107.0,51.0,168.0,54.0,0.0,2.9,26.0,3.0,0.0,1.25,6.5,0.0,0.0,0.0,38.506,0.0,0.0,28.966506849,0.0,0.4667820724,0.0,20.0,0.0,0.0
11243,0.0,0.0,0.0,0.0,0.0,0.0,0.0,132.0,87.0,2.0,107.1,191.1,0.0,26,5.0,0.0,114.0,64.0,188.0,52.0,46.0,14.8,0.0,2.0,0.0,1.73,6.7,0.0,0.0,0.0,52.382,0.0,0.0,29.327030896999997,0.0,0.5378937037,126.7,20.0,0.0,0.0
11243,0.0,0.0,0.0,0.0,0.0,0.0,0.0,120.0,70.0,0.0,0.0,0.0,0.0,28,7.0,0.0,100.0,63.0,183.0,100.0,13.0,0.0,0.0,0.0,0.0,2.25,7.5,0.0,0.0,0.0,72.863,0.0,0.0,0.0,0.0,0.0,128.7,20.0,0.0,0.0
