PtID,Pt_CGMUseNumDays,Pt_FatherT1D,Pt_MotherT1D,Pt_SiblingT1D,Pt_ChildT1D,Pt_GrandchildT1D,Pt_GrandparentT1D,BldPrSys,BldPrDia,SMBGperDayPtMeterCombo,WeightKg,HeightCm,DirectLDL,age,diabDur,TotalDailyInsPerKg,LDL,HDL,TotChol,Triglyc,BUN,AlbCreatRat_mggNew,UnitsInsBasalOrLongAct,BGTestAvgNumMeter,BGTestAvgNumPtRep,TSH,HbA1c,AutonomicNeuroCl,Pt_InsGov,NumPumpBolusOrShortAct,HbA1cImputeDtMnC,Pt_SHFlg,Pt_DKAFlg,bmi,bmiPerc,bmiZscore,GFR,diagAgeCombo,Pt_A1cGoalLev,Pt_A1cGoalLevelDsYr5
11260,0.0,0.0,1.0,0.0,0.0,0.0,0.0,111.0,62.0,5.0,27.3,133.6,0.0,8,1.0,0.8791208790999999,0.0,0.0,122.0,0.0,15.0,0.0,0.0,0.0,5.0,0.0,7.7,0.0,0.0,0.0,0.0,0.0,0.0,15.295008785,0.3835826067,-0.296084942,0.0,7.0,0.0,0.0
11260,0.0,0.0,1.0,0.0,0.0,0.0,0.0,102.0,60.0,7.0,34.8,147.9,1.0,10,3.0,1.0632183908,77.0,61.0,154.0,60.0,0.0,0.0,0.0,7.0,6.0,0.0,7.6,0.0,0.0,0.0,25.892,0.0,0.0,15.909000517,0.3293008669,-0.441844501,0.0,7.0,7.0,0.0
11260,0.0,0.0,0.0,0.0,0.0,0.0,0.0,90.0,62.0,8.0,43.6,160.2,1.0,11,4.0,0.0,75.0,63.0,153.0,79.0,0.0,9.3,0.0,0.0,8.0,1.1909999999999998,6.7,0.0,0.0,0.0,41.228,0.0,0.0,16.988751576,0.42511374909999994,-0.18882816300000002,0.0,7.0,0.0,0.0
11260,0.0,0.0,0.0,0.0,0.0,0.0,0.0,116.0,62.0,8.0,50.0,166.0,0.0,12,5.0,1.28,0.0,0.0,0.0,0.0,0.0,9.3,23.0,0.0,8.0,0.0,6.7,0.0,0.0,5.0,50.29,0.0,0.0,18.144868630999998,0.5103532217,0.025954592000000002,0.0,7.0,0.0,0.0
11260,0.0,0.0,0.0,0.0,0.0,0.0,0.0,121.0,72.0,7.0,56.4,168.8,1.0,13,6.0,1.2056737589,66.0,50.0,128.0,45.0,0.0,5.1,24.0,7.0,7.0,0.0,0.0,0.0,0.0,5.0,0.0,0.0,0.0,19.794029784,0.6383171122,0.35396411619999996,0.0,7.0,0.0,0.0
11260,0.0,0.0,0.0,0.0,0.0,0.0,0.0,124.0,84.0,7.0,58.4,170.4,1.0,13,6.0,1.0273972603000001,76.0,50.0,135.0,75.0,0.0,5.9,25.0,7.0,7.0,1.17,6.6,0.0,0.0,5.0,68.415,0.0,0.0,20.112852388,0.6727454584,0.4475069329,0.0,7.0,0.0,0.0
11260,0.0,0.0,0.0,0.0,0.0,0.0,0.0,122.0,78.0,5.0,64.4,170.4,0.0,14,7.0,1.0869565217000001,0.0,0.0,0.0,0.0,0.0,5.9,26.0,5.0,10.0,0.0,0.0,0.0,0.0,5.0,0.0,0.0,0.0,22.179241331999997,0.7871786019,0.7966698542,0.0,7.0,0.0,0.0
