PtID,Pt_CGMUseNumDays,Pt_FatherT1D,Pt_MotherT1D,Pt_SiblingT1D,Pt_ChildT1D,Pt_GrandchildT1D,Pt_GrandparentT1D,BldPrSys,BldPrDia,SMBGperDayPtMeterCombo,WeightKg,HeightCm,DirectLDL,age,diabDur,TotalDailyInsPerKg,LDL,HDL,TotChol,Triglyc,BUN,AlbCreatRat_mggNew,UnitsInsBasalOrLongAct,BGTestAvgNumMeter,BGTestAvgNumPtRep,TSH,HbA1c,AutonomicNeuroCl,Pt_InsGov,NumPumpBolusOrShortAct,HbA1cImputeDtMnC,Pt_SHFlg,Pt_DKAFlg,bmi,bmiPerc,bmiZscore,GFR,diagAgeCombo,Pt_A1cGoalLev,Pt_A1cGoalLevelDsYr5
11323,0.0,0.0,0.0,0.0,0.0,0.0,0.0,116.0,68.0,2.0,86.2,156.2,0.0,16,10.0,0.788863109,127.0,71.0,216.0,92.0,7.0,18.0,0.0,2.0,5.0,0.0,8.5,0.0,1.0,0.0,0.0,0.0,0.0,35.330127664,0.9851575575,2.1742697218,0.0,5.0,0.0,0.0
11323,0.0,0.0,0.0,0.0,0.0,0.0,0.0,128.0,73.0,3.0,85.6,156.0,0.0,17,11.0,0.7593457943999999,0.0,0.0,0.0,0.0,0.0,9.0,0.0,3.0,4.0,0.0,9.3,0.0,1.0,0.0,13.079,0.0,0.0,35.174227482,0.9818438057,2.0934120391,0.0,5.0,8.9,0.0
11323,0.0,0.0,0.0,0.0,0.0,0.0,0.0,123.0,81.0,0.0,84.5,156.2,0.0,18,13.0,0.8520710059000001,100.0,57.0,181.0,120.0,0.0,0.0,45.0,0.0,0.0,0.0,9.2,0.0,0.0,4.0,31.369,0.0,0.0,34.633361805,0.9767640167,1.9910811493,0.0,5.0,0.0,0.0
11323,0.0,0.0,0.0,0.0,0.0,0.0,0.0,124.0,83.0,2.0,83.1,156.4,0.0,19,13.0,0.0,0.0,0.0,0.0,0.0,0.0,0.0,36.0,2.0,0.0,0.0,9.8,0.0,0.0,4.0,40.531,0.0,0.0,33.972501488,0.9699591398,1.8801934316,0.0,5.0,0.0,0.0
11323,0.0,0.0,0.0,0.0,0.0,0.0,0.0,126.0,72.0,3.0,87.6,157.0,0.0,20,14.0,0.0,99.0,61.0,0.0,49.0,0.0,0.0,34.0,3.0,0.0,0.0,8.5,0.0,0.0,0.0,52.183,0.0,0.0,35.538967098,0.9720835323,1.1783470861,0.0,5.0,0.0,0.0
