PtID,Pt_CGMUseNumDays,Pt_FatherT1D,Pt_MotherT1D,Pt_SiblingT1D,Pt_ChildT1D,Pt_GrandchildT1D,Pt_GrandparentT1D,BldPrSys,BldPrDia,SMBGperDayPtMeterCombo,WeightKg,HeightCm,DirectLDL,age,diabDur,TotalDailyInsPerKg,LDL,HDL,TotChol,Triglyc,BUN,AlbCreatRat_mggNew,UnitsInsBasalOrLongAct,BGTestAvgNumMeter,BGTestAvgNumPtRep,TSH,HbA1c,AutonomicNeuroCl,Pt_InsGov,NumPumpBolusOrShortAct,HbA1cImputeDtMnC,Pt_SHFlg,Pt_DKAFlg,bmi,bmiPerc,bmiZscore,GFR,diagAgeCombo,Pt_A1cGoalLev,Pt_A1cGoalLevelDsYr5
11349,0.0,0.0,0.0,0.0,0.0,0.0,0.0,111.0,69.0,8.0,91.17206637,182.88,0.0,25,5.0,0.8555251965,79.0,44.0,0.0,32.0,18.0,1.0,0.0,8.0,8.0,0.0,5.4,0.0,0.0,5.0,0.299,0.0,0.0,27.26022097,0.0,0.1302254049,0.0,20.0,0.0,0.0
11349,0.0,0.0,0.0,0.0,0.0,0.0,0.0,121.0,82.0,10.0,0.0,0.0,0.0,27,7.0,0.0,93.0,33.0,140.0,66.0,16.0,0.0,0.0,10.0,6.0,0.0,5.6,0.0,0.0,9.0,18.456,0.0,0.0,0.0,0.0,0.0,0.0,20.0,5.5,0.0
11349,0.0,0.0,0.0,0.0,0.0,0.0,0.0,125.0,77.0,4.0,0.0,0.0,0.0,28,8.0,0.0,114.0,43.0,168.0,53.0,21.0,2.0,40.0,4.0,0.0,1.78,5.8,0.0,0.0,6.0,26.523000000000003,0.0,0.0,0.0,0.0,0.0,0.0,20.0,0.0,0.0
11349,0.0,0.0,0.0,0.0,0.0,0.0,0.0,131.0,75.0,3.0,0.0,0.0,0.0,29,9.0,0.0,98.0,49.0,165.0,89.0,17.0,2.0,36.0,3.0,0.0,1.48,5.7,0.0,0.0,6.0,41.693000000000005,0.0,0.0,0.0,0.0,0.0,0.0,20.0,0.0,0.0
11349,0.0,0.0,0.0,0.0,0.0,0.0,0.0,130.0,74.0,0.0,0.0,0.0,0.0,30,10.0,0.0,83.0,45.0,140.0,60.0,17.0,2.0,35.0,0.0,0.0,1.96,5.8,0.0,0.0,10.0,55.833999999999996,0.0,0.0,0.0,0.0,0.0,0.0,20.0,0.0,0.0
11349,0.0,0.0,0.0,0.0,0.0,0.0,0.0,118.0,78.0,8.0,103.0,189.0,0.0,31,11.0,0.9514563106999999,0.0,0.0,0.0,0.0,0.0,2.0,34.0,0.0,8.0,0.0,6.1,0.0,0.0,10.0,67.983,0.0,0.0,28.834579099000003,0.0,0.1934570859,0.0,20.0,0.0,0.0
11349,30.0,0.0,0.0,0.0,0.0,0.0,0.0,119.0,81.0,2.0,103.0,189.0,0.0,31,11.0,1.0485436893,0.0,0.0,0.0,0.0,0.0,2.0,34.5,0.0,2.0,0.0,5.8,0.0,0.0,13.0,73.062,0.0,0.0,28.834579099000003,0.0,0.1934570859,0.0,20.0,0.0,0.0
11349,0.0,0.0,0.0,0.0,0.0,0.0,0.0,116.0,78.0,2.0,103.0,189.0,0.0,33,13.0,0.8834951456,0.0,0.0,0.0,0.0,0.0,2.0,35.0,0.0,2.0,0.0,5.8,0.0,0.0,12.0,85.178,0.0,0.0,28.834579099000003,0.0,0.1934570859,0.0,20.0,0.0,0.0
