PtID,Pt_CGMUseNumDays,Pt_FatherT1D,Pt_MotherT1D,Pt_SiblingT1D,Pt_ChildT1D,Pt_GrandchildT1D,Pt_GrandparentT1D,BldPrSys,BldPrDia,SMBGperDayPtMeterCombo,WeightKg,HeightCm,DirectLDL,age,diabDur,TotalDailyInsPerKg,LDL,HDL,TotChol,Triglyc,BUN,AlbCreatRat_mggNew,UnitsInsBasalOrLongAct,BGTestAvgNumMeter,BGTestAvgNumPtRep,TSH,HbA1c,AutonomicNeuroCl,Pt_InsGov,NumPumpBolusOrShortAct,HbA1cImputeDtMnC,Pt_SHFlg,Pt_DKAFlg,bmi,bmiPerc,bmiZscore,GFR,diagAgeCombo,Pt_A1cGoalLev,Pt_A1cGoalLevelDsYr5
11387,0.0,0.0,0.0,0.0,0.0,0.0,0.0,144.0,81.0,4.0,70.533613535,174.498,0.0,42,36.0,0.5387502227000001,48.0,113.0,0.0,37.0,9.0,3.9,0.0,0.0,4.0,0.0,8.5,0.0,0.0,0.0,0.465,0.0,0.0,23.164089089,0.0,-0.752803725,0.0,6.0,0.0,0.0
11387,0.0,0.0,0.0,0.0,0.0,0.0,0.0,147.0,79.0,5.0,75.0,174.0,0.0,44,37.0,0.5733333333,53.0,87.0,149.0,45.0,7.7,0.0,0.0,0.0,5.0,0.0,7.2,0.0,0.0,0.0,15.335999999999999,1.0,0.0,24.77209671,0.0,-0.521609164,0.0,6.0,7.0,0.0
11387,0.0,0.0,0.0,0.0,0.0,0.0,0.0,111.0,74.0,6.0,63.7,174.0,0.0,46,39.0,0.2982731554,31.0,108.0,145.0,32.0,4.0,9.8,13.0,6.0,0.0,11.9,7.7,0.0,0.0,3.0,39.701,0.0,0.0,21.039767473,0.0,-1.05823238,107.0,6.0,0.0,0.0
11387,0.0,0.0,0.0,0.0,0.0,0.0,0.0,104.0,64.0,6.0,65.0,174.0,0.0,46,40.0,0.6769230769,56.0,62.0,132.0,71.0,10.0,2.5,13.0,6.0,0.0,11.9,8.2,0.0,0.0,4.0,49.228,0.0,0.0,21.469150482,0.0,-0.9964969659999999,112.0,6.0,0.0,0.0
11387,0.0,0.0,0.0,0.0,0.0,0.0,0.0,116.0,77.0,5.0,69.0,174.0,0.0,47,40.0,0.2028985507,0.0,0.0,0.0,0.0,0.0,2.5,14.0,5.0,0.0,0.0,8.1,0.0,0.0,0.0,52.016999999999996,0.0,0.0,22.790328973,0.0,-0.806541845,0.0,6.0,0.0,0.0
