PtID,Pt_CGMUseNumDays,Pt_FatherT1D,Pt_MotherT1D,Pt_SiblingT1D,Pt_ChildT1D,Pt_GrandchildT1D,Pt_GrandparentT1D,BldPrSys,BldPrDia,SMBGperDayPtMeterCombo,WeightKg,HeightCm,DirectLDL,age,diabDur,TotalDailyInsPerKg,LDL,HDL,TotChol,Triglyc,BUN,AlbCreatRat_mggNew,UnitsInsBasalOrLongAct,BGTestAvgNumMeter,BGTestAvgNumPtRep,TSH,HbA1c,AutonomicNeuroCl,Pt_InsGov,NumPumpBolusOrShortAct,HbA1cImputeDtMnC,Pt_SHFlg,Pt_DKAFlg,bmi,bmiPerc,bmiZscore,GFR,diagAgeCombo,Pt_A1cGoalLev,Pt_A1cGoalLevelDsYr5
11447,0.0,0.0,0.0,0.0,0.0,0.0,0.0,97.0,62.0,3.0,60.2,168.0,0.0,19,5.0,2.1262458472,86.0,69.0,163.0,40.0,0.0,5.0,0.0,3.0,10.0,0.0,8.5,0.0,0.0,0.0,0.0,0.0,0.0,21.329365079000002,0.473171536,-0.067299755,0.0,14.0,0.0,0.0
11447,0.0,0.0,0.0,0.0,0.0,0.0,0.0,108.0,62.0,4.0,58.830930388999995,168.65599999999998,0.0,20,6.0,0.0,0.0,0.0,0.0,0.0,0.0,0.0,0.0,4.0,0.0,0.0,7.5,0.0,0.0,0.0,9.759,0.0,0.0,20.682456742,0.368092986,-0.8248788659999999,0.0,14.0,0.0,0.0
11447,0.0,0.0,0.0,0.0,0.0,0.0,0.0,117.0,71.0,6.0,72.0,167.64,0.0,21,7.0,0.0,77.0,69.0,0.0,64.0,0.0,0.0,0.0,6.0,0.0,0.0,8.4,0.0,0.0,0.0,27.750999999999998,0.0,0.0,25.619885951,0.0,-0.159124521,0.0,14.0,0.0,0.0
11447,0.0,0.0,0.0,0.0,0.0,0.0,0.0,111.0,72.0,7.0,75.069537235,168.40200000000002,0.0,22,8.0,0.0,0.0,0.0,0.0,0.0,0.0,0.0,39.0,7.0,0.0,0.0,8.8,0.0,0.0,0.0,38.306999999999995,0.0,0.0,26.470932989,0.0,-0.044370822000000004,0.0,14.0,0.0,0.0
11447,0.0,0.0,0.0,0.0,0.0,0.0,0.0,111.0,80.0,0.0,79.0,172.7,0.0,24,10.0,0.0,83.0,75.0,172.0,69.0,11.0,0.0,32.0,0.0,0.0,0.5489999999999999,8.5,0.0,0.0,0.0,60.016999999999996,0.0,0.0,26.487588218000003,0.0,-0.04212506,0.0,14.0,0.0,0.0
11447,0.0,0.0,0.0,0.0,0.0,0.0,0.0,97.0,78.0,4.0,80.1,172.7,0.0,25,11.0,0.0,83.0,75.0,172.0,69.0,0.0,0.0,35.0,0.0,4.0,0.5489999999999999,8.7,0.0,0.0,0.0,70.60600000000001,0.0,0.0,26.856402737,0.0,0.007605246800000001,0.0,14.0,0.0,0.0
