PtID,Pt_CGMUseNumDays,Pt_FatherT1D,Pt_MotherT1D,Pt_SiblingT1D,Pt_ChildT1D,Pt_GrandchildT1D,Pt_GrandparentT1D,BldPrSys,BldPrDia,SMBGperDayPtMeterCombo,WeightKg,HeightCm,DirectLDL,age,diabDur,TotalDailyInsPerKg,LDL,HDL,TotChol,Triglyc,BUN,AlbCreatRat_mggNew,UnitsInsBasalOrLongAct,BGTestAvgNumMeter,BGTestAvgNumPtRep,TSH,HbA1c,AutonomicNeuroCl,Pt_InsGov,NumPumpBolusOrShortAct,HbA1cImputeDtMnC,Pt_SHFlg,Pt_DKAFlg,bmi,bmiPerc,bmiZscore,GFR,diagAgeCombo,Pt_A1cGoalLev,Pt_A1cGoalLevelDsYr5
11452,0.0,0.0,0.0,1.0,0.0,0.0,0.0,111.0,67.0,2.0,43.0,149.8,0.0,10,0.0,0.23255813949999998,0.0,0.0,0.0,0.0,0.0,0.0,0.0,2.0,6.0,0.0,7.1,0.0,0.0,0.0,0.133,0.0,0.0,19.162176182,0.8364784534999999,0.9800871675,0.0,10.0,0.0,0.0
11452,0.0,0.0,0.0,1.0,0.0,0.0,0.0,124.0,78.0,5.0,48.4,155.5,0.0,11,1.0,0.5578512397,0.0,0.0,0.0,0.0,0.0,0.0,0.0,5.0,5.0,0.0,7.7,0.0,0.0,7.0,11.253,0.0,0.0,20.016335645999998,0.8408936895999999,0.9981376389,0.0,10.0,7.0,0.0
11452,0.0,0.0,0.0,0.0,0.0,0.0,0.0,115.0,77.0,4.0,56.0,168.8,0.0,13,2.0,0.7321428570999999,73.0,48.0,0.0,54.0,13.0,0.0,25.0,4.0,0.0,1.57,9.3,0.0,0.0,4.0,28.349,0.0,0.0,19.653646594,0.6702021197,0.4404713466,0.0,10.0,0.0,0.0
11452,0.0,0.0,0.0,0.0,0.0,0.0,0.0,117.0,65.0,3.0,62.3,172.3,0.0,14,3.0,0.6902086677,0.0,0.0,0.0,0.0,0.0,0.0,30.0,3.0,0.0,0.0,9.2,0.0,0.0,3.0,38.606,0.0,0.0,20.985411602,0.7320027712999999,0.6188814534,0.0,10.0,0.0,0.0
11452,0.0,0.0,0.0,0.0,0.0,0.0,0.0,120.0,76.0,4.0,67.8,177.2,0.0,15,4.0,0.7227138643000001,74.0,45.0,140.0,106.0,11.0,0.0,35.0,4.0,3.0,4.93,9.2,0.0,0.0,2.0,49.328,0.0,0.0,21.592466713,0.7179012392,0.5766180226,0.0,10.0,0.0,0.0
11452,0.0,0.0,0.0,0.0,0.0,0.0,0.0,128.0,64.0,3.0,70.1,177.1,0.0,15,5.0,0.8131241084,0.0,0.0,0.0,0.0,0.0,0.0,32.0,3.0,4.0,0.688,9.4,0.0,0.0,3.0,59.32,0.0,0.0,22.350173333,0.7828074969,0.7817100294,0.0,10.0,0.0,9.0
11452,0.0,0.0,0.0,0.0,0.0,0.0,0.0,118.0,74.0,3.0,78.9,176.9,0.0,16,5.0,0.8871989861,0.0,0.0,0.0,0.0,14.0,0.0,39.0,3.0,4.0,0.649,8.6,0.0,0.0,3.0,69.079,0.0,0.0,25.212815011999997,0.8943922296,1.2502300002,0.0,10.0,0.0,0.0
