PtID,Pt_CGMUseNumDays,Pt_FatherT1D,Pt_MotherT1D,Pt_SiblingT1D,Pt_ChildT1D,Pt_GrandchildT1D,Pt_GrandparentT1D,BldPrSys,BldPrDia,SMBGperDayPtMeterCombo,WeightKg,HeightCm,DirectLDL,age,diabDur,TotalDailyInsPerKg,LDL,HDL,TotChol,Triglyc,BUN,AlbCreatRat_mggNew,UnitsInsBasalOrLongAct,BGTestAvgNumMeter,BGTestAvgNumPtRep,TSH,HbA1c,AutonomicNeuroCl,Pt_InsGov,NumPumpBolusOrShortAct,HbA1cImputeDtMnC,Pt_SHFlg,Pt_DKAFlg,bmi,bmiPerc,bmiZscore,GFR,diagAgeCombo,Pt_A1cGoalLev,Pt_A1cGoalLevelDsYr5
1146,0.0,0.0,0.0,0.0,0.0,0.0,0.0,112.0,67.0,5.0,53.0,151.2,0.0,11,3.0,0.32075471699999997,0.0,0.0,278.0,144.0,11.0,0.0,0.0,5.0,5.0,0.0,7.2,0.0,0.0,0.0,0.0,0.0,0.0,23.183141569,0.9502111708,1.6469045897,0.0,7.0,0.0,0.0
1146,0.0,0.0,0.0,0.0,0.0,0.0,0.0,105.0,61.0,6.0,56.8,154.8,0.0,12,4.0,0.0,0.0,0.0,0.0,0.0,0.0,0.0,0.0,6.0,5.0,0.0,5.9,0.0,0.0,5.0,16.033,0.0,0.0,23.703169548,0.9418292514,1.570316501,0.0,7.0,0.0,0.0
1146,0.0,0.0,0.0,0.0,0.0,0.0,0.0,125.0,56.0,6.0,61.8,167.3,0.0,14,6.0,0.8899676375,101.0,86.0,0.0,70.0,0.0,8.0,17.0,6.0,0.0,1.9,6.2,0.0,0.0,6.0,32.963,0.0,0.0,22.079874123000003,0.818036878,0.9079091102,0.0,7.0,0.0,0.0
1146,0.0,0.0,0.0,0.0,0.0,0.0,0.0,124.0,62.0,6.0,71.1,173.3,0.0,15,7.0,1.0126582278,127.0,73.0,0.0,82.0,0.0,23.6,19.0,6.0,0.0,2.93,6.7,0.0,0.0,6.0,45.278,0.0,0.0,23.674045355,0.8625809958,1.0919888356,0.0,7.0,0.0,0.0
1146,0.0,0.0,0.0,0.0,0.0,0.0,0.0,120.0,61.0,6.0,78.7,175.5,0.0,16,8.0,1.0038119441,104.0,73.0,0.0,76.0,15.0,6.9,22.0,6.0,0.0,2.24,6.9,0.0,0.0,6.0,56.465,0.0,0.0,25.551740651,0.9056962915000001,1.3147099032,0.0,7.0,0.0,0.0
1146,0.0,0.0,0.0,0.0,0.0,0.0,0.0,115.0,58.0,6.0,86.1,177.1,0.0,16,8.0,0.9639953542,0.0,0.0,0.0,0.0,0.0,3.9,23.0,6.0,6.0,0.0,7.3,0.0,1.0,6.0,64.598,0.0,0.0,27.451496776,0.9487093054000001,1.6324658391999998,0.0,7.0,0.0,0.0
1146,0.0,0.0,0.0,0.0,0.0,0.0,0.0,118.0,59.0,4.0,94.1,177.7,0.0,17,9.0,0.9840595112,121.0,75.0,0.0,59.0,0.0,3.9,24.0,4.0,0.0,0.0,7.8,0.0,0.0,5.0,74.822,0.0,0.0,29.799897331,0.9689806045,1.8660184019,0.0,7.0,0.0,0.0
