PtID,Pt_CGMUseNumDays,Pt_FatherT1D,Pt_MotherT1D,Pt_SiblingT1D,Pt_ChildT1D,Pt_GrandchildT1D,Pt_GrandparentT1D,BldPrSys,BldPrDia,SMBGperDayPtMeterCombo,WeightKg,HeightCm,DirectLDL,age,diabDur,TotalDailyInsPerKg,LDL,HDL,TotChol,Triglyc,BUN,AlbCreatRat_mggNew,UnitsInsBasalOrLongAct,BGTestAvgNumMeter,BGTestAvgNumPtRep,TSH,HbA1c,AutonomicNeuroCl,Pt_InsGov,NumPumpBolusOrShortAct,HbA1cImputeDtMnC,Pt_SHFlg,Pt_DKAFlg,bmi,bmiPerc,bmiZscore,GFR,diagAgeCombo,Pt_A1cGoalLev,Pt_A1cGoalLevelDsYr5
11471,0.0,0.0,0.0,0.0,0.0,0.0,1.0,101.0,52.0,8.0,48.1,147.7,1.0,10,4.0,0.8939708940000001,90.0,72.0,0.0,48.0,17.0,0.0,0.0,8.0,10.0,0.0,8.1,0.0,0.0,6.0,0.0,0.0,1.0,22.048755712,0.9489122186,1.6343967856000001,0.0,6.0,0.0,0.0
11471,0.0,0.0,0.0,0.0,0.0,0.0,0.0,111.0,62.0,6.0,63.0,159.8,0.0,12,6.0,1.1746031745999999,0.0,67.0,170.0,77.0,0.0,0.0,26.0,6.0,0.0,3.25,8.8,0.0,0.0,0.0,26.025,0.0,0.0,24.671013987,0.9567319204000001,1.7139595269,0.0,6.0,0.0,0.0
11471,0.0,0.0,0.0,0.0,0.0,0.0,0.0,135.0,61.0,7.0,72.2,172.6,0.0,14,7.0,1.135734072,0.0,0.0,0.0,0.0,0.0,210.8,31.0,7.0,0.0,4.4,8.2,0.0,0.0,0.0,45.07899999999999,0.0,0.0,24.235702614,0.9130062998999999,1.3595025335,0.0,6.0,0.0,0.0
11471,0.0,0.0,0.0,0.0,0.0,0.0,0.0,113.0,74.0,5.0,77.2,174.6,0.0,15,8.0,1.0103626943000001,0.0,0.0,0.0,0.0,0.0,0.0,35.0,5.0,0.0,0.0,8.0,0.0,0.0,0.0,56.232,0.0,0.0,25.32379689,0.920718673,1.409922209,0.0,6.0,0.0,0.0
11471,0.0,0.0,0.0,0.0,0.0,0.0,0.0,115.0,65.0,5.0,77.3,176.0,0.0,16,10.0,0.8796895213,0.0,0.0,141.0,0.0,0.0,0.0,37.0,5.0,0.0,3.15,8.2,0.0,0.0,0.0,70.17399999999999,0.0,0.0,24.954803719,0.8848034445,1.1993468346,0.0,6.0,0.0,0.0
