PtID,Pt_CGMUseNumDays,Pt_FatherT1D,Pt_MotherT1D,Pt_SiblingT1D,Pt_ChildT1D,Pt_GrandchildT1D,Pt_GrandparentT1D,BldPrSys,BldPrDia,SMBGperDayPtMeterCombo,WeightKg,HeightCm,DirectLDL,age,diabDur,TotalDailyInsPerKg,LDL,HDL,TotChol,Triglyc,BUN,AlbCreatRat_mggNew,UnitsInsBasalOrLongAct,BGTestAvgNumMeter,BGTestAvgNumPtRep,TSH,HbA1c,AutonomicNeuroCl,Pt_InsGov,NumPumpBolusOrShortAct,HbA1cImputeDtMnC,Pt_SHFlg,Pt_DKAFlg,bmi,bmiPerc,bmiZscore,GFR,diagAgeCombo,Pt_A1cGoalLev,Pt_A1cGoalLevelDsYr5
11476,0.0,0.0,0.0,0.0,0.0,0.0,0.0,103.0,63.0,6.0,40.4,143.0,0.0,9,8.0,1.0396039604,99.0,74.0,183.0,49.0,0.0,3.0,0.0,0.0,6.0,0.0,9.1,0.0,0.0,0.0,-3.718,0.0,0.0,19.756467309,0.9132727456,1.3611872932,0.0,0.0,0.0,0.0
11476,0.0,0.0,0.0,0.0,0.0,0.0,0.0,118.0,91.0,5.0,69.5,160.0,0.0,12,11.0,1.2517985612,138.0,59.0,225.0,140.0,0.0,4.0,39.0,5.0,0.0,4.6,8.5,0.0,0.0,4.0,31.303,0.0,0.0,27.1484375,0.9775349043000001,2.0053074258000003,0.0,0.0,0.0,0.0
11476,0.0,0.0,0.0,0.0,0.0,0.0,0.0,129.0,85.0,4.0,86.0,171.1,0.0,13,12.0,1.1162790698,103.0,47.0,165.0,77.0,10.0,8.0,54.0,4.0,0.0,3.16,7.5,0.0,0.0,5.0,48.996,0.0,0.0,29.376390468,0.9828925140000001,2.1175290562,0.0,0.0,0.0,0.0
11476,0.0,0.0,0.0,0.0,0.0,0.0,0.0,127.0,75.0,5.0,94.4,175.0,0.0,15,14.0,1.1228813559,0.0,0.0,0.0,0.0,0.0,8.0,68.0,0.0,5.0,0.0,8.2,0.0,0.0,0.0,75.32,0.0,0.0,30.824489795999998,0.982753779,2.1142673197999997,0.0,0.0,0.0,0.0
11476,0.0,0.0,0.0,0.0,0.0,0.0,0.0,133.0,85.0,5.0,98.6,176.7,0.0,16,15.0,0.9736308316,0.0,0.0,0.0,0.0,0.0,8.0,62.0,5.0,0.0,0.0,7.9,0.0,0.0,0.0,82.72200000000001,0.0,0.0,31.579395756999997,0.9835647987,2.133662685,0.0,0.0,0.0,0.0
