PtID,Pt_CGMUseNumDays,Pt_FatherT1D,Pt_MotherT1D,Pt_SiblingT1D,Pt_ChildT1D,Pt_GrandchildT1D,Pt_GrandparentT1D,BldPrSys,BldPrDia,SMBGperDayPtMeterCombo,WeightKg,HeightCm,DirectLDL,age,diabDur,TotalDailyInsPerKg,LDL,HDL,TotChol,Triglyc,BUN,AlbCreatRat_mggNew,UnitsInsBasalOrLongAct,BGTestAvgNumMeter,BGTestAvgNumPtRep,TSH,HbA1c,AutonomicNeuroCl,Pt_InsGov,NumPumpBolusOrShortAct,HbA1cImputeDtMnC,Pt_SHFlg,Pt_DKAFlg,bmi,bmiPerc,bmiZscore,GFR,diagAgeCombo,Pt_A1cGoalLev,Pt_A1cGoalLevelDsYr5
11479,30.0,0.0,0.0,0.0,0.0,0.0,0.0,126.0,68.0,4.0,109.76935354,162.56,0.0,53,41.0,0.163980195,84.0,82.0,177.0,54.0,15.0,8.7,0.0,0.0,4.0,0.0,6.1,1.0,0.0,3.0,9.992,0.0,0.0,41.538778875,0.0,1.2688738567,0.0,12.0,0.0,0.0
11479,0.0,0.0,0.0,0.0,0.0,0.0,0.0,150.0,74.0,0.0,95.70799007,162.0,0.0,56,44.0,0.0,107.0,72.0,0.0,48.0,14.0,7.6,0.0,0.0,0.0,0.0,7.1,1.0,0.0,0.0,28.281999999999996,0.0,0.0,36.468522356,0.0,0.7474676455,0.0,12.0,0.0,0.0
11479,0.0,0.0,0.0,0.0,0.0,0.0,0.0,117.0,67.0,8.0,88.90410452,165.1,0.0,57,45.0,0.0,0.0,0.0,0.0,0.0,0.0,7.6,0.0,0.0,8.0,0.0,6.9,1.0,0.0,0.0,40.232,0.0,0.0,32.615772215,0.0,0.35126523530000003,0.0,12.0,0.0,0.0
11479,0.0,0.0,0.0,0.0,0.0,0.0,0.0,112.0,71.0,10.0,0.0,0.0,0.0,58,46.0,0.0,89.0,90.0,0.0,33.0,0.0,7.6,0.0,0.0,10.0,0.9,6.5,1.0,0.0,0.0,53.211999999999996,0.0,0.0,0.0,0.0,0.0,63.0,12.0,0.0,0.0
11479,30.0,0.0,0.0,0.0,0.0,0.0,0.0,112.0,75.0,10.0,0.0,0.0,0.0,59,47.0,0.0,0.0,0.0,0.0,0.0,0.0,7.6,0.0,0.0,10.0,0.59,6.7,1.0,0.0,0.0,62.506,0.0,0.0,0.0,0.0,0.0,0.0,12.0,0.0,0.0
11479,0.0,0.0,0.0,0.0,0.0,0.0,0.0,141.0,85.0,0.0,90.26488163,165.1,0.0,59,47.0,0.0,0.0,0.0,0.0,0.0,18.0,7.6,0.0,0.0,0.0,1.07,6.5,1.0,0.0,0.0,70.87100000000001,0.0,0.0,33.114993219,0.0,0.4026032555,0.0,12.0,0.0,0.0
