PtID,Pt_CGMUseNumDays,Pt_FatherT1D,Pt_MotherT1D,Pt_SiblingT1D,Pt_ChildT1D,Pt_GrandchildT1D,Pt_GrandparentT1D,BldPrSys,BldPrDia,SMBGperDayPtMeterCombo,WeightKg,HeightCm,DirectLDL,age,diabDur,TotalDailyInsPerKg,LDL,HDL,TotChol,Triglyc,BUN,AlbCreatRat_mggNew,UnitsInsBasalOrLongAct,BGTestAvgNumMeter,BGTestAvgNumPtRep,TSH,HbA1c,AutonomicNeuroCl,Pt_InsGov,NumPumpBolusOrShortAct,HbA1cImputeDtMnC,Pt_SHFlg,Pt_DKAFlg,bmi,bmiPerc,bmiZscore,GFR,diagAgeCombo,Pt_A1cGoalLev,Pt_A1cGoalLevelDsYr5
11482,0.0,0.0,0.0,0.0,0.0,0.0,0.0,0.0,0.0,6.0,14.3,89.5,0.0,1,0.0,0.8391608392000001,0.0,0.0,0.0,0.0,10.0,0.0,0.0,6.0,6.0,0.0,7.4,0.0,0.0,0.0,0.0,0.0,0.0,0.0,0.0,0.0,0.0,1.0,0.0,0.0
11482,0.0,0.0,0.0,0.0,0.0,0.0,0.0,0.0,0.0,6.0,17.0,96.9,0.0,2,1.0,0.5882352941,0.0,0.0,0.0,0.0,0.0,0.0,4.0,6.0,6.0,0.0,0.0,0.0,0.0,3.0,0.0,0.0,0.0,18.105118317,0.86163699,1.0877035045999999,0.0,1.0,0.0,0.0
11482,0.0,0.0,0.0,0.0,0.0,0.0,0.0,0.0,0.0,13.0,19.0,104.0,0.0,3,2.0,0.6315789474,0.0,0.0,0.0,0.0,0.0,0.0,6.0,13.0,12.0,0.0,7.6,0.0,0.0,3.0,22.639,0.0,0.0,17.566568047,0.8961642454000001,1.2599940487,0.0,1.0,0.0,0.0
11482,0.0,0.0,0.0,0.0,0.0,0.0,0.0,114.0,63.0,10.0,22.1,111.5,0.0,4,3.0,0.5882352941,0.0,0.0,0.0,0.0,0.0,0.0,8.0,10.0,0.0,2.03,8.1,0.0,0.0,0.0,31.934,0.0,0.0,17.776347805,0.9373152562,1.5326200940999999,0.0,1.0,0.0,0.0
11482,0.0,0.0,0.0,0.0,0.0,0.0,0.0,0.0,0.0,9.0,23.0,117.0,0.0,5,4.0,0.9130434783,0.0,0.0,0.0,0.0,0.0,0.0,9.0,9.0,0.0,0.0,8.3,0.0,0.0,0.0,41.958999999999996,0.0,0.0,16.801811674,0.8507075693,1.0394728869,0.0,1.0,0.0,0.0
11482,0.0,0.0,0.0,0.0,0.0,0.0,0.0,107.0,64.0,10.0,24.8,122.0,0.0,6,5.0,0.8870967742,0.0,0.0,0.0,0.0,0.0,0.0,8.0,10.0,0.0,0.0,8.3,0.0,0.0,14.0,52.581,0.0,0.0,16.662187584,0.8010907755,0.845523802,0.0,1.0,0.0,0.0
11482,0.0,0.0,0.0,0.0,0.0,0.0,0.0,99.0,55.0,10.0,28.7,125.1,0.0,6,5.0,0.8153310105,0.0,0.0,0.0,0.0,10.0,0.0,8.8,10.0,0.0,2.66,8.3,0.0,0.0,5.0,60.282,0.0,0.0,18.338646429,0.9335708771,1.5029255413,0.0,1.0,0.0,0.0
11482,0.0,0.0,0.0,0.0,0.0,0.0,0.0,108.0,72.0,11.0,31.2,130.7,0.0,8,6.0,0.8525641026,0.0,0.0,0.0,0.0,0.0,0.0,8.9,11.0,0.0,0.0,8.4,0.0,0.0,10.0,73.759,0.0,0.0,18.264316267999998,0.8483830013,1.0295229575,0.0,1.0,0.0,0.0
