PtID,Pt_CGMUseNumDays,Pt_FatherT1D,Pt_MotherT1D,Pt_SiblingT1D,Pt_ChildT1D,Pt_GrandchildT1D,Pt_GrandparentT1D,BldPrSys,BldPrDia,SMBGperDayPtMeterCombo,WeightKg,HeightCm,DirectLDL,age,diabDur,TotalDailyInsPerKg,LDL,HDL,TotChol,Triglyc,BUN,AlbCreatRat_mggNew,UnitsInsBasalOrLongAct,BGTestAvgNumMeter,BGTestAvgNumPtRep,TSH,HbA1c,AutonomicNeuroCl,Pt_InsGov,NumPumpBolusOrShortAct,HbA1cImputeDtMnC,Pt_SHFlg,Pt_DKAFlg,bmi,bmiPerc,bmiZscore,GFR,diagAgeCombo,Pt_A1cGoalLev,Pt_A1cGoalLevelDsYr5
11495,0.0,0.0,0.0,0.0,0.0,0.0,0.0,114.0,69.0,3.0,49.9,157.4,0.0,17,1.0,0.9018036072,0.0,0.0,0.0,0.0,13.0,7.2,0.0,3.0,4.0,0.0,7.4,0.0,0.0,0.0,2.722,0.0,1.0,20.141466557,0.39873729020000004,-0.256616832,0.0,15.0,0.0,0.0
11495,0.0,0.0,0.0,0.0,0.0,0.0,1.0,121.0,74.0,2.0,47.2,160.4,0.0,18,2.0,0.3177966102,75.0,59.0,0.0,48.0,0.0,133.3,0.0,2.0,3.0,0.0,8.6,0.0,1.0,0.0,13.245,1.0,1.0,18.345657054,0.116500614,-1.192663392,0.0,15.0,7.0,0.0
11495,0.0,0.0,0.0,0.0,0.0,0.0,0.0,110.0,76.0,2.0,48.1,157.6,0.0,19,4.0,0.6237006237,0.0,0.0,0.0,0.0,0.0,21.4,22.0,2.0,0.0,1.3,13.1,0.0,0.0,1.0,29.212,0.0,0.0,19.365675488,0.20776268329999997,-0.814208762,0.0,15.0,0.0,0.0
11495,0.0,0.0,0.0,0.0,0.0,0.0,0.0,114.0,62.0,1.0,54.88467677,157.48,0.0,21,5.0,0.0,0.0,0.0,0.0,0.0,10.0,26.1,0.0,0.0,1.0,1.5,11.8,0.0,0.0,0.0,48.498000000000005,0.0,0.0,22.130962314,0.0,-0.6295649010000001,0.0,15.0,0.0,0.0
