PtID,Pt_CGMUseNumDays,Pt_FatherT1D,Pt_MotherT1D,Pt_SiblingT1D,Pt_ChildT1D,Pt_GrandchildT1D,Pt_GrandparentT1D,BldPrSys,BldPrDia,SMBGperDayPtMeterCombo,WeightKg,HeightCm,DirectLDL,age,diabDur,TotalDailyInsPerKg,LDL,HDL,TotChol,Triglyc,BUN,AlbCreatRat_mggNew,UnitsInsBasalOrLongAct,BGTestAvgNumMeter,BGTestAvgNumPtRep,TSH,HbA1c,AutonomicNeuroCl,Pt_InsGov,NumPumpBolusOrShortAct,HbA1cImputeDtMnC,Pt_SHFlg,Pt_DKAFlg,bmi,bmiPerc,bmiZscore,GFR,diagAgeCombo,Pt_A1cGoalLev,Pt_A1cGoalLevelDsYr5
11506,0.0,0.0,0.0,0.0,0.0,0.0,0.0,113.0,65.0,4.0,32.3,135.9,0.0,10,8.0,1.3312693498000001,93.0,56.0,0.0,45.0,0.0,0.0,0.0,4.0,5.0,0.0,9.7,0.0,1.0,0.0,0.0,1.0,0.0,17.488944875,0.6049893384,0.2662829239,0.0,2.0,0.0,0.0
11506,0.0,0.0,0.0,0.0,0.0,0.0,1.0,123.0,75.0,5.0,0.0,0.0,0.0,12,10.0,0.0,0.0,0.0,0.0,0.0,17.0,41.2,0.0,5.0,7.0,0.0,10.0,0.0,1.0,0.0,22.539,0.0,0.0,0.0,0.0,0.0,0.0,2.0,8.0,0.0
11506,0.0,0.0,0.0,0.0,0.0,0.0,0.0,114.0,75.0,6.0,51.2,155.0,0.0,13,11.0,1.328125,0.0,0.0,0.0,0.0,13.0,19.1,68.0,6.0,0.0,2.0,10.9,0.0,0.0,0.0,39.27,0.0,0.0,21.311134235,0.7772254092,0.7628561639,0.0,2.0,0.0,0.0
11506,0.0,0.0,0.0,0.0,0.0,0.0,0.0,110.0,73.0,4.0,53.8,158.0,0.0,14,12.0,1.1152416357,0.0,0.0,0.0,0.0,15.0,235.6,60.0,4.0,0.0,0.0,9.9,0.0,0.0,0.0,48.797,0.0,0.0,21.551033488,0.7414254165,0.6477461233,0.0,2.0,0.0,0.0
11506,30.0,0.0,0.0,0.0,0.0,0.0,0.0,105.0,60.0,5.0,54.0,160.0,0.0,15,13.0,1.1666666667,0.0,34.0,295.0,956.0,11.0,7.6,63.0,0.0,5.0,2.0,0.0,0.0,1.0,0.0,0.0,0.0,1.0,21.09375,0.6415886824,0.362708519,0.0,2.0,0.0,0.0
