PtID,Pt_CGMUseNumDays,Pt_FatherT1D,Pt_MotherT1D,Pt_SiblingT1D,Pt_ChildT1D,Pt_GrandchildT1D,Pt_GrandparentT1D,BldPrSys,BldPrDia,SMBGperDayPtMeterCombo,WeightKg,HeightCm,DirectLDL,age,diabDur,TotalDailyInsPerKg,LDL,HDL,TotChol,Triglyc,BUN,AlbCreatRat_mggNew,UnitsInsBasalOrLongAct,BGTestAvgNumMeter,BGTestAvgNumPtRep,TSH,HbA1c,AutonomicNeuroCl,Pt_InsGov,NumPumpBolusOrShortAct,HbA1cImputeDtMnC,Pt_SHFlg,Pt_DKAFlg,bmi,bmiPerc,bmiZscore,GFR,diagAgeCombo,Pt_A1cGoalLev,Pt_A1cGoalLevelDsYr5
1152,0.0,0.0,0.0,0.0,0.0,0.0,0.0,114.0,70.0,6.0,98.88313666,177.8,0.0,36,26.0,0.5359862338,92.0,43.0,142.0,37.0,13.0,3.4,0.0,6.0,8.0,0.0,6.4,0.0,0.0,6.0,-0.23199999999999998,0.0,0.0,31.279422115,0.0,0.5478551171,0.0,10.0,0.0,0.0
1152,0.0,0.0,0.0,0.0,0.0,0.0,0.0,112.0,57.0,12.0,97.52235955,177.8,0.0,37,27.0,0.5639732288,107.0,50.0,166.0,45.0,10.0,7.2,0.0,12.0,8.0,0.0,7.2,0.0,0.0,0.0,10.423,0.0,0.0,30.848971352,0.0,0.48545810340000006,0.0,10.0,6.5,0.0
1152,0.0,0.0,0.0,0.0,0.0,0.0,0.0,122.0,70.0,3.0,97.52235955,180.34,0.0,39,29.0,0.5127029353,111.0,59.0,178.0,39.0,12.0,1.8,21.0,3.0,0.0,1.7480000000000002,6.1,0.0,0.0,0.0,34.124,0.0,0.0,29.986105856,0.0,0.3603793844,0.0,10.0,0.0,0.0
1152,0.0,0.0,0.0,0.0,0.0,0.0,0.0,139.0,87.0,4.0,93.89362059,180.34,0.0,40,30.0,0.5325175415,92.0,46.0,149.0,56.0,12.0,1.8,0.0,4.0,0.0,2.2359999999999998,6.1,0.0,0.0,0.0,44.515,0.0,0.0,28.870343778000002,0.0,0.06762463190000001,0.0,10.0,0.0,0.0
1152,0.0,0.0,0.0,0.0,0.0,0.0,0.0,141.0,85.0,2.0,95.70799007,179.832,0.0,41,31.0,0.0,0.0,0.0,0.0,0.0,0.0,9.0,0.0,2.0,0.0,0.0,6.4,0.0,0.0,0.0,53.975,0.0,0.0,29.594720806999998,0.0,0.1717734104,0.0,10.0,0.0,0.0
1152,30.0,0.0,0.0,0.0,0.0,0.0,0.0,135.0,81.0,3.0,95.25439770000001,177.8,0.0,42,32.0,0.46192093030000003,101.0,63.0,175.0,53.0,13.0,9.0,23.0,3.0,3.0,3.09,0.0,0.0,0.0,0.0,0.0,0.0,0.0,30.131553413000002,0.0,0.2489576086,0.0,10.0,0.0,0.0
1152,0.0,0.0,0.0,0.0,0.0,0.0,0.0,145.0,80.0,5.0,0.0,0.0,0.0,43,33.0,0.0,96.0,58.0,165.0,53.0,15.0,4.0,22.0,5.0,0.0,2.6830000000000003,0.0,0.0,0.0,19.0,0.0,0.0,0.0,0.0,0.0,0.0,0.0,10.0,0.0,0.0
