PtID,Pt_CGMUseNumDays,Pt_FatherT1D,Pt_MotherT1D,Pt_SiblingT1D,Pt_ChildT1D,Pt_GrandchildT1D,Pt_GrandparentT1D,BldPrSys,BldPrDia,SMBGperDayPtMeterCombo,WeightKg,HeightCm,DirectLDL,age,diabDur,TotalDailyInsPerKg,LDL,HDL,TotChol,Triglyc,BUN,AlbCreatRat_mggNew,UnitsInsBasalOrLongAct,BGTestAvgNumMeter,BGTestAvgNumPtRep,TSH,HbA1c,AutonomicNeuroCl,Pt_InsGov,NumPumpBolusOrShortAct,HbA1cImputeDtMnC,Pt_SHFlg,Pt_DKAFlg,bmi,bmiPerc,bmiZscore,GFR,diagAgeCombo,Pt_A1cGoalLev,Pt_A1cGoalLevelDsYr5
11520,0.0,0.0,0.0,0.0,0.0,0.0,0.0,115.0,69.0,6.0,43.2,144.6,0.0,11,5.0,1.1574074074,94.0,93.0,0.0,75.0,13.0,10.0,0.0,0.0,6.0,0.0,8.0,0.0,0.0,5.0,-0.23199999999999998,0.0,0.0,20.660801295,0.8403606225,0.9959411187999999,0.0,5.0,0.0,0.0
11520,0.0,0.0,0.0,0.0,0.0,0.0,0.0,110.0,61.0,5.0,51.6,150.5,0.0,12,6.0,1.1046511628,65.0,85.0,0.0,44.0,8.0,4.0,0.0,0.0,5.0,0.0,8.6,0.0,0.0,0.0,11.917,0.0,0.0,22.781205505,0.8948699249,1.2528504148000001,0.0,5.0,7.0,0.0
11520,0.0,0.0,0.0,0.0,0.0,0.0,0.0,109.0,57.0,5.0,61.1,152.8,0.0,12,7.0,0.0,0.0,0.0,0.0,0.0,0.0,0.0,30.0,0.0,5.0,0.0,8.0,0.0,0.0,0.0,22.008000000000003,0.0,0.0,26.169444368,0.9616874278,1.7706126051,0.0,5.0,0.0,0.0
11520,0.0,0.0,0.0,0.0,0.0,0.0,0.0,103.0,55.0,5.0,64.1,153.7,0.0,13,8.0,0.0,90.0,72.0,0.0,71.0,11.0,0.0,31.0,0.0,5.0,2.33,8.6,0.0,0.0,0.0,34.124,0.0,0.0,27.133779693,0.9602633161,1.7537499192,0.0,5.0,0.0,0.0
11520,0.0,0.0,0.0,0.0,0.0,0.0,0.0,102.0,66.0,3.0,64.3,154.7,0.0,14,9.0,0.0,72.0,72.0,0.0,54.0,12.0,0.0,30.0,0.0,3.0,2.1,7.9,0.0,0.0,0.0,47.801,0.0,0.0,26.867691036999997,0.9452857381,1.6007670518000001,0.0,5.0,0.0,0.0
11520,0.0,0.0,0.0,0.0,0.0,0.0,0.0,103.0,71.0,5.0,64.9,154.6,0.0,15,10.0,0.9553158706,79.0,87.0,0.0,50.0,13.0,0.0,32.0,5.0,5.0,3.0,8.1,0.0,0.0,0.0,57.394,0.0,0.0,27.153493805,0.9368834743000001,1.5291266441999998,0.0,5.0,0.0,0.0
11520,0.0,0.0,0.0,0.0,0.0,0.0,0.0,118.0,67.0,6.0,66.5,155.2,0.0,16,11.0,0.0,0.0,0.0,0.0,0.0,0.0,0.0,32.0,0.0,6.0,0.0,7.6,0.0,0.0,0.0,71.535,0.0,0.0,27.608207566999997,0.9322364926000001,1.4926569229,0.0,5.0,0.0,0.0
