PtID,Pt_CGMUseNumDays,Pt_FatherT1D,Pt_MotherT1D,Pt_SiblingT1D,Pt_ChildT1D,Pt_GrandchildT1D,Pt_GrandparentT1D,BldPrSys,BldPrDia,SMBGperDayPtMeterCombo,WeightKg,HeightCm,DirectLDL,age,diabDur,TotalDailyInsPerKg,LDL,HDL,TotChol,Triglyc,BUN,AlbCreatRat_mggNew,UnitsInsBasalOrLongAct,BGTestAvgNumMeter,BGTestAvgNumPtRep,TSH,HbA1c,AutonomicNeuroCl,Pt_InsGov,NumPumpBolusOrShortAct,HbA1cImputeDtMnC,Pt_SHFlg,Pt_DKAFlg,bmi,bmiPerc,bmiZscore,GFR,diagAgeCombo,Pt_A1cGoalLev,Pt_A1cGoalLevelDsYr5
11539,0.0,0.0,0.0,0.0,0.0,0.0,0.0,106.0,68.0,4.0,84.82177319,177.8,0.0,33,0.0,0.38905105090000003,98.0,26.0,151.0,139.0,6.0,0.0,0.0,4.0,3.0,0.0,17.6,0.0,0.0,0.0,-1.129,1.0,0.0,26.831430896,0.0,-0.096914024,0.0,32.0,0.0,0.0
11539,0.0,0.0,0.0,0.0,0.0,0.0,0.0,112.0,66.0,0.0,76.65711053,176.53,0.0,34,1.0,0.8479317776,0.0,0.0,0.0,0.0,0.0,0.0,25.0,0.0,0.0,0.0,13.0,0.0,0.0,3.0,18.921,0.0,0.0,24.598883899999997,0.0,-0.420538181,0.0,32.0,0.0,0.0
11539,0.0,0.0,0.0,0.0,0.0,0.0,0.0,120.0,60.0,0.0,80.28584949,176.53,0.0,35,2.0,0.8345181676000001,0.0,0.0,0.0,0.0,0.0,0.0,25.0,0.0,0.0,0.0,11.2,0.0,0.0,3.0,30.075,0.0,0.0,25.763328109,0.0,-0.251743402,0.0,32.0,0.0,0.0
11539,0.0,0.0,0.0,0.0,0.0,0.0,0.0,132.0,86.0,2.0,83.46099608,175.26,0.0,36,3.0,0.9585315746999999,114.0,46.0,170.0,52.0,0.0,0.0,40.0,0.0,2.0,0.0,10.4,0.0,0.0,3.0,38.672,0.0,0.0,27.171771194,0.0,-0.047579187,0.0,32.0,0.0,0.0
11539,0.0,0.0,0.0,0.0,0.0,0.0,0.0,130.0,88.0,2.0,82.10021897,175.26,0.0,37,4.0,0.9622386029000001,122.0,46.0,185.0,86.0,13.0,0.0,40.0,0.0,2.0,0.0,12.0,0.0,0.0,3.0,55.733999999999995,0.0,0.0,26.728753185,0.0,-0.111797915,127.0,32.0,0.0,0.0
11539,0.0,0.0,0.0,0.0,0.0,0.0,0.0,112.0,80.0,0.0,0.0,0.0,0.0,38,5.0,0.0,96.0,42.0,154.0,81.0,16.0,11.0,40.0,0.0,0.0,0.0,11.1,0.0,0.0,3.0,71.203,0.0,0.0,0.0,0.0,0.0,126.0,32.0,0.0,0.0
