PtID,Pt_CGMUseNumDays,Pt_FatherT1D,Pt_MotherT1D,Pt_SiblingT1D,Pt_ChildT1D,Pt_GrandchildT1D,Pt_GrandparentT1D,BldPrSys,BldPrDia,SMBGperDayPtMeterCombo,WeightKg,HeightCm,DirectLDL,age,diabDur,TotalDailyInsPerKg,LDL,HDL,TotChol,Triglyc,BUN,AlbCreatRat_mggNew,UnitsInsBasalOrLongAct,BGTestAvgNumMeter,BGTestAvgNumPtRep,TSH,HbA1c,AutonomicNeuroCl,Pt_InsGov,NumPumpBolusOrShortAct,HbA1cImputeDtMnC,Pt_SHFlg,Pt_DKAFlg,bmi,bmiPerc,bmiZscore,GFR,diagAgeCombo,Pt_A1cGoalLev,Pt_A1cGoalLevelDsYr5
11544,14.0,0.0,0.0,0.0,0.0,0.0,0.0,106.0,63.0,6.0,59.3,160.5,0.0,12,11.0,1.0286677909,97.0,59.0,170.0,69.0,0.0,2.8,0.0,6.0,7.0,0.0,8.2,0.0,0.0,6.0,0.0,0.0,0.0,23.019962926999998,0.9026684593000001,1.2969073088,0.0,1.0,0.0,0.0
11544,15.0,0.0,0.0,0.0,0.0,0.0,0.0,103.0,55.0,5.0,61.3,160.0,0.0,13,12.0,0.5709624796,88.0,53.0,154.0,64.0,11.0,0.0,0.0,5.0,7.0,0.0,8.5,0.0,0.0,4.0,10.888,0.0,0.0,23.9453125,0.9030712119,1.2992516647,0.0,1.0,7.5,0.0
11544,0.0,0.0,0.0,0.0,0.0,0.0,0.0,114.0,72.0,5.0,61.5,161.0,0.0,14,13.0,0.7642276423000001,0.0,0.0,0.0,0.0,0.0,3.5,24.0,5.0,0.0,0.0,8.4,0.0,0.0,4.0,22.206999999999997,0.0,0.0,23.725936499,0.8674905001000001,1.1146066959,0.0,1.0,0.0,0.0
11544,0.0,0.0,0.0,0.0,0.0,0.0,0.0,105.0,65.0,7.0,57.8,161.6,0.0,15,14.0,0.8131487889,54.0,62.0,126.0,52.0,12.0,4.4,23.0,7.0,0.0,1.38,7.5,0.0,0.0,5.0,31.734,0.0,0.0,22.133246741,0.7367365126000001,0.6333165086,0.0,1.0,0.0,0.0
11544,0.0,0.0,0.0,0.0,0.0,0.0,0.0,102.0,74.0,5.0,56.8,160.0,0.0,16,14.0,0.7394366197,69.0,71.0,151.0,53.0,10.0,4.4,24.0,5.0,0.0,2.03,8.0,0.0,0.0,5.0,41.826,0.0,0.0,22.1875,0.6938998972,0.5069353152,0.0,1.0,0.0,0.0
11544,0.0,0.0,0.0,0.0,0.0,0.0,0.0,106.0,69.0,0.0,56.3,160.5,0.0,17,16.0,0.0,0.0,0.0,0.0,0.0,11.0,29.9,0.0,0.0,0.0,1.75,7.7,0.0,0.0,0.0,55.934,0.0,0.0,21.855377955999998,0.6146322252,0.29141290000000003,0.0,1.0,0.0,0.0
