PtID,Pt_CGMUseNumDays,Pt_FatherT1D,Pt_MotherT1D,Pt_SiblingT1D,Pt_ChildT1D,Pt_GrandchildT1D,Pt_GrandparentT1D,BldPrSys,BldPrDia,SMBGperDayPtMeterCombo,WeightKg,HeightCm,DirectLDL,age,diabDur,TotalDailyInsPerKg,LDL,HDL,TotChol,Triglyc,BUN,AlbCreatRat_mggNew,UnitsInsBasalOrLongAct,BGTestAvgNumMeter,BGTestAvgNumPtRep,TSH,HbA1c,AutonomicNeuroCl,Pt_InsGov,NumPumpBolusOrShortAct,HbA1cImputeDtMnC,Pt_SHFlg,Pt_DKAFlg,bmi,bmiPerc,bmiZscore,GFR,diagAgeCombo,Pt_A1cGoalLev,Pt_A1cGoalLevelDsYr5
11541,0.0,0.0,0.0,0.0,0.0,0.0,0.0,93.0,55.0,3.0,45.8,154.7,0.0,13,0.0,0.1091703057,63.0,60.0,143.0,99.0,0.0,11.0,0.0,3.0,3.0,0.0,8.2,0.0,0.0,0.0,0.133,0.0,0.0,19.13748444,0.5582884222,0.1466311623,0.0,12.0,0.0,0.0
11541,0.0,0.0,0.0,0.0,0.0,0.0,0.0,118.0,59.0,3.0,49.4,157.0,0.0,14,2.0,0.0,0.0,0.0,0.0,0.0,0.0,6.0,0.0,3.0,4.0,0.0,7.4,0.0,0.0,4.0,15.203,0.0,0.0,20.041380989,0.5914964272,0.2313960344,0.0,12.0,7.5,0.0
11541,0.0,0.0,0.0,0.0,0.0,0.0,0.0,105.0,54.0,4.0,52.5,157.7,1.0,15,3.0,0.0,67.0,58.0,140.0,73.0,0.0,0.0,13.0,4.0,0.0,2.78,0.0,0.0,0.0,0.0,0.0,0.0,0.0,21.110373477,0.6433234253,0.3673564533,0.0,12.0,0.0,0.0
11541,0.0,0.0,0.0,0.0,0.0,0.0,0.0,98.0,55.0,5.0,55.1,157.5,0.0,15,3.0,0.0,0.0,0.0,0.0,0.0,0.0,0.0,13.0,5.0,0.0,0.0,8.3,0.0,0.0,0.0,34.49,0.0,0.0,22.212144116999998,0.7428970265000001,0.6523026559,0.0,12.0,0.0,0.0
11541,0.0,0.0,0.0,0.0,0.0,0.0,0.0,107.0,67.0,4.0,61.2,157.5,0.0,16,4.0,0.0,0.0,0.0,0.0,0.0,0.0,0.0,15.0,4.0,0.0,0.0,8.6,0.0,0.0,0.0,46.606,0.0,0.0,24.671201814,0.851348222,1.0422332389,0.0,12.0,0.0,0.0
11541,0.0,0.0,0.0,0.0,0.0,0.0,0.0,115.0,56.0,0.0,55.0,158.0,0.0,17,5.0,0.0,0.0,0.0,0.0,0.0,0.0,0.0,15.0,0.0,0.0,0.0,6.8,0.0,0.0,0.0,56.56399999999999,0.0,0.0,22.031725685,0.6331409378,0.34018379049999997,0.0,12.0,0.0,0.0
