PtID,Pt_CGMUseNumDays,Pt_FatherT1D,Pt_MotherT1D,Pt_SiblingT1D,Pt_ChildT1D,Pt_GrandchildT1D,Pt_GrandparentT1D,BldPrSys,BldPrDia,SMBGperDayPtMeterCombo,WeightKg,HeightCm,DirectLDL,age,diabDur,TotalDailyInsPerKg,LDL,HDL,TotChol,Triglyc,BUN,AlbCreatRat_mggNew,UnitsInsBasalOrLongAct,BGTestAvgNumMeter,BGTestAvgNumPtRep,TSH,HbA1c,AutonomicNeuroCl,Pt_InsGov,NumPumpBolusOrShortAct,HbA1cImputeDtMnC,Pt_SHFlg,Pt_DKAFlg,bmi,bmiPerc,bmiZscore,GFR,diagAgeCombo,Pt_A1cGoalLev,Pt_A1cGoalLevelDsYr5
1156,0.0,0.0,0.0,0.0,0.0,0.0,0.0,100.0,59.0,6.0,32.6,145.1,0.0,11,0.0,0.21472392640000001,0.0,0.0,0.0,0.0,15.0,0.0,0.0,6.0,9.0,0.0,11.8,0.0,1.0,0.0,-0.664,0.0,0.0,15.483986186,0.17372985629999999,-0.939528021,0.0,11.0,0.0,0.0
1156,0.0,0.0,0.0,0.0,0.0,0.0,0.0,104.0,57.0,12.0,37.5,150.8,0.0,13,1.0,0.5333333333,0.0,64.0,175.0,80.0,0.0,24.7,0.0,0.0,12.0,0.0,5.8,0.0,1.0,0.0,12.78,0.0,0.0,16.490301065,0.1708169353,-0.9509419,0.0,11.0,5.9,0.0
1156,0.0,0.0,0.0,0.0,0.0,0.0,0.0,112.0,59.0,0.0,44.3,157.7,0.0,14,2.0,0.7674943567,0.0,0.0,0.0,0.0,0.0,0.0,12.0,0.0,0.0,1.4,6.0,0.0,0.0,0.0,24.631,0.0,0.0,17.813134191,0.2791656819,-0.585321793,0.0,11.0,0.0,0.0
1156,0.0,0.0,0.0,0.0,0.0,0.0,0.0,110.0,64.0,0.0,54.4,163.7,0.0,15,3.0,0.7536764706,0.0,0.0,0.0,0.0,0.0,9.2,19.0,0.0,0.0,1.02,6.6,0.0,0.0,0.0,42.29,0.0,0.0,20.300257224,0.550626045,0.1272432057,0.0,11.0,0.0,0.0
1156,0.0,0.0,0.0,0.0,0.0,0.0,0.0,113.0,66.0,11.0,58.8,166.0,0.0,16,4.0,0.6122448979999999,0.0,0.0,188.0,0.0,0.0,0.0,18.0,11.0,5.0,0.52,6.8,0.0,0.0,0.0,54.606,0.0,0.0,21.33836551,0.6094280073,0.2778285349,0.0,11.0,0.0,0.0
1156,30.0,0.0,0.0,0.0,0.0,0.0,0.0,115.0,61.0,4.0,57.9,164.5,0.0,17,5.0,0.6044905009,0.0,0.0,0.0,0.0,0.0,0.0,16.0,0.0,4.0,0.662,6.9,0.0,0.0,0.0,63.137,0.0,0.0,21.396698109000003,0.5629495785,0.15845174380000002,0.0,11.0,0.0,0.0
1156,0.0,0.0,0.0,0.0,0.0,0.0,0.0,115.0,63.0,9.0,61.6,165.0,0.0,17,6.0,0.6720779221,0.0,0.0,0.0,0.0,0.0,0.0,22.0,9.0,0.0,0.0,6.7,0.0,0.0,0.0,72.531,0.0,0.0,22.626262626,0.6899550470999999,0.49572293159999997,0.0,11.0,0.0,0.0
