PtID,Pt_CGMUseNumDays,Pt_FatherT1D,Pt_MotherT1D,Pt_SiblingT1D,Pt_ChildT1D,Pt_GrandchildT1D,Pt_GrandparentT1D,BldPrSys,BldPrDia,SMBGperDayPtMeterCombo,WeightKg,HeightCm,DirectLDL,age,diabDur,TotalDailyInsPerKg,LDL,HDL,TotChol,Triglyc,BUN,AlbCreatRat_mggNew,UnitsInsBasalOrLongAct,BGTestAvgNumMeter,BGTestAvgNumPtRep,TSH,HbA1c,AutonomicNeuroCl,Pt_InsGov,NumPumpBolusOrShortAct,HbA1cImputeDtMnC,Pt_SHFlg,Pt_DKAFlg,bmi,bmiPerc,bmiZscore,GFR,diagAgeCombo,Pt_A1cGoalLev,Pt_A1cGoalLevelDsYr5
11609,0.0,0.0,0.0,1.0,0.0,0.0,0.0,94.0,49.0,7.0,26.3,123.1,0.0,8,4.0,0.7984790875,0.0,45.0,152.0,0.0,8.0,0.0,0.0,7.0,10.0,0.0,7.7,0.0,0.0,13.0,-0.996,0.0,0.0,17.355600415,0.7609198981,0.7092647419,0.0,4.0,0.0,0.0
11609,0.0,0.0,0.0,0.0,0.0,0.0,0.0,95.0,56.0,6.0,36.8,141.4,0.0,11,6.0,1.1684782609,99.0,102.0,0.0,46.0,0.0,0.0,14.0,6.0,0.0,1.49,8.2,0.0,0.0,0.0,27.419,0.0,0.0,18.405558479,0.6383621334,0.35408426590000003,0.0,4.0,0.0,0.0
11609,0.0,0.0,0.0,0.0,0.0,0.0,0.0,103.0,68.0,0.0,55.1,149.8,0.0,12,8.0,1.3248638838,96.0,85.0,197.0,79.0,17.0,0.0,33.0,0.0,0.0,1.48,8.8,0.0,0.0,0.0,49.028999999999996,0.0,0.0,24.554323433,0.9394613242000001,1.5502673871000001,0.0,4.0,0.0,0.0
11609,0.0,0.0,0.0,0.0,0.0,0.0,0.0,121.0,73.0,0.0,59.5,149.0,0.0,13,9.0,1.2941176471,84.0,68.0,167.0,0.0,0.0,0.0,30.0,0.0,0.0,1.24,8.1,0.0,0.0,0.0,61.544,0.0,0.0,26.800594568,0.9566999377,1.7136113668000001,0.0,4.0,0.0,0.0
11609,0.0,0.0,0.0,0.0,0.0,0.0,0.0,100.0,61.0,4.0,66.1,151.1,0.0,14,9.0,1.2102874433,105.0,60.0,188.0,113.0,0.0,0.0,36.0,4.0,5.0,1.28,0.0,0.0,0.0,0.0,0.0,0.0,0.0,28.951597396999997,0.967137507,1.84029468,0.0,4.0,0.0,0.0
