PtID,Pt_CGMUseNumDays,Pt_FatherT1D,Pt_MotherT1D,Pt_SiblingT1D,Pt_ChildT1D,Pt_GrandchildT1D,Pt_GrandparentT1D,BldPrSys,BldPrDia,SMBGperDayPtMeterCombo,WeightKg,HeightCm,DirectLDL,age,diabDur,TotalDailyInsPerKg,LDL,HDL,TotChol,Triglyc,BUN,AlbCreatRat_mggNew,UnitsInsBasalOrLongAct,BGTestAvgNumMeter,BGTestAvgNumPtRep,TSH,HbA1c,AutonomicNeuroCl,Pt_InsGov,NumPumpBolusOrShortAct,HbA1cImputeDtMnC,Pt_SHFlg,Pt_DKAFlg,bmi,bmiPerc,bmiZscore,GFR,diagAgeCombo,Pt_A1cGoalLev,Pt_A1cGoalLevelDsYr5
11604,30.0,0.0,0.0,0.0,0.0,0.0,0.0,121.0,72.0,4.0,101.51397241,182.372,0.0,59,41.0,0.7092619695,109.0,63.0,0.0,65.0,20.0,7.5,0.0,0.0,4.0,0.0,6.9,0.0,0.0,10.0,0.465,0.0,0.0,30.521754936999997,0.0,0.2411210015,0.0,18.0,0.0,0.0
11604,30.0,0.0,0.0,0.0,0.0,0.0,0.0,150.0,88.0,4.0,104.5,182.0,0.0,61,43.0,0.6028708134,0.0,0.0,0.0,0.0,20.0,0.0,0.0,4.0,3.0,0.0,7.0,0.0,0.0,0.0,25.759,0.0,0.0,31.548122207,0.0,0.5047935634,0.0,18.0,7.0,0.0
11604,0.0,0.0,0.0,0.0,0.0,0.0,0.0,125.0,80.0,8.0,101.0,182.0,0.0,63,44.0,0.6633663366,93.0,63.0,165.0,49.0,26.0,0.0,36.0,8.0,0.0,2.76,6.8,0.0,0.0,12.0,41.56,0.0,0.0,30.491486535,0.0,0.3033742767,0.0,18.0,0.0,0.0
11604,0.0,0.0,0.0,0.0,0.0,0.0,0.0,120.0,73.0,7.0,99.5,181.0,0.0,64,45.0,0.6934673367,87.0,57.0,155.0,58.0,26.0,0.0,31.0,7.0,0.0,2.2,6.8,0.0,0.0,0.0,56.199,0.0,0.0,30.371478281999998,0.0,0.2804979179,0.0,18.0,0.0,0.0
11604,30.0,0.0,0.0,0.0,0.0,0.0,0.0,114.0,68.0,3.0,100.2,181.0,0.0,66,47.0,0.628742515,0.0,0.0,0.0,0.0,0.0,0.0,29.0,3.0,3.0,0.0,6.6,0.0,1.0,8.0,80.365,0.0,0.0,30.585146974,0.0,0.3212281303,0.0,18.0,0.0,0.0
