PtID,Pt_CGMUseNumDays,Pt_FatherT1D,Pt_MotherT1D,Pt_SiblingT1D,Pt_ChildT1D,Pt_GrandchildT1D,Pt_GrandparentT1D,BldPrSys,BldPrDia,SMBGperDayPtMeterCombo,WeightKg,HeightCm,DirectLDL,age,diabDur,TotalDailyInsPerKg,LDL,HDL,TotChol,Triglyc,BUN,AlbCreatRat_mggNew,UnitsInsBasalOrLongAct,BGTestAvgNumMeter,BGTestAvgNumPtRep,TSH,HbA1c,AutonomicNeuroCl,Pt_InsGov,NumPumpBolusOrShortAct,HbA1cImputeDtMnC,Pt_SHFlg,Pt_DKAFlg,bmi,bmiPerc,bmiZscore,GFR,diagAgeCombo,Pt_A1cGoalLev,Pt_A1cGoalLevelDsYr5
11617,0.0,0.0,0.0,0.0,0.0,0.0,0.0,115.0,75.0,7.0,75.6,185.3,0.0,18,4.0,0.5952380952,0.0,44.0,149.0,0.0,0.0,0.0,0.0,0.0,7.0,0.0,7.7,0.0,0.0,0.0,0.0,0.0,0.0,22.017649651,0.5202271574,0.050723707400000005,0.0,14.0,0.0,0.0
11617,0.0,0.0,0.0,0.0,0.0,0.0,0.0,126.0,71.0,0.0,81.2,185.1,0.0,19,5.0,0.9852216748999999,0.0,0.0,0.0,0.0,0.0,3.2,35.0,0.0,0.0,1.47,6.4,0.0,0.0,3.0,16.299,0.0,0.0,23.699718726,0.6483944105,0.3809893124,0.0,14.0,0.0,0.0
11617,0.0,0.0,0.0,0.0,0.0,0.0,0.0,104.0,41.0,8.0,83.8,184.9,0.0,21,6.0,0.0,0.0,0.0,0.0,0.0,0.0,2.0,30.0,8.0,0.0,0.0,6.9,0.0,0.0,0.0,33.295,0.0,0.0,24.511517341999998,0.0,-0.411943141,0.0,14.0,0.0,0.0
11617,0.0,0.0,0.0,0.0,0.0,0.0,0.0,121.0,75.0,0.0,83.7,184.9,0.0,22,8.0,0.35842293909999995,0.0,0.0,0.0,0.0,0.0,2.0,0.0,0.0,0.0,0.0,7.3,0.0,0.0,0.0,48.83,0.0,0.0,24.482267321,0.0,-0.417712566,0.0,14.0,0.0,0.0
11617,10.0,0.0,0.0,0.0,0.0,0.0,0.0,0.0,0.0,7.0,0.0,0.0,0.0,23,9.0,0.0,96.0,45.0,153.0,59.0,0.0,2.0,0.0,0.0,7.0,2.58,7.8,0.0,0.0,0.0,61.145,0.0,0.0,0.0,0.0,0.0,0.0,14.0,0.0,0.0
11617,0.0,0.0,0.0,0.0,0.0,0.0,0.0,110.0,69.0,0.0,82.0,184.9,0.0,24,10.0,0.0,0.0,0.0,0.0,0.0,0.0,2.0,0.0,0.0,0.0,0.0,7.6,0.0,0.0,0.0,73.328,0.0,0.0,23.985016969,0.0,-0.515792802,0.0,14.0,0.0,0.0
