PtID,Pt_CGMUseNumDays,Pt_FatherT1D,Pt_MotherT1D,Pt_SiblingT1D,Pt_ChildT1D,Pt_GrandchildT1D,Pt_GrandparentT1D,BldPrSys,BldPrDia,SMBGperDayPtMeterCombo,WeightKg,HeightCm,DirectLDL,age,diabDur,TotalDailyInsPerKg,LDL,HDL,TotChol,Triglyc,BUN,AlbCreatRat_mggNew,UnitsInsBasalOrLongAct,BGTestAvgNumMeter,BGTestAvgNumPtRep,TSH,HbA1c,AutonomicNeuroCl,Pt_InsGov,NumPumpBolusOrShortAct,HbA1cImputeDtMnC,Pt_SHFlg,Pt_DKAFlg,bmi,bmiPerc,bmiZscore,GFR,diagAgeCombo,Pt_A1cGoalLev,Pt_A1cGoalLevelDsYr5
11623,0.0,0.0,0.0,0.0,0.0,0.0,0.0,99.0,65.0,6.0,46.629295636,153.416,0.0,12,11.0,0.9007213045999999,110.0,72.0,198.0,79.0,0.0,0.0,0.0,0.0,6.0,0.0,7.8,0.0,0.0,0.0,0.266,0.0,0.0,19.811508483,0.7646721762,0.7214126795999999,0.0,1.0,0.0,0.0
11623,0.0,0.0,0.0,0.0,0.0,0.0,0.0,100.0,65.0,5.0,56.0,163.0,0.0,14,13.0,0.0,72.0,64.0,159.0,115.0,0.0,2.9,0.0,5.0,7.0,0.0,9.0,0.0,0.0,12.0,16.996,0.0,0.0,21.077195228,0.7405360406999999,0.644998869,0.0,1.0,0.0,0.0
11623,0.0,0.0,0.0,0.0,0.0,0.0,0.0,113.0,73.0,3.0,65.5,169.4,0.0,15,14.0,1.0229007634,78.0,55.0,154.0,106.0,0.0,3.6,31.0,3.0,0.0,0.0,8.8,0.0,0.0,0.0,26.755,0.0,0.0,22.825194554,0.8158207502,0.8995523975,0.0,1.0,0.0,0.0
11623,0.0,0.0,0.0,0.0,0.0,0.0,0.0,112.0,74.0,4.0,72.1,174.7,0.0,16,15.0,0.9708737864,0.0,0.0,0.0,0.0,0.0,4.5,31.0,4.0,0.0,0.0,8.0,0.0,0.0,0.0,39.303000000000004,0.0,0.0,23.623783547,0.8184336426000001,0.9094119527,0.0,1.0,0.0,0.0
