PtID,Pt_CGMUseNumDays,Pt_FatherT1D,Pt_MotherT1D,Pt_SiblingT1D,Pt_ChildT1D,Pt_GrandchildT1D,Pt_GrandparentT1D,BldPrSys,BldPrDia,SMBGperDayPtMeterCombo,WeightKg,HeightCm,DirectLDL,age,diabDur,TotalDailyInsPerKg,LDL,HDL,TotChol,Triglyc,BUN,AlbCreatRat_mggNew,UnitsInsBasalOrLongAct,BGTestAvgNumMeter,BGTestAvgNumPtRep,TSH,HbA1c,AutonomicNeuroCl,Pt_InsGov,NumPumpBolusOrShortAct,HbA1cImputeDtMnC,Pt_SHFlg,Pt_DKAFlg,bmi,bmiPerc,bmiZscore,GFR,diagAgeCombo,Pt_A1cGoalLev,Pt_A1cGoalLevelDsYr5
11621,0.0,0.0,0.0,0.0,0.0,0.0,0.0,108.0,60.0,3.0,57.5,160.3,0.0,16,9.0,0.9391304348,0.0,0.0,0.0,0.0,11.0,8.0,0.0,3.0,5.0,0.0,9.8,0.0,1.0,0.0,-0.19899999999999998,0.0,0.0,22.376945285999998,0.7103449769,0.5543928094,0.0,7.0,0.0,0.0
11621,0.0,0.0,0.0,0.0,0.0,0.0,0.0,95.0,59.0,4.0,59.8,159.6,0.0,18,11.0,0.9030100334000001,83.0,57.0,156.0,78.0,13.0,5.0,0.0,4.0,5.0,0.0,9.4,0.0,1.0,0.0,14.937999999999999,0.0,0.0,23.476611328,0.7263347479000001,0.6017651078,0.0,7.0,7.1,0.0
11621,0.0,0.0,0.0,0.0,0.0,0.0,0.0,112.0,74.0,3.0,61.0,160.0,0.0,19,12.0,0.0,0.0,0.0,0.0,0.0,0.0,0.0,25.0,3.0,3.0,1.39,8.9,0.0,0.0,0.0,27.054000000000002,0.0,0.0,23.828125,0.7271776164,0.6042991563,0.0,7.0,0.0,0.0
11621,0.0,0.0,0.0,0.0,0.0,0.0,0.0,94.0,58.0,4.0,61.0,159.8,0.0,20,13.0,0.0,74.0,90.0,175.0,55.0,0.0,0.0,24.0,4.0,4.0,0.0,8.5,0.0,0.0,3.0,40.166,0.0,0.0,23.887807193,0.712348773,-0.392675,0.0,7.0,0.0,0.0
