PtID,Pt_CGMUseNumDays,Pt_FatherT1D,Pt_MotherT1D,Pt_SiblingT1D,Pt_ChildT1D,Pt_GrandchildT1D,Pt_GrandparentT1D,BldPrSys,BldPrDia,SMBGperDayPtMeterCombo,WeightKg,HeightCm,DirectLDL,age,diabDur,TotalDailyInsPerKg,LDL,HDL,TotChol,Triglyc,BUN,AlbCreatRat_mggNew,UnitsInsBasalOrLongAct,BGTestAvgNumMeter,BGTestAvgNumPtRep,TSH,HbA1c,AutonomicNeuroCl,Pt_InsGov,NumPumpBolusOrShortAct,HbA1cImputeDtMnC,Pt_SHFlg,Pt_DKAFlg,bmi,bmiPerc,bmiZscore,GFR,diagAgeCombo,Pt_A1cGoalLev,Pt_A1cGoalLevelDsYr5
1162,0.0,0.0,0.0,0.0,0.0,0.0,0.0,110.0,70.0,8.0,62.59574706,162.56,0.0,20,9.0,0.6390210498,0.0,0.0,0.0,0.0,12.0,0.0,0.0,8.0,8.0,0.0,0.0,0.0,0.0,11.0,0.0,0.0,0.0,23.68740283,0.6969792853,-0.419697175,0.0,11.0,0.0,0.0
1162,0.0,0.0,0.0,0.0,0.0,0.0,0.0,120.0,70.0,4.0,60.78137758,162.56,0.0,23,12.0,0.6416438974,75.0,69.0,0.0,65.0,14.0,106.1,19.0,4.0,0.0,1.64,6.5,0.0,0.0,6.0,35.851,0.0,0.0,23.000811443000003,0.0,-0.5122759610000001,123.0,11.0,0.0,0.0
1162,0.0,0.0,0.0,0.0,0.0,0.0,0.0,106.0,68.0,9.0,57.60623099,162.56,0.0,24,13.0,0.4860585308,105.0,76.0,0.0,58.0,12.0,10.1,13.0,9.0,0.0,1.35,6.2,0.0,0.0,10.0,47.833999999999996,0.0,0.0,21.799276517,0.0,-0.674288835,0.0,11.0,0.0,0.0
1162,0.0,0.0,0.0,0.0,0.0,0.0,0.0,102.0,70.0,0.0,59.42060047,162.56,0.0,25,14.0,0.0,0.0,0.0,0.0,0.0,15.0,5.8,0.0,0.0,0.0,0.998,6.5,0.0,0.0,0.0,58.722,0.0,0.0,22.485867903000003,0.0,-0.58171005,90.0,11.0,0.0,0.0
1162,0.0,0.0,0.0,0.0,0.0,0.0,0.0,116.0,68.0,4.0,63.04933943,163.8,0.0,26,15.0,0.317211888,73.0,77.0,165.0,73.0,15.0,5.8,0.0,0.0,4.0,1.55,6.2,0.0,0.0,0.0,68.846,0.0,0.0,23.49918206,0.0,-0.445076536,81.0,11.0,0.0,0.0
1162,30.0,0.0,0.0,0.0,0.0,0.0,0.0,122.0,80.0,4.0,60.78137758,163.83,0.0,27,16.0,0.0,0.0,0.0,0.0,0.0,20.0,5.8,0.0,4.0,4.0,1.45,6.0,0.0,0.0,0.0,79.402,0.0,0.0,22.645591893000002,0.0,-0.560173145,86.0,11.0,0.0,0.0
