PtID,Pt_CGMUseNumDays,Pt_FatherT1D,Pt_MotherT1D,Pt_SiblingT1D,Pt_ChildT1D,Pt_GrandchildT1D,Pt_GrandparentT1D,BldPrSys,BldPrDia,SMBGperDayPtMeterCombo,WeightKg,HeightCm,DirectLDL,age,diabDur,TotalDailyInsPerKg,LDL,HDL,TotChol,Triglyc,BUN,AlbCreatRat_mggNew,UnitsInsBasalOrLongAct,BGTestAvgNumMeter,BGTestAvgNumPtRep,TSH,HbA1c,AutonomicNeuroCl,Pt_InsGov,NumPumpBolusOrShortAct,HbA1cImputeDtMnC,Pt_SHFlg,Pt_DKAFlg,bmi,bmiPerc,bmiZscore,GFR,diagAgeCombo,Pt_A1cGoalLev,Pt_A1cGoalLevelDsYr5
11641,0.0,0.0,0.0,0.0,0.0,0.0,0.0,112.0,61.0,6.0,35.7,141.0,0.0,10,3.0,0.6722689076,0.0,0.0,164.0,0.0,10.0,13.0,0.0,0.0,6.0,0.0,8.6,0.0,0.0,3.0,0.0,0.0,0.0,17.956843217,0.6696932649,0.4390663368,0.0,6.0,0.0,0.0
11641,0.0,0.0,0.0,0.0,0.0,0.0,0.0,106.0,63.0,5.0,44.7,151.4,0.0,11,5.0,1.3422818792,0.0,0.0,0.0,0.0,0.0,0.0,0.0,0.0,5.0,0.0,9.0,0.0,0.0,3.0,14.241,1.0,0.0,19.500950181,0.7561882825,0.6940937226,0.0,6.0,0.0,0.0
11641,0.0,0.0,0.0,0.0,0.0,0.0,0.0,107.0,57.0,5.0,53.2,159.5,0.0,12,6.0,0.8834586466,0.0,0.0,0.0,0.0,8.0,0.0,21.0,5.0,0.0,4.17,9.3,0.0,0.0,26.0,27.253,0.0,0.0,20.911744185,0.8035886676999999,0.8545096504,0.0,6.0,0.0,0.0
11641,0.0,0.0,0.0,0.0,0.0,0.0,0.0,109.0,66.0,5.0,61.4,162.0,0.0,13,6.0,0.8957654723,0.0,0.0,0.0,0.0,0.0,42.0,23.0,5.0,5.0,1.56,8.8,0.0,0.0,32.0,36.548,0.0,0.0,23.395823807,0.8853030113,1.2019214128,0.0,6.0,0.0,0.0
11641,0.0,0.0,0.0,0.0,0.0,0.0,0.0,119.0,67.0,5.0,67.4,162.4,0.0,13,7.0,1.0534124629000001,90.0,47.0,208.0,356.0,8.0,42.0,26.0,5.0,0.0,1.54,9.9,0.0,0.0,5.0,45.61,0.0,0.0,25.555703851,0.9393953233,1.5497174275999999,0.0,6.0,0.0,0.0
11641,0.0,0.0,0.0,0.0,0.0,0.0,0.0,112.0,65.0,5.0,66.8,163.5,0.0,14,8.0,0.0,0.0,53.0,265.0,545.0,18.0,19.0,28.0,5.0,5.0,1.11,10.9,0.0,0.0,0.0,54.672,0.0,0.0,24.9885438,0.9085539536,1.3319029158,0.0,6.0,0.0,0.0
11641,0.0,0.0,0.0,0.0,0.0,0.0,0.0,111.0,71.0,0.0,68.9,164.0,0.0,15,9.0,0.0,0.0,0.0,0.0,0.0,15.0,19.0,0.0,0.0,0.0,0.97,11.9,0.0,0.0,0.0,63.967,0.0,0.0,25.617192148,0.9049991895,1.3105743171,0.0,6.0,0.0,0.0
11641,0.0,0.0,0.0,0.0,0.0,0.0,0.0,108.0,55.0,1.0,76.9,163.9,1.0,16,10.0,0.0,120.0,35.0,0.0,446.0,8.0,27.0,54.0,1.0,4.0,0.0,9.4,0.0,0.0,0.0,76.714,0.0,0.0,28.626511873000002,0.9469890154999999,1.6163346971,0.0,6.0,0.0,0.0
11641,0.0,0.0,0.0,0.0,0.0,0.0,0.0,115.0,65.0,4.0,74.9,163.8,0.0,16,10.0,0.0,0.0,0.0,0.0,0.0,12.0,27.0,60.0,0.0,4.0,0.0,13.3,0.0,0.0,0.0,80.432,0.0,1.0,27.916053556999998,0.9371810440999999,1.5315322113999998,0.0,6.0,0.0,10.0
