PtID,Pt_CGMUseNumDays,Pt_FatherT1D,Pt_MotherT1D,Pt_SiblingT1D,Pt_ChildT1D,Pt_GrandchildT1D,Pt_GrandparentT1D,BldPrSys,BldPrDia,SMBGperDayPtMeterCombo,WeightKg,HeightCm,DirectLDL,age,diabDur,TotalDailyInsPerKg,LDL,HDL,TotChol,Triglyc,BUN,AlbCreatRat_mggNew,UnitsInsBasalOrLongAct,BGTestAvgNumMeter,BGTestAvgNumPtRep,TSH,HbA1c,AutonomicNeuroCl,Pt_InsGov,NumPumpBolusOrShortAct,HbA1cImputeDtMnC,Pt_SHFlg,Pt_DKAFlg,bmi,bmiPerc,bmiZscore,GFR,diagAgeCombo,Pt_A1cGoalLev,Pt_A1cGoalLevelDsYr5
1167,0.0,0.0,0.0,0.0,0.0,0.0,0.0,85.0,44.0,10.0,20.0,107.3,0.0,5,3.0,0.65,33.0,61.0,128.0,168.0,10.0,0.0,0.0,10.0,7.0,0.0,6.8,0.0,1.0,7.0,-0.1,0.0,0.0,17.371229249000002,0.9116865422,1.3512139236,0.0,2.0,0.0,0.0
1167,0.0,0.0,0.0,0.0,0.0,0.0,0.0,85.0,51.0,10.0,21.9,115.6,0.0,7,5.0,0.9132420091,28.0,53.0,0.0,336.0,11.0,0.0,0.0,10.0,8.0,0.0,8.5,0.0,0.0,0.0,21.046,0.0,0.0,16.388094012,0.7094418351999999,0.5517548431,0.0,2.0,8.0,0.0
1167,0.0,0.0,0.0,0.0,0.0,0.0,0.0,91.0,50.0,7.0,24.3,120.2,0.0,8,6.0,0.658436214,0.0,0.0,0.0,0.0,0.0,0.0,4.0,7.0,3.0,0.0,7.7,0.0,0.0,0.0,31.967,0.0,0.0,16.818890313,0.7167255813,0.5731415779,0.0,2.0,0.0,0.0
1167,0.0,0.0,0.0,0.0,0.0,0.0,0.0,86.0,45.0,7.0,26.3,123.9,0.0,9,7.0,0.6844106464,0.0,0.0,0.0,0.0,0.0,0.0,5.0,7.0,9.0,2.43,8.3,0.0,0.0,6.0,40.564,0.0,0.0,17.132200002,0.6867426103000001,0.48663815509999997,0.0,2.0,0.0,0.0
1167,0.0,0.0,0.0,0.0,0.0,0.0,0.0,104.0,58.0,7.0,28.8,129.5,0.0,10,8.0,0.7291666667,0.0,0.0,0.0,0.0,0.0,0.0,6.0,7.0,9.0,1.83,8.6,0.0,0.0,4.0,52.614,0.0,0.0,17.173268139,0.602259133,0.25919895940000004,0.0,2.0,0.0,0.0
1167,0.0,0.0,0.0,0.0,0.0,0.0,0.0,96.0,60.0,10.0,31.9,134.7,0.0,11,9.0,0.6896551724,0.0,0.0,0.0,0.0,0.0,0.0,7.0,10.0,8.0,2.28,8.1,0.0,0.0,4.0,66.523,0.0,0.0,17.581482455,0.5709322148,0.17874800920000003,0.0,2.0,0.0,0.0
1167,0.0,0.0,0.0,0.0,0.0,0.0,0.0,94.0,62.0,7.0,35.0,138.8,0.0,12,10.0,0.6857142856999999,0.0,0.0,0.0,0.0,0.0,0.0,9.7,7.0,7.0,0.0,8.4,0.0,0.0,5.0,80.398,0.0,0.0,18.167246634,0.5622256975,0.1566145879,0.0,2.0,0.0,0.0
