PtID,Pt_CGMUseNumDays,Pt_FatherT1D,Pt_MotherT1D,Pt_SiblingT1D,Pt_ChildT1D,Pt_GrandchildT1D,Pt_GrandparentT1D,BldPrSys,BldPrDia,SMBGperDayPtMeterCombo,WeightKg,HeightCm,DirectLDL,age,diabDur,TotalDailyInsPerKg,LDL,HDL,TotChol,Triglyc,BUN,AlbCreatRat_mggNew,UnitsInsBasalOrLongAct,BGTestAvgNumMeter,BGTestAvgNumPtRep,TSH,HbA1c,AutonomicNeuroCl,Pt_InsGov,NumPumpBolusOrShortAct,HbA1cImputeDtMnC,Pt_SHFlg,Pt_DKAFlg,bmi,bmiPerc,bmiZscore,GFR,diagAgeCombo,Pt_A1cGoalLev,Pt_A1cGoalLevelDsYr5
11681,0.0,0.0,0.0,0.0,0.0,0.0,0.0,100.0,60.0,0.0,0.0,0.0,0.0,23,14.0,0.0,117.0,57.0,0.0,369.0,13.0,4514.9,0.0,0.0,0.0,0.0,10.4,0.0,1.0,0.0,-0.133,1.0,1.0,0.0,0.0,0.0,0.0,9.0,0.0,0.0
11681,0.0,0.0,0.0,0.0,0.0,0.0,0.0,122.0,80.0,1.0,0.0,0.0,0.0,25,16.0,0.0,265.0,81.0,0.0,504.0,34.0,0.0,17.0,1.0,0.0,2.02,9.4,0.0,0.0,3.0,23.136999999999997,0.0,0.0,0.0,0.0,0.0,17.0,9.0,0.0,0.0
11681,0.0,0.0,0.0,0.0,0.0,0.0,0.0,142.0,84.0,7.0,42.5,153.0,0.0,26,16.0,0.0,121.0,77.0,245.0,401.0,36.0,0.0,17.0,7.0,0.0,1.16,6.9,0.0,0.0,0.0,32.598,0.0,0.0,18.155410312,0.0,-1.165621401,8.0,9.0,0.0,0.0
11681,0.0,0.0,0.0,0.0,0.0,0.0,0.0,128.0,82.0,3.0,43.4,151.4,1.0,27,18.0,0.0,29.0,70.0,113.0,87.0,29.0,0.0,10.0,3.0,4.0,0.986,8.4,0.0,0.0,0.0,50.025,0.0,0.0,18.933808453,0.0,-1.060663553,8.0,9.0,0.0,0.0
11681,0.0,0.0,0.0,0.0,0.0,0.0,0.0,140.0,78.0,4.0,41.2,151.9,0.0,28,19.0,0.0,52.0,98.0,178.0,140.0,32.0,0.0,11.0,0.0,4.0,0.0,10.6,0.0,0.0,0.0,64.166,0.0,0.0,17.855896845,0.0,-1.206007274,6.0,9.0,0.0,0.0
