PtID,Pt_CGMUseNumDays,Pt_FatherT1D,Pt_MotherT1D,Pt_SiblingT1D,Pt_ChildT1D,Pt_GrandchildT1D,Pt_GrandparentT1D,BldPrSys,BldPrDia,SMBGperDayPtMeterCombo,WeightKg,HeightCm,DirectLDL,age,diabDur,TotalDailyInsPerKg,LDL,HDL,TotChol,Triglyc,BUN,AlbCreatRat_mggNew,UnitsInsBasalOrLongAct,BGTestAvgNumMeter,BGTestAvgNumPtRep,TSH,HbA1c,AutonomicNeuroCl,Pt_InsGov,NumPumpBolusOrShortAct,HbA1cImputeDtMnC,Pt_SHFlg,Pt_DKAFlg,bmi,bmiPerc,bmiZscore,GFR,diagAgeCombo,Pt_A1cGoalLev,Pt_A1cGoalLevelDsYr5
11707,0.0,1.0,0.0,0.0,0.0,0.0,0.0,127.0,63.0,8.0,57.878386412,160.02,0.0,67,27.0,0.46649538240000005,103.0,55.0,169.0,55.0,28.0,9.0,0.0,0.0,8.0,0.0,6.5,0.0,1.0,3.0,-0.23199999999999998,0.0,0.0,22.603093566,0.0,-0.86919769,0.0,40.0,0.0,0.0
11707,0.0,1.0,0.0,0.0,0.0,0.0,0.0,136.0,73.0,7.0,0.0,0.0,0.0,68,28.0,0.0,96.0,52.0,164.0,78.0,27.0,3.0,0.0,0.0,7.0,0.0,6.1,0.0,1.0,0.0,12.88,0.0,0.0,0.0,0.0,0.0,0.0,40.0,6.2,0.0
11707,0.0,0.0,0.0,0.0,0.0,0.0,0.0,129.0,81.0,4.0,0.0,0.0,0.0,69,29.0,0.0,89.0,58.0,158.0,58.0,0.0,6.0,12.0,0.0,4.0,3.58,6.2,0.0,0.0,0.0,27.750999999999998,0.0,0.0,0.0,0.0,0.0,0.0,40.0,0.0,0.0
11707,0.0,0.0,0.0,0.0,0.0,0.0,0.0,137.0,69.0,4.0,56.426890828000005,156.21,0.0,70,30.0,0.0,100.0,60.0,173.0,67.0,25.0,6.0,0.0,0.0,4.0,5.98,5.6,0.0,0.0,0.0,42.158,0.0,0.0,23.124292605,0.0,-0.775515902,88.0,40.0,0.0,0.0
11707,0.0,0.0,0.0,0.0,0.0,0.0,0.0,124.0,67.0,8.0,0.0,0.0,0.0,71,31.0,0.0,84.0,58.0,150.0,46.0,31.0,6.0,11.0,0.0,8.0,3.9,6.0,0.0,0.0,4.0,52.248999999999995,0.0,0.0,0.0,0.0,0.0,82.0,40.0,0.0,0.0
11707,0.0,0.0,0.0,0.0,0.0,0.0,0.0,131.0,82.0,7.0,55.0,158.0,0.0,72,32.0,0.0,0.0,0.0,0.0,0.0,0.0,6.0,10.0,7.0,6.0,0.0,6.1,0.0,1.0,0.0,69.477,0.0,0.0,22.031725685,0.0,-0.949296433,0.0,40.0,0.0,0.0
