PtID,Pt_CGMUseNumDays,Pt_FatherT1D,Pt_MotherT1D,Pt_SiblingT1D,Pt_ChildT1D,Pt_GrandchildT1D,Pt_GrandparentT1D,BldPrSys,BldPrDia,SMBGperDayPtMeterCombo,WeightKg,HeightCm,DirectLDL,age,diabDur,TotalDailyInsPerKg,LDL,HDL,TotChol,Triglyc,BUN,AlbCreatRat_mggNew,UnitsInsBasalOrLongAct,BGTestAvgNumMeter,BGTestAvgNumPtRep,TSH,HbA1c,AutonomicNeuroCl,Pt_InsGov,NumPumpBolusOrShortAct,HbA1cImputeDtMnC,Pt_SHFlg,Pt_DKAFlg,bmi,bmiPerc,bmiZscore,GFR,diagAgeCombo,Pt_A1cGoalLev,Pt_A1cGoalLevelDsYr5
11705,0.0,0.0,0.0,0.0,0.0,0.0,0.0,110.0,67.0,9.0,45.6,148.7,0.0,11,6.0,1.1184210526,0.0,0.0,0.0,0.0,0.0,14.0,0.0,0.0,9.0,0.0,8.1,0.0,0.0,3.0,-4.216,0.0,0.0,20.62257566,0.8381321417,0.9868101525,0.0,5.0,0.0,0.0
11705,0.0,0.0,0.0,0.0,0.0,0.0,0.0,99.0,53.0,0.0,50.4,153.6,0.0,12,6.0,0.0,0.0,0.0,0.0,0.0,0.0,0.0,22.0,0.0,0.0,0.0,7.9,0.0,0.0,0.0,6.407,0.0,0.0,21.362304688,0.8314903965,0.9600715478,0.0,5.0,0.0,0.0
11705,0.0,0.0,0.0,0.0,0.0,0.0,0.0,106.0,73.0,5.0,58.6,157.4,0.0,13,7.0,0.7167235495000001,0.0,0.0,0.0,0.0,0.0,0.0,22.0,0.0,5.0,5.95,7.7,0.0,0.0,0.0,20.581,0.0,0.0,23.653105015,0.8940440209,1.2483252849,0.0,5.0,0.0,0.0
11705,0.0,0.0,0.0,0.0,0.0,0.0,0.0,111.0,70.0,12.0,61.1,158.3,0.0,14,8.0,0.7528641571,108.0,65.0,189.0,80.0,0.0,0.0,23.0,12.0,0.0,2.28,8.5,0.0,0.0,9.0,31.336,0.0,0.0,24.382564431,0.8909860674,1.231789129,0.0,5.0,0.0,0.0
11705,0.0,0.0,0.0,0.0,0.0,0.0,0.0,117.0,79.0,0.0,64.1,159.1,0.0,15,10.0,0.624024961,121.0,60.0,202.0,100.0,0.0,0.0,23.0,0.0,0.0,2.53,8.1,0.0,0.0,6.0,49.394,0.0,0.0,25.32314666,0.896902135,1.26409556,0.0,5.0,0.0,0.0
11705,0.0,0.0,0.0,0.0,0.0,0.0,0.0,114.0,68.0,8.0,63.4,159.0,0.0,16,11.0,0.7413249211,140.0,62.0,222.0,99.0,0.0,0.0,23.0,8.0,8.0,2.1,8.6,0.0,0.0,24.0,63.203,0.0,0.0,25.07812191,0.8674865451999999,1.1145882459999998,0.0,5.0,0.0,0.0
