PtID,Pt_CGMUseNumDays,Pt_FatherT1D,Pt_MotherT1D,Pt_SiblingT1D,Pt_ChildT1D,Pt_GrandchildT1D,Pt_GrandparentT1D,BldPrSys,BldPrDia,SMBGperDayPtMeterCombo,WeightKg,HeightCm,DirectLDL,age,diabDur,TotalDailyInsPerKg,LDL,HDL,TotChol,Triglyc,BUN,AlbCreatRat_mggNew,UnitsInsBasalOrLongAct,BGTestAvgNumMeter,BGTestAvgNumPtRep,TSH,HbA1c,AutonomicNeuroCl,Pt_InsGov,NumPumpBolusOrShortAct,HbA1cImputeDtMnC,Pt_SHFlg,Pt_DKAFlg,bmi,bmiPerc,bmiZscore,GFR,diagAgeCombo,Pt_A1cGoalLev,Pt_A1cGoalLevelDsYr5
11731,0.0,0.0,0.0,0.0,0.0,0.0,0.0,104.0,55.0,4.0,36.0,136.5,0.0,12,0.0,0.8333333333,0.0,0.0,0.0,0.0,15.0,0.0,0.0,4.0,5.0,0.0,7.0,0.0,0.0,0.0,1.3940000000000001,0.0,0.0,19.321338003,0.7157433204000001,0.5702423157000001,0.0,12.0,0.0,0.0
11731,0.0,0.0,0.0,0.0,0.0,0.0,0.0,119.0,61.0,4.0,45.8,143.5,0.0,13,1.0,0.8296943231,78.0,34.0,0.0,320.0,17.0,0.0,0.0,4.0,5.0,0.0,6.7,0.0,0.0,0.0,14.174000000000001,0.0,0.0,22.241377216999997,0.871063367,1.1314321029,0.0,12.0,0.0,0.0
11731,0.0,0.0,0.0,0.0,0.0,0.0,0.0,127.0,67.0,2.0,51.4,149.4,0.0,14,2.0,1.1089494163,0.0,0.0,0.0,0.0,0.0,0.0,28.0,2.0,0.0,0.0,10.5,0.0,0.0,4.0,27.884,0.0,0.0,23.028302411,0.8693735815000001,1.1234348942,0.0,12.0,0.0,0.0
11731,0.0,0.0,0.0,0.0,0.0,0.0,0.0,114.0,78.0,1.0,56.1,155.2,0.0,15,3.0,1.2834224599,125.0,48.0,0.0,205.0,11.0,0.0,35.0,1.0,3.0,1.28,9.8,0.0,0.0,4.0,39.27,0.0,0.0,23.290533,0.8432169598999999,1.0077675237000001,0.0,12.0,0.0,0.0
11731,0.0,0.0,0.0,0.0,0.0,0.0,0.0,125.0,73.0,1.0,54.9,163.0,0.0,17,4.0,0.7832422587000001,0.0,0.0,0.0,0.0,29.0,0.0,7.0,0.0,1.0,0.0,10.9,0.0,0.0,36.0,57.858999999999995,0.0,0.0,20.663178892999998,0.41957584340000004,-0.202978692,0.0,12.0,0.0,0.0
