PtID,Pt_CGMUseNumDays,Pt_FatherT1D,Pt_MotherT1D,Pt_SiblingT1D,Pt_ChildT1D,Pt_GrandchildT1D,Pt_GrandparentT1D,BldPrSys,BldPrDia,SMBGperDayPtMeterCombo,WeightKg,HeightCm,DirectLDL,age,diabDur,TotalDailyInsPerKg,LDL,HDL,TotChol,Triglyc,BUN,AlbCreatRat_mggNew,UnitsInsBasalOrLongAct,BGTestAvgNumMeter,BGTestAvgNumPtRep,TSH,HbA1c,AutonomicNeuroCl,Pt_InsGov,NumPumpBolusOrShortAct,HbA1cImputeDtMnC,Pt_SHFlg,Pt_DKAFlg,bmi,bmiPerc,bmiZscore,GFR,diagAgeCombo,Pt_A1cGoalLev,Pt_A1cGoalLevelDsYr5
1173,0.0,0.0,0.0,0.0,0.0,0.0,0.0,117.0,57.0,5.0,63.2,166.4,0.0,15,9.0,0.9177215190000001,72.0,78.0,0.0,51.0,10.0,66.0,0.0,5.0,6.0,0.0,7.9,0.0,0.0,4.0,-0.299,0.0,0.0,22.824981509,0.7861312611,0.7930692491,0.0,6.0,0.0,0.0
1173,0.0,0.0,0.0,0.0,0.0,0.0,0.0,113.0,53.0,5.0,64.7,167.5,0.0,17,11.0,1.0046367852,0.0,0.0,0.0,0.0,11.0,3.0,0.0,0.0,5.0,0.0,7.9,0.0,0.0,0.0,16.299,0.0,0.0,23.060815326,0.7262018761,0.6013659871,0.0,6.0,7.0,0.0
1173,0.0,0.0,0.0,0.0,0.0,0.0,0.0,127.0,65.0,4.0,68.4,168.1,0.0,18,12.0,0.7309941520000001,0.0,0.0,149.0,0.0,7.0,3.0,20.0,4.0,4.0,0.93,7.7,0.0,0.0,3.0,35.086999999999996,0.0,0.0,24.205868791,0.7768101404000001,0.7614644259000001,0.0,6.0,0.0,0.0
1173,0.0,0.0,0.0,0.0,0.0,0.0,0.0,128.0,72.0,5.0,67.2,167.5,0.0,19,13.0,0.744047619,80.0,76.0,166.0,49.0,7.0,0.0,20.0,5.0,5.0,1.35,7.5,0.0,0.0,5.0,47.236999999999995,0.0,0.0,23.951882379,0.7361820939,0.6316190857,0.0,6.0,0.0,0.0
