PtID,Pt_CGMUseNumDays,Pt_FatherT1D,Pt_MotherT1D,Pt_SiblingT1D,Pt_ChildT1D,Pt_GrandchildT1D,Pt_GrandparentT1D,BldPrSys,BldPrDia,SMBGperDayPtMeterCombo,WeightKg,HeightCm,DirectLDL,age,diabDur,TotalDailyInsPerKg,LDL,HDL,TotChol,Triglyc,BUN,AlbCreatRat_mggNew,UnitsInsBasalOrLongAct,BGTestAvgNumMeter,BGTestAvgNumPtRep,TSH,HbA1c,AutonomicNeuroCl,Pt_InsGov,NumPumpBolusOrShortAct,HbA1cImputeDtMnC,Pt_SHFlg,Pt_DKAFlg,bmi,bmiPerc,bmiZscore,GFR,diagAgeCombo,Pt_A1cGoalLev,Pt_A1cGoalLevelDsYr5
11742,0.0,0.0,0.0,0.0,0.0,0.0,0.0,114.0,78.0,1.0,127.6,203.2,0.0,32,3.0,0.3918495298,72.0,34.0,0.0,51.0,13.0,0.0,0.0,0.0,1.0,0.0,8.0,0.0,0.0,0.0,0.0,0.0,0.0,30.903186806,0.0,0.4933170336,0.0,28.0,0.0,0.0
11742,0.0,0.0,0.0,0.0,0.0,0.0,0.0,120.0,68.0,2.0,128.4,203.2,0.0,33,4.0,0.2492211838,70.0,32.0,0.0,90.0,0.0,0.0,0.0,0.0,2.0,0.0,7.2,0.0,0.0,0.0,13.842,0.0,0.0,31.096937194000002,0.0,0.5214025816,0.0,28.0,5.4,0.0
11742,0.0,0.0,0.0,0.0,0.0,0.0,0.0,98.0,62.0,1.0,123.2,200.7,0.0,34,5.0,0.0,97.0,44.0,0.0,163.0,0.0,13.0,22.0,0.0,1.0,0.0,10.1,0.0,0.0,3.0,28.349,0.0,0.0,30.585526640999998,0.0,0.44726984909999995,90.1,28.0,0.0,0.0
11742,0.0,0.0,0.0,0.0,0.0,0.0,0.0,110.0,68.0,2.0,58.286619545,200.7,0.0,35,6.0,0.0,62.0,39.0,0.0,342.0,16.0,21.0,24.0,0.0,2.0,1.48,10.8,0.0,0.0,0.0,44.647,0.0,0.0,14.470186322,0.0,-1.888767616,0.0,28.0,0.0,0.0
11742,0.0,0.0,0.0,0.0,0.0,0.0,0.0,0.0,0.0,2.0,0.0,0.0,0.0,36,7.0,0.0,110.0,45.0,0.0,118.0,18.0,21.0,0.0,0.0,2.0,0.0,10.1,0.0,0.0,0.0,57.195,0.0,0.0,0.0,0.0,0.0,85.0,28.0,0.0,0.0
11742,0.0,0.0,0.0,0.0,0.0,0.0,0.0,0.0,0.0,1.0,0.0,0.0,0.0,37,8.0,0.0,32.0,49.0,0.0,136.0,19.0,21.0,30.0,0.0,1.0,0.0,11.1,0.0,0.0,3.0,70.57300000000001,0.0,0.0,0.0,0.0,0.0,0.0,28.0,0.0,0.0
