PtID,Pt_CGMUseNumDays,Pt_FatherT1D,Pt_MotherT1D,Pt_SiblingT1D,Pt_ChildT1D,Pt_GrandchildT1D,Pt_GrandparentT1D,BldPrSys,BldPrDia,SMBGperDayPtMeterCombo,WeightKg,HeightCm,DirectLDL,age,diabDur,TotalDailyInsPerKg,LDL,HDL,TotChol,Triglyc,BUN,AlbCreatRat_mggNew,UnitsInsBasalOrLongAct,BGTestAvgNumMeter,BGTestAvgNumPtRep,TSH,HbA1c,AutonomicNeuroCl,Pt_InsGov,NumPumpBolusOrShortAct,HbA1cImputeDtMnC,Pt_SHFlg,Pt_DKAFlg,bmi,bmiPerc,bmiZscore,GFR,diagAgeCombo,Pt_A1cGoalLev,Pt_A1cGoalLevelDsYr5
1178,0.0,0.0,0.0,0.0,0.0,0.0,0.0,106.0,81.0,5.0,55.3,142.8,0.0,11,1.0,1.0669077758,0.0,0.0,0.0,0.0,0.0,0.0,0.0,0.0,5.0,0.0,7.7,0.0,0.0,0.0,-0.23199999999999998,0.0,0.0,27.118690614000002,0.9784150187,2.0220618494,0.0,9.0,0.0,0.0
1178,0.0,0.0,0.0,0.0,0.0,0.0,0.0,123.0,68.0,5.0,66.2,151.4,0.0,12,3.0,1.4350453172,73.0,51.0,149.0,125.0,0.0,0.0,0.0,0.0,5.0,0.0,9.2,0.0,0.0,0.0,17.227999999999998,0.0,0.0,28.880601833000004,0.9803628684000001,2.0613017298,0.0,9.0,5.9,0.0
1178,0.0,0.0,0.0,0.0,0.0,0.0,0.0,121.0,65.0,4.0,79.7,159.1,0.0,13,4.0,0.7528230866,0.0,0.0,0.0,0.0,0.0,3.3,56.0,0.0,4.0,3.32,9.1,0.0,0.0,3.0,31.601999999999997,0.0,0.0,31.486034145999998,0.9849229808,2.1680610942,0.0,9.0,0.0,0.0
1178,0.0,0.0,0.0,0.0,0.0,0.0,0.0,123.0,60.0,5.0,84.3,161.8,0.0,14,5.0,1.0557532622,79.0,43.0,0.0,63.0,0.0,3.3,60.0,5.0,5.0,2.45,7.7,0.0,0.0,3.0,43.22,0.0,0.0,32.201087579,0.9832396505,2.1257906002,0.0,9.0,0.0,0.0
1178,0.0,0.0,0.0,0.0,0.0,0.0,0.0,122.0,66.0,8.0,92.4,162.2,0.0,15,6.0,0.3896103896,0.0,0.0,0.0,0.0,0.0,234.9,30.0,8.0,8.0,3.98,8.5,0.0,0.0,20.0,58.556000000000004,0.0,0.0,35.121274826,0.9873707953,2.2374275529,0.0,9.0,0.0,0.0
1178,0.0,0.0,0.0,0.0,0.0,0.0,0.0,135.0,72.0,5.0,94.7,162.8,0.0,16,7.0,0.3695881732,94.0,49.0,152.0,47.0,0.0,0.0,4.0,0.0,5.0,1.33,8.0,0.0,0.0,4.0,68.78,0.0,0.0,35.73067148,0.9860155596,2.197722588,0.0,9.0,0.0,0.0
1178,30.0,0.0,0.0,0.0,0.0,0.0,0.0,138.0,81.0,6.0,99.9,163.8,0.0,17,8.0,0.0,0.0,0.0,0.0,0.0,0.0,0.0,24.0,0.0,6.0,0.0,8.5,0.0,0.0,3.0,78.075,0.0,0.0,37.233828443,0.9863670726999999,2.2076905142,0.0,9.0,0.0,0.0
