PtID,Pt_CGMUseNumDays,Pt_FatherT1D,Pt_MotherT1D,Pt_SiblingT1D,Pt_ChildT1D,Pt_GrandchildT1D,Pt_GrandparentT1D,BldPrSys,BldPrDia,SMBGperDayPtMeterCombo,WeightKg,HeightCm,DirectLDL,age,diabDur,TotalDailyInsPerKg,LDL,HDL,TotChol,Triglyc,BUN,AlbCreatRat_mggNew,UnitsInsBasalOrLongAct,BGTestAvgNumMeter,BGTestAvgNumPtRep,TSH,HbA1c,AutonomicNeuroCl,Pt_InsGov,NumPumpBolusOrShortAct,HbA1cImputeDtMnC,Pt_SHFlg,Pt_DKAFlg,bmi,bmiPerc,bmiZscore,GFR,diagAgeCombo,Pt_A1cGoalLev,Pt_A1cGoalLevelDsYr5
11790,0.0,0.0,0.0,1.0,0.0,0.0,0.0,110.0,70.0,7.0,16.32932532,106.17200000000001,0.0,5,0.0,0.8573532418,0.0,0.0,0.0,0.0,0.0,0.0,0.0,7.0,12.0,0.0,7.3,0.0,0.0,4.0,0.0,0.0,0.0,14.485992117,0.18417475,-0.8995693020000001,0.0,5.0,0.0,0.0
11790,0.0,0.0,0.0,0.0,0.0,0.0,0.0,90.0,60.0,15.0,20.41165665,116.84,0.0,8,2.0,0.8328574349,72.0,76.0,156.0,39.0,23.0,5.8,5.0,15.0,10.0,2.25,6.9,0.0,0.0,10.0,31.535,0.0,0.0,14.95185779,0.2842744227,-0.570189989,0.0,5.0,0.0,0.0
11790,0.0,0.0,0.0,0.0,0.0,0.0,0.0,86.0,72.0,12.0,21.77243376,121.92,0.0,9,3.0,0.8267334832,81.0,71.0,0.0,47.0,15.0,5.8,6.0,12.0,0.0,1.84,8.0,0.0,0.0,8.0,46.34,0.0,0.0,14.647282909000001,0.1544426122,-1.017563955,0.0,5.0,0.0,0.0
11790,0.0,0.0,0.0,0.0,0.0,0.0,0.0,108.0,70.0,12.0,28.57631931,129.5,0.0,10,5.0,1.2247903455,72.0,54.0,143.0,86.0,15.0,23.2,13.0,12.0,0.0,1.84,7.9,0.0,0.0,11.0,65.527,0.0,0.0,17.039888678,0.5788959844,0.1990699448,0.0,5.0,0.0,0.0
11790,0.0,0.0,0.0,0.0,0.0,0.0,0.0,90.0,60.0,7.0,29.93709642,127.0,0.0,11,6.0,1.1190129975,0.0,0.0,0.0,0.0,0.0,23.2,11.6,7.0,4.0,0.0,8.1,0.0,0.0,0.0,74.357,0.0,0.0,18.561036902,0.7105788842,0.5550766524,0.0,5.0,0.0,0.0
