PtID,Pt_CGMUseNumDays,Pt_FatherT1D,Pt_MotherT1D,Pt_SiblingT1D,Pt_ChildT1D,Pt_GrandchildT1D,Pt_GrandparentT1D,BldPrSys,BldPrDia,SMBGperDayPtMeterCombo,WeightKg,HeightCm,DirectLDL,age,diabDur,TotalDailyInsPerKg,LDL,HDL,TotChol,Triglyc,BUN,AlbCreatRat_mggNew,UnitsInsBasalOrLongAct,BGTestAvgNumMeter,BGTestAvgNumPtRep,TSH,HbA1c,AutonomicNeuroCl,Pt_InsGov,NumPumpBolusOrShortAct,HbA1cImputeDtMnC,Pt_SHFlg,Pt_DKAFlg,bmi,bmiPerc,bmiZscore,GFR,diagAgeCombo,Pt_A1cGoalLev,Pt_A1cGoalLevelDsYr5
11837,30.0,0.0,0.0,0.0,0.0,0.0,0.0,110.0,62.0,4.0,63.95652417,170.18,0.0,41,18.0,0.5628823715,82.0,78.0,167.0,78.0,11.0,4.0,0.0,0.0,4.0,0.0,7.9,0.0,0.0,0.0,-0.365,0.0,0.0,22.083495373,0.0,-0.582202191,0.0,23.0,0.0,0.0
11837,0.0,0.0,0.0,0.0,0.0,0.0,0.0,112.0,60.0,4.0,63.95652417,165.1,1.0,42,19.0,0.0,38.0,0.0,0.0,0.0,14.0,0.0,26.0,4.0,4.0,2.42,7.6,0.0,0.0,0.0,19.851,0.0,0.0,23.463387155,0.0,-0.45891891799999995,0.0,23.0,0.0,0.0
11837,0.0,0.0,0.0,0.0,0.0,0.0,0.0,102.0,70.0,3.0,63.5029318,167.64,1.0,44,21.0,0.0,84.0,0.0,0.0,0.0,9.0,0.0,24.0,3.0,4.0,0.0,6.9,0.0,0.0,4.0,35.021,0.0,0.0,22.596359309,0.0,-0.536381537,0.0,23.0,0.0,0.0
11837,0.0,0.0,0.0,0.0,0.0,0.0,0.0,110.0,62.0,3.0,67.13167076,170.18,0.0,44,21.0,0.4170907663,84.0,101.0,196.0,53.0,14.0,0.0,24.0,3.0,3.0,1.89,7.7,0.0,0.0,3.0,46.108000000000004,0.0,0.0,23.179839115,0.0,-0.484251869,0.0,23.0,0.0,0.0
11837,0.0,0.0,0.0,0.0,0.0,0.0,0.0,107.0,65.0,4.0,64.41011654,165.1,0.0,45,22.0,0.5278673883,81.0,84.0,173.0,39.0,9.0,0.0,24.0,4.0,4.0,2.53,8.1,0.0,0.0,10.0,56.232,0.0,0.0,23.629794156,0.0,-0.444051666,0.0,23.0,0.0,0.0
11837,0.0,0.0,0.0,0.0,0.0,0.0,0.0,115.0,72.0,4.0,66.67807839,165.1,0.0,46,23.0,0.0,94.0,105.0,208.0,45.0,12.0,0.0,26.0,4.0,0.0,0.0,7.9,0.0,0.0,0.0,64.365,0.0,0.0,24.461829161,0.0,-0.369715402,0.0,23.0,0.0,0.0
