PtID,Pt_CGMUseNumDays,Pt_FatherT1D,Pt_MotherT1D,Pt_SiblingT1D,Pt_ChildT1D,Pt_GrandchildT1D,Pt_GrandparentT1D,BldPrSys,BldPrDia,SMBGperDayPtMeterCombo,WeightKg,HeightCm,DirectLDL,age,diabDur,TotalDailyInsPerKg,LDL,HDL,TotChol,Triglyc,BUN,AlbCreatRat_mggNew,UnitsInsBasalOrLongAct,BGTestAvgNumMeter,BGTestAvgNumPtRep,TSH,HbA1c,AutonomicNeuroCl,Pt_InsGov,NumPumpBolusOrShortAct,HbA1cImputeDtMnC,Pt_SHFlg,Pt_DKAFlg,bmi,bmiPerc,bmiZscore,GFR,diagAgeCombo,Pt_A1cGoalLev,Pt_A1cGoalLevelDsYr5
11849,0.0,0.0,0.0,0.0,0.0,0.0,0.0,115.0,68.0,9.0,28.2,129.8,0.0,7,4.0,0.7446808511,74.0,59.0,158.0,123.0,14.0,6.9,0.0,9.0,12.0,0.0,7.1,0.0,0.0,6.0,0.365,0.0,0.0,16.737851999,0.7693374559,0.7366666573,0.0,2.0,0.0,0.0
11849,0.0,0.0,0.0,0.0,0.0,0.0,0.0,116.0,67.0,9.0,32.0,134.0,0.0,8,5.0,0.625,0.0,0.0,0.0,0.0,0.0,0.0,0.0,9.0,8.0,0.0,7.9,0.0,0.0,0.0,9.759,0.0,0.0,17.821341055999998,0.8404627903,0.9963617323,0.0,2.0,7.0,0.0
11849,0.0,0.0,0.0,0.0,0.0,0.0,0.0,121.0,68.0,7.0,35.9,140.4,0.0,9,6.0,0.6963788301,0.0,0.0,0.0,0.0,0.0,0.0,14.0,7.0,0.0,0.75,7.8,0.0,0.0,0.0,22.307,0.0,0.0,18.212108668,0.8179317662000001,0.907511317,0.0,2.0,0.0,0.0
11849,0.0,0.0,0.0,0.0,0.0,0.0,0.0,112.0,59.0,10.0,40.2,146.1,0.0,10,7.0,0.6218905472999999,76.0,66.0,157.0,77.0,0.0,0.0,13.0,10.0,0.0,1.16,8.5,0.0,0.0,0.0,34.689,0.0,0.0,18.833265168,0.810637339,0.8802473605,0.0,2.0,0.0,0.0
11849,0.0,0.0,0.0,0.0,0.0,0.0,0.0,110.0,69.0,10.0,41.3,149.1,0.0,11,8.0,0.7021791768000001,80.0,56.0,154.0,89.0,0.0,0.0,14.0,10.0,0.0,1.06,10.0,0.0,0.0,0.0,43.817,0.0,0.0,18.577820601,0.7125712206999999,0.5609119567,0.0,2.0,0.0,0.0
11849,0.0,0.0,0.0,0.0,0.0,0.0,0.0,118.0,62.0,10.0,51.2,160.3,0.0,12,9.0,0.68359375,82.0,49.0,146.0,77.0,9.0,0.0,17.0,10.0,0.0,1.04,9.1,0.0,0.0,0.0,57.925,0.0,0.0,19.925210411,0.7747735345000001,0.7546601364,0.0,2.0,0.0,0.0
11849,0.0,0.0,0.0,0.0,0.0,0.0,0.0,110.0,76.0,10.0,51.3,163.7,0.0,13,10.0,0.6822612086,0.0,0.0,0.0,0.0,0.0,0.0,18.0,10.0,5.0,0.0,9.1,0.0,0.0,0.0,61.411,0.0,0.0,19.143441095,0.6048847321999999,0.26601126210000003,0.0,2.0,0.0,0.0
