PtID,Pt_CGMUseNumDays,Pt_FatherT1D,Pt_MotherT1D,Pt_SiblingT1D,Pt_ChildT1D,Pt_GrandchildT1D,Pt_GrandparentT1D,BldPrSys,BldPrDia,SMBGperDayPtMeterCombo,WeightKg,HeightCm,DirectLDL,age,diabDur,TotalDailyInsPerKg,LDL,HDL,TotChol,Triglyc,BUN,AlbCreatRat_mggNew,UnitsInsBasalOrLongAct,BGTestAvgNumMeter,BGTestAvgNumPtRep,TSH,HbA1c,AutonomicNeuroCl,Pt_InsGov,NumPumpBolusOrShortAct,HbA1cImputeDtMnC,Pt_SHFlg,Pt_DKAFlg,bmi,bmiPerc,bmiZscore,GFR,diagAgeCombo,Pt_A1cGoalLev,Pt_A1cGoalLevelDsYr5
11852,0.0,0.0,0.0,0.0,0.0,0.0,1.0,122.0,70.0,0.0,0.0,0.0,0.0,55,19.0,0.0,116.0,68.0,0.0,148.0,25.0,121.0,0.0,0.0,0.0,0.0,9.8,0.0,1.0,0.0,-0.19899999999999998,0.0,1.0,0.0,0.0,0.0,0.0,36.0,0.0,0.0
11852,0.0,0.0,0.0,0.0,0.0,0.0,0.0,110.0,54.0,5.0,59.87419284,165.1,0.0,59,23.0,0.5177522824,65.0,102.0,185.0,91.0,17.0,698.3,24.0,5.0,0.0,0.0,9.5,0.0,0.0,3.0,40.797,0.0,0.0,21.965724145,0.0,-0.7439458640000001,58.0,36.0,0.0,0.0
11852,0.0,0.0,0.0,0.0,0.0,0.0,0.0,90.0,50.0,4.0,60.32778521,165.1,0.0,60,24.0,0.4641310783,56.0,114.0,0.0,68.0,21.0,470.0,24.0,4.0,0.0,0.884,9.2,0.0,0.0,2.0,55.402,0.0,0.0,22.132131146,0.0,-0.9277034670000001,0.0,36.0,0.0,0.0
11852,0.0,0.0,0.0,0.0,0.0,0.0,0.0,118.0,62.0,3.0,68.03885550000001,165.1,0.0,61,25.0,0.39683207189999997,77.0,97.0,192.0,89.0,18.0,229.1,21.0,3.0,0.0,1.14,10.6,0.0,0.0,2.0,68.48100000000001,0.0,0.0,24.961050165,0.0,-0.576278176,80.0,36.0,0.0,0.0
11852,0.0,0.0,0.0,0.0,0.0,0.0,0.0,120.0,78.0,3.0,69.39963261,167.64,0.0,62,26.0,0.0,0.0,0.0,0.0,0.0,0.0,229.1,34.0,3.0,0.0,0.0,11.4,0.0,0.0,0.0,83.81700000000001,0.0,0.0,24.694592673000002,0.0,-0.6093791239999999,0.0,36.0,0.0,0.0
