PtID,Pt_CGMUseNumDays,Pt_FatherT1D,Pt_MotherT1D,Pt_SiblingT1D,Pt_ChildT1D,Pt_GrandchildT1D,Pt_GrandparentT1D,BldPrSys,BldPrDia,SMBGperDayPtMeterCombo,WeightKg,HeightCm,DirectLDL,age,diabDur,TotalDailyInsPerKg,LDL,HDL,TotChol,Triglyc,BUN,AlbCreatRat_mggNew,UnitsInsBasalOrLongAct,BGTestAvgNumMeter,BGTestAvgNumPtRep,TSH,HbA1c,AutonomicNeuroCl,Pt_InsGov,NumPumpBolusOrShortAct,HbA1cImputeDtMnC,Pt_SHFlg,Pt_DKAFlg,bmi,bmiPerc,bmiZscore,GFR,diagAgeCombo,Pt_A1cGoalLev,Pt_A1cGoalLevelDsYr5
11868,0.0,0.0,0.0,0.0,0.0,0.0,0.0,112.0,72.0,4.0,59.5,162.9,0.0,13,1.0,0.8067226891,82.0,54.0,0.0,49.0,6.0,0.0,0.0,4.0,5.0,0.0,7.3,0.0,0.0,0.0,0.0,0.0,0.0,22.422023175,0.8790085674,1.1700449872,0.0,11.0,0.0,0.0
11868,0.0,0.0,0.0,0.0,0.0,0.0,1.0,123.0,60.0,5.0,66.0,169.0,0.0,14,2.0,0.45454545450000006,87.0,54.0,0.0,87.0,0.0,4.0,0.0,0.0,5.0,0.0,7.6,0.0,0.0,0.0,13.477,0.0,0.0,23.108434579,0.8729293486,1.1403481076000002,0.0,11.0,6.0,0.0
11868,0.0,0.0,0.0,0.0,0.0,0.0,0.0,127.0,65.0,4.0,66.7,175.5,0.0,15,3.0,0.0,86.0,56.0,0.0,63.0,0.0,3.0,32.0,4.0,0.0,1.93,6.8,0.0,0.0,0.0,26.256999999999998,0.0,0.0,21.655668379,0.7239412458,0.5945900863,0.0,11.0,0.0,0.0
11868,0.0,0.0,0.0,0.0,0.0,0.0,0.0,143.0,70.0,2.0,71.6,176.1,0.0,16,4.0,0.0,64.0,44.0,0.0,67.0,12.0,3.0,32.0,2.0,0.0,1.11,6.9,0.0,0.0,0.0,37.411,0.0,0.0,23.088425121,0.7817736973,0.7781974747,0.0,11.0,0.0,0.0
11868,0.0,0.0,0.0,0.0,0.0,0.0,0.0,130.0,64.0,5.0,69.5,176.0,0.0,16,5.0,0.0,62.0,52.0,0.0,76.0,12.0,3.9,29.0,5.0,0.0,0.45,6.7,0.0,0.0,0.0,47.402,0.0,0.0,22.436725207,0.727552713,0.6054281161999999,0.0,11.0,0.0,0.0
11868,0.0,0.0,0.0,0.0,0.0,0.0,0.0,125.0,69.0,3.0,77.8,177.0,0.0,18,6.0,0.9768637532,0.0,0.0,0.0,0.0,0.0,4.6,18.0,3.0,4.0,0.0,7.1,0.0,1.0,6.0,61.343999999999994,0.0,0.0,24.833221616,0.8036162384000001,0.8546092174,0.0,11.0,0.0,0.0
11868,0.0,0.0,0.0,0.0,0.0,0.0,0.0,109.0,62.0,2.0,75.6,177.8,0.0,19,7.0,0.8108465608,64.0,46.0,0.0,67.0,16.0,4.6,17.6,2.0,0.0,0.59,9.2,0.0,0.0,5.0,73.859,0.0,0.0,23.914333543,0.6708274908,0.4421992642,0.0,11.0,0.0,0.0
