PtID,Pt_CGMUseNumDays,Pt_FatherT1D,Pt_MotherT1D,Pt_SiblingT1D,Pt_ChildT1D,Pt_GrandchildT1D,Pt_GrandparentT1D,BldPrSys,BldPrDia,SMBGperDayPtMeterCombo,WeightKg,HeightCm,DirectLDL,age,diabDur,TotalDailyInsPerKg,LDL,HDL,TotChol,Triglyc,BUN,AlbCreatRat_mggNew,UnitsInsBasalOrLongAct,BGTestAvgNumMeter,BGTestAvgNumPtRep,TSH,HbA1c,AutonomicNeuroCl,Pt_InsGov,NumPumpBolusOrShortAct,HbA1cImputeDtMnC,Pt_SHFlg,Pt_DKAFlg,bmi,bmiPerc,bmiZscore,GFR,diagAgeCombo,Pt_A1cGoalLev,Pt_A1cGoalLevelDsYr5
11907,0.0,0.0,0.0,0.0,0.0,0.0,0.0,105.0,70.0,10.0,49.895160700000005,154.94,0.0,15,4.0,0.2605463099,0.0,0.0,0.0,0.0,0.0,0.0,0.0,0.0,10.0,0.0,8.7,0.0,0.0,0.0,0.0,0.0,0.0,20.784104746,0.6079808842000001,0.2740603659,0.0,11.0,0.0,0.0
11907,0.0,0.0,0.0,0.0,0.0,0.0,0.0,107.0,82.0,3.0,49.0,157.5,0.0,16,5.0,0.5102040816,0.0,0.0,0.0,0.0,0.0,0.0,0.0,3.0,5.0,0.0,9.0,0.0,0.0,0.0,12.747,0.0,0.0,19.75308642,0.4070614836,-0.235110503,0.0,11.0,6.0,0.0
11907,0.0,0.0,0.0,0.0,0.0,0.0,0.0,100.0,70.0,3.0,51.7,156.1,0.0,17,6.0,1.3539651838,0.0,0.0,0.0,0.0,0.0,0.0,0.0,3.0,0.0,0.0,8.1,0.0,0.0,0.0,26.090999999999998,0.0,0.0,21.217037158,0.5413503813,0.10383632710000001,0.0,11.0,0.0,0.0
11907,0.0,0.0,0.0,0.0,0.0,0.0,0.0,99.0,73.0,4.0,48.1,157.4,0.0,18,7.0,1.8711018711,0.0,0.0,0.0,0.0,0.0,0.0,20.0,4.0,0.0,0.0,0.0,0.0,0.0,4.0,0.0,0.0,0.0,19.414920669,0.24627535690000002,-0.6862575479999999,0.0,11.0,0.0,0.0
11907,0.0,0.0,0.0,0.0,0.0,0.0,0.0,102.0,72.0,3.0,52.0,157.0,0.0,19,8.0,1.7884615385,0.0,0.0,0.0,0.0,0.0,0.0,23.0,3.0,3.0,0.0,0.0,0.0,0.0,0.0,0.0,0.0,0.0,21.096190515,0.4427519264,-0.143995716,0.0,11.0,0.0,0.0
