PtID,Pt_CGMUseNumDays,Pt_FatherT1D,Pt_MotherT1D,Pt_SiblingT1D,Pt_ChildT1D,Pt_GrandchildT1D,Pt_GrandparentT1D,BldPrSys,BldPrDia,SMBGperDayPtMeterCombo,WeightKg,HeightCm,DirectLDL,age,diabDur,TotalDailyInsPerKg,LDL,HDL,TotChol,Triglyc,BUN,AlbCreatRat_mggNew,UnitsInsBasalOrLongAct,BGTestAvgNumMeter,BGTestAvgNumPtRep,TSH,HbA1c,AutonomicNeuroCl,Pt_InsGov,NumPumpBolusOrShortAct,HbA1cImputeDtMnC,Pt_SHFlg,Pt_DKAFlg,bmi,bmiPerc,bmiZscore,GFR,diagAgeCombo,Pt_A1cGoalLev,Pt_A1cGoalLevelDsYr5
11924,0.0,0.0,0.0,0.0,0.0,0.0,0.0,98.0,58.0,5.0,23.4,123.5,0.0,8,4.0,0.5555555556,0.0,0.0,0.0,0.0,7.0,0.0,0.0,5.0,4.0,0.0,7.7,0.0,0.0,0.0,-0.465,0.0,0.0,15.341998722,0.3889769032,-0.281986572,0.0,3.0,0.0,0.0
11924,0.0,0.0,0.0,0.0,0.0,0.0,0.0,108.0,67.0,6.0,32.4,139.5,0.0,10,7.0,0.6172839506000001,0.0,0.0,0.0,0.0,18.0,0.0,0.0,6.0,5.0,0.0,9.1,0.0,0.0,0.0,30.406999999999996,0.0,0.0,16.649323621,0.5049361356000001,0.0123733727,0.0,3.0,7.5,0.0
11924,0.0,0.0,0.0,0.0,0.0,0.0,0.0,104.0,58.0,5.0,34.2,145.5,0.0,12,8.0,0.0,52.0,89.0,0.0,51.0,0.0,95.0,8.0,5.0,7.0,2.61,7.8,0.0,0.0,0.0,47.336000000000006,0.0,0.0,16.154745456,0.2038657099,-0.827892435,0.0,3.0,0.0,0.0
11924,0.0,0.0,0.0,0.0,0.0,0.0,0.0,111.0,70.0,5.0,35.8,148.5,0.0,13,9.0,0.0,0.0,0.0,0.0,0.0,0.0,47.0,10.0,5.0,5.0,0.0,7.5,0.0,0.0,3.0,58.091,0.0,0.0,16.234171116,0.13375633509999998,-1.108808808,0.0,3.0,0.0,0.0
11924,0.0,0.0,0.0,0.0,0.0,0.0,0.0,101.0,57.0,5.0,38.5,154.9,0.0,14,10.0,0.0,0.0,0.0,0.0,0.0,0.0,47.0,18.0,5.0,6.0,0.0,8.6,0.0,0.0,0.0,71.071,0.0,0.0,16.045671399,0.0557725501,-1.59128656,0.0,3.0,0.0,0.0
11924,0.0,0.0,0.0,0.0,0.0,0.0,0.0,100.0,62.0,5.0,44.4,161.9,0.0,15,11.0,0.0,0.0,0.0,0.0,0.0,0.0,165.0,18.0,0.0,5.0,0.0,6.5,0.0,0.0,0.0,84.34899999999999,0.0,0.0,16.939058684000003,0.0829532803,-1.3854773269999998,0.0,3.0,0.0,0.0
