PtID,Pt_CGMUseNumDays,Pt_FatherT1D,Pt_MotherT1D,Pt_SiblingT1D,Pt_ChildT1D,Pt_GrandchildT1D,Pt_GrandparentT1D,BldPrSys,BldPrDia,SMBGperDayPtMeterCombo,WeightKg,HeightCm,DirectLDL,age,diabDur,TotalDailyInsPerKg,LDL,HDL,TotChol,Triglyc,BUN,AlbCreatRat_mggNew,UnitsInsBasalOrLongAct,BGTestAvgNumMeter,BGTestAvgNumPtRep,TSH,HbA1c,AutonomicNeuroCl,Pt_InsGov,NumPumpBolusOrShortAct,HbA1cImputeDtMnC,Pt_SHFlg,Pt_DKAFlg,bmi,bmiPerc,bmiZscore,GFR,diagAgeCombo,Pt_A1cGoalLev,Pt_A1cGoalLevelDsYr5
11921,0.0,0.0,0.0,0.0,0.0,0.0,0.0,121.0,77.0,1.0,36.922418918000005,145.034,0.0,12,8.0,0.7854306637999999,100.0,64.0,173.0,47.0,0.0,0.0,0.0,1.0,6.0,0.0,11.5,0.0,1.0,0.0,-0.43200000000000005,0.0,0.0,17.552965357999998,0.41935442799999995,-0.20354528300000002,0.0,3.0,0.0,0.0
11921,0.0,0.0,0.0,0.0,0.0,0.0,0.0,93.0,62.0,3.0,41.0,152.0,0.0,13,10.0,1.8292682927000001,90.0,55.0,156.0,0.0,9.0,9.0,15.0,3.0,0.0,0.92,0.0,0.0,0.0,4.0,0.0,0.0,0.0,17.745844875,0.3556597525,-0.37008453399999997,0.0,3.0,0.0,0.0
11921,0.0,0.0,0.0,0.0,0.0,0.0,0.0,107.0,68.0,1.0,49.0,155.0,0.0,14,11.0,1.3265306122,0.0,0.0,0.0,0.0,0.0,9.0,28.0,1.0,0.0,0.92,13.2,0.0,0.0,4.0,30.041,0.0,0.0,20.395421436,0.6320610939,0.3373171773,0.0,3.0,0.0,0.0
11921,0.0,0.0,0.0,0.0,0.0,0.0,0.0,106.0,70.0,3.0,56.2,158.4,0.0,15,12.0,0.0,0.0,58.0,187.0,0.0,0.0,9.0,28.0,3.0,0.0,1.44,11.4,0.0,0.0,0.0,41.394,0.0,0.0,22.398862361,0.7569202923999999,0.6964302645999999,0.0,3.0,0.0,0.0
11921,0.0,0.0,0.0,0.0,0.0,0.0,0.0,122.0,77.0,3.0,58.9,158.1,0.0,16,13.0,1.6129032258000002,0.0,0.0,0.0,0.0,0.0,52.0,0.0,3.0,0.0,1.27,12.2,0.0,0.0,0.0,52.747,0.0,0.0,23.564137863000003,0.7953928495999999,0.8252770806999999,0.0,3.0,0.0,0.0
11921,0.0,0.0,0.0,0.0,0.0,0.0,0.0,121.0,85.0,3.0,58.8,160.0,0.0,17,14.0,2.5340136053999998,0.0,0.0,0.0,0.0,11.0,422.0,54.0,3.0,0.0,1.95,12.6,0.0,0.0,5.0,65.593,0.0,0.0,22.96875,0.7188804641,0.5795189382,0.0,3.0,0.0,0.0
11921,30.0,0.0,0.0,0.0,0.0,0.0,0.0,119.0,80.0,5.0,60.0,159.7,0.0,17,14.0,0.0,0.0,0.0,0.0,0.0,0.0,422.0,0.0,0.0,5.0,0.0,10.8,0.0,1.0,0.0,70.274,0.0,0.0,23.525638436999998,0.7603758379000001,0.7075120544,0.0,3.0,0.0,0.0
11921,0.0,0.0,0.0,0.0,0.0,0.0,0.0,112.0,76.0,2.0,57.3,159.0,0.0,18,15.0,0.0,0.0,0.0,0.0,0.0,12.0,422.0,0.0,2.0,0.0,0.0,15.0,0.0,0.0,0.0,81.361,0.0,0.0,22.665242671999998,0.6567854173,0.4037056757,0.0,3.0,0.0,0.0
