PtID,Pt_CGMUseNumDays,Pt_FatherT1D,Pt_MotherT1D,Pt_SiblingT1D,Pt_ChildT1D,Pt_GrandchildT1D,Pt_GrandparentT1D,BldPrSys,BldPrDia,SMBGperDayPtMeterCombo,WeightKg,HeightCm,DirectLDL,age,diabDur,TotalDailyInsPerKg,LDL,HDL,TotChol,Triglyc,BUN,AlbCreatRat_mggNew,UnitsInsBasalOrLongAct,BGTestAvgNumMeter,BGTestAvgNumPtRep,TSH,HbA1c,AutonomicNeuroCl,Pt_InsGov,NumPumpBolusOrShortAct,HbA1cImputeDtMnC,Pt_SHFlg,Pt_DKAFlg,bmi,bmiPerc,bmiZscore,GFR,diagAgeCombo,Pt_A1cGoalLev,Pt_A1cGoalLevelDsYr5
11950,0.0,0.0,0.0,0.0,0.0,0.0,0.0,86.0,47.0,10.0,48.9,143.1,0.0,12,6.0,0.9406952965,0.0,0.0,160.0,0.0,15.0,9.0,0.0,0.0,10.0,0.0,6.9,0.0,0.0,4.0,6.274,0.0,0.0,23.879739872,0.9257483485,1.4448383263,0.0,5.0,0.0,0.0
11950,0.0,0.0,0.0,0.0,0.0,0.0,0.0,95.0,54.0,0.0,53.1,151.1,0.0,13,7.0,0.0,0.0,0.0,171.0,0.0,0.0,29.0,0.0,0.0,0.0,0.0,7.8,0.0,0.0,0.0,19.054000000000002,0.0,0.0,23.257637243,0.8802763348,1.176369309,0.0,5.0,0.0,0.0
11950,0.0,0.0,0.0,0.0,0.0,0.0,0.0,112.0,54.0,0.0,62.4,158.0,0.0,14,8.0,0.7371794872,0.0,0.0,0.0,0.0,0.0,13.1,22.0,0.0,0.0,9.53,6.9,0.0,0.0,0.0,32.996,0.0,0.0,24.995994231999997,0.908748708,1.3330890448000001,0.0,5.0,0.0,0.0
11950,0.0,0.0,0.0,0.0,0.0,0.0,0.0,94.0,57.0,6.0,66.0,161.9,0.0,16,10.0,0.5303030303,74.0,64.0,153.0,75.0,0.0,0.0,25.0,6.0,0.0,18.1,7.3,0.0,0.0,0.0,51.618,0.0,0.0,25.179681828000003,0.8711998697,1.1320812887,0.0,5.0,0.0,0.0
11950,0.0,0.0,0.0,0.0,0.0,0.0,0.0,107.0,70.0,8.0,71.5,164.5,0.0,17,11.0,0.8251748252,0.0,0.0,0.0,0.0,13.0,3.8,26.0,0.0,8.0,1.07,8.9,0.0,0.0,0.0,64.697,0.0,0.0,26.422520116999998,0.8925696341,1.240310063,0.0,5.0,0.0,0.0
