PtID,Pt_CGMUseNumDays,Pt_FatherT1D,Pt_MotherT1D,Pt_SiblingT1D,Pt_ChildT1D,Pt_GrandchildT1D,Pt_GrandparentT1D,BldPrSys,BldPrDia,SMBGperDayPtMeterCombo,WeightKg,HeightCm,DirectLDL,age,diabDur,TotalDailyInsPerKg,LDL,HDL,TotChol,Triglyc,BUN,AlbCreatRat_mggNew,UnitsInsBasalOrLongAct,BGTestAvgNumMeter,BGTestAvgNumPtRep,TSH,HbA1c,AutonomicNeuroCl,Pt_InsGov,NumPumpBolusOrShortAct,HbA1cImputeDtMnC,Pt_SHFlg,Pt_DKAFlg,bmi,bmiPerc,bmiZscore,GFR,diagAgeCombo,Pt_A1cGoalLev,Pt_A1cGoalLevelDsYr5
11987,25.0,0.0,0.0,0.0,0.0,0.0,0.0,109.0,55.0,4.0,0.0,0.0,0.0,67,46.0,0.0,68.0,56.0,133.0,44.0,18.0,2.6,0.0,4.0,5.0,0.0,7.1,0.0,1.0,5.0,-0.465,0.0,0.0,0.0,0.0,0.0,0.0,21.0,0.0,0.0
11987,28.0,0.0,0.0,0.0,0.0,0.0,0.0,115.0,57.0,6.0,0.0,0.0,0.0,69,48.0,0.0,0.0,0.0,0.0,0.0,21.0,2.9,0.0,6.0,6.0,0.0,7.1,0.0,1.0,8.0,18.788,0.0,0.0,0.0,0.0,0.0,0.0,21.0,6.5,0.0
11987,0.0,0.0,0.0,0.0,0.0,0.0,0.0,110.0,67.0,4.0,0.0,0.0,0.0,70,49.0,0.0,73.0,56.0,139.0,52.0,20.0,14.9,11.0,4.0,0.0,0.0,7.1,0.0,0.0,11.0,34.888000000000005,0.0,0.0,0.0,0.0,0.0,0.0,21.0,0.0,0.0
11987,0.0,0.0,0.0,0.0,0.0,0.0,0.0,107.0,61.0,4.0,68.94604024,160.0,0.0,71,50.0,0.43512288590000003,0.0,0.0,0.0,0.0,0.0,14.9,11.0,4.0,0.0,0.0,6.7,0.0,0.0,12.0,45.71,0.0,0.0,26.932046969,0.0,-0.169865517,0.0,21.0,0.0,0.0
11987,0.0,0.0,0.0,0.0,0.0,0.0,0.0,110.0,60.0,3.0,64.41011654,160.02,0.0,72,51.0,0.38813778549999994,0.0,0.0,0.0,0.0,0.0,14.9,9.0,3.0,0.0,0.982,7.2,0.0,0.0,10.0,56.56399999999999,0.0,0.0,25.153912902,0.0,-0.452690374,0.0,21.0,0.0,0.0
11987,30.0,0.0,0.0,0.0,0.0,0.0,0.0,119.0,79.0,4.0,67.13167076,160.02,0.0,73,52.0,0.4319868651,0.0,0.0,0.0,0.0,0.0,6.0,10.0,4.0,5.0,0.0,7.9,0.0,1.0,10.0,67.718,0.0,0.0,26.216754291999997,0.0,-0.28363789899999997,0.0,21.0,0.0,0.0
11987,0.0,0.0,0.0,0.0,0.0,0.0,0.0,108.0,57.0,4.0,0.0,0.0,0.0,74,53.0,0.0,57.0,57.0,123.0,57.0,21.0,6.0,13.0,4.0,0.0,0.0,6.9,0.0,0.0,20.0,77.477,0.0,0.0,0.0,0.0,0.0,0.0,21.0,0.0,0.0
