PtID,Pt_CGMUseNumDays,Pt_FatherT1D,Pt_MotherT1D,Pt_SiblingT1D,Pt_ChildT1D,Pt_GrandchildT1D,Pt_GrandparentT1D,BldPrSys,BldPrDia,SMBGperDayPtMeterCombo,WeightKg,HeightCm,DirectLDL,age,diabDur,TotalDailyInsPerKg,LDL,HDL,TotChol,Triglyc,BUN,AlbCreatRat_mggNew,UnitsInsBasalOrLongAct,BGTestAvgNumMeter,BGTestAvgNumPtRep,TSH,HbA1c,AutonomicNeuroCl,Pt_InsGov,NumPumpBolusOrShortAct,HbA1cImputeDtMnC,Pt_SHFlg,Pt_DKAFlg,bmi,bmiPerc,bmiZscore,GFR,diagAgeCombo,Pt_A1cGoalLev,Pt_A1cGoalLevelDsYr5
12000,0.0,0.0,0.0,0.0,0.0,0.0,0.0,105.0,62.0,7.0,47.5,155.2,0.0,10,1.0,0.6526315789,86.0,66.0,158.0,29.0,0.0,0.0,0.0,7.0,7.0,0.0,7.3,0.0,0.0,7.0,-0.066,0.0,0.0,19.720148262000002,0.8359107568,0.9777894169,0.0,8.0,0.0,0.0
12000,0.0,0.0,0.0,0.0,0.0,0.0,0.0,121.0,58.0,7.0,58.6,165.7,0.0,11,2.0,0.5631399317,79.0,53.0,141.0,88.0,0.0,0.0,0.0,7.0,7.0,0.0,8.7,0.0,0.0,9.0,16.996,0.0,0.0,21.342859193,0.875046951,1.1505774898999999,0.0,8.0,6.5,0.0
12000,0.0,0.0,0.0,0.0,0.0,0.0,0.0,117.0,69.0,8.0,66.6,168.6,0.0,12,3.0,0.7507507508,74.0,49.0,152.0,45.0,8.0,0.0,20.0,8.0,0.0,1.16,7.8,0.0,0.0,9.0,28.149,0.0,0.0,23.429287876,0.9145551853,1.3693508518000002,0.0,8.0,0.0,0.0
12000,0.0,0.0,0.0,0.0,0.0,0.0,0.0,114.0,64.0,8.0,70.3,170.5,0.0,13,4.0,0.5405405405,56.0,62.0,126.0,38.0,11.0,0.0,19.0,8.0,0.0,1.27,7.3,0.0,0.0,6.0,41.129,0.0,0.0,24.182798566,0.9097648562999999,1.3393084239,0.0,8.0,0.0,0.0
12000,0.0,0.0,0.0,0.0,0.0,0.0,0.0,136.0,67.0,6.0,76.3,170.5,0.0,14,5.0,0.6422018349,59.0,66.0,131.0,30.0,12.0,6.1,19.0,6.0,0.0,1.1,8.2,0.0,0.0,7.0,51.751000000000005,0.0,0.0,26.246764304000003,0.9355223581000001,1.5182345369999999,0.0,8.0,0.0,0.0
12000,0.0,0.0,0.0,0.0,0.0,0.0,0.0,120.0,72.0,5.0,81.6,170.5,0.0,15,6.0,0.5637254902000001,84.0,57.0,149.0,38.0,0.0,4.4,28.0,5.0,5.0,1.38,9.1,0.0,0.0,0.0,64.066,0.0,0.0,28.069934039,0.9497660935,1.6425898949000002,0.0,8.0,0.0,0.0
12000,0.0,0.0,0.0,0.0,0.0,0.0,0.0,113.0,77.0,5.0,84.2,170.6,0.0,15,7.0,0.6175771971,0.0,0.0,0.0,0.0,0.0,29.9,30.0,5.0,5.0,1.38,8.2,0.0,0.0,0.0,67.65100000000001,0.0,0.0,28.930373319,0.95901403,1.7393572668000001,0.0,8.0,0.0,0.0
12000,0.0,0.0,0.0,0.0,0.0,0.0,0.0,122.0,80.0,4.0,82.1,172.0,0.0,16,8.0,0.6090133983,74.0,60.0,146.0,59.0,16.0,29.9,27.0,4.0,0.0,0.91,8.6,0.0,0.0,0.0,78.506,0.0,0.0,27.75148729,0.9345952854999999,1.5109176671,0.0,8.0,0.0,0.0
