PtID,Pt_CGMUseNumDays,Pt_FatherT1D,Pt_MotherT1D,Pt_SiblingT1D,Pt_ChildT1D,Pt_GrandchildT1D,Pt_GrandparentT1D,BldPrSys,BldPrDia,SMBGperDayPtMeterCombo,WeightKg,HeightCm,DirectLDL,age,diabDur,TotalDailyInsPerKg,LDL,HDL,TotChol,Triglyc,BUN,AlbCreatRat_mggNew,UnitsInsBasalOrLongAct,BGTestAvgNumMeter,BGTestAvgNumPtRep,TSH,HbA1c,AutonomicNeuroCl,Pt_InsGov,NumPumpBolusOrShortAct,HbA1cImputeDtMnC,Pt_SHFlg,Pt_DKAFlg,bmi,bmiPerc,bmiZscore,GFR,diagAgeCombo,Pt_A1cGoalLev,Pt_A1cGoalLevelDsYr5
12040,0.0,0.0,0.0,0.0,0.0,0.0,0.0,102.0,60.0,6.0,27.0,134.9,0.0,10,1.0,0.9259259259,0.0,0.0,142.0,0.0,0.0,0.0,0.0,0.0,6.0,0.0,8.1,0.0,0.0,0.0,0.133,0.0,0.0,14.836787099,0.1433187176,-1.065527174,0.0,9.0,0.0,0.0
12040,0.0,0.0,0.0,0.0,0.0,0.0,0.0,102.0,67.0,8.0,30.7,138.9,0.0,11,2.0,0.9446254072,0.0,0.0,0.0,0.0,0.0,0.0,0.0,0.0,8.0,0.0,8.9,0.0,0.0,0.0,11.253,0.0,0.0,15.912333925,0.2408244925,-0.703652858,0.0,9.0,7.0,0.0
12040,0.0,0.0,0.0,0.0,0.0,0.0,0.0,108.0,58.0,0.0,43.2,150.2,0.0,12,3.0,0.0,0.0,0.0,0.0,0.0,0.0,3.0,12.0,0.0,0.0,0.0,8.8,0.0,0.0,26.0,20.349,0.0,0.0,19.148902218,0.6435713797,0.36802144929999997,0.0,9.0,0.0,0.0
12040,0.0,0.0,0.0,0.0,0.0,0.0,0.0,98.0,68.0,0.0,40.4,148.9,0.0,13,4.0,0.9900990099,64.0,86.0,167.0,83.0,0.0,3.0,11.0,0.0,0.0,0.0,8.0,0.0,0.0,29.0,31.967,0.0,0.0,18.22182912,0.42850337780000003,-0.18018573699999998,0.0,9.0,0.0,0.0
12040,0.0,0.0,0.0,0.0,0.0,0.0,0.0,110.0,61.0,5.0,47.0,154.1,0.0,14,4.0,0.7659574468000001,0.0,0.0,0.0,0.0,0.0,3.0,16.0,0.0,5.0,0.0,7.2,0.0,0.0,20.0,41.593,0.0,0.0,19.79213208,0.5609668946999999,0.1534210948,0.0,9.0,0.0,0.0
12040,0.0,0.0,0.0,0.0,0.0,0.0,0.0,107.0,61.0,5.0,51.8,156.5,0.0,14,5.0,0.7528957529000001,76.0,65.0,155.0,71.0,0.0,7.0,17.0,0.0,5.0,1.06,7.5,0.0,0.0,4.0,52.68,0.0,0.0,21.149547306,0.7073296067,0.5456002005,0.0,9.0,0.0,0.0
12040,0.0,0.0,0.0,0.0,0.0,0.0,0.0,119.0,72.0,5.0,49.3,158.2,0.0,16,6.0,0.5882352941,0.0,0.0,0.0,0.0,0.0,19.0,15.0,0.0,5.0,0.0,9.1,0.0,0.0,3.0,66.622,0.0,0.0,19.698536475,0.39932877689999996,-0.255084865,0.0,9.0,0.0,0.0
12040,0.0,0.0,0.0,0.0,0.0,0.0,0.0,109.0,74.0,4.0,55.7,158.8,0.0,17,7.0,0.8797127469,72.0,88.0,172.0,60.0,0.0,19.0,16.0,0.0,4.0,0.66,9.2,0.0,0.0,6.0,79.635,0.0,0.0,22.087888382,0.6388753732,0.35545432950000005,0.0,9.0,0.0,0.0
