PtID,Pt_CGMUseNumDays,Pt_FatherT1D,Pt_MotherT1D,Pt_SiblingT1D,Pt_ChildT1D,Pt_GrandchildT1D,Pt_GrandparentT1D,BldPrSys,BldPrDia,SMBGperDayPtMeterCombo,WeightKg,HeightCm,DirectLDL,age,diabDur,TotalDailyInsPerKg,LDL,HDL,TotChol,Triglyc,BUN,AlbCreatRat_mggNew,UnitsInsBasalOrLongAct,BGTestAvgNumMeter,BGTestAvgNumPtRep,TSH,HbA1c,AutonomicNeuroCl,Pt_InsGov,NumPumpBolusOrShortAct,HbA1cImputeDtMnC,Pt_SHFlg,Pt_DKAFlg,bmi,bmiPerc,bmiZscore,GFR,diagAgeCombo,Pt_A1cGoalLev,Pt_A1cGoalLevelDsYr5
12068,0.0,0.0,0.0,0.0,0.0,0.0,0.0,0.0,0.0,5.0,40.2,141.0,0.0,11,4.0,0.7711442786,100.0,66.0,185.0,97.0,0.0,0.0,0.0,5.0,7.0,0.0,8.6,0.0,0.0,6.0,-2.822,0.0,0.0,20.22031085,0.8125967975,0.8875062456999999,0.0,7.0,0.0,0.0
12068,0.0,0.0,0.0,0.0,0.0,0.0,0.0,127.0,93.0,4.0,49.0,150.1,0.0,13,5.0,0.7142857143000001,130.0,72.0,214.0,62.0,13.0,29.9,0.0,4.0,6.0,0.0,8.7,0.0,0.0,6.0,18.124000000000002,0.0,0.0,21.748769751999998,0.8065974143000001,0.865425716,0.0,7.0,7.5,0.0
12068,0.0,0.0,0.0,0.0,0.0,0.0,0.0,119.0,78.0,3.0,61.7,160.9,0.0,14,7.0,0.9562398703,165.0,64.0,246.0,85.0,0.0,29.9,22.0,3.0,0.0,1.1,7.8,0.0,0.0,0.0,37.544000000000004,0.0,0.0,23.832690649,0.8716685738,1.1343140148,0.0,7.0,0.0,0.0
12068,0.0,0.0,0.0,0.0,0.0,0.0,0.0,133.0,77.0,2.0,73.6,165.2,0.0,15,8.0,1.0869565217000001,0.0,0.0,242.0,159.0,11.0,29.9,26.0,2.0,0.0,0.76,9.5,0.0,0.0,4.0,52.315,0.0,0.0,26.968558179000002,0.9338123741,1.5048009796000001,0.0,7.0,0.0,0.0
12068,6.0,0.0,0.0,0.0,0.0,0.0,0.0,133.0,78.0,3.0,75.9,165.5,0.0,17,9.0,1.1989459815999999,132.0,63.0,220.0,124.0,14.0,15.0,30.0,3.0,3.0,0.83,8.0,0.0,0.0,5.0,65.361,0.0,0.0,27.710590446999998,0.9225031379,1.4221120534,0.0,7.0,0.0,0.0
12068,0.0,0.0,0.0,0.0,0.0,0.0,0.0,122.0,70.0,2.0,76.6,167.4,0.0,18,10.0,0.9399477807,146.0,56.0,0.0,121.0,13.0,5.0,30.1,2.0,0.0,0.88,8.4,0.0,0.0,5.0,78.041,0.0,0.0,27.334923469,0.9024868845999999,1.2958527198,0.0,7.0,0.0,0.0
