PtID,Pt_CGMUseNumDays,Pt_FatherT1D,Pt_MotherT1D,Pt_SiblingT1D,Pt_ChildT1D,Pt_GrandchildT1D,Pt_GrandparentT1D,BldPrSys,BldPrDia,SMBGperDayPtMeterCombo,WeightKg,HeightCm,DirectLDL,age,diabDur,TotalDailyInsPerKg,LDL,HDL,TotChol,Triglyc,BUN,AlbCreatRat_mggNew,UnitsInsBasalOrLongAct,BGTestAvgNumMeter,BGTestAvgNumPtRep,TSH,HbA1c,AutonomicNeuroCl,Pt_InsGov,NumPumpBolusOrShortAct,HbA1cImputeDtMnC,Pt_SHFlg,Pt_DKAFlg,bmi,bmiPerc,bmiZscore,GFR,diagAgeCombo,Pt_A1cGoalLev,Pt_A1cGoalLevelDsYr5
12116,0.0,0.0,0.0,0.0,0.0,0.0,0.0,125.0,70.0,2.0,50.7,165.0,0.0,14,2.0,1.5384615385,0.0,0.0,135.0,0.0,0.0,2.2,0.0,2.0,2.0,0.0,13.0,0.0,0.0,0.0,-0.266,0.0,0.0,18.622589532,0.4190542446,-0.20431354100000002,0.0,12.0,0.0,0.0
12116,0.0,0.0,0.0,0.0,0.0,0.0,0.0,118.0,70.0,3.0,55.9,167.9,0.0,15,3.0,0.5903398927,0.0,0.0,121.0,0.0,0.0,2.5,0.0,0.0,3.0,0.0,10.4,0.0,0.0,0.0,12.315,0.0,0.0,19.829438450999998,0.5001556852,0.00039024489999999997,0.0,12.0,0.0,0.0
12116,0.0,0.0,0.0,0.0,0.0,0.0,0.0,132.0,73.0,1.0,59.6,169.0,0.0,16,4.0,0.0,0.0,0.0,127.0,0.0,0.0,0.2,0.0,1.0,2.0,2.62,9.9,0.0,0.0,0.0,25.793000000000003,0.0,0.0,20.86761668,0.5477470421,0.1199712585,0.0,12.0,0.0,0.0
12116,0.0,0.0,0.0,0.0,0.0,0.0,0.0,122.0,69.0,2.0,63.0,168.8,0.0,17,5.0,0.0,0.0,0.0,131.0,0.0,0.0,3.7,35.0,0.0,2.0,2.04,9.5,0.0,0.0,0.0,38.108000000000004,0.0,0.0,22.110352418,0.6173595628,0.2985533366,0.0,12.0,0.0,0.0
12116,0.0,0.0,0.0,0.0,0.0,0.0,0.0,112.0,74.0,2.0,63.5,169.1,0.0,18,6.0,0.0,0.0,0.0,138.0,0.0,0.0,1.6,32.0,2.0,3.0,1.34,9.1,0.0,0.0,0.0,48.797,0.0,0.0,22.206827043,0.5454064258,0.1140638882,0.0,12.0,0.0,0.0
12116,0.0,0.0,0.0,0.0,0.0,0.0,0.0,136.0,81.0,4.0,68.7,169.2,0.0,20,8.0,0.0,127.0,61.0,212.0,121.0,17.0,35.1,30.0,0.0,4.0,1.058,12.1,0.0,1.0,0.0,73.22800000000001,0.0,0.0,23.99694851,0.6194193639,-0.5134393629999999,0.0,12.0,0.0,0.0
