PtID,Pt_CGMUseNumDays,Pt_FatherT1D,Pt_MotherT1D,Pt_SiblingT1D,Pt_ChildT1D,Pt_GrandchildT1D,Pt_GrandparentT1D,BldPrSys,BldPrDia,SMBGperDayPtMeterCombo,WeightKg,HeightCm,DirectLDL,age,diabDur,TotalDailyInsPerKg,LDL,HDL,TotChol,Triglyc,BUN,AlbCreatRat_mggNew,UnitsInsBasalOrLongAct,BGTestAvgNumMeter,BGTestAvgNumPtRep,TSH,HbA1c,AutonomicNeuroCl,Pt_InsGov,NumPumpBolusOrShortAct,HbA1cImputeDtMnC,Pt_SHFlg,Pt_DKAFlg,bmi,bmiPerc,bmiZscore,GFR,diagAgeCombo,Pt_A1cGoalLev,Pt_A1cGoalLevelDsYr5
12138,0.0,0.0,0.0,0.0,0.0,0.0,0.0,160.0,96.0,2.0,72.5747792,177.8,0.0,43,3.0,0.2066833708,89.0,53.0,150.0,41.0,0.0,5.0,0.0,0.0,2.0,0.0,7.2,0.0,0.0,0.0,0.0,0.0,0.0,22.957374029,0.0,-0.7825246029999999,0.0,40.0,0.0,0.0
12138,0.0,0.0,0.0,0.0,0.0,0.0,0.0,130.0,87.0,3.0,73.48196394,177.8,0.0,44,4.0,0.3674371036,98.0,52.0,161.0,56.0,0.0,2.0,0.0,0.0,3.0,0.0,7.5,0.0,0.0,0.0,12.979000000000001,0.0,0.0,23.244341204,0.0,-0.7412653140000001,0.0,40.0,0.0,0.0
12138,0.0,0.0,0.0,0.0,0.0,0.0,0.0,111.0,72.0,4.0,74.47986715399999,177.8,0.0,45,5.0,0.0,109.0,59.0,166.0,62.0,0.0,2.0,0.0,4.0,0.0,0.0,6.9,0.0,0.0,0.0,25.526999999999997,0.0,0.0,23.560005096999998,0.0,-0.695880097,0.0,40.0,0.0,0.0
12138,0.0,0.0,0.0,0.0,0.0,0.0,0.0,106.0,71.0,4.0,76.112799686,177.8,0.0,46,6.0,0.0,90.0,56.0,156.0,39.0,0.0,2.0,0.0,4.0,0.0,0.0,7.1,0.0,0.0,0.0,38.772,0.0,0.0,24.076546013,0.0,-0.6216133779999999,0.0,40.0,0.0,0.0
12138,0.0,0.0,0.0,0.0,0.0,0.0,0.0,119.0,79.0,4.0,76.20351816,152.4,0.0,47,7.0,0.9185927590999999,96.0,50.0,156.0,59.0,0.0,5.0,0.0,4.0,0.0,0.0,7.2,0.0,0.0,0.0,51.784,0.0,0.0,32.809913716,0.0,0.6340443008,0.0,40.0,0.0,0.0
12138,0.0,0.0,0.0,0.0,0.0,0.0,0.0,124.0,82.0,4.0,73.02837157,177.8,0.0,49,9.0,1.0954646568000002,85.0,55.0,148.0,66.0,0.0,5.0,0.0,4.0,0.0,0.0,7.5,0.0,0.0,0.0,68.083,0.0,0.0,23.100857617,0.0,-0.761894958,0.0,40.0,0.0,0.0
