PtID,Pt_CGMUseNumDays,Pt_FatherT1D,Pt_MotherT1D,Pt_SiblingT1D,Pt_ChildT1D,Pt_GrandchildT1D,Pt_GrandparentT1D,BldPrSys,BldPrDia,SMBGperDayPtMeterCombo,WeightKg,HeightCm,DirectLDL,age,diabDur,TotalDailyInsPerKg,LDL,HDL,TotChol,Triglyc,BUN,AlbCreatRat_mggNew,UnitsInsBasalOrLongAct,BGTestAvgNumMeter,BGTestAvgNumPtRep,TSH,HbA1c,AutonomicNeuroCl,Pt_InsGov,NumPumpBolusOrShortAct,HbA1cImputeDtMnC,Pt_SHFlg,Pt_DKAFlg,bmi,bmiPerc,bmiZscore,GFR,diagAgeCombo,Pt_A1cGoalLev,Pt_A1cGoalLevelDsYr5
12132,0.0,0.0,0.0,0.0,0.0,0.0,1.0,0.0,0.0,12.0,53.97749203,152.4,0.0,39,24.0,0.2223148862,114.0,59.0,0.0,70.0,13.0,7.0,0.0,0.0,12.0,0.0,5.7,0.0,0.0,4.0,-1.361,0.0,0.0,23.240355549,0.0,-0.53445498,0.0,15.0,0.0,0.0
12132,0.0,0.0,0.0,0.0,0.0,0.0,1.0,130.0,77.0,8.0,45.0,106.0,0.0,40,25.0,0.44444444439999997,86.0,52.0,0.0,131.0,12.0,0.0,0.0,8.0,10.0,0.0,5.5,0.0,0.0,6.0,14.772,1.0,0.0,40.049839801,0.0,1.022959731,0.0,15.0,6.0,0.0
12132,0.0,0.0,0.0,0.0,0.0,0.0,0.0,109.0,71.0,4.0,0.0,0.0,0.0,41,26.0,0.0,0.0,0.0,0.0,0.0,12.0,4.7,6.0,4.0,10.0,0.83,6.1,0.0,0.0,5.0,26.721999999999998,0.0,0.0,0.0,0.0,0.0,0.0,15.0,0.0,0.0
12132,0.0,0.0,0.0,0.0,0.0,0.0,0.0,0.0,0.0,3.0,0.0,0.0,0.0,42,27.0,0.0,0.0,0.0,0.0,0.0,0.0,6.1,0.0,3.0,0.0,0.0,0.0,0.0,0.0,0.0,0.0,0.0,0.0,0.0,0.0,0.0,0.0,15.0,0.0,0.0
12132,0.0,0.0,0.0,0.0,0.0,0.0,0.0,107.0,63.0,5.0,49.0,155.0,0.0,44,29.0,0.0,74.0,52.0,141.0,73.0,10.0,6.1,6.0,5.0,5.0,4.31,6.4,0.0,0.0,0.0,63.203,0.0,0.0,20.395421436,0.0,-0.733019293,0.0,15.0,0.0,0.0
12132,0.0,0.0,0.0,0.0,0.0,0.0,0.0,114.0,81.0,5.0,49.0,154.0,0.0,45,30.0,0.0,0.0,0.0,0.0,0.0,0.0,6.1,6.0,5.0,0.0,0.0,6.6,0.0,0.0,0.0,69.378,0.0,0.0,20.661157025,0.0,-0.709277755,0.0,15.0,0.0,0.0
