PtID,Pt_CGMUseNumDays,Pt_FatherT1D,Pt_MotherT1D,Pt_SiblingT1D,Pt_ChildT1D,Pt_GrandchildT1D,Pt_GrandparentT1D,BldPrSys,BldPrDia,SMBGperDayPtMeterCombo,WeightKg,HeightCm,DirectLDL,age,diabDur,TotalDailyInsPerKg,LDL,HDL,TotChol,Triglyc,BUN,AlbCreatRat_mggNew,UnitsInsBasalOrLongAct,BGTestAvgNumMeter,BGTestAvgNumPtRep,TSH,HbA1c,AutonomicNeuroCl,Pt_InsGov,NumPumpBolusOrShortAct,HbA1cImputeDtMnC,Pt_SHFlg,Pt_DKAFlg,bmi,bmiPerc,bmiZscore,GFR,diagAgeCombo,Pt_A1cGoalLev,Pt_A1cGoalLevelDsYr5
12152,0.0,0.0,0.0,0.0,0.0,0.0,0.0,142.0,78.0,5.0,0.0,0.0,0.0,72,40.0,0.0,127.0,78.0,0.0,155.0,18.4,66.1,0.0,5.0,4.0,0.0,8.5,1.0,1.0,0.0,0.266,0.0,0.0,0.0,0.0,0.0,0.0,32.0,0.0,0.0
12152,0.0,0.0,0.0,0.0,0.0,0.0,0.0,138.0,72.0,4.0,96.8,179.7,0.0,74,42.0,0.47520661159999994,78.0,58.0,0.0,99.0,24.0,29.9,0.0,0.0,4.0,0.0,8.3,1.0,1.0,0.0,17.461,0.0,0.0,29.976381213000003,0.0,0.5599991909,0.0,32.0,6.0,0.0
12152,0.0,0.0,0.0,0.0,0.0,0.0,0.0,128.0,64.0,5.0,94.5,176.3,0.0,75,43.0,0.0,113.0,63.0,0.0,156.0,29.0,19.8,12.0,0.0,5.0,2.44,9.6,1.0,0.0,0.0,30.473000000000003,0.0,0.0,30.403752176999998,0.0,0.6651342152,0.0,32.0,0.0,0.0
12152,0.0,0.0,0.0,0.0,0.0,0.0,0.0,116.0,70.0,5.0,97.4,176.8,0.0,76,44.0,0.0,129.0,56.0,208.0,116.0,26.0,19.8,20.0,0.0,5.0,1.19,9.3,1.0,0.0,0.0,41.162,0.0,0.0,31.159783788000002,0.0,0.8511211177,57.0,32.0,0.0,0.0
12152,0.0,0.0,0.0,0.0,0.0,0.0,0.0,132.0,84.0,4.0,100.7,177.4,0.0,77,45.0,0.0,150.0,57.0,229.0,109.0,18.0,19.8,25.0,4.0,5.0,2.51,9.4,1.0,0.0,3.0,52.016999999999996,0.0,0.0,31.997956198,0.0,1.0573149962000001,75.0,32.0,0.0,0.0
12152,0.0,0.0,0.0,0.0,0.0,0.0,0.0,118.0,70.0,5.0,100.9,177.5,0.0,78,46.0,0.0,111.0,73.0,202.0,91.0,30.0,68.8,28.0,5.0,5.0,2.496,10.0,1.0,1.0,0.0,65.859,0.0,0.0,32.025391787,0.0,1.0640642646,70.0,32.0,0.0,0.0
12152,0.0,0.0,0.0,0.0,0.0,0.0,0.0,112.0,68.0,2.0,89.6,181.1,0.0,79,47.0,0.0,111.0,60.0,196.0,123.0,21.0,68.8,21.0,2.0,5.0,2.56,0.0,1.0,0.0,0.0,0.0,0.0,0.0,27.319396985,0.0,-0.093629915,61.0,32.0,0.0,0.0
