PtID,Pt_CGMUseNumDays,Pt_FatherT1D,Pt_MotherT1D,Pt_SiblingT1D,Pt_ChildT1D,Pt_GrandchildT1D,Pt_GrandparentT1D,BldPrSys,BldPrDia,SMBGperDayPtMeterCombo,WeightKg,HeightCm,DirectLDL,age,diabDur,TotalDailyInsPerKg,LDL,HDL,TotChol,Triglyc,BUN,AlbCreatRat_mggNew,UnitsInsBasalOrLongAct,BGTestAvgNumMeter,BGTestAvgNumPtRep,TSH,HbA1c,AutonomicNeuroCl,Pt_InsGov,NumPumpBolusOrShortAct,HbA1cImputeDtMnC,Pt_SHFlg,Pt_DKAFlg,bmi,bmiPerc,bmiZscore,GFR,diagAgeCombo,Pt_A1cGoalLev,Pt_A1cGoalLevelDsYr5
12168,0.0,0.0,0.0,0.0,0.0,0.0,0.0,110.0,60.0,5.0,41.6,147.7,1.0,10,0.0,0.5288461538,96.0,51.0,0.0,113.0,20.0,0.0,0.0,5.0,7.0,0.0,7.2,0.0,0.0,0.0,0.365,0.0,0.0,19.069194129,0.787344312,0.7972404878,0.0,10.0,0.0,0.0
12168,0.0,0.0,0.0,0.0,0.0,0.0,0.0,117.0,56.0,6.0,50.4,162.0,0.0,12,1.0,1.3293650794,0.0,68.0,0.0,48.0,11.0,0.0,0.0,0.0,6.0,0.0,8.5,0.0,0.0,0.0,19.750999999999998,0.0,0.0,19.204389575,0.650024998,0.3853879568,0.0,10.0,7.5,0.0
12168,0.0,0.0,0.0,0.0,0.0,0.0,0.0,0.0,0.0,4.0,60.4,168.0,0.0,13,2.0,0.0,0.0,74.0,178.0,46.0,16.0,0.0,33.0,4.0,0.0,1.93,7.9,0.0,0.0,0.0,31.9,0.0,0.0,21.400226757000002,0.7835504642,0.7842403866,0.0,10.0,0.0,0.0
12168,0.0,0.0,0.0,0.0,0.0,0.0,0.0,123.0,63.0,4.0,67.1,170.1,0.0,14,4.0,0.9687034277,0.0,0.0,171.0,34.0,9.0,0.0,32.0,0.0,4.0,1.14,7.4,0.0,0.0,0.0,52.515,0.0,0.0,23.190701876,0.8441585258,1.0116970042,0.0,10.0,0.0,0.0
12168,0.0,0.0,0.0,0.0,0.0,0.0,0.0,114.0,60.0,3.0,70.2,171.3,0.0,15,5.0,0.0,0.0,0.0,157.0,0.0,13.0,0.0,32.0,0.0,3.0,1.1,9.2,0.0,0.0,0.0,64.83,0.0,0.0,23.923371601,0.8457944608,1.0185617345,0.0,10.0,0.0,0.0
12168,0.0,0.0,0.0,0.0,0.0,0.0,0.0,124.0,64.0,3.0,70.3,170.4,0.0,16,6.0,0.0,0.0,0.0,150.0,0.0,15.0,0.0,0.0,3.0,0.0,0.84,8.7,0.0,0.0,0.0,74.22399999999999,0.0,0.0,24.21119046,0.8304208101,0.9558295036,0.0,10.0,0.0,0.0
12168,0.0,0.0,0.0,0.0,0.0,0.0,0.0,113.0,58.0,6.0,73.4,170.8,0.0,17,7.0,0.9264305177,0.0,0.0,167.0,0.0,0.0,0.0,34.0,0.0,6.0,1.0,8.8,0.0,0.0,0.0,86.274,0.0,0.0,25.160561403000003,0.8490392279000001,1.0323214748,0.0,10.0,0.0,0.0
