PtID,Pt_CGMUseNumDays,Pt_FatherT1D,Pt_MotherT1D,Pt_SiblingT1D,Pt_ChildT1D,Pt_GrandchildT1D,Pt_GrandparentT1D,BldPrSys,BldPrDia,SMBGperDayPtMeterCombo,WeightKg,HeightCm,DirectLDL,age,diabDur,TotalDailyInsPerKg,LDL,HDL,TotChol,Triglyc,BUN,AlbCreatRat_mggNew,UnitsInsBasalOrLongAct,BGTestAvgNumMeter,BGTestAvgNumPtRep,TSH,HbA1c,AutonomicNeuroCl,Pt_InsGov,NumPumpBolusOrShortAct,HbA1cImputeDtMnC,Pt_SHFlg,Pt_DKAFlg,bmi,bmiPerc,bmiZscore,GFR,diagAgeCombo,Pt_A1cGoalLev,Pt_A1cGoalLevelDsYr5
12202,30.0,0.0,0.0,0.0,0.0,0.0,0.0,103.0,75.0,4.0,49.1,147.5,0.0,14,9.0,0.9979633401000001,99.0,87.0,200.0,68.0,9.0,4.0,0.0,4.0,19.0,0.0,6.7,0.0,0.0,5.0,0.0,0.0,0.0,22.568227521,0.8113178766,0.8827631640000001,0.0,5.0,0.0,0.0
12202,30.0,0.0,0.0,0.0,0.0,0.0,0.0,106.0,64.0,12.0,53.1,150.8,0.0,15,10.0,1.054613936,0.0,0.0,0.0,0.0,0.0,6.0,0.0,0.0,12.0,0.0,7.5,0.0,0.0,0.0,13.942,1.0,0.0,23.350266307,0.8172460771,0.9049198584,0.0,5.0,6.2,0.0
12202,0.0,0.0,0.0,0.0,0.0,0.0,0.0,106.0,67.0,6.0,66.8,149.9,0.0,18,12.0,0.0,0.0,0.0,0.0,0.0,16.0,18.9,16.0,6.0,0.0,3.08,7.6,0.0,0.0,0.0,45.31100000000001,0.0,0.0,29.728513694,0.9437050971,1.5866594025,0.0,5.0,0.0,0.0
12202,0.0,0.0,0.0,0.0,0.0,0.0,0.0,99.0,64.0,6.0,65.0,145.5,0.0,19,13.0,0.6153846154,0.0,0.0,0.0,0.0,0.0,18.9,0.0,6.0,0.0,0.0,7.5,0.0,0.0,0.0,52.515,0.0,0.0,30.703463586999998,0.9470845789,1.6172198075,0.0,5.0,0.0,0.0
