PtID,Pt_CGMUseNumDays,Pt_FatherT1D,Pt_MotherT1D,Pt_SiblingT1D,Pt_ChildT1D,Pt_GrandchildT1D,Pt_GrandparentT1D,BldPrSys,BldPrDia,SMBGperDayPtMeterCombo,WeightKg,HeightCm,DirectLDL,age,diabDur,TotalDailyInsPerKg,LDL,HDL,TotChol,Triglyc,BUN,AlbCreatRat_mggNew,UnitsInsBasalOrLongAct,BGTestAvgNumMeter,BGTestAvgNumPtRep,TSH,HbA1c,AutonomicNeuroCl,Pt_InsGov,NumPumpBolusOrShortAct,HbA1cImputeDtMnC,Pt_SHFlg,Pt_DKAFlg,bmi,bmiPerc,bmiZscore,GFR,diagAgeCombo,Pt_A1cGoalLev,Pt_A1cGoalLevelDsYr5
1222,0.0,0.0,0.0,0.0,0.0,0.0,0.0,108.0,69.0,0.0,48.1,148.6,0.0,12,2.0,0.0,0.0,46.0,242.0,0.0,11.5,15.4,0.0,0.0,0.0,0.0,13.5,0.0,0.0,0.0,0.0,0.0,0.0,21.7824867,0.8537640323000001,1.0527143378000001,0.0,9.0,0.0,0.0
1222,0.0,0.0,0.0,0.0,0.0,0.0,0.0,105.0,66.0,4.0,63.0,154.0,0.0,13,3.0,1.0158730159,0.0,0.0,196.0,167.0,0.0,56.0,38.0,4.0,4.0,4.3,10.6,0.0,0.0,4.0,13.277999999999999,0.0,0.0,26.564344746,0.9539328155,1.6842447975,0.0,9.0,0.0,0.0
1222,0.0,0.0,0.0,0.0,0.0,0.0,0.0,100.0,56.0,5.0,71.0,158.0,0.0,14,4.0,0.9295774648,77.0,37.0,150.0,180.0,0.0,56.0,40.0,5.0,5.0,6.73,11.5,0.0,0.0,4.0,23.27,0.0,0.0,28.440954975,0.9629826915,1.7863993734999999,0.0,9.0,0.0,0.0
1222,0.0,0.0,0.0,0.0,0.0,0.0,0.0,118.0,75.0,5.0,72.0,160.0,0.0,15,5.0,1.0138888889,101.0,44.0,0.0,214.0,0.0,6.1,23.0,5.0,0.0,7.39,11.2,0.0,0.0,5.0,35.353,0.0,0.0,28.125,0.9504315918999999,1.6490528091999999,0.0,9.0,0.0,0.0
1222,0.0,0.0,0.0,0.0,0.0,0.0,0.0,114.0,75.0,4.0,81.8,159.8,0.0,15,6.0,0.9902200489,0.0,0.0,0.0,0.0,0.0,6.1,54.0,4.0,0.0,0.0,13.6,0.0,0.0,0.0,45.577,0.0,0.0,32.033157843000005,0.9785838965000001,2.0253425032,0.0,9.0,0.0,0.0
1222,0.0,0.0,0.0,0.0,0.0,0.0,0.0,132.0,84.0,4.0,95.1,160.0,0.0,17,7.0,0.0,139.0,32.0,244.0,367.0,0.0,3.0,60.0,4.0,0.0,76.11,10.6,0.0,0.0,5.0,58.257,0.0,0.0,37.1484375,0.9862150468,2.2033525985,0.0,9.0,0.0,0.0
