PtID,Pt_CGMUseNumDays,Pt_FatherT1D,Pt_MotherT1D,Pt_SiblingT1D,Pt_ChildT1D,Pt_GrandchildT1D,Pt_GrandparentT1D,BldPrSys,BldPrDia,SMBGperDayPtMeterCombo,WeightKg,HeightCm,DirectLDL,age,diabDur,TotalDailyInsPerKg,LDL,HDL,TotChol,Triglyc,BUN,AlbCreatRat_mggNew,UnitsInsBasalOrLongAct,BGTestAvgNumMeter,BGTestAvgNumPtRep,TSH,HbA1c,AutonomicNeuroCl,Pt_InsGov,NumPumpBolusOrShortAct,HbA1cImputeDtMnC,Pt_SHFlg,Pt_DKAFlg,bmi,bmiPerc,bmiZscore,GFR,diagAgeCombo,Pt_A1cGoalLev,Pt_A1cGoalLevelDsYr5
12312,0.0,0.0,0.0,1.0,0.0,0.0,1.0,110.0,70.0,8.0,116.11964672,167.64,0.0,39,32.0,0.31863686329999996,85.0,70.0,0.0,43.0,13.0,4.0,0.0,8.0,8.0,0.0,6.4,0.0,0.0,4.0,-0.033,0.0,0.0,41.319057021999996,0.0,1.5391478753999999,0.0,7.0,0.0,0.0
12312,0.0,0.0,0.0,1.0,0.0,0.0,1.0,100.0,70.0,7.0,69.671788032,167.64,0.0,41,34.0,0.4592963796,107.0,74.0,195.0,69.0,11.0,6.7,0.0,7.0,10.0,0.0,6.6,0.0,0.0,8.0,25.394000000000002,0.0,0.0,24.791434213000002,0.0,-0.340267593,0.0,7.0,6.3,0.0
12312,0.0,0.0,0.0,0.0,0.0,0.0,0.0,130.0,74.0,6.0,0.0,0.0,0.0,42,35.0,0.0,0.0,0.0,0.0,0.0,0.0,6.8,8.0,6.0,0.0,0.0,6.7,0.0,0.0,7.0,36.68,0.0,0.0,0.0,0.0,0.0,0.0,7.0,0.0,0.0
12312,0.0,0.0,0.0,0.0,0.0,0.0,0.0,112.0,70.0,7.0,67.13167076,167.64,0.0,43,36.0,0.4766751615,95.0,71.0,0.0,68.0,11.0,6.8,19.0,7.0,0.0,2.07,7.2,0.0,0.0,8.0,48.365,0.0,0.0,23.887579840999997,0.0,-0.42102039399999996,0.0,7.0,0.0,0.0
12312,0.0,0.0,0.0,0.0,0.0,0.0,0.0,112.0,66.0,6.0,66.67807839,167.64,0.0,44,37.0,0.4349255512,126.0,76.0,211.0,48.0,10.0,3.6,17.0,6.0,0.0,1.28,6.9,0.0,0.0,9.0,61.643,0.0,0.0,23.726177274,0.0,-0.435440536,101.0,7.0,0.0,0.0
12312,0.0,0.0,0.0,0.0,0.0,0.0,0.0,100.0,76.0,7.0,66.22448602,167.6,0.0,45,38.0,0.42280433840000003,0.0,0.0,0.0,0.0,0.0,3.6,0.0,7.0,0.0,0.0,6.4,0.0,0.0,7.0,70.672,0.0,0.0,23.576024153000002,0.0,-0.448855623,0.0,7.0,0.0,0.0
12312,0.0,0.0,0.0,0.0,0.0,0.0,0.0,118.0,74.0,6.0,67.58526313,167.64,0.0,46,39.0,0.42020994939999995,114.0,83.0,213.0,70.0,8.0,7.0,15.6,6.0,6.0,1.12,6.0,0.0,0.0,8.0,81.361,0.0,0.0,24.048982406999997,0.0,-0.406600251,105.0,7.0,0.0,0.0
