PtID,Pt_CGMUseNumDays,Pt_FatherT1D,Pt_MotherT1D,Pt_SiblingT1D,Pt_ChildT1D,Pt_GrandchildT1D,Pt_GrandparentT1D,BldPrSys,BldPrDia,SMBGperDayPtMeterCombo,WeightKg,HeightCm,DirectLDL,age,diabDur,TotalDailyInsPerKg,LDL,HDL,TotChol,Triglyc,BUN,AlbCreatRat_mggNew,UnitsInsBasalOrLongAct,BGTestAvgNumMeter,BGTestAvgNumPtRep,TSH,HbA1c,AutonomicNeuroCl,Pt_InsGov,NumPumpBolusOrShortAct,HbA1cImputeDtMnC,Pt_SHFlg,Pt_DKAFlg,bmi,bmiPerc,bmiZscore,GFR,diagAgeCombo,Pt_A1cGoalLev,Pt_A1cGoalLevelDsYr5
12324,0.0,0.0,0.0,0.0,0.0,0.0,0.0,118.0,75.0,4.0,67.7,165.4,0.0,12,0.0,1.1964549483,0.0,0.0,0.0,0.0,7.0,0.0,0.0,0.0,4.0,0.0,0.0,0.0,0.0,0.0,0.0,0.0,0.0,24.746720785,0.942806673,1.5787794488,0.0,11.0,0.0,0.0
12324,0.0,0.0,0.0,0.0,0.0,0.0,1.0,109.0,67.0,4.0,71.0,168.0,0.0,13,1.0,1.3661971831,0.0,0.0,0.0,0.0,0.0,0.0,0.0,4.0,6.0,0.0,8.4,0.0,0.0,0.0,10.523,0.0,0.0,25.155895691999998,0.9321415145999999,1.4919320073,0.0,11.0,7.0,0.0
12324,0.0,0.0,0.0,0.0,0.0,0.0,0.0,111.0,57.0,4.0,71.9,168.8,0.0,14,2.0,0.0,0.0,0.0,0.0,0.0,14.0,0.0,31.0,4.0,0.0,1.12,7.5,0.0,0.0,0.0,23.070999999999998,0.0,0.0,25.233878394,0.9147212684,1.3704147725,0.0,11.0,0.0,0.0
12324,0.0,0.0,0.0,0.0,0.0,0.0,0.0,102.0,59.0,3.0,73.9,168.7,0.0,15,3.0,0.0,0.0,0.0,206.0,78.0,11.0,0.0,32.0,3.0,0.0,1.39,0.0,0.0,0.0,0.0,0.0,0.0,0.0,25.966551286999998,0.9136746171,1.3637356938999998,0.0,11.0,0.0,0.0
12324,0.0,0.0,0.0,0.0,0.0,0.0,0.0,124.0,74.0,4.0,73.7,168.9,0.0,16,4.0,0.0,0.0,0.0,0.0,0.0,12.0,0.0,34.0,4.0,0.0,1.32,7.9,0.0,0.0,0.0,46.538999999999994,0.0,0.0,25.834983511999997,0.8924853821,1.2398544456,0.0,11.0,0.0,0.0
12324,0.0,0.0,0.0,0.0,0.0,0.0,0.0,140.0,78.0,2.0,72.6,168.9,0.0,17,5.0,0.0,120.0,103.0,242.0,96.0,15.0,0.0,40.0,2.0,0.0,1.23,10.4,0.0,0.0,0.0,57.693000000000005,0.0,0.0,25.449386743,0.8605651832,1.0828621066,0.0,11.0,0.0,0.0
12324,0.0,0.0,0.0,0.0,0.0,0.0,0.0,104.0,63.0,2.0,71.7,169.0,0.0,17,6.0,0.0,0.0,0.0,0.0,0.0,0.0,0.0,34.0,0.0,2.0,0.0,10.2,0.0,0.0,4.0,61.178000000000004,0.0,0.0,25.10416302,0.8466648859,1.0222338608,0.0,11.0,0.0,0.0
12324,0.0,0.0,0.0,0.0,0.0,0.0,0.0,116.0,67.0,0.0,71.9,169.7,0.0,18,6.0,0.0,0.0,0.0,0.0,0.0,0.0,0.0,35.0,0.0,0.0,0.0,10.1,0.0,0.0,4.0,65.461,0.0,0.0,24.966933571,0.8191243537,0.9120331018000001,0.0,11.0,0.0,0.0
12324,0.0,0.0,0.0,0.0,0.0,0.0,0.0,119.0,78.0,2.0,69.7,169.3,0.0,19,7.0,0.0,0.0,0.0,0.0,0.0,0.0,0.0,32.0,0.0,2.0,0.0,10.5,0.0,0.0,4.0,80.0,0.0,0.0,24.317496491,0.7610323041,0.709627129,0.0,11.0,0.0,0.0
