PtID,Pt_CGMUseNumDays,Pt_FatherT1D,Pt_MotherT1D,Pt_SiblingT1D,Pt_ChildT1D,Pt_GrandchildT1D,Pt_GrandparentT1D,BldPrSys,BldPrDia,SMBGperDayPtMeterCombo,WeightKg,HeightCm,DirectLDL,age,diabDur,TotalDailyInsPerKg,LDL,HDL,TotChol,Triglyc,BUN,AlbCreatRat_mggNew,UnitsInsBasalOrLongAct,BGTestAvgNumMeter,BGTestAvgNumPtRep,TSH,HbA1c,AutonomicNeuroCl,Pt_InsGov,NumPumpBolusOrShortAct,HbA1cImputeDtMnC,Pt_SHFlg,Pt_DKAFlg,bmi,bmiPerc,bmiZscore,GFR,diagAgeCombo,Pt_A1cGoalLev,Pt_A1cGoalLevelDsYr5
12327,0.0,0.0,0.0,0.0,0.0,0.0,0.0,117.0,68.0,4.0,46.2,159.1,0.0,12,0.0,0.0,0.0,0.0,0.0,0.0,0.0,0.0,0.0,4.0,4.0,0.0,0.0,0.0,0.0,0.0,0.0,0.0,0.0,18.251628326,0.5753280596,0.1899556539,0.0,11.0,0.0,0.0
12327,0.0,0.0,0.0,0.0,0.0,0.0,0.0,113.0,67.0,3.0,52.8,168.3,0.0,13,1.0,0.37878787880000003,0.0,0.0,0.0,0.0,0.0,0.0,0.0,3.0,5.0,0.0,8.9,0.0,0.0,0.0,11.286,0.0,0.0,18.640849091,0.5312085701,0.07830824410000001,0.0,11.0,5.6,0.0
12327,0.0,0.0,0.0,0.0,0.0,0.0,0.0,113.0,75.0,4.0,60.9,175.0,0.0,14,2.0,0.0,0.0,0.0,0.0,0.0,0.0,8.9,26.0,0.0,4.0,0.0,8.6,0.0,0.0,5.0,23.136999999999997,0.0,0.0,19.885714286,0.6083210969,0.2749458951,0.0,11.0,0.0,0.0
12327,0.0,0.0,0.0,0.0,0.0,0.0,0.0,134.0,71.0,0.0,62.8,177.7,0.0,14,2.0,0.0,0.0,0.0,0.0,0.0,0.0,8.9,27.0,0.0,0.0,0.0,9.8,0.0,0.0,0.0,33.129,0.0,0.0,19.88771044,0.6085825190999999,0.2756264896,0.0,11.0,0.0,0.0
12327,0.0,0.0,0.0,0.0,0.0,0.0,0.0,114.0,74.0,2.0,62.5,177.6,0.0,15,3.0,0.0,0.0,0.0,0.0,0.0,17.0,197.7,26.0,2.0,0.0,0.0,9.1,0.0,0.0,0.0,43.585,0.0,0.0,19.815000812,0.49800401479999995,-0.005003214000000001,0.0,11.0,0.0,0.0
12327,0.0,0.0,0.0,0.0,0.0,0.0,0.0,140.0,78.0,3.0,62.6,178.5,0.0,17,5.0,0.5111821086,66.0,50.0,190.0,371.0,0.0,5.0,0.0,3.0,4.0,1.19,11.2,0.0,0.0,0.0,64.033,0.0,0.0,19.647074516,0.2669360301,-0.622106167,0.0,11.0,0.0,0.0
