PtID,Pt_CGMUseNumDays,Pt_FatherT1D,Pt_MotherT1D,Pt_SiblingT1D,Pt_ChildT1D,Pt_GrandchildT1D,Pt_GrandparentT1D,BldPrSys,BldPrDia,SMBGperDayPtMeterCombo,WeightKg,HeightCm,DirectLDL,age,diabDur,TotalDailyInsPerKg,LDL,HDL,TotChol,Triglyc,BUN,AlbCreatRat_mggNew,UnitsInsBasalOrLongAct,BGTestAvgNumMeter,BGTestAvgNumPtRep,TSH,HbA1c,AutonomicNeuroCl,Pt_InsGov,NumPumpBolusOrShortAct,HbA1cImputeDtMnC,Pt_SHFlg,Pt_DKAFlg,bmi,bmiPerc,bmiZscore,GFR,diagAgeCombo,Pt_A1cGoalLev,Pt_A1cGoalLevelDsYr5
12351,0.0,0.0,0.0,0.0,0.0,0.0,0.0,102.0,54.0,4.0,33.2,150.2,0.0,11,2.0,1.1746987951999999,90.0,44.0,0.0,133.0,16.0,7.0,0.0,0.0,4.0,0.0,7.7,0.0,0.0,0.0,-0.299,0.0,0.0,14.716285964,0.0784057946,-1.415876764,0.0,8.0,0.0,0.0
12351,0.0,0.0,0.0,0.0,0.0,0.0,0.0,117.0,68.0,4.0,37.7,157.6,0.0,12,3.0,1.1140583554,96.0,46.0,0.0,109.0,12.0,0.0,0.0,0.0,4.0,0.0,6.9,0.0,0.0,0.0,11.850999999999999,0.0,0.0,15.178502409000002,0.0796587148,-1.40737092,0.0,8.0,6.5,0.0
12351,0.0,0.0,0.0,0.0,0.0,0.0,0.0,120.0,75.0,0.0,40.0,164.1,0.0,13,4.0,0.0,0.0,0.0,0.0,0.0,0.0,17.0,14.0,0.0,0.0,2.59,7.2,0.0,0.0,0.0,23.967,0.0,0.0,14.853979808,0.026424334100000002,-1.9361554230000002,0.0,8.0,0.0,0.0
12351,0.0,0.0,0.0,0.0,0.0,0.0,0.0,118.0,68.0,5.0,49.2,172.3,0.0,14,5.0,0.0,106.0,66.0,0.0,102.0,16.0,17.0,24.0,0.0,5.0,1.97,7.9,0.0,0.0,0.0,39.137,0.0,0.0,16.572748809,0.1174414382,-1.187874452,0.0,8.0,0.0,0.0
12351,0.0,0.0,0.0,0.0,0.0,0.0,0.0,123.0,76.0,5.0,52.1,174.7,0.0,15,6.0,0.0,82.0,45.0,0.0,168.0,11.0,17.0,24.0,0.0,5.0,2.14,6.5,0.0,0.0,0.0,51.253,0.0,0.0,17.070722924000002,0.1153626989,-1.198492354,0.0,8.0,0.0,0.0
12351,0.0,0.0,0.0,0.0,0.0,0.0,0.0,101.0,76.0,3.0,54.4,176.3,0.0,16,7.0,0.0,108.0,59.0,0.0,64.0,14.0,17.0,24.0,3.0,3.0,3.37,8.1,0.0,0.0,0.0,62.373000000000005,0.0,0.0,17.502265803,0.1097205881,-1.228015429,0.0,8.0,0.0,0.0
12351,0.0,0.0,0.0,0.0,0.0,0.0,0.0,125.0,74.0,5.0,57.0,177.5,0.0,17,8.0,0.0,87.0,64.0,0.0,63.0,10.0,17.0,24.0,0.0,5.0,3.4,8.0,0.0,0.0,0.0,72.465,0.0,0.0,18.091648482,0.1260703152,-1.145165443,0.0,8.0,0.0,0.0
