PtID,Pt_CGMUseNumDays,Pt_FatherT1D,Pt_MotherT1D,Pt_SiblingT1D,Pt_ChildT1D,Pt_GrandchildT1D,Pt_GrandparentT1D,BldPrSys,BldPrDia,SMBGperDayPtMeterCombo,WeightKg,HeightCm,DirectLDL,age,diabDur,TotalDailyInsPerKg,LDL,HDL,TotChol,Triglyc,BUN,AlbCreatRat_mggNew,UnitsInsBasalOrLongAct,BGTestAvgNumMeter,BGTestAvgNumPtRep,TSH,HbA1c,AutonomicNeuroCl,Pt_InsGov,NumPumpBolusOrShortAct,HbA1cImputeDtMnC,Pt_SHFlg,Pt_DKAFlg,bmi,bmiPerc,bmiZscore,GFR,diagAgeCombo,Pt_A1cGoalLev,Pt_A1cGoalLevelDsYr5
12373,0.0,0.0,0.0,0.0,0.0,0.0,0.0,144.0,66.0,10.0,87.99691978,182.88,0.0,52,39.0,0.4659253995,101.0,42.0,150.0,34.0,10.0,0.0,0.0,10.0,8.0,0.0,7.5,0.0,0.0,4.0,-1.6269999999999998,0.0,0.0,26.310860040999998,0.0,-0.31621806399999997,0.0,13.0,0.0,0.0
12373,0.0,0.0,0.0,0.0,0.0,0.0,0.0,136.0,73.0,6.0,86.1825503,185.42,0.0,53,40.0,0.3945114165,104.0,58.0,169.0,35.0,17.0,23.0,0.0,6.0,6.0,0.0,7.1,0.0,0.0,0.0,12.812999999999999,0.0,0.0,25.067220891999998,0.0,-0.48082171700000004,0.0,13.0,6.8,0.0
12373,0.0,0.0,0.0,0.0,0.0,0.0,0.0,123.0,75.0,8.0,80.73944186,185.42,0.0,54,41.0,0.6812036190999999,96.0,63.0,169.0,51.0,17.0,0.0,33.0,8.0,8.0,0.0,7.6,0.0,0.0,22.0,25.56,0.0,0.0,23.484027993,0.0,-0.6903674959999999,0.0,13.0,0.0,0.0
12373,0.0,0.0,0.0,0.0,0.0,0.0,0.0,138.0,70.0,10.0,0.0,0.0,0.0,56,43.0,0.0,93.0,60.0,160.0,35.0,17.0,0.0,17.0,0.0,10.0,0.85,6.7,0.0,0.0,0.0,39.27,0.0,0.0,0.0,0.0,0.0,0.0,13.0,0.0,0.0
12373,0.0,0.0,0.0,0.0,0.0,0.0,0.0,151.0,67.0,11.0,0.0,0.0,0.0,57,44.0,0.0,97.0,65.0,169.0,36.0,16.0,0.0,17.0,0.0,11.0,0.97,7.5,0.0,0.0,0.0,52.747,0.0,0.0,0.0,0.0,0.0,0.0,13.0,0.0,0.0
12373,0.0,0.0,0.0,0.0,0.0,0.0,0.0,144.0,76.0,8.0,0.0,0.0,0.0,58,45.0,0.0,92.0,59.0,0.0,50.0,17.0,0.0,18.0,8.0,8.0,1.29,6.4,0.0,0.0,0.0,64.83,0.0,0.0,0.0,0.0,0.0,0.0,13.0,0.0,0.0
12373,0.0,0.0,0.0,0.0,0.0,0.0,0.0,0.0,0.0,9.0,0.0,0.0,0.0,58,45.0,0.0,0.0,0.0,0.0,0.0,0.0,0.0,16.8,9.0,8.0,0.0,7.1,0.0,0.0,0.0,70.705,0.0,0.0,0.0,0.0,0.0,0.0,13.0,0.0,0.0
