PtID,Pt_CGMUseNumDays,Pt_FatherT1D,Pt_MotherT1D,Pt_SiblingT1D,Pt_ChildT1D,Pt_GrandchildT1D,Pt_GrandparentT1D,BldPrSys,BldPrDia,SMBGperDayPtMeterCombo,WeightKg,HeightCm,DirectLDL,age,diabDur,TotalDailyInsPerKg,LDL,HDL,TotChol,Triglyc,BUN,AlbCreatRat_mggNew,UnitsInsBasalOrLongAct,BGTestAvgNumMeter,BGTestAvgNumPtRep,TSH,HbA1c,AutonomicNeuroCl,Pt_InsGov,NumPumpBolusOrShortAct,HbA1cImputeDtMnC,Pt_SHFlg,Pt_DKAFlg,bmi,bmiPerc,bmiZscore,GFR,diagAgeCombo,Pt_A1cGoalLev,Pt_A1cGoalLevelDsYr5
12398,0.0,0.0,0.0,0.0,0.0,0.0,0.0,118.0,70.0,3.0,66.6,162.6,0.0,27,23.0,0.8258258258,150.0,54.0,0.0,82.0,11.0,0.0,0.0,3.0,2.0,0.0,8.5,1.0,1.0,0.0,0.0,0.0,0.0,25.190288803,0.0,-0.217050651,0.0,4.0,0.0,0.0
12398,0.0,0.0,0.0,0.0,0.0,0.0,0.0,130.0,78.0,0.0,68.2,162.6,0.0,29,25.0,0.7038123167,154.0,0.0,0.0,0.0,6.0,4.0,0.0,0.0,1.0,0.0,9.7,1.0,0.0,0.0,17.394000000000002,0.0,0.0,25.795460907,0.0,-0.1354503,0.0,4.0,0.0,0.0
12398,0.0,0.0,0.0,0.0,0.0,0.0,0.0,124.0,80.0,2.0,74.0,162.6,0.0,30,26.0,0.0,161.0,0.0,0.0,0.0,5.0,17.0,32.0,2.0,0.0,1.5,9.3,1.0,0.0,0.0,29.676,0.0,0.0,27.989209781,0.0,0.0102322425,0.0,4.0,0.0,0.0
12398,0.0,0.0,0.0,0.0,0.0,0.0,0.0,122.0,72.0,2.0,67.1,162.6,0.0,31,27.0,0.6706408346,179.0,0.0,0.0,0.0,7.0,11.9,32.0,2.0,0.0,2.43,9.2,1.0,0.0,2.0,48.066,0.0,0.0,25.379405086,0.0,-0.28910886199999997,0.0,4.0,0.0,0.0
12398,0.0,0.0,0.0,0.0,0.0,0.0,0.0,102.0,68.0,2.0,72.0,162.6,0.0,32,28.0,0.0,0.0,0.0,0.0,0.0,9.0,11.9,32.0,2.0,0.0,0.0,9.1,1.0,0.0,0.0,60.913000000000004,0.0,0.0,27.232744651999997,0.0,-0.076533295,0.0,4.0,0.0,0.0
12398,28.0,0.0,0.0,0.0,0.0,0.0,0.0,98.0,60.0,2.0,70.1,162.6,0.0,33,29.0,0.0,0.0,0.0,0.0,0.0,5.0,11.9,16.0,2.0,2.0,1.64,8.0,1.0,0.0,0.0,69.51,0.0,1.0,26.514102779,0.0,-0.158960556,0.0,4.0,0.0,0.0
12398,0.0,0.0,0.0,0.0,0.0,0.0,0.0,110.0,70.0,2.0,72.0,163.0,0.0,34,30.0,0.2777777778,164.0,52.0,239.0,117.0,12.0,11.9,0.0,2.0,0.0,0.0,8.3,1.0,0.0,0.0,80.631,0.0,0.0,27.099251007,0.0,-0.091844837,0.0,4.0,0.0,0.0
