PtID,Pt_CGMUseNumDays,Pt_FatherT1D,Pt_MotherT1D,Pt_SiblingT1D,Pt_ChildT1D,Pt_GrandchildT1D,Pt_GrandparentT1D,BldPrSys,BldPrDia,SMBGperDayPtMeterCombo,WeightKg,HeightCm,DirectLDL,age,diabDur,TotalDailyInsPerKg,LDL,HDL,TotChol,Triglyc,BUN,AlbCreatRat_mggNew,UnitsInsBasalOrLongAct,BGTestAvgNumMeter,BGTestAvgNumPtRep,TSH,HbA1c,AutonomicNeuroCl,Pt_InsGov,NumPumpBolusOrShortAct,HbA1cImputeDtMnC,Pt_SHFlg,Pt_DKAFlg,bmi,bmiPerc,bmiZscore,GFR,diagAgeCombo,Pt_A1cGoalLev,Pt_A1cGoalLevelDsYr5
12401,0.0,0.0,0.0,0.0,0.0,0.0,0.0,111.0,64.0,4.0,47.0,144.7,0.0,11,6.0,1.0,88.0,63.0,170.0,96.0,17.0,0.0,0.0,0.0,4.0,0.0,8.1,0.0,0.0,4.0,-0.166,0.0,0.0,22.447128654,0.9363468647,1.5248108988,0.0,4.0,0.0,0.0
12401,0.0,0.0,0.0,0.0,0.0,0.0,1.0,116.0,74.0,5.0,58.6,155.1,0.0,12,7.0,0.9385665529,0.0,0.0,0.0,0.0,0.0,0.0,0.0,0.0,5.0,0.0,9.7,0.0,0.0,6.0,18.025,0.0,0.0,24.359816944000002,0.9525318765,1.6699146717,0.0,4.0,7.5,0.0
12401,0.0,0.0,0.0,0.0,0.0,0.0,0.0,131.0,74.0,5.0,67.6,165.1,0.0,13,9.0,0.0,0.0,0.0,0.0,0.0,0.0,9.0,36.0,0.0,5.0,2.39,9.6,0.0,0.0,0.0,31.568,0.0,0.0,24.8000496,0.9446171692,1.5947611329,0.0,4.0,0.0,0.0
12401,0.0,0.0,0.0,0.0,0.0,0.0,0.0,129.0,75.0,1.0,66.2,168.1,0.0,14,9.0,0.7854984894,0.0,0.0,0.0,0.0,0.0,21.0,35.0,1.0,5.0,1.31,9.7,0.0,0.0,17.0,42.025,0.0,0.0,23.427317455,0.8860552101000001,1.205813057,0.0,4.0,0.0,0.0
12401,0.0,0.0,0.0,0.0,0.0,0.0,0.0,143.0,74.0,5.0,77.2,169.1,0.0,15,10.0,0.9974093264,0.0,0.0,0.0,0.0,0.0,0.0,38.0,5.0,5.0,1.03,10.6,0.0,0.0,39.0,52.548,0.0,0.0,26.997906263,0.9527836318999999,1.6724646333000002,0.0,4.0,0.0,0.0
12401,0.0,0.0,0.0,0.0,0.0,0.0,0.0,141.0,73.0,2.0,78.7,170.0,0.0,16,11.0,0.9783989835,0.0,0.0,0.0,0.0,0.0,0.0,35.0,2.0,2.0,0.94,12.1,0.0,0.0,4.0,63.17,0.0,0.0,27.23183391,0.9451052317,1.5991398288,0.0,4.0,0.0,0.0
