PtID,Pt_CGMUseNumDays,Pt_FatherT1D,Pt_MotherT1D,Pt_SiblingT1D,Pt_ChildT1D,Pt_GrandchildT1D,Pt_GrandparentT1D,BldPrSys,BldPrDia,SMBGperDayPtMeterCombo,WeightKg,HeightCm,DirectLDL,age,diabDur,TotalDailyInsPerKg,LDL,HDL,TotChol,Triglyc,BUN,AlbCreatRat_mggNew,UnitsInsBasalOrLongAct,BGTestAvgNumMeter,BGTestAvgNumPtRep,TSH,HbA1c,AutonomicNeuroCl,Pt_InsGov,NumPumpBolusOrShortAct,HbA1cImputeDtMnC,Pt_SHFlg,Pt_DKAFlg,bmi,bmiPerc,bmiZscore,GFR,diagAgeCombo,Pt_A1cGoalLev,Pt_A1cGoalLevelDsYr5
12417,0.0,0.0,0.0,0.0,0.0,0.0,0.0,87.0,51.0,8.0,21.908511471,116.07799999999999,0.0,7,3.0,0.6390210498,51.0,42.0,0.0,179.0,0.0,0.0,0.0,8.0,9.0,0.0,8.1,0.0,0.0,5.0,-0.133,0.0,0.0,16.259719078,0.6842109242000001,0.4795067722,0.0,4.0,0.0,0.0
12417,0.0,0.0,0.0,0.0,0.0,0.0,0.0,89.0,54.0,6.0,24.4,124.4,0.0,9,5.0,0.6967213115,0.0,0.0,0.0,0.0,0.0,0.0,0.0,6.0,10.0,0.0,8.4,0.0,0.0,3.0,19.95,0.0,0.0,15.766999927999999,0.41178375149999996,-0.222958889,0.0,4.0,8.0,0.0
12417,0.0,0.0,0.0,0.0,0.0,0.0,0.0,85.0,55.0,3.0,28.0,131.0,0.0,10,6.0,0.3571428571,68.0,56.0,154.0,152.0,0.0,2.9,10.0,3.0,3.0,0.0,0.0,0.0,0.0,5.0,0.0,0.0,0.0,16.316065497,0.4362358464,-0.160519715,0.0,4.0,0.0,0.0
12417,0.0,0.0,0.0,0.0,0.0,0.0,0.0,90.0,58.0,0.0,29.8,136.5,0.0,11,7.0,0.7046979865999999,0.0,0.0,0.0,0.0,0.0,2.9,10.0,0.0,0.0,1.66,9.0,0.0,0.0,0.0,45.07899999999999,0.0,0.0,15.993774235999998,0.2677456401,-0.619645384,0.0,4.0,0.0,0.0
12417,0.0,0.0,0.0,0.0,0.0,0.0,0.0,114.0,68.0,5.0,31.7,139.0,0.0,12,8.0,0.6940063090999999,0.0,58.0,176.0,0.0,0.0,1.6,11.0,5.0,0.0,1.05,8.7,0.0,0.0,0.0,55.303000000000004,0.0,0.0,16.40701827,0.2478861034,-0.681156915,0.0,4.0,0.0,0.0
12417,16.0,0.0,0.0,0.0,0.0,0.0,0.0,100.0,62.0,5.0,36.6,144.0,0.0,13,9.0,0.0,0.0,0.0,0.0,0.0,0.0,1.6,14.0,0.0,5.0,1.45,9.6,0.0,1.0,0.0,69.245,0.0,1.0,17.650462963,0.36491107590000005,-0.34536211899999997,0.0,4.0,0.0,0.0
12417,0.0,0.0,0.0,0.0,0.0,0.0,0.0,98.0,53.0,7.0,39.4,149.6,0.0,14,10.0,0.9644670051,0.0,0.0,0.0,0.0,0.0,1.6,18.0,7.0,0.0,0.0,9.1,0.0,0.0,7.0,79.402,0.0,0.0,17.604878607,0.2500378486,-0.6743706509999999,0.0,4.0,0.0,0.0
