PtID,Pt_CGMUseNumDays,Pt_FatherT1D,Pt_MotherT1D,Pt_SiblingT1D,Pt_ChildT1D,Pt_GrandchildT1D,Pt_GrandparentT1D,BldPrSys,BldPrDia,SMBGperDayPtMeterCombo,WeightKg,HeightCm,DirectLDL,age,diabDur,TotalDailyInsPerKg,LDL,HDL,TotChol,Triglyc,BUN,AlbCreatRat_mggNew,UnitsInsBasalOrLongAct,BGTestAvgNumMeter,BGTestAvgNumPtRep,TSH,HbA1c,AutonomicNeuroCl,Pt_InsGov,NumPumpBolusOrShortAct,HbA1cImputeDtMnC,Pt_SHFlg,Pt_DKAFlg,bmi,bmiPerc,bmiZscore,GFR,diagAgeCombo,Pt_A1cGoalLev,Pt_A1cGoalLevelDsYr5
12420,0.0,0.0,0.0,0.0,0.0,0.0,0.0,110.0,77.0,2.0,66.0,174.3,0.0,14,0.0,0.6060606061,81.0,48.0,136.0,36.0,0.0,0.0,0.0,2.0,6.0,0.0,11.7,0.0,1.0,0.0,0.0,0.0,0.0,21.724468565,0.7936614826999999,0.8191917264,0.0,13.0,0.0,0.0
12420,0.0,0.0,0.0,0.0,0.0,0.0,1.0,134.0,78.0,2.0,80.3,175.1,0.0,15,1.0,0.0,101.0,49.0,161.0,57.0,0.0,0.0,0.0,2.0,3.0,0.0,10.3,0.0,1.0,2.0,11.286,0.0,0.0,26.190467648000002,0.9397171231999999,1.5524033029,0.0,13.0,5.5,0.0
12420,0.0,0.0,0.0,0.0,0.0,0.0,0.0,138.0,78.0,2.0,79.5,176.3,0.0,16,2.0,0.5408805031,109.0,45.0,164.0,52.0,14.0,0.0,28.0,2.0,0.0,2.4,11.9,0.0,0.0,3.0,21.61,0.0,0.0,25.577759768000004,0.9065078176000001,1.3195528171,0.0,13.0,0.0,0.0
12420,0.0,0.0,0.0,0.0,0.0,0.0,0.0,130.0,70.0,2.0,77.6,175.8,0.0,17,3.0,0.45103092780000004,93.0,60.0,159.0,32.0,14.0,0.0,25.0,2.0,0.0,2.85,11.3,0.0,0.0,10.0,31.601999999999997,0.0,0.0,25.108685664,0.8596922081,1.0789375145,0.0,13.0,0.0,0.0
