PtID,Pt_CGMUseNumDays,Pt_FatherT1D,Pt_MotherT1D,Pt_SiblingT1D,Pt_ChildT1D,Pt_GrandchildT1D,Pt_GrandparentT1D,BldPrSys,BldPrDia,SMBGperDayPtMeterCombo,WeightKg,HeightCm,DirectLDL,age,diabDur,TotalDailyInsPerKg,LDL,HDL,TotChol,Triglyc,BUN,AlbCreatRat_mggNew,UnitsInsBasalOrLongAct,BGTestAvgNumMeter,BGTestAvgNumPtRep,TSH,HbA1c,AutonomicNeuroCl,Pt_InsGov,NumPumpBolusOrShortAct,HbA1cImputeDtMnC,Pt_SHFlg,Pt_DKAFlg,bmi,bmiPerc,bmiZscore,GFR,diagAgeCombo,Pt_A1cGoalLev,Pt_A1cGoalLevelDsYr5
12504,0.0,0.0,0.0,0.0,0.0,0.0,0.0,115.0,69.0,0.0,14.3,88.4,0.0,2,0.0,0.0,0.0,0.0,0.0,0.0,15.0,0.0,0.0,0.0,0.0,0.0,8.1,0.0,0.0,0.0,-0.033,0.0,0.0,18.299174874000002,0.8672358639,1.1134195741,0.0,1.0,0.0,0.0
12504,0.0,1.0,0.0,0.0,0.0,0.0,1.0,107.0,58.0,5.0,15.1,93.2,0.0,3,1.0,0.3311258278,0.0,0.0,0.0,0.0,0.0,0.0,0.0,0.0,5.0,0.0,7.8,0.0,0.0,0.0,12.083,0.0,0.0,17.383816243,0.8552739737,1.0593244302,0.0,1.0,7.0,0.0
12504,0.0,0.0,0.0,0.0,0.0,0.0,0.0,98.0,57.0,6.0,17.5,100.6,0.0,4,2.0,0.6857142856999999,0.0,0.0,0.0,0.0,0.0,0.0,4.0,0.0,6.0,5.06,8.6,0.0,0.0,6.0,24.398000000000003,0.0,0.0,17.291874993,0.9007634899,1.2859141633,0.0,1.0,0.0,0.0
12504,0.0,0.0,0.0,0.0,0.0,0.0,0.0,92.0,65.0,7.0,19.5,106.9,0.0,5,3.0,0.5641025640999999,0.0,0.0,0.0,0.0,0.0,0.0,4.0,7.0,7.0,3.74,8.1,0.0,0.0,3.0,37.311,0.0,0.0,17.063935504,0.8797545478000001,1.1737606628,0.0,1.0,0.0,0.0
12504,0.0,0.0,0.0,0.0,0.0,0.0,0.0,113.0,57.0,7.0,20.7,112.8,0.0,6,4.0,0.8695652173999999,69.0,57.0,162.0,178.0,0.0,0.0,4.0,7.0,7.0,2.77,7.7,0.0,0.0,5.0,48.797,0.0,0.0,16.268673608,0.7325495231999999,0.6205420879,0.0,1.0,0.0,0.0
12504,0.0,0.0,0.0,0.0,0.0,0.0,0.0,98.0,60.0,8.0,22.8,120.3,0.0,7,5.0,0.6140350877,0.0,0.0,0.0,0.0,0.0,0.0,8.0,8.0,7.0,3.47,8.9,0.0,0.0,3.0,63.203,0.0,0.0,15.754462555,0.5673854211,0.16972150879999998,0.0,1.0,0.0,0.0
