PtID,Pt_CGMUseNumDays,Pt_FatherT1D,Pt_MotherT1D,Pt_SiblingT1D,Pt_ChildT1D,Pt_GrandchildT1D,Pt_GrandparentT1D,BldPrSys,BldPrDia,SMBGperDayPtMeterCombo,WeightKg,HeightCm,DirectLDL,age,diabDur,TotalDailyInsPerKg,LDL,HDL,TotChol,Triglyc,BUN,AlbCreatRat_mggNew,UnitsInsBasalOrLongAct,BGTestAvgNumMeter,BGTestAvgNumPtRep,TSH,HbA1c,AutonomicNeuroCl,Pt_InsGov,NumPumpBolusOrShortAct,HbA1cImputeDtMnC,Pt_SHFlg,Pt_DKAFlg,bmi,bmiPerc,bmiZscore,GFR,diagAgeCombo,Pt_A1cGoalLev,Pt_A1cGoalLevelDsYr5
12585,0.0,0.0,0.0,0.0,0.0,0.0,0.0,90.0,70.0,12.0,0.0,0.0,0.0,28,14.0,0.0,76.0,85.0,0.0,130.0,19.0,13.2,0.0,12.0,10.0,0.0,7.7,0.0,0.0,0.0,0.0,0.0,0.0,0.0,0.0,0.0,0.0,14.0,0.0,0.0
12585,25.0,0.0,0.0,0.0,0.0,0.0,0.0,120.0,70.0,9.0,63.5029318,160.02,0.0,30,16.0,0.0,0.0,0.0,0.0,0.0,12.0,19.0,0.0,9.0,10.0,0.0,6.4,0.0,0.0,8.0,17.195,0.0,0.0,24.799632439,0.0,-0.355608009,0.0,14.0,6.5,0.0
12585,0.0,0.0,0.0,0.0,0.0,0.0,0.0,116.0,68.0,11.0,59.87419284,162.56,0.0,31,17.0,0.5845590285,75.0,75.0,0.0,36.0,21.0,21.1,15.0,11.0,0.0,0.006,7.1,0.0,0.0,7.0,34.158,0.0,0.0,22.65751575,0.0,-0.601305925,117.0,14.0,0.0,0.0
12585,0.0,0.0,0.0,0.0,0.0,0.0,0.0,116.0,70.0,8.0,58.9670081,162.56,0.0,32,18.0,0.49180043100000004,78.0,77.0,0.0,70.0,12.0,21.1,13.0,8.0,0.0,3.33,7.1,0.0,0.0,9.0,45.643,0.0,0.0,22.314220056999996,0.0,-0.640681481,0.0,14.0,0.0,0.0
12585,0.0,0.0,0.0,0.0,0.0,0.0,0.0,118.0,72.0,7.0,64.86370891,162.56,0.0,33,19.0,0.47792518380000004,67.0,92.0,171.0,62.0,10.0,14.3,14.0,7.0,0.0,3.16,6.8,0.0,0.0,11.0,59.983000000000004,0.0,0.0,24.545642063000003,0.0,-0.384740365,92.0,14.0,0.0,0.0
12585,0.0,0.0,0.0,0.0,0.0,0.0,0.0,150.0,70.0,6.0,71.66759446,162.6,0.0,34,20.0,0.41859923200000004,0.0,0.0,0.0,0.0,14.0,14.3,12.0,6.0,0.0,3.33,6.5,0.0,0.0,10.0,70.17399999999999,0.0,0.0,27.107018051999997,0.0,-0.09095396800000001,105.0,14.0,0.0,0.0
