PtID,Pt_CGMUseNumDays,Pt_FatherT1D,Pt_MotherT1D,Pt_SiblingT1D,Pt_ChildT1D,Pt_GrandchildT1D,Pt_GrandparentT1D,BldPrSys,BldPrDia,SMBGperDayPtMeterCombo,WeightKg,HeightCm,DirectLDL,age,diabDur,TotalDailyInsPerKg,LDL,HDL,TotChol,Triglyc,BUN,AlbCreatRat_mggNew,UnitsInsBasalOrLongAct,BGTestAvgNumMeter,BGTestAvgNumPtRep,TSH,HbA1c,AutonomicNeuroCl,Pt_InsGov,NumPumpBolusOrShortAct,HbA1cImputeDtMnC,Pt_SHFlg,Pt_DKAFlg,bmi,bmiPerc,bmiZscore,GFR,diagAgeCombo,Pt_A1cGoalLev,Pt_A1cGoalLevelDsYr5
12646,0.0,0.0,0.0,0.0,0.0,0.0,0.0,113.0,77.0,6.0,35.017330964,146.05,0.0,12,5.0,0.5997030447999999,0.0,69.0,139.0,0.0,0.0,2.3,0.0,6.0,8.0,0.0,10.0,0.0,0.0,7.0,0.0,0.0,0.0,16.416475326,0.24958160280000002,-0.675806975,0.0,6.0,0.0,0.0
12646,0.0,0.0,0.0,0.0,0.0,0.0,0.0,109.0,72.0,8.0,45.4,157.5,0.0,13,6.0,0.0,0.0,0.0,0.0,0.0,0.0,2.5,0.0,0.0,8.0,0.0,9.7,0.0,0.0,0.0,14.373,1.0,0.0,18.301839254,0.4768161999,-0.058145917000000005,0.0,6.0,8.0,0.0
12646,0.0,0.0,0.0,0.0,0.0,0.0,0.0,105.0,66.0,4.0,56.2,164.8,0.0,14,7.0,0.9608540925,0.0,0.0,0.0,0.0,0.0,0.0,24.0,4.0,0.0,0.0,9.1,0.0,0.0,0.0,24.498,0.0,0.0,20.692925818,0.7030314756,0.5331394552000001,0.0,6.0,0.0,0.0
12646,0.0,0.0,0.0,0.0,0.0,0.0,0.0,121.0,64.0,3.0,63.2,169.8,0.0,15,8.0,1.0443037975,0.0,0.0,0.0,0.0,0.0,0.0,30.0,3.0,0.0,0.0,9.1,0.0,0.0,0.0,36.979,0.0,0.0,21.920058379,0.7479393545,0.6680192716,0.0,6.0,0.0,0.0
12646,0.0,0.0,0.0,0.0,0.0,0.0,0.0,120.0,69.0,0.0,67.3,171.7,0.0,16,9.0,0.9509658247,74.0,54.0,143.0,73.0,0.0,0.0,32.0,0.0,0.0,0.0,9.2,0.0,0.0,3.0,48.1,0.0,0.0,22.828347448000002,0.7614724587999999,0.7110470466,0.0,6.0,0.0,0.0
12646,0.0,0.0,0.0,0.0,0.0,0.0,0.0,113.0,55.0,3.0,68.2,172.5,0.0,17,10.0,0.8651026393000001,47.0,50.0,106.0,45.0,0.0,0.0,33.0,3.0,0.0,0.0,9.0,0.0,0.0,5.0,61.178000000000004,0.0,0.0,22.919554715,0.7050947458,0.5391106485,0.0,6.0,0.0,0.0
