PtID,Pt_CGMUseNumDays,Pt_FatherT1D,Pt_MotherT1D,Pt_SiblingT1D,Pt_ChildT1D,Pt_GrandchildT1D,Pt_GrandparentT1D,BldPrSys,BldPrDia,SMBGperDayPtMeterCombo,WeightKg,HeightCm,DirectLDL,age,diabDur,TotalDailyInsPerKg,LDL,HDL,TotChol,Triglyc,BUN,AlbCreatRat_mggNew,UnitsInsBasalOrLongAct,BGTestAvgNumMeter,BGTestAvgNumPtRep,TSH,HbA1c,AutonomicNeuroCl,Pt_InsGov,NumPumpBolusOrShortAct,HbA1cImputeDtMnC,Pt_SHFlg,Pt_DKAFlg,bmi,bmiPerc,bmiZscore,GFR,diagAgeCombo,Pt_A1cGoalLev,Pt_A1cGoalLevelDsYr5
12652,0.0,0.0,0.0,0.0,0.0,0.0,0.0,110.0,68.0,7.0,58.1,161.0,0.0,13,2.0,0.9122203098,50.0,77.0,0.0,36.0,17.0,2.0,0.0,0.0,7.0,0.0,7.7,0.0,0.0,3.0,0.0,0.0,0.0,22.414258709000002,0.8786786120000001,1.1684066448000001,0.0,11.0,0.0,0.0
12652,0.0,0.0,0.0,0.0,0.0,0.0,0.0,108.0,76.0,8.0,68.4,169.8,0.0,14,3.0,1.0526315789,50.0,72.0,0.0,48.0,12.0,0.0,0.0,0.0,8.0,0.0,8.4,0.0,0.0,0.0,11.618,0.0,0.0,23.723607487,0.896904994,1.2641114932,0.0,11.0,7.0,0.0
12652,0.0,0.0,0.0,0.0,0.0,0.0,0.0,113.0,69.0,5.0,76.8,176.1,0.0,15,4.0,1.1458333333,50.0,74.0,0.0,58.0,13.0,0.0,21.0,5.0,0.0,3.15,7.5,0.0,0.0,8.0,21.776,0.0,0.0,24.765238119,0.90484845,1.3096829909,0.0,11.0,0.0,0.0
12652,0.0,0.0,0.0,0.0,0.0,0.0,0.0,137.0,68.0,4.0,85.6,181.0,0.0,16,5.0,0.8528037383,72.0,63.0,0.0,62.0,10.0,0.0,22.0,0.0,4.0,4.56,7.6,0.0,0.0,6.0,34.921,0.0,0.0,26.128628552,0.9220019554000001,1.4186671137,0.0,11.0,0.0,0.0
12652,0.0,0.0,0.0,0.0,0.0,0.0,0.0,128.0,77.0,4.0,89.7,180.9,0.0,16,5.0,0.8918617614,0.0,0.0,0.0,0.0,0.0,0.0,24.0,0.0,4.0,0.0,8.2,0.0,0.0,0.0,37.876,0.0,0.0,27.410395966,0.9480562241,1.6262920044,0.0,11.0,0.0,0.0
12652,0.0,0.0,0.0,0.0,0.0,0.0,0.0,123.0,62.0,4.0,96.0,182.2,0.0,17,6.0,1.1354166667,0.0,0.0,0.0,0.0,22.0,0.0,28.0,0.0,4.0,5.09,7.8,0.0,0.0,0.0,51.021,0.0,0.0,28.918415126,0.9596261778,1.7463644428,0.0,11.0,0.0,0.0
