PtID,Pt_CGMUseNumDays,Pt_FatherT1D,Pt_MotherT1D,Pt_SiblingT1D,Pt_ChildT1D,Pt_GrandchildT1D,Pt_GrandparentT1D,BldPrSys,BldPrDia,SMBGperDayPtMeterCombo,WeightKg,HeightCm,DirectLDL,age,diabDur,TotalDailyInsPerKg,LDL,HDL,TotChol,Triglyc,BUN,AlbCreatRat_mggNew,UnitsInsBasalOrLongAct,BGTestAvgNumMeter,BGTestAvgNumPtRep,TSH,HbA1c,AutonomicNeuroCl,Pt_InsGov,NumPumpBolusOrShortAct,HbA1cImputeDtMnC,Pt_SHFlg,Pt_DKAFlg,bmi,bmiPerc,bmiZscore,GFR,diagAgeCombo,Pt_A1cGoalLev,Pt_A1cGoalLevelDsYr5
12664,0.0,1.0,0.0,1.0,0.0,0.0,0.0,114.0,70.0,4.0,63.9,167.3,0.0,16,11.0,0.5633802817,89.0,61.0,164.0,72.0,12.0,7.3,0.0,4.0,8.0,0.0,9.8,0.0,0.0,7.0,0.0,0.0,0.0,22.830161108000002,0.7463325173,0.6629931124,0.0,5.0,0.0,0.0
12664,0.0,1.0,0.0,1.0,0.0,0.0,0.0,114.0,63.0,4.0,70.578972772,163.83,1.0,18,13.0,0.9917968093,179.0,66.0,243.0,178.0,16.0,8.6,0.0,4.0,4.0,0.0,9.2,0.0,0.0,0.0,18.124000000000002,0.0,0.0,26.295926108000003,0.8731573970000001,1.1414439933,0.0,5.0,7.0,0.0
12664,0.0,0.0,0.0,0.0,0.0,0.0,0.0,118.0,77.0,0.0,69.39963261,163.83,0.0,19,14.0,0.0,119.0,57.0,202.0,141.0,12.0,18.1,0.0,0.0,0.0,0.0,8.8,0.0,0.0,0.0,30.44,0.0,0.0,25.856534027,0.8410157719,0.9986413612999999,0.0,5.0,0.0,0.0
12664,0.0,0.0,0.0,0.0,0.0,0.0,0.0,130.0,75.0,5.0,71.4,163.9,0.0,20,15.0,0.9243697479,0.0,56.0,219.0,338.0,0.0,218.0,30.0,5.0,0.0,2.55,7.9,0.0,0.0,2.0,42.058,0.0,0.0,26.579102051,0.8541606487000001,-0.029785494,0.0,5.0,0.0,0.0
12664,0.0,0.0,0.0,0.0,0.0,0.0,0.0,120.0,76.0,0.0,69.8,163.9,0.0,21,16.0,0.0,123.0,70.0,214.0,257.0,11.0,11.6,0.0,0.0,0.0,0.91,8.9,0.0,0.0,0.0,56.465,0.0,0.0,25.983491921,0.0,-0.110096526,129.3,5.0,0.0,0.0
12664,0.0,0.0,0.0,0.0,0.0,0.0,0.0,120.0,81.0,3.0,72.1,163.9,0.0,21,16.0,0.0,0.0,0.0,0.0,0.0,9.0,11.6,0.0,3.0,6.0,0.0,8.4,0.0,0.0,0.0,60.846000000000004,0.0,0.0,26.839681483000003,0.0,0.005350581899999999,120.4,5.0,0.0,0.0
12664,0.0,0.0,0.0,0.0,0.0,0.0,0.0,123.0,82.0,0.0,57.3,163.9,1.0,23,17.0,0.0,174.0,42.0,263.0,436.0,10.0,76.5,0.0,0.0,0.0,1.47,10.5,0.0,0.0,0.0,76.149,0.0,0.0,21.33028778,0.0,-0.737526459,132.1,5.0,0.0,0.0
