PtID,Pt_CGMUseNumDays,Pt_FatherT1D,Pt_MotherT1D,Pt_SiblingT1D,Pt_ChildT1D,Pt_GrandchildT1D,Pt_GrandparentT1D,BldPrSys,BldPrDia,SMBGperDayPtMeterCombo,WeightKg,HeightCm,DirectLDL,age,diabDur,TotalDailyInsPerKg,LDL,HDL,TotChol,Triglyc,BUN,AlbCreatRat_mggNew,UnitsInsBasalOrLongAct,BGTestAvgNumMeter,BGTestAvgNumPtRep,TSH,HbA1c,AutonomicNeuroCl,Pt_InsGov,NumPumpBolusOrShortAct,HbA1cImputeDtMnC,Pt_SHFlg,Pt_DKAFlg,bmi,bmiPerc,bmiZscore,GFR,diagAgeCombo,Pt_A1cGoalLev,Pt_A1cGoalLevelDsYr5
12712,0.0,0.0,0.0,0.0,0.0,0.0,0.0,100.0,60.0,6.0,113.2,158.75,0.0,36,13.0,0.371024735,105.0,44.0,0.0,131.0,11.0,0.0,0.0,6.0,5.0,0.0,7.7,0.0,1.0,0.0,0.0,0.0,0.0,44.917849836,0.0,1.9519245931,0.0,23.0,0.0,0.0
12712,0.0,0.0,0.0,0.0,0.0,0.0,0.0,116.0,82.0,8.0,68.49244787,158.75,0.0,37,14.0,0.0,0.0,0.0,0.0,0.0,7.0,30.0,0.0,0.0,8.0,0.0,6.8,0.0,1.0,0.0,16.697,0.0,0.0,27.177857670999998,0.0,-0.082828758,0.0,23.0,0.0,0.0
12712,0.0,0.0,0.0,0.0,0.0,0.0,0.0,111.0,76.0,8.0,0.0,0.0,0.0,38,15.0,0.0,56.0,42.0,107.0,45.0,10.0,30.0,0.0,8.0,0.0,0.6,7.2,0.0,0.0,4.0,25.394000000000002,0.0,0.0,0.0,0.0,0.0,0.0,23.0,0.0,0.0
12712,0.0,0.0,0.0,0.0,0.0,0.0,0.0,104.0,69.0,8.0,0.0,0.0,0.0,39,16.0,0.0,0.0,0.0,0.0,0.0,0.0,30.0,0.0,8.0,0.0,0.669,7.3,0.0,0.0,4.0,37.676,0.0,0.0,0.0,0.0,0.0,0.0,23.0,0.0,0.0
12712,0.0,0.0,0.0,0.0,0.0,0.0,0.0,120.0,78.0,2.0,62.59574706,157.0,0.0,40,17.0,0.6230455236,103.0,66.0,179.0,52.0,8.0,0.0,0.0,2.0,0.0,0.0,7.4,0.0,0.0,3.0,49.793,0.0,0.0,25.394842411,0.0,-0.286357469,0.0,23.0,0.0,0.0
12712,0.0,0.0,0.0,0.0,0.0,0.0,0.0,126.0,85.0,1.0,60.78137758,157.4,0.0,41,18.0,0.5922866745,94.0,54.0,155.0,36.0,8.0,0.0,0.0,1.0,0.0,0.7190000000000001,7.8,0.0,0.0,0.0,63.27,0.0,0.0,24.533588854,0.0,-0.36330419700000005,0.0,23.0,0.0,0.0
12712,30.0,0.0,0.0,0.0,0.0,0.0,0.0,0.0,0.0,7.0,0.0,0.0,0.0,42,19.0,0.0,0.0,0.0,0.0,0.0,9.0,0.0,0.0,0.0,7.0,0.599,7.9,0.0,0.0,0.0,75.585,0.0,0.0,0.0,0.0,0.0,0.0,23.0,0.0,0.0
