PtID,Pt_CGMUseNumDays,Pt_FatherT1D,Pt_MotherT1D,Pt_SiblingT1D,Pt_ChildT1D,Pt_GrandchildT1D,Pt_GrandparentT1D,BldPrSys,BldPrDia,SMBGperDayPtMeterCombo,WeightKg,HeightCm,DirectLDL,age,diabDur,TotalDailyInsPerKg,LDL,HDL,TotChol,Triglyc,BUN,AlbCreatRat_mggNew,UnitsInsBasalOrLongAct,BGTestAvgNumMeter,BGTestAvgNumPtRep,TSH,HbA1c,AutonomicNeuroCl,Pt_InsGov,NumPumpBolusOrShortAct,HbA1cImputeDtMnC,Pt_SHFlg,Pt_DKAFlg,bmi,bmiPerc,bmiZscore,GFR,diagAgeCombo,Pt_A1cGoalLev,Pt_A1cGoalLevelDsYr5
12722,0.0,0.0,0.0,0.0,0.0,0.0,0.0,137.0,87.0,5.0,0.0,0.0,0.0,50,18.0,0.0,101.0,67.0,179.0,53.0,11.0,29.8,0.0,5.0,6.0,0.0,8.3,0.0,1.0,4.0,-0.598,0.0,0.0,0.0,0.0,0.0,0.0,32.0,0.0,0.0
12722,0.0,0.0,0.0,0.0,0.0,0.0,0.0,148.0,93.0,4.0,75.29633342,165.1,0.0,51,18.0,0.3320214792,103.0,68.0,179.0,41.0,11.0,8.6,0.0,4.0,6.0,0.0,8.5,0.0,1.0,3.0,8.564,0.0,0.0,27.623562181999997,0.0,-0.162114967,0.0,32.0,7.0,0.0
12722,0.0,0.0,0.0,0.0,0.0,0.0,0.0,136.0,84.0,3.0,75.74992579,167.64,0.0,54,22.0,0.3828386589,102.0,76.0,203.0,123.0,14.0,6.5,19.0,3.0,0.0,0.0,7.5,0.0,0.0,3.0,48.365,0.0,0.0,26.954228604,0.0,-0.23094672800000002,72.0,32.0,0.0,0.0
12722,0.0,0.0,0.0,0.0,0.0,0.0,0.0,142.0,80.0,4.0,74.84274105,167.64,0.0,56,23.0,0.41420182590000004,74.0,70.0,161.0,43.0,11.0,6.5,19.0,4.0,0.0,0.0,7.7,0.0,0.0,3.0,62.108000000000004,0.0,0.0,26.631423470999998,0.0,-0.2641428,94.0,32.0,0.0,0.0
12722,28.0,0.0,0.0,0.0,0.0,0.0,0.0,115.0,71.0,4.0,75.74992579,167.64,0.0,56,23.0,0.4488453242,89.0,98.0,200.0,63.0,14.0,6.5,18.0,4.0,6.0,0.0,8.4,0.0,0.0,4.0,70.141,0.0,0.0,26.954228604,0.0,-0.23094672800000002,88.0,32.0,0.0,0.0
