PtID,Pt_CGMUseNumDays,Pt_FatherT1D,Pt_MotherT1D,Pt_SiblingT1D,Pt_ChildT1D,Pt_GrandchildT1D,Pt_GrandparentT1D,BldPrSys,BldPrDia,SMBGperDayPtMeterCombo,WeightKg,HeightCm,DirectLDL,age,diabDur,TotalDailyInsPerKg,LDL,HDL,TotChol,Triglyc,BUN,AlbCreatRat_mggNew,UnitsInsBasalOrLongAct,BGTestAvgNumMeter,BGTestAvgNumPtRep,TSH,HbA1c,AutonomicNeuroCl,Pt_InsGov,NumPumpBolusOrShortAct,HbA1cImputeDtMnC,Pt_SHFlg,Pt_DKAFlg,bmi,bmiPerc,bmiZscore,GFR,diagAgeCombo,Pt_A1cGoalLev,Pt_A1cGoalLevelDsYr5
12736,12.0,0.0,0.0,0.0,0.0,0.0,0.0,128.0,79.0,5.0,93.530746694,179.324,0.0,39,23.0,0.8125670187,85.0,55.0,156.0,82.0,16.0,3.7,0.0,0.0,5.0,0.0,7.9,0.0,0.0,3.0,-1.295,0.0,0.0,29.085569125,0.0,0.22983994170000002,0.0,15.0,0.0,0.0
12736,0.0,0.0,0.0,0.0,0.0,0.0,0.0,124.0,80.0,0.0,92.0,179.324,0.0,40,25.0,0.0,0.0,0.0,0.0,0.0,12.0,2.2,0.0,0.0,0.0,0.0,7.7,0.0,0.0,0.0,17.461,0.0,0.0,28.609547705,0.0,0.0301281469,0.0,15.0,0.0,0.0
12736,0.0,0.0,0.0,0.0,0.0,0.0,0.0,118.0,78.0,6.0,90.0,179.0,0.0,42,27.0,0.5,118.0,63.0,205.0,120.0,9.0,3.5,21.0,6.0,0.0,3.1,7.7,0.0,0.0,7.0,41.195,0.0,0.0,28.089010955,0.0,-0.044713082,104.0,15.0,0.0,0.0
12736,0.0,0.0,0.0,0.0,0.0,0.0,0.0,130.0,84.0,7.0,87.0,179.0,0.0,43,27.0,0.43678160920000003,73.0,41.0,128.0,70.0,12.0,3.2,20.0,7.0,0.0,2.88,6.9,0.0,0.0,7.0,51.22,0.0,0.0,27.15271059,0.0,-0.179331568,109.0,15.0,0.0,0.0
12736,0.0,0.0,0.0,0.0,0.0,0.0,0.0,114.0,71.0,6.0,93.0,179.0,0.0,44,28.0,0.5161290323,56.0,52.0,131.0,113.0,12.0,3.2,22.0,6.0,0.0,3.45,7.2,0.0,0.0,4.0,63.203,0.0,0.0,29.02531132,0.0,0.089905405,101.0,15.0,0.0,0.0
12736,28.0,0.0,0.0,0.0,0.0,0.0,0.0,124.0,82.0,9.0,91.5,179.0,0.0,45,30.0,0.6295081967,67.0,53.0,135.0,69.0,9.0,3.2,23.6,9.0,3.0,0.01,6.7,0.0,0.0,0.0,82.39,0.0,0.0,28.557161136999998,0.0,0.0225961617,104.0,15.0,0.0,0.0
