PtID,Pt_CGMUseNumDays,Pt_FatherT1D,Pt_MotherT1D,Pt_SiblingT1D,Pt_ChildT1D,Pt_GrandchildT1D,Pt_GrandparentT1D,BldPrSys,BldPrDia,SMBGperDayPtMeterCombo,WeightKg,HeightCm,DirectLDL,age,diabDur,TotalDailyInsPerKg,LDL,HDL,TotChol,Triglyc,BUN,AlbCreatRat_mggNew,UnitsInsBasalOrLongAct,BGTestAvgNumMeter,BGTestAvgNumPtRep,TSH,HbA1c,AutonomicNeuroCl,Pt_InsGov,NumPumpBolusOrShortAct,HbA1cImputeDtMnC,Pt_SHFlg,Pt_DKAFlg,bmi,bmiPerc,bmiZscore,GFR,diagAgeCombo,Pt_A1cGoalLev,Pt_A1cGoalLevelDsYr5
12762,0.0,0.0,0.0,1.0,0.0,0.0,0.0,103.0,66.0,7.0,47.717917324,155.702,0.0,11,1.0,0.5029557311999999,0.0,56.0,147.0,0.0,0.0,0.0,0.0,7.0,8.0,0.0,7.1,0.0,0.0,6.0,0.0,0.0,0.0,19.683081834,0.7718964758,0.7451069825,0.0,10.0,0.0,0.0
12762,0.0,0.0,0.0,1.0,0.0,0.0,0.0,121.0,76.0,3.0,69.8,163.5,0.0,13,3.0,0.7879656159999999,0.0,67.0,174.0,0.0,0.0,0.0,0.0,3.0,6.0,0.0,8.0,0.0,0.0,0.0,26.755,0.0,0.0,26.110783791,0.9479879151,1.6256498234,0.0,10.0,0.0,0.0
12762,0.0,0.0,0.0,0.0,0.0,0.0,0.0,102.0,68.0,2.0,67.4,165.3,0.0,14,4.0,0.0,0.0,58.0,162.0,0.0,0.0,0.0,31.0,2.0,0.0,3.02,8.0,0.0,0.0,0.0,39.336,0.0,0.0,24.666878202,0.8996697449,1.2796720168,0.0,10.0,0.0,0.0
12762,0.0,0.0,0.0,0.0,0.0,0.0,0.0,106.0,73.0,0.0,70.6,166.6,0.0,16,5.0,0.0,0.0,0.0,0.0,0.0,0.0,0.0,32.0,0.0,0.0,0.0,9.0,0.0,0.0,0.0,59.053999999999995,0.0,0.0,25.436345006,0.8800675309999999,1.1753244455,0.0,10.0,0.0,0.0
12762,0.0,0.0,0.0,0.0,0.0,0.0,0.0,111.0,73.0,1.0,74.1,166.6,0.0,17,7.0,0.8502024291,80.0,67.0,0.0,148.0,0.0,0.0,33.0,1.0,3.0,1.068,8.4,0.0,0.0,1.0,74.689,0.0,0.0,26.697353611,0.8999870296,1.2814776631,0.0,10.0,0.0,0.0
