PtID,Pt_CGMUseNumDays,Pt_FatherT1D,Pt_MotherT1D,Pt_SiblingT1D,Pt_ChildT1D,Pt_GrandchildT1D,Pt_GrandparentT1D,BldPrSys,BldPrDia,SMBGperDayPtMeterCombo,WeightKg,HeightCm,DirectLDL,age,diabDur,TotalDailyInsPerKg,LDL,HDL,TotChol,Triglyc,BUN,AlbCreatRat_mggNew,UnitsInsBasalOrLongAct,BGTestAvgNumMeter,BGTestAvgNumPtRep,TSH,HbA1c,AutonomicNeuroCl,Pt_InsGov,NumPumpBolusOrShortAct,HbA1cImputeDtMnC,Pt_SHFlg,Pt_DKAFlg,bmi,bmiPerc,bmiZscore,GFR,diagAgeCombo,Pt_A1cGoalLev,Pt_A1cGoalLevelDsYr5
12761,0.0,0.0,0.0,0.0,0.0,0.0,0.0,114.0,67.0,5.0,39.00894382,187.0,0.0,20,13.0,1.4099330721,103.0,40.0,0.0,78.0,16.0,15.5,0.0,0.0,5.0,0.0,6.6,0.0,0.0,6.0,0.0,0.0,0.0,11.155292922000001,9.135947e-30,-3.0463940480000002,0.0,6.0,0.0,0.0
12761,0.0,0.0,0.0,0.0,0.0,0.0,1.0,0.0,0.0,4.0,84.36818082,187.0,0.0,21,14.0,0.0,110.0,37.0,0.0,97.0,17.0,4.0,0.0,4.0,5.0,0.0,7.5,0.0,0.0,3.0,12.05,0.0,0.0,24.126563761999996,0.0,-0.487873379,0.0,6.0,6.5,0.0
12761,0.0,0.0,0.0,0.0,0.0,0.0,0.0,133.0,64.0,3.0,89.81128926,185.5,0.0,22,15.0,0.6680674611999999,0.0,0.0,0.0,0.0,0.0,0.0,42.0,3.0,0.0,0.0,7.5,0.0,0.0,0.0,24.199,0.0,0.0,26.100155988,0.0,-0.09859182300000001,0.0,6.0,0.0,0.0
12761,0.0,0.0,0.0,0.0,0.0,0.0,0.0,117.0,66.0,8.0,86.90829809200001,186.2,0.0,23,16.0,0.6558637236,99.0,41.0,0.0,63.0,16.0,0.0,40.0,8.0,0.0,0.33399999999999996,6.7,0.0,0.0,16.0,36.415,0.0,0.0,25.066972929000002,0.0,-0.302382203,0.0,6.0,0.0,0.0
12761,0.0,0.0,0.0,0.0,0.0,0.0,0.0,123.0,74.0,6.0,85.27536556,187.0,1.0,24,18.0,0.0,89.0,40.0,138.0,86.0,19.0,0.0,40.0,6.0,0.0,0.33399999999999996,7.1,0.0,0.0,0.0,53.343999999999994,0.0,0.0,24.385989179,0.0,-0.436702966,0.0,6.0,0.0,0.0
