PtID,Pt_CGMUseNumDays,Pt_FatherT1D,Pt_MotherT1D,Pt_SiblingT1D,Pt_ChildT1D,Pt_GrandchildT1D,Pt_GrandparentT1D,BldPrSys,BldPrDia,SMBGperDayPtMeterCombo,WeightKg,HeightCm,DirectLDL,age,diabDur,TotalDailyInsPerKg,LDL,HDL,TotChol,Triglyc,BUN,AlbCreatRat_mggNew,UnitsInsBasalOrLongAct,BGTestAvgNumMeter,BGTestAvgNumPtRep,TSH,HbA1c,AutonomicNeuroCl,Pt_InsGov,NumPumpBolusOrShortAct,HbA1cImputeDtMnC,Pt_SHFlg,Pt_DKAFlg,bmi,bmiPerc,bmiZscore,GFR,diagAgeCombo,Pt_A1cGoalLev,Pt_A1cGoalLevelDsYr5
12771,7.0,0.0,0.0,0.0,0.0,0.0,0.0,127.0,79.0,4.0,88.99482299399999,191.00799999999998,0.0,51,19.0,0.5955402597,83.0,46.0,147.0,89.0,15.0,2.1,0.0,0.0,4.0,0.0,7.8,0.0,0.0,3.0,0.0,0.0,0.0,24.392798552,0.0,-0.570085858,0.0,32.0,0.0,0.0
12771,0.0,0.0,0.0,0.0,0.0,0.0,0.0,147.0,81.0,4.0,90.5,191.00799999999998,0.0,52,20.0,0.0,113.0,45.0,184.0,132.0,15.0,4.4,0.0,4.0,0.0,0.0,8.1,0.0,0.0,0.0,16.266,0.0,0.0,24.805356028000002,0.0,-0.515481219,0.0,32.0,0.0,0.0
12771,0.0,0.0,0.0,0.0,0.0,0.0,0.0,123.0,71.0,4.0,86.5,191.0,0.0,55,23.0,0.5549132948,132.0,53.0,199.0,68.0,12.0,3.2,27.0,4.0,0.0,1.28,7.6,0.0,0.0,5.0,42.523,0.0,0.0,23.710972835,0.0,-0.660329884,99.0,32.0,0.0,0.0
12771,0.0,0.0,0.0,0.0,0.0,0.0,0.0,137.0,88.0,4.0,86.0,191.0,0.0,55,23.0,0.48837209299999995,129.0,50.0,199.0,101.0,13.0,3.2,27.0,4.0,0.0,1.79,7.9,0.0,0.0,5.0,52.282,0.0,0.0,23.573915189,0.0,-0.6784703470000001,0.0,32.0,0.0,0.0
12771,0.0,0.0,0.0,0.0,0.0,0.0,0.0,131.0,74.0,4.0,88.3,191.0,0.0,56,24.0,0.6115515289,0.0,0.0,0.0,0.0,0.0,3.2,0.0,4.0,0.0,0.0,8.6,0.0,0.0,0.0,62.24100000000001,0.0,0.0,24.204380362,0.0,-0.595024219,0.0,32.0,0.0,0.0
12771,21.0,0.0,0.0,0.0,0.0,0.0,0.0,145.0,84.0,4.0,89.0,191.0,0.0,57,25.0,0.5898876404,87.0,44.0,151.0,99.0,11.0,3.2,33.4,4.0,3.0,0.0,7.6,0.0,0.0,6.0,72.465,0.0,0.0,24.396261066999998,0.0,-0.569627572,0.0,32.0,0.0,0.0
12771,0.0,0.0,0.0,0.0,0.0,0.0,0.0,114.0,75.0,4.0,79.015790854,191.00799999999998,0.0,58,26.0,0.498634508,74.0,57.0,144.0,66.0,0.0,3.2,24.4,4.0,4.0,0.0,7.4,0.0,0.0,0.0,86.87100000000001,0.0,0.0,21.657622364,0.0,-0.932104047,0.0,32.0,0.0,0.0
