PtID,Pt_CGMUseNumDays,Pt_FatherT1D,Pt_MotherT1D,Pt_SiblingT1D,Pt_ChildT1D,Pt_GrandchildT1D,Pt_GrandparentT1D,BldPrSys,BldPrDia,SMBGperDayPtMeterCombo,WeightKg,HeightCm,DirectLDL,age,diabDur,TotalDailyInsPerKg,LDL,HDL,TotChol,Triglyc,BUN,AlbCreatRat_mggNew,UnitsInsBasalOrLongAct,BGTestAvgNumMeter,BGTestAvgNumPtRep,TSH,HbA1c,AutonomicNeuroCl,Pt_InsGov,NumPumpBolusOrShortAct,HbA1cImputeDtMnC,Pt_SHFlg,Pt_DKAFlg,bmi,bmiPerc,bmiZscore,GFR,diagAgeCombo,Pt_A1cGoalLev,Pt_A1cGoalLevelDsYr5
12790,0.0,0.0,0.0,0.0,0.0,0.0,0.0,104.0,56.0,6.0,21.2,119.8,0.0,8,2.0,0.9905660377,0.0,0.0,0.0,0.0,0.0,0.0,0.0,0.0,6.0,0.0,8.3,0.0,0.0,0.0,-3.253,0.0,0.0,14.771419255,0.2620244919,-0.637116466,0.0,5.0,0.0,0.0
12790,0.0,0.0,0.0,0.0,0.0,0.0,0.0,107.0,61.0,6.0,26.0,127.4,0.0,8,3.0,0.9230769231,0.0,0.0,0.0,0.0,0.0,0.0,0.0,6.0,6.0,0.0,7.4,0.0,0.0,3.0,10.556,0.0,0.0,16.018966455999998,0.5442042177,0.11103125189999999,0.0,5.0,7.5,0.0
12790,0.0,0.0,0.0,0.0,0.0,0.0,0.0,114.0,62.0,6.0,29.0,132.2,0.0,9,4.0,0.0,0.0,0.0,0.0,0.0,0.0,12.4,13.0,6.0,0.0,0.0,0.0,0.0,0.0,4.0,0.0,0.0,0.0,16.593388735999998,0.5572713937,0.1440547799,0.0,5.0,0.0,0.0
12790,0.0,0.0,0.0,0.0,0.0,0.0,0.0,0.0,0.0,5.0,0.0,0.0,0.0,10,5.0,0.0,0.0,0.0,194.0,85.0,14.2,12.4,18.0,0.0,5.0,0.0,0.0,0.0,0.0,0.0,0.0,0.0,0.0,0.0,0.0,0.0,0.0,5.0,0.0,0.0
12790,0.0,0.0,0.0,0.0,0.0,0.0,0.0,111.0,66.0,5.0,45.2,152.7,0.0,12,6.0,0.0,94.0,61.0,172.0,88.0,0.0,12.4,8.0,5.0,0.0,0.0,7.2,0.0,0.0,0.0,54.141000000000005,0.0,0.0,19.384756976,0.6703285756,0.4408206417,0.0,5.0,0.0,0.0
12790,0.0,0.0,0.0,0.0,0.0,0.0,0.0,121.0,62.0,5.0,51.7,157.3,0.0,13,7.0,0.0,100.0,64.0,191.0,113.0,15.0,12.4,32.0,5.0,6.0,0.0,7.1,0.0,0.0,5.0,66.324,0.0,0.0,20.894553635,0.7451378306,0.6592669855,0.0,5.0,0.0,0.0
