PtID,Pt_CGMUseNumDays,Pt_FatherT1D,Pt_MotherT1D,Pt_SiblingT1D,Pt_ChildT1D,Pt_GrandchildT1D,Pt_GrandparentT1D,BldPrSys,BldPrDia,SMBGperDayPtMeterCombo,WeightKg,HeightCm,DirectLDL,age,diabDur,TotalDailyInsPerKg,LDL,HDL,TotChol,Triglyc,BUN,AlbCreatRat_mggNew,UnitsInsBasalOrLongAct,BGTestAvgNumMeter,BGTestAvgNumPtRep,TSH,HbA1c,AutonomicNeuroCl,Pt_InsGov,NumPumpBolusOrShortAct,HbA1cImputeDtMnC,Pt_SHFlg,Pt_DKAFlg,bmi,bmiPerc,bmiZscore,GFR,diagAgeCombo,Pt_A1cGoalLev,Pt_A1cGoalLevelDsYr5
12834,0.0,0.0,0.0,0.0,0.0,0.0,1.0,92.0,60.0,4.0,82.10021897,168.91,0.0,41,8.0,0.43848847729999996,126.0,54.0,0.0,54.0,0.0,9.9,0.0,0.0,4.0,0.0,7.5,0.0,0.0,0.0,0.066,0.0,0.0,28.776209829000003,0.0,0.0157430638,0.0,33.0,0.0,0.0
12834,0.0,0.0,0.0,0.0,0.0,0.0,1.0,108.0,64.0,3.0,0.0,0.0,1.0,43,10.0,0.0,131.0,0.0,0.0,0.0,0.0,0.0,0.0,0.0,3.0,0.0,8.5,0.0,0.0,0.0,14.539000000000001,0.0,0.0,0.0,0.0,0.0,0.0,33.0,7.0,0.0
12834,0.0,0.0,0.0,0.0,0.0,0.0,0.0,102.0,66.0,5.0,0.0,0.0,0.0,44,11.0,0.0,0.0,0.0,0.0,0.0,0.0,0.0,26.0,5.0,0.0,0.0,8.0,0.0,0.0,3.0,24.929000000000002,0.0,0.0,0.0,0.0,0.0,0.0,33.0,0.0,0.0
12834,0.0,0.0,0.0,0.0,0.0,0.0,0.0,124.0,70.0,3.0,87.08973504,167.64,0.0,45,12.0,0.5511556555,89.0,56.0,0.0,73.0,17.0,0.0,30.0,0.0,3.0,1.44,8.2,0.0,0.0,3.0,41.66,0.0,0.0,30.989292766,0.0,0.21346589370000002,0.0,33.0,0.0,0.0
12834,0.0,0.0,0.0,0.0,0.0,0.0,0.0,112.0,68.0,4.0,0.0,0.0,0.0,46,13.0,0.0,0.0,0.0,0.0,0.0,0.0,0.0,28.0,0.0,4.0,0.0,7.9,0.0,0.0,0.0,50.29,0.0,0.0,0.0,0.0,0.0,0.0,33.0,0.0,0.0
12834,0.0,0.0,0.0,0.0,0.0,0.0,0.0,122.0,64.0,2.0,89.765930023,168.91,1.0,47,14.0,0.0,131.0,0.0,0.0,0.0,0.0,0.0,35.0,0.0,2.0,0.77,8.3,0.0,0.0,0.0,67.485,0.0,0.0,31.46304931,0.0,0.2557925877,0.0,33.0,0.0,0.0
12834,0.0,0.0,0.0,0.0,0.0,0.0,0.0,120.0,56.0,1.0,86.68150190700001,168.91,1.0,48,15.0,0.0,81.0,0.0,0.0,0.0,0.0,9.9,44.0,1.0,1.0,0.86,10.2,0.0,0.0,0.0,79.934,0.0,0.0,30.381954134,0.0,0.1592046136,0.0,33.0,0.0,0.0
