PtID,Pt_CGMUseNumDays,Pt_FatherT1D,Pt_MotherT1D,Pt_SiblingT1D,Pt_ChildT1D,Pt_GrandchildT1D,Pt_GrandparentT1D,BldPrSys,BldPrDia,SMBGperDayPtMeterCombo,WeightKg,HeightCm,DirectLDL,age,diabDur,TotalDailyInsPerKg,LDL,HDL,TotChol,Triglyc,BUN,AlbCreatRat_mggNew,UnitsInsBasalOrLongAct,BGTestAvgNumMeter,BGTestAvgNumPtRep,TSH,HbA1c,AutonomicNeuroCl,Pt_InsGov,NumPumpBolusOrShortAct,HbA1cImputeDtMnC,Pt_SHFlg,Pt_DKAFlg,bmi,bmiPerc,bmiZscore,GFR,diagAgeCombo,Pt_A1cGoalLev,Pt_A1cGoalLevelDsYr5
12895,0.0,0.0,0.0,0.0,0.0,0.0,0.0,134.0,66.0,8.0,0.0,0.0,0.0,58,46.0,0.0,62.0,42.0,114.0,48.0,18.0,2.8,0.0,8.0,6.0,0.0,7.8,1.0,1.0,4.0,0.43200000000000005,0.0,0.0,0.0,0.0,0.0,0.0,12.0,0.0,0.0
12895,0.0,0.0,0.0,0.0,0.0,0.0,0.0,158.0,80.0,8.0,0.0,0.0,0.0,60,48.0,0.0,49.0,44.0,101.0,40.0,10.0,16.0,0.0,8.0,6.0,0.0,8.2,1.0,1.0,8.0,19.685,0.0,0.0,0.0,0.0,0.0,0.0,12.0,7.0,0.0
12895,0.0,0.0,0.0,0.0,0.0,0.0,0.0,142.0,70.0,4.0,0.0,0.0,0.0,61,49.0,0.0,51.0,33.0,92.0,40.0,18.0,0.0,19.0,4.0,0.0,1.69,7.1,1.0,0.0,6.0,34.788000000000004,0.0,0.0,0.0,0.0,0.0,0.0,12.0,0.0,0.0
12895,0.0,0.0,0.0,0.0,0.0,0.0,0.0,120.0,78.0,4.0,64.86370891,180.34,0.0,62,50.0,0.4162574181,59.0,29.0,100.0,59.0,23.0,0.0,18.0,4.0,4.0,0.0,6.5,1.0,0.0,3.0,46.938,0.0,0.0,19.944247151,0.0,-1.7071743819999998,0.0,12.0,0.0,0.0
12895,0.0,0.0,0.0,0.0,0.0,0.0,0.0,138.0,60.0,4.0,62.59574706,180.34,0.0,63,51.0,0.3674371036,0.0,0.0,0.0,0.0,19.0,0.0,17.0,4.0,0.0,0.0,0.0,1.0,0.0,3.0,0.0,0.0,0.0,19.246895852,0.0,-1.8401057269999999,0.0,12.0,0.0,0.0
