PtID,Pt_CGMUseNumDays,Pt_FatherT1D,Pt_MotherT1D,Pt_SiblingT1D,Pt_ChildT1D,Pt_GrandchildT1D,Pt_GrandparentT1D,BldPrSys,BldPrDia,SMBGperDayPtMeterCombo,WeightKg,HeightCm,DirectLDL,age,diabDur,TotalDailyInsPerKg,LDL,HDL,TotChol,Triglyc,BUN,AlbCreatRat_mggNew,UnitsInsBasalOrLongAct,BGTestAvgNumMeter,BGTestAvgNumPtRep,TSH,HbA1c,AutonomicNeuroCl,Pt_InsGov,NumPumpBolusOrShortAct,HbA1cImputeDtMnC,Pt_SHFlg,Pt_DKAFlg,bmi,bmiPerc,bmiZscore,GFR,diagAgeCombo,Pt_A1cGoalLev,Pt_A1cGoalLevelDsYr5
12903,28.0,0.0,0.0,0.0,0.0,0.0,0.0,90.0,78.0,1.0,0.0,0.0,0.0,37,17.0,0.0,126.0,40.0,184.0,88.0,17.0,2.3,0.0,1.0,3.0,0.0,7.5,0.0,0.0,5.0,0.19899999999999998,0.0,0.0,0.0,0.0,0.0,0.0,20.0,0.0,0.0
12903,25.0,0.0,0.0,0.0,0.0,0.0,0.0,118.0,78.0,2.0,0.0,0.0,0.0,39,19.0,0.0,151.0,44.0,210.0,73.0,11.0,14.4,0.0,2.0,3.0,0.0,7.3,0.0,0.0,7.0,21.410999999999998,0.0,0.0,0.0,0.0,0.0,0.0,20.0,6.5,0.0
12903,0.0,0.0,0.0,0.0,0.0,0.0,0.0,120.0,64.0,0.0,0.0,0.0,0.0,40,20.0,0.0,99.0,44.0,153.0,50.0,0.0,2.6,28.0,0.0,0.0,0.0,7.4,0.0,0.0,7.0,34.158,0.0,0.0,0.0,0.0,0.0,0.0,20.0,0.0,0.0
12903,0.0,0.0,0.0,0.0,0.0,0.0,0.0,134.0,79.0,0.0,93.44002822,172.7,0.0,41,21.0,0.5993148875,94.0,42.0,0.0,170.0,14.0,2.6,28.0,0.0,0.0,0.0,7.2,0.0,0.0,5.0,48.266000000000005,0.0,0.0,31.329126463,0.0,0.4211411061,0.0,20.0,0.0,0.0
12903,0.0,0.0,0.0,0.0,0.0,0.0,0.0,140.0,88.0,2.0,97.06876718,203.2,0.0,42,22.0,0.6078165172,97.0,43.0,0.0,128.0,16.0,4.0,28.0,0.0,2.0,2.227,8.0,0.0,0.0,6.0,60.248999999999995,0.0,0.0,23.508889069000002,0.0,-0.703229408,0.0,20.0,0.0,0.0
12903,0.0,0.0,0.0,0.0,0.0,0.0,0.0,132.0,87.0,1.0,0.0,0.0,0.0,43,23.0,0.0,0.0,0.0,0.0,0.0,0.0,10.9,28.0,1.0,0.0,0.0,0.0,0.0,0.0,5.0,0.0,0.0,0.0,0.0,0.0,0.0,0.0,20.0,0.0,0.0
12903,0.0,0.0,0.0,0.0,0.0,0.0,0.0,135.0,89.0,0.0,0.0,0.0,0.0,43,23.0,0.0,108.0,47.0,175.0,101.0,12.0,10.9,0.0,0.0,0.0,0.0,7.2,0.0,0.0,0.0,80.863,0.0,0.0,0.0,0.0,0.0,0.0,20.0,0.0,0.0
