PtID,Pt_CGMUseNumDays,Pt_FatherT1D,Pt_MotherT1D,Pt_SiblingT1D,Pt_ChildT1D,Pt_GrandchildT1D,Pt_GrandparentT1D,BldPrSys,BldPrDia,SMBGperDayPtMeterCombo,WeightKg,HeightCm,DirectLDL,age,diabDur,TotalDailyInsPerKg,LDL,HDL,TotChol,Triglyc,BUN,AlbCreatRat_mggNew,UnitsInsBasalOrLongAct,BGTestAvgNumMeter,BGTestAvgNumPtRep,TSH,HbA1c,AutonomicNeuroCl,Pt_InsGov,NumPumpBolusOrShortAct,HbA1cImputeDtMnC,Pt_SHFlg,Pt_DKAFlg,bmi,bmiPerc,bmiZscore,GFR,diagAgeCombo,Pt_A1cGoalLev,Pt_A1cGoalLevelDsYr5
12924,0.0,0.0,0.0,0.0,0.0,0.0,0.0,112.0,70.0,4.0,61.960717742,149.86,1.0,21,17.0,1.0329125022,113.0,0.0,0.0,0.0,15.0,9.9,0.0,0.0,4.0,0.0,7.1,0.0,0.0,0.0,0.0,0.0,0.0,27.589573277,0.0,0.106464684,0.0,4.0,0.0,0.0
12924,0.0,0.0,0.0,0.0,0.0,0.0,0.0,114.0,72.0,4.0,0.0,0.0,0.0,22,18.0,0.0,113.0,0.0,0.0,0.0,0.0,8.6,0.0,4.0,5.0,0.0,7.1,0.0,0.0,0.0,9.261000000000001,0.0,0.0,0.0,0.0,0.0,0.0,4.0,7.0,0.0
12924,0.0,0.0,0.0,0.0,0.0,0.0,0.0,100.0,72.0,4.0,0.0,0.0,1.0,23,19.0,0.0,89.0,62.0,0.0,68.0,0.0,0.0,17.0,0.0,4.0,1.08,7.4,0.0,0.0,0.0,27.32,0.0,0.0,0.0,0.0,0.0,0.0,4.0,0.0,0.0
12924,0.0,0.0,0.0,0.0,0.0,0.0,0.0,108.0,60.0,0.0,0.0,0.0,1.0,25,21.0,0.0,94.0,70.0,0.0,50.0,0.0,9.9,17.0,0.0,0.0,1.47,8.3,0.0,0.0,0.0,45.278,0.0,0.0,0.0,0.0,0.0,0.0,4.0,0.0,0.0
12924,30.0,0.0,0.0,0.0,0.0,0.0,0.0,118.0,79.0,4.0,62.550387823,149.86,1.0,26,22.0,1.1990333331,95.0,0.0,0.0,0.0,0.0,9.9,30.0,4.0,4.0,0.72,7.6,0.0,0.0,0.0,63.43600000000001,0.0,0.0,27.852138762,0.0,0.1418685562,0.0,4.0,0.0,0.0
12924,0.0,0.0,0.0,0.0,0.0,0.0,0.0,122.0,64.0,5.0,70.9,149.86,1.0,27,23.0,0.0,107.0,0.0,0.0,0.0,9.0,9.9,26.4,5.0,0.0,2.07,6.6,0.0,0.0,0.0,74.058,0.0,0.0,31.570014303,0.0,0.6431804116,0.0,4.0,0.0,0.0
