PtID,Pt_CGMUseNumDays,Pt_FatherT1D,Pt_MotherT1D,Pt_SiblingT1D,Pt_ChildT1D,Pt_GrandchildT1D,Pt_GrandparentT1D,BldPrSys,BldPrDia,SMBGperDayPtMeterCombo,WeightKg,HeightCm,DirectLDL,age,diabDur,TotalDailyInsPerKg,LDL,HDL,TotChol,Triglyc,BUN,AlbCreatRat_mggNew,UnitsInsBasalOrLongAct,BGTestAvgNumMeter,BGTestAvgNumPtRep,TSH,HbA1c,AutonomicNeuroCl,Pt_InsGov,NumPumpBolusOrShortAct,HbA1cImputeDtMnC,Pt_SHFlg,Pt_DKAFlg,bmi,bmiPerc,bmiZscore,GFR,diagAgeCombo,Pt_A1cGoalLev,Pt_A1cGoalLevelDsYr5
12946,0.0,1.0,0.0,0.0,0.0,0.0,0.0,107.0,62.0,2.0,67.4,169.3,0.0,15,14.0,0.8456973294,80.0,39.0,0.0,70.0,14.0,6.4,0.0,2.0,2.0,0.0,9.0,0.0,0.0,0.0,0.0,1.0,1.0,23.515053996,0.8259953179,0.938457469,0.0,0.0,0.0,0.0
12946,0.0,1.0,0.0,0.0,0.0,0.0,0.0,126.0,62.0,2.0,67.2,168.1,0.0,16,15.0,0.2976190476,0.0,0.0,0.0,0.0,0.0,0.0,0.0,2.0,5.0,0.0,8.6,0.0,0.0,4.0,11.850999999999999,0.0,1.0,23.781204426,0.807934192,0.8703089008,0.0,0.0,7.5,0.0
12946,0.0,0.0,0.0,0.0,0.0,0.0,0.0,0.0,0.0,4.0,66.7,168.8,0.0,17,16.0,0.9295352323999999,78.0,46.0,0.0,42.0,11.0,7.0,24.0,4.0,0.0,0.44,7.0,0.0,0.0,5.0,27.154,0.0,0.0,23.408896925,0.7522187712999999,0.681488474,0.0,0.0,0.0,0.0
12946,0.0,0.0,0.0,0.0,0.0,0.0,0.0,121.0,77.0,2.0,67.1,168.5,0.0,18,17.0,0.6855439642,91.0,46.0,0.0,66.0,12.0,31.0,24.0,2.0,0.0,0.74,8.6,0.0,0.0,4.0,39.27,0.0,0.0,23.633209766999997,0.7380791739,0.6374348224,0.0,0.0,0.0,0.0
12946,0.0,0.0,0.0,0.0,0.0,0.0,0.0,121.0,58.0,2.0,65.1,170.0,0.0,19,18.0,0.5222734255,0.0,0.0,0.0,0.0,0.0,20.8,23.0,2.0,0.0,0.25,7.7,0.0,0.0,2.0,50.423,0.0,0.0,22.525951557,0.6123615703999999,0.285479433,0.0,0.0,0.0,0.0
12946,0.0,0.0,0.0,0.0,0.0,0.0,0.0,138.0,60.0,1.0,63.0,168.9,0.0,20,19.0,0.6666666667,75.0,52.0,0.0,44.0,8.0,15.4,21.0,1.0,0.0,0.15,8.4,0.0,0.0,3.0,61.577,0.0,0.0,22.084178579,0.5434520475,-0.635873138,0.0,0.0,0.0,0.0
12946,0.0,0.0,0.0,0.0,0.0,0.0,0.0,117.0,68.0,2.0,65.3,169.3,0.0,20,19.0,0.7258805513,0.0,0.0,0.0,0.0,0.0,15.4,20.5,2.0,2.0,0.17,7.3,0.0,1.0,4.0,63.668,0.0,0.0,22.782389109,0.6171475938000001,-0.541727647,0.0,0.0,0.0,0.0
