PtID,Pt_CGMUseNumDays,Pt_FatherT1D,Pt_MotherT1D,Pt_SiblingT1D,Pt_ChildT1D,Pt_GrandchildT1D,Pt_GrandparentT1D,BldPrSys,BldPrDia,SMBGperDayPtMeterCombo,WeightKg,HeightCm,DirectLDL,age,diabDur,TotalDailyInsPerKg,LDL,HDL,TotChol,Triglyc,BUN,AlbCreatRat_mggNew,UnitsInsBasalOrLongAct,BGTestAvgNumMeter,BGTestAvgNumPtRep,TSH,HbA1c,AutonomicNeuroCl,Pt_InsGov,NumPumpBolusOrShortAct,HbA1cImputeDtMnC,Pt_SHFlg,Pt_DKAFlg,bmi,bmiPerc,bmiZscore,GFR,diagAgeCombo,Pt_A1cGoalLev,Pt_A1cGoalLevelDsYr5
12996,0.0,0.0,0.0,0.0,0.0,0.0,0.0,115.0,77.0,4.0,0.0,0.0,0.0,21,2.0,0.0,111.0,43.0,0.0,111.0,15.0,26.8,0.0,0.0,4.0,0.0,7.1,0.0,0.0,0.0,0.0,0.0,0.0,0.0,0.0,0.0,0.0,19.0,0.0,0.0
12996,0.0,0.0,0.0,0.0,0.0,0.0,0.0,112.0,76.0,0.0,63.3,160.0,0.0,23,4.0,0.0,144.0,50.0,209.0,77.0,19.0,3.6,0.0,0.0,0.0,0.0,7.9,0.0,0.0,0.0,22.141,0.0,0.0,24.7265625,0.0,-0.279578697,0.0,19.0,0.0,0.0
12996,0.0,0.0,0.0,0.0,0.0,0.0,0.0,128.0,83.0,4.0,0.0,0.0,0.0,24,5.0,0.0,0.0,0.0,0.0,0.0,0.0,2.6,34.0,4.0,0.0,0.0,8.4,0.0,0.0,3.0,36.913000000000004,0.0,0.0,0.0,0.0,0.0,0.0,19.0,0.0,0.0
12996,0.0,0.0,0.0,0.0,0.0,0.0,0.0,125.0,85.0,4.0,68.5,160.0,0.0,25,6.0,0.7445255474,145.0,36.0,205.0,122.0,0.0,2.6,28.0,4.0,0.0,0.99,8.8,0.0,0.0,7.0,48.299,0.0,0.0,26.7578125,0.0,-0.0056884890000000006,0.0,19.0,0.0,0.0
12996,30.0,0.0,0.0,0.0,0.0,0.0,0.0,136.0,88.0,0.0,67.5,160.0,0.0,26,7.0,0.7407407407,53.0,35.0,111.0,113.0,0.0,4.0,23.0,0.0,2.0,2.54,7.4,0.0,0.0,5.0,66.954,0.0,0.0,26.3671875,0.0,-0.058359682999999996,0.0,19.0,0.0,0.0
12996,0.0,0.0,0.0,0.0,0.0,0.0,0.0,130.0,86.0,0.0,71.0,160.0,0.0,27,8.0,0.9605633803,0.0,0.0,0.0,0.0,15.0,4.0,43.4,0.0,0.0,1.75,9.1,0.0,0.0,4.0,73.195,0.0,0.0,27.734375,0.0,0.1259894958,120.0,19.0,0.0,0.0
