PtID,Pt_CGMUseNumDays,Pt_FatherT1D,Pt_MotherT1D,Pt_SiblingT1D,Pt_ChildT1D,Pt_GrandchildT1D,Pt_GrandparentT1D,BldPrSys,BldPrDia,SMBGperDayPtMeterCombo,WeightKg,HeightCm,DirectLDL,age,diabDur,TotalDailyInsPerKg,LDL,HDL,TotChol,Triglyc,BUN,AlbCreatRat_mggNew,UnitsInsBasalOrLongAct,BGTestAvgNumMeter,BGTestAvgNumPtRep,TSH,HbA1c,AutonomicNeuroCl,Pt_InsGov,NumPumpBolusOrShortAct,HbA1cImputeDtMnC,Pt_SHFlg,Pt_DKAFlg,bmi,bmiPerc,bmiZscore,GFR,diagAgeCombo,Pt_A1cGoalLev,Pt_A1cGoalLevelDsYr5
13012,0.0,0.0,0.0,0.0,0.0,0.0,0.0,123.0,79.0,6.0,39.0,141.0,1.0,9,8.0,0.0,115.0,64.0,188.0,44.0,0.0,0.0,0.0,6.0,5.0,0.0,9.9,0.0,1.0,0.0,-0.39799999999999996,0.0,0.0,19.616719481,0.9075558440000001,1.3258532459,0.0,1.0,0.0,0.0
13012,0.0,0.0,1.0,0.0,0.0,0.0,0.0,108.0,69.0,8.0,44.4,145.7,0.0,11,9.0,0.9459459459,0.0,0.0,0.0,0.0,0.0,9.0,0.0,8.0,6.0,0.0,9.9,0.0,1.0,0.0,13.776,0.0,1.0,20.915288841,0.8885254669,1.218723735,0.0,1.0,7.8,0.0
13012,0.0,0.0,0.0,0.0,0.0,0.0,0.0,104.0,60.0,0.0,51.0,152.0,1.0,11,10.0,0.0,45.0,41.0,149.0,316.0,0.0,7.0,0.0,0.0,0.0,2.34,8.7,0.0,0.0,0.0,22.871,0.0,0.0,22.074099723000003,0.9274748712,1.4572395836,0.0,1.0,0.0,0.0
13012,0.0,0.0,0.0,0.0,0.0,0.0,0.0,117.0,66.0,0.0,58.1,160.0,0.0,12,11.0,0.0,0.0,0.0,0.0,0.0,0.0,7.0,28.0,0.0,0.0,0.0,10.0,0.0,0.0,0.0,33.029,0.0,0.0,22.6953125,0.9188741634,1.3975385812999999,0.0,1.0,0.0,0.0
13012,0.0,0.0,0.0,0.0,0.0,0.0,0.0,123.0,74.0,0.0,66.5,167.9,1.0,13,12.0,0.0,82.0,49.0,143.0,59.0,0.0,7.0,38.0,0.0,0.0,2.474,10.8,0.0,0.0,0.0,46.075,0.0,0.0,23.589582415,0.918702076,1.3963941096999999,0.0,1.0,0.0,0.0
13012,0.0,0.0,0.0,0.0,0.0,0.0,0.0,125.0,74.0,0.0,66.0,169.0,0.0,14,13.0,0.0,0.0,0.0,0.0,0.0,0.0,7.0,37.0,0.0,0.0,0.0,11.0,0.0,0.0,0.0,56.166000000000004,0.0,0.0,23.108434579,0.8729293486,1.1403481076000002,0.0,1.0,0.0,0.0
13012,0.0,0.0,0.0,0.0,0.0,0.0,0.0,124.0,81.0,8.0,72.0,170.3,0.0,15,14.0,0.0,0.0,0.0,0.0,0.0,0.0,5.0,0.0,8.0,5.0,0.0,8.5,0.0,0.0,0.0,65.22800000000001,0.0,0.0,24.825797036999997,0.9067316298999999,1.3208939115,0.0,1.0,0.0,0.0
13012,0.0,0.0,0.0,0.0,0.0,0.0,0.0,113.0,68.0,5.0,70.8,171.0,0.0,16,14.0,0.0,80.0,46.0,141.0,73.0,0.0,5.0,74.0,5.0,0.0,3.375,9.6,0.0,0.0,0.0,75.22,0.0,0.0,24.212578229000002,0.8516775565000001,1.0436553234000001,0.0,1.0,0.0,0.0
