PtID,Pt_CGMUseNumDays,Pt_FatherT1D,Pt_MotherT1D,Pt_SiblingT1D,Pt_ChildT1D,Pt_GrandchildT1D,Pt_GrandparentT1D,BldPrSys,BldPrDia,SMBGperDayPtMeterCombo,WeightKg,HeightCm,DirectLDL,age,diabDur,TotalDailyInsPerKg,LDL,HDL,TotChol,Triglyc,BUN,AlbCreatRat_mggNew,UnitsInsBasalOrLongAct,BGTestAvgNumMeter,BGTestAvgNumPtRep,TSH,HbA1c,AutonomicNeuroCl,Pt_InsGov,NumPumpBolusOrShortAct,HbA1cImputeDtMnC,Pt_SHFlg,Pt_DKAFlg,bmi,bmiPerc,bmiZscore,GFR,diagAgeCombo,Pt_A1cGoalLev,Pt_A1cGoalLevelDsYr5
13072,0.0,0.0,0.0,0.0,0.0,0.0,0.0,114.0,73.0,5.0,44.3,157.6,0.0,14,11.0,0.8916478554999999,103.0,52.0,203.0,592.0,31.0,15.0,0.0,5.0,6.0,0.0,10.5,0.0,1.0,5.0,0.0,0.0,0.0,17.835746863,0.2877085933,-0.560091267,0.0,2.0,0.0,0.0
13072,0.0,0.0,0.0,1.0,0.0,0.0,0.0,130.0,85.0,6.0,51.2,166.5,0.0,15,12.0,0.95703125,0.0,0.0,0.0,0.0,3.0,0.0,0.0,6.0,8.0,0.0,12.6,0.0,1.0,0.0,12.315,0.0,0.0,18.46891937,0.2851661991,-0.567562026,0.0,2.0,0.0,0.0
13072,0.0,0.0,0.0,0.0,0.0,0.0,0.0,134.0,79.0,3.0,62.7,175.6,0.0,16,13.0,0.8293460925,92.0,33.0,178.0,266.0,0.0,34.0,30.0,3.0,3.0,1.145,9.7,0.0,0.0,2.0,33.859,0.0,0.0,20.3337986,0.4714030168,-0.071743505,0.0,2.0,0.0,0.0
13072,0.0,0.0,0.0,0.0,0.0,0.0,0.0,133.0,76.0,1.0,66.8,177.5,0.0,17,14.0,0.0,0.0,0.0,0.0,0.0,15.0,49.0,0.0,1.0,0.0,1.735,10.4,0.0,0.0,0.0,44.647,0.0,0.0,21.202142432,0.4982626175,-0.004354986,0.0,2.0,0.0,0.0
13072,0.0,0.0,0.0,0.0,0.0,0.0,0.0,140.0,91.0,1.0,70.1,179.5,0.0,18,15.0,0.0,0.0,0.0,0.0,0.0,18.0,49.0,35.0,1.0,0.0,3.3139999999999996,9.6,0.0,0.0,0.0,54.606,0.0,0.0,21.756504061999998,0.48431411329999996,-0.039328823,0.0,2.0,0.0,0.0
