PtID,Pt_CGMUseNumDays,Pt_FatherT1D,Pt_MotherT1D,Pt_SiblingT1D,Pt_ChildT1D,Pt_GrandchildT1D,Pt_GrandparentT1D,BldPrSys,BldPrDia,SMBGperDayPtMeterCombo,WeightKg,HeightCm,DirectLDL,age,diabDur,TotalDailyInsPerKg,LDL,HDL,TotChol,Triglyc,BUN,AlbCreatRat_mggNew,UnitsInsBasalOrLongAct,BGTestAvgNumMeter,BGTestAvgNumPtRep,TSH,HbA1c,AutonomicNeuroCl,Pt_InsGov,NumPumpBolusOrShortAct,HbA1cImputeDtMnC,Pt_SHFlg,Pt_DKAFlg,bmi,bmiPerc,bmiZscore,GFR,diagAgeCombo,Pt_A1cGoalLev,Pt_A1cGoalLevelDsYr5
13103,0.0,0.0,0.0,0.0,0.0,0.0,0.0,106.0,59.0,3.0,63.0,156.3,0.0,14,4.0,0.6190476189999999,121.0,70.0,212.0,103.0,0.0,3.0,0.0,3.0,5.0,0.0,10.1,0.0,0.0,0.0,-3.0210000000000004,0.0,0.0,25.788292851999998,0.9269525185999999,1.4534640187,0.0,9.0,0.0,0.0
13103,0.0,0.0,0.0,0.0,0.0,0.0,0.0,110.0,64.0,3.0,67.9,158.2,0.0,14,5.0,0.824742268,90.0,60.0,169.0,97.0,0.0,3.0,0.0,0.0,3.0,0.0,10.2,0.0,0.0,0.0,9.295,0.0,0.0,27.130438674,0.9488716684,1.6340104175,0.0,9.0,8.0,0.0
13103,0.0,0.0,0.0,0.0,0.0,0.0,0.0,113.0,56.0,5.0,70.4,158.6,0.0,15,6.0,0.9943181818000001,78.0,66.0,157.0,64.0,0.0,7.0,45.0,5.0,0.0,2.43,9.6,0.0,0.0,0.0,20.813000000000002,0.0,0.0,27.987640912,0.9487507209,1.6328594593999999,0.0,9.0,0.0,0.0
13103,0.0,0.0,0.0,0.0,0.0,0.0,0.0,121.0,64.0,3.0,73.9,158.5,0.0,16,6.0,0.0,0.0,0.0,0.0,0.0,0.0,5.0,45.0,3.0,0.0,2.43,8.0,0.0,0.0,4.0,31.203000000000003,0.0,0.0,29.416155001999996,0.9557356704000001,1.7032106241,0.0,9.0,0.0,0.0
13103,0.0,0.0,0.0,0.0,0.0,0.0,0.0,97.0,57.0,0.0,74.0,158.0,0.0,17,8.0,1.4189189188999998,81.0,63.0,0.0,103.0,0.0,5.0,45.0,0.0,0.0,2.73,8.1,0.0,0.0,4.0,44.282,0.0,0.0,29.642685467,0.9504173394,1.6489136744,0.0,9.0,0.0,0.0
