PtID,Pt_CGMUseNumDays,Pt_FatherT1D,Pt_MotherT1D,Pt_SiblingT1D,Pt_ChildT1D,Pt_GrandchildT1D,Pt_GrandparentT1D,BldPrSys,BldPrDia,SMBGperDayPtMeterCombo,WeightKg,HeightCm,DirectLDL,age,diabDur,TotalDailyInsPerKg,LDL,HDL,TotChol,Triglyc,BUN,AlbCreatRat_mggNew,UnitsInsBasalOrLongAct,BGTestAvgNumMeter,BGTestAvgNumPtRep,TSH,HbA1c,AutonomicNeuroCl,Pt_InsGov,NumPumpBolusOrShortAct,HbA1cImputeDtMnC,Pt_SHFlg,Pt_DKAFlg,bmi,bmiPerc,bmiZscore,GFR,diagAgeCombo,Pt_A1cGoalLev,Pt_A1cGoalLevelDsYr5
1316,6.0,0.0,0.0,0.0,0.0,0.0,0.0,108.0,66.0,5.0,0.0,0.0,0.0,60,55.0,0.0,72.0,38.0,125.0,75.0,20.0,22.5,0.0,5.0,6.0,0.0,7.8,1.0,0.0,5.0,0.266,0.0,0.0,0.0,0.0,0.0,0.0,5.0,0.0,0.0
1316,0.0,0.0,0.0,0.0,0.0,0.0,0.0,142.0,71.0,4.0,74.38914868,172.72,0.0,62,56.0,0.497384372,79.0,40.0,136.0,84.0,20.0,21.8,0.0,4.0,6.0,0.0,8.2,1.0,0.0,7.0,18.622,0.0,0.0,24.935858793,0.0,-0.7556573329999999,0.0,5.0,7.0,0.0
1316,0.0,0.0,0.0,0.0,0.0,0.0,0.0,122.0,66.0,5.0,71.21400209,170.18,0.0,64,59.0,0.3510545576,85.0,51.0,155.0,94.0,18.0,25.9,17.0,5.0,0.0,0.0,6.9,1.0,0.0,8.0,48.663999999999994,0.0,0.0,24.589423926,0.0,-0.8216958609999999,79.0,5.0,0.0,0.0
1316,0.0,0.0,0.0,0.0,0.0,0.0,0.0,130.0,72.0,4.0,72.12118683,170.18,0.0,66,60.0,0.3882354303,54.0,56.0,119.0,44.0,19.0,25.9,17.0,4.0,0.0,1.65,6.6,1.0,0.0,7.0,63.967,0.0,0.0,24.902664995,0.0,-0.761984842,82.0,5.0,0.0,0.0
1316,30.0,0.0,0.0,0.0,0.0,0.0,0.0,134.0,73.0,7.0,71.66759446,170.18,0.0,67,61.0,0.3906926165,57.0,52.0,115.0,32.0,13.0,25.9,15.0,7.0,4.0,0.0,7.4,1.0,1.0,4.0,77.079,0.0,0.0,24.74604446,0.0,-0.7918403509999999,95.0,5.0,0.0,0.0
