PtID,Pt_CGMUseNumDays,Pt_FatherT1D,Pt_MotherT1D,Pt_SiblingT1D,Pt_ChildT1D,Pt_GrandchildT1D,Pt_GrandparentT1D,BldPrSys,BldPrDia,SMBGperDayPtMeterCombo,WeightKg,HeightCm,DirectLDL,age,diabDur,TotalDailyInsPerKg,LDL,HDL,TotChol,Triglyc,BUN,AlbCreatRat_mggNew,UnitsInsBasalOrLongAct,BGTestAvgNumMeter,BGTestAvgNumPtRep,TSH,HbA1c,AutonomicNeuroCl,Pt_InsGov,NumPumpBolusOrShortAct,HbA1cImputeDtMnC,Pt_SHFlg,Pt_DKAFlg,bmi,bmiPerc,bmiZscore,GFR,diagAgeCombo,Pt_A1cGoalLev,Pt_A1cGoalLevelDsYr5
13176,30.0,0.0,0.0,0.0,0.0,0.0,0.0,134.0,77.0,4.0,0.0,0.0,0.0,44,15.0,0.0,73.0,90.0,181.0,90.0,16.0,0.0,0.0,0.0,4.0,0.0,8.4,0.0,0.0,3.0,0.0,0.0,0.0,0.0,0.0,0.0,0.0,29.0,0.0,0.0
13176,30.0,0.0,0.0,0.0,0.0,0.0,0.0,135.0,79.0,4.0,67.6,164.5,0.0,45,16.0,0.4289940828,61.0,80.0,162.0,104.0,13.0,9.2,0.0,0.0,4.0,0.0,7.3,0.0,0.0,0.0,11.585,0.0,0.0,24.981291746999997,0.0,-0.323305206,0.0,29.0,5.9,0.0
13176,0.0,0.0,0.0,0.0,0.0,0.0,0.0,132.0,78.0,0.0,73.4,164.6,0.0,46,17.0,0.0,79.0,82.0,0.0,63.0,13.0,0.0,16.0,0.0,0.0,1.58,7.6,0.0,0.0,0.0,24.133000000000003,0.0,0.0,27.091708756,0.0,-0.134754829,0.0,29.0,0.0,0.0
13176,0.0,0.0,0.0,0.0,0.0,0.0,0.0,143.0,74.0,9.0,76.3,162.6,0.0,47,18.0,0.5766710354,68.0,82.0,179.0,143.0,15.0,9.6,19.0,9.0,0.0,1.59,7.6,0.0,0.0,4.0,35.552,0.0,0.0,28.85914468,0.0,0.0231526883,0.0,29.0,0.0,0.0
13176,0.0,0.0,0.0,0.0,0.0,0.0,0.0,138.0,81.0,8.0,0.0,0.0,0.0,48,19.0,0.0,0.0,0.0,0.0,0.0,0.0,9.4,19.0,8.0,0.0,0.0,8.3,0.0,0.0,8.0,46.008,0.0,0.0,0.0,0.0,0.0,0.0,29.0,0.0,0.0
13176,0.0,0.0,0.0,0.0,0.0,0.0,0.0,134.0,76.0,2.0,84.4,162.6,0.0,49,20.0,0.6872037915000001,58.0,92.0,162.0,58.0,16.0,0.0,23.0,2.0,0.0,1.56,8.7,0.0,0.0,9.0,59.718,0.0,0.0,31.922828453,0.0,0.296870503,0.0,29.0,0.0,0.0
13176,30.0,0.0,0.0,0.0,0.0,0.0,0.0,150.0,81.0,6.0,84.3,162.6,0.0,50,20.0,0.6287069988,85.0,80.0,192.0,132.0,0.0,0.0,22.0,6.0,6.0,0.0,8.8,0.0,0.0,7.0,66.191,0.0,0.0,31.885005196999998,0.0,0.2761158891,0.0,29.0,0.0,0.0
