PtID,Pt_CGMUseNumDays,Pt_FatherT1D,Pt_MotherT1D,Pt_SiblingT1D,Pt_ChildT1D,Pt_GrandchildT1D,Pt_GrandparentT1D,BldPrSys,BldPrDia,SMBGperDayPtMeterCombo,WeightKg,HeightCm,DirectLDL,age,diabDur,TotalDailyInsPerKg,LDL,HDL,TotChol,Triglyc,BUN,AlbCreatRat_mggNew,UnitsInsBasalOrLongAct,BGTestAvgNumMeter,BGTestAvgNumPtRep,TSH,HbA1c,AutonomicNeuroCl,Pt_InsGov,NumPumpBolusOrShortAct,HbA1cImputeDtMnC,Pt_SHFlg,Pt_DKAFlg,bmi,bmiPerc,bmiZscore,GFR,diagAgeCombo,Pt_A1cGoalLev,Pt_A1cGoalLevelDsYr5
13203,0.0,0.0,1.0,0.0,0.0,0.0,0.0,102.0,64.0,6.0,36.5,149.0,0.0,11,0.0,0.6301369863,0.0,0.0,0.0,0.0,22.0,0.0,0.0,0.0,6.0,0.0,9.2,0.0,0.0,0.0,0.0,0.0,0.0,16.440700869,0.3569663016,-0.36657963200000004,0.0,11.0,0.0,0.0
13203,0.0,0.0,1.0,0.0,0.0,0.0,0.0,119.0,76.0,4.0,41.1,155.0,0.0,12,0.0,0.0,73.0,75.0,158.0,49.0,0.0,10.2,0.0,0.0,4.0,0.0,6.9,0.0,0.0,0.0,11.32,0.0,0.0,17.107180020999998,0.3774680656,-0.312137365,0.0,11.0,0.0,0.0
13203,0.0,0.0,0.0,0.0,0.0,0.0,0.0,98.0,77.0,0.0,54.0,167.2,0.0,13,2.0,0.0,0.0,0.0,159.0,0.0,0.0,19.6,0.0,0.0,0.0,3.3,0.0,0.0,0.0,0.0,0.0,0.0,0.0,19.316178659000002,0.628090658,0.3268006287,0.0,11.0,0.0,0.0
13203,0.0,0.0,0.0,0.0,0.0,0.0,0.0,131.0,80.0,0.0,63.3,174.4,0.0,15,3.0,0.868878357,75.0,51.0,135.0,43.0,0.0,19.6,24.0,0.0,0.0,2.136,8.6,0.0,0.0,0.0,39.402,0.0,0.0,20.811852959,0.6331923052,0.3403202227,0.0,11.0,0.0,0.0
13203,0.0,0.0,0.0,0.0,0.0,0.0,0.0,108.0,65.0,0.0,65.5,177.1,0.0,16,4.0,0.0,0.0,0.0,143.0,0.0,0.0,25.2,0.0,0.0,0.0,2.168,0.0,0.0,0.0,0.0,0.0,0.0,0.0,20.883542844,0.5499214821,0.125462974,0.0,11.0,0.0,0.0
13203,0.0,0.0,0.0,0.0,0.0,0.0,0.0,132.0,65.0,4.0,71.9,180.6,0.0,17,5.0,0.0,88.0,62.0,164.0,69.0,0.0,6.1,0.0,0.0,4.0,1.98,9.4,0.0,0.0,0.0,68.946,0.0,0.0,22.044152076,0.6093832756,0.2777119991,0.0,11.0,0.0,0.0
