PtID,Pt_CGMUseNumDays,Pt_FatherT1D,Pt_MotherT1D,Pt_SiblingT1D,Pt_ChildT1D,Pt_GrandchildT1D,Pt_GrandparentT1D,BldPrSys,BldPrDia,SMBGperDayPtMeterCombo,WeightKg,HeightCm,DirectLDL,age,diabDur,TotalDailyInsPerKg,LDL,HDL,TotChol,Triglyc,BUN,AlbCreatRat_mggNew,UnitsInsBasalOrLongAct,BGTestAvgNumMeter,BGTestAvgNumPtRep,TSH,HbA1c,AutonomicNeuroCl,Pt_InsGov,NumPumpBolusOrShortAct,HbA1cImputeDtMnC,Pt_SHFlg,Pt_DKAFlg,bmi,bmiPerc,bmiZscore,GFR,diagAgeCombo,Pt_A1cGoalLev,Pt_A1cGoalLevelDsYr5
13209,0.0,0.0,0.0,1.0,0.0,1.0,1.0,120.0,70.0,5.0,112.94450013,175.26,0.0,64,22.0,0.6817507706,55.0,33.0,0.0,96.0,17.0,13.2,0.0,5.0,6.0,0.0,6.4,0.0,1.0,31.0,0.0,0.0,0.0,36.770494713000005,0.0,1.5002989894999998,0.0,42.0,0.0,0.0
13209,0.0,0.0,0.0,0.0,0.0,0.0,0.0,122.0,70.0,6.0,108.8621688,170.18,0.0,68,26.0,0.6430149314,65.0,51.0,0.0,53.0,20.0,2.7,37.0,6.0,0.0,4.71,6.5,0.0,0.0,7.0,44.813,0.0,0.0,37.588928294,0.0,1.6563114283000002,0.0,42.0,0.0,0.0
13209,0.0,0.0,0.0,0.0,0.0,0.0,0.0,122.0,84.0,7.0,112.49090776,170.18,0.0,69,27.0,0.720058195,61.0,62.0,136.0,66.0,24.0,3.0,37.0,7.0,0.0,27.47,6.1,0.0,0.0,8.0,56.531000000000006,0.0,0.0,38.841892571,0.0,1.8951555043000001,66.0,42.0,0.0,0.0
13209,0.0,0.0,0.0,0.0,0.0,0.0,0.0,119.0,72.0,7.0,111.13013065,170.18,0.0,70,28.0,0.8242589068,63.0,55.0,126.0,40.0,23.0,5.6,33.2,7.0,0.0,1.66,6.4,0.0,0.0,8.0,71.535,0.0,0.0,38.372030967,0.0,2.6253637454,79.0,42.0,0.0,0.0
