PtID,Pt_CGMUseNumDays,Pt_FatherT1D,Pt_MotherT1D,Pt_SiblingT1D,Pt_ChildT1D,Pt_GrandchildT1D,Pt_GrandparentT1D,BldPrSys,BldPrDia,SMBGperDayPtMeterCombo,WeightKg,HeightCm,DirectLDL,age,diabDur,TotalDailyInsPerKg,LDL,HDL,TotChol,Triglyc,BUN,AlbCreatRat_mggNew,UnitsInsBasalOrLongAct,BGTestAvgNumMeter,BGTestAvgNumPtRep,TSH,HbA1c,AutonomicNeuroCl,Pt_InsGov,NumPumpBolusOrShortAct,HbA1cImputeDtMnC,Pt_SHFlg,Pt_DKAFlg,bmi,bmiPerc,bmiZscore,GFR,diagAgeCombo,Pt_A1cGoalLev,Pt_A1cGoalLevelDsYr5
13233,0.0,0.0,1.0,0.0,0.0,0.0,0.0,109.0,76.0,5.0,28.9,132.7,0.0,7,0.0,1.1418685120999998,0.0,0.0,0.0,0.0,14.0,0.0,0.0,5.0,4.0,0.0,9.1,0.0,0.0,0.0,0.0,0.0,0.0,16.41179173,0.7028355473000001,0.5325734203,0.0,7.0,0.0,0.0
13233,0.0,0.0,1.0,0.0,0.0,0.0,0.0,114.0,64.0,3.0,36.0,137.9,0.0,8,0.0,0.0,0.0,0.0,0.0,0.0,0.0,0.0,0.0,3.0,5.0,0.0,7.6,0.0,0.0,0.0,10.224,0.0,0.0,18.931017999999998,0.8906794607999999,1.2301496286,0.0,7.0,7.5,0.0
13233,0.0,0.0,0.0,0.0,0.0,0.0,0.0,118.0,65.0,4.0,39.6,145.7,0.0,9,2.0,0.9848484848000001,64.0,42.0,114.0,42.0,0.0,12.1,3.0,4.0,0.0,3.11,8.6,0.0,0.0,13.0,23.469,0.0,0.0,18.654176534,0.8186826314,0.9103561081999999,0.0,7.0,0.0,0.0
13233,0.0,0.0,0.0,0.0,0.0,0.0,0.0,115.0,68.0,3.0,44.8,150.6,0.0,10,3.0,0.3571428571,0.0,0.0,0.0,0.0,0.0,12.1,0.0,3.0,0.0,4.69,7.8,0.0,0.0,0.0,35.552,0.0,0.0,19.752772884000002,0.8380178836,0.9863442084999999,0.0,7.0,0.0,0.0
13233,0.0,0.0,0.0,0.0,0.0,0.0,0.0,105.0,61.0,3.0,48.0,155.0,0.0,11,3.0,1.0,0.0,0.0,0.0,0.0,0.0,12.1,20.0,3.0,0.0,3.85,8.2,0.0,0.0,8.0,45.776,0.0,0.0,19.979188345,0.7953247501999999,0.8250371503,0.0,7.0,0.0,0.0
13233,0.0,0.0,0.0,0.0,0.0,0.0,0.0,103.0,69.0,2.0,57.0,163.5,0.0,12,5.0,0.8947368420999999,0.0,0.0,0.0,0.0,0.0,12.1,26.0,2.0,0.0,2.97,9.5,0.0,0.0,6.0,63.43600000000001,0.0,0.0,21.322559829,0.8292044214000001,0.95102604,0.0,7.0,0.0,0.0
