PtID,Pt_CGMUseNumDays,Pt_FatherT1D,Pt_MotherT1D,Pt_SiblingT1D,Pt_ChildT1D,Pt_GrandchildT1D,Pt_GrandparentT1D,BldPrSys,BldPrDia,SMBGperDayPtMeterCombo,WeightKg,HeightCm,DirectLDL,age,diabDur,TotalDailyInsPerKg,LDL,HDL,TotChol,Triglyc,BUN,AlbCreatRat_mggNew,UnitsInsBasalOrLongAct,BGTestAvgNumMeter,BGTestAvgNumPtRep,TSH,HbA1c,AutonomicNeuroCl,Pt_InsGov,NumPumpBolusOrShortAct,HbA1cImputeDtMnC,Pt_SHFlg,Pt_DKAFlg,bmi,bmiPerc,bmiZscore,GFR,diagAgeCombo,Pt_A1cGoalLev,Pt_A1cGoalLevelDsYr5
13235,0.0,0.0,0.0,0.0,0.0,0.0,0.0,104.0,55.0,6.0,63.6,160.2,0.0,13,7.0,0.9748427673000001,115.0,66.0,0.0,66.0,12.0,4.0,0.0,0.0,6.0,0.0,7.5,0.0,0.0,0.0,0.033,0.0,0.0,24.781756886,0.9244053278000001,1.4353431257,0.0,6.0,0.0,0.0
13235,0.0,0.0,0.0,0.0,0.0,0.0,0.0,117.0,74.0,10.0,69.2,161.4,0.0,15,9.0,1.2716763006,134.0,63.0,0.0,124.0,14.0,3.0,0.0,0.0,10.0,0.0,8.4,0.0,0.0,0.0,16.863,0.0,0.0,26.564340214,0.9264474134,1.4498327187,0.0,6.0,7.0,0.0
13235,0.0,0.0,0.0,0.0,0.0,0.0,0.0,106.0,59.0,0.0,70.5,161.8,0.0,15,9.0,0.0,127.0,54.0,0.0,124.0,14.0,3.0,27.0,0.0,0.0,3.34,7.8,0.0,0.0,0.0,23.369,0.0,0.0,26.929735164,0.933144855,1.4996299308,0.0,6.0,0.0,0.0
13235,0.0,0.0,0.0,0.0,0.0,0.0,0.0,121.0,72.0,8.0,75.5,161.8,0.0,16,10.0,0.0,120.0,55.0,0.0,100.0,13.0,7.9,30.0,0.0,8.0,3.0,8.2,0.0,0.0,0.0,35.485,0.0,0.0,28.83964546,0.9495509637999999,1.6405152876,0.0,6.0,0.0,0.0
13235,0.0,0.0,0.0,0.0,0.0,0.0,0.0,128.0,68.0,7.0,77.0,162.8,0.0,17,11.0,0.0,136.0,59.0,215.0,100.0,11.0,7.9,22.0,7.0,0.0,2.21,7.1,0.0,0.0,0.0,47.668,0.0,0.0,29.052393917,0.9434863175,1.5847314419,0.0,6.0,0.0,0.0
13235,0.0,0.0,0.0,0.0,0.0,0.0,0.0,110.0,68.0,7.0,72.7,160.8,0.0,18,12.0,0.0,0.0,0.0,0.0,0.0,0.0,7.9,28.0,7.0,7.0,0.0,7.6,0.0,0.0,0.0,59.718,0.0,0.0,28.116568896999997,0.9192212776,1.3998526599,0.0,6.0,0.0,0.0
13235,0.0,0.0,0.0,0.0,0.0,0.0,0.0,117.0,65.0,7.0,71.6,162.8,0.0,19,13.0,0.0,161.0,44.0,0.0,144.0,12.0,7.9,30.0,0.0,7.0,2.34,7.0,0.0,0.0,0.0,68.813,0.0,0.0,27.014953305,0.8811845133,1.1809288902,89.0,6.0,0.0,0.0
