PtID,Pt_CGMUseNumDays,Pt_FatherT1D,Pt_MotherT1D,Pt_SiblingT1D,Pt_ChildT1D,Pt_GrandchildT1D,Pt_GrandparentT1D,BldPrSys,BldPrDia,SMBGperDayPtMeterCombo,WeightKg,HeightCm,DirectLDL,age,diabDur,TotalDailyInsPerKg,LDL,HDL,TotChol,Triglyc,BUN,AlbCreatRat_mggNew,UnitsInsBasalOrLongAct,BGTestAvgNumMeter,BGTestAvgNumPtRep,TSH,HbA1c,AutonomicNeuroCl,Pt_InsGov,NumPumpBolusOrShortAct,HbA1cImputeDtMnC,Pt_SHFlg,Pt_DKAFlg,bmi,bmiPerc,bmiZscore,GFR,diagAgeCombo,Pt_A1cGoalLev,Pt_A1cGoalLevelDsYr5
13244,30.0,0.0,0.0,0.0,0.0,0.0,0.0,113.0,62.0,9.0,28.8,133.8,0.0,9,0.0,0.9375,0.0,0.0,0.0,0.0,14.0,0.0,0.0,9.0,3.0,0.0,7.1,0.0,0.0,4.0,-0.299,0.0,0.0,16.087192584,0.486149228,-0.034725715,0.0,8.0,0.0,0.0
13244,30.0,1.0,0.0,0.0,0.0,0.0,0.0,127.0,70.0,9.0,33.0,138.3,0.0,10,1.0,0.0,0.0,0.0,0.0,0.0,13.0,0.0,0.0,9.0,3.0,0.0,6.8,0.0,1.0,0.0,10.456,0.0,0.0,17.253196939000002,0.6157721286,0.2943954506,0.0,8.0,6.5,0.0
13244,0.0,0.0,0.0,0.0,0.0,0.0,0.0,125.0,70.0,10.0,33.5,141.9,0.0,11,2.0,0.7761194029999999,0.0,0.0,0.0,0.0,0.0,3.0,12.0,10.0,0.0,3.08,7.5,0.0,0.0,0.0,20.215999999999998,0.0,0.0,16.637191523,0.3962929336,-0.262954217,0.0,8.0,0.0,0.0
13244,0.0,0.0,0.0,0.0,0.0,0.0,0.0,123.0,74.0,7.0,36.3,145.7,0.0,12,3.0,0.9366391184999999,0.0,0.0,0.0,0.0,0.0,3.0,14.0,7.0,0.0,0.0,9.2,0.0,0.0,0.0,30.44,0.0,0.0,17.099661822,0.3760674921,-0.315825471,0.0,8.0,0.0,0.0
13244,0.0,0.0,0.0,0.0,0.0,0.0,0.0,120.0,74.0,10.0,41.2,152.6,0.0,12,4.0,1.4077669903,74.0,58.0,145.0,65.0,11.0,3.0,19.0,10.0,0.0,5.27,8.8,0.0,0.0,0.0,40.066,0.0,0.0,17.692457000999998,0.4835017742,-0.041366714,0.0,8.0,0.0,0.0
13244,0.0,0.0,0.0,0.0,0.0,0.0,0.0,118.0,68.0,5.0,47.4,162.9,0.0,14,5.0,1.1181434599,64.0,41.0,131.0,128.0,0.0,12.9,27.0,5.0,0.0,3.51,9.3,0.0,0.0,0.0,55.27,0.0,0.0,17.862250395,0.2920943989,-0.547276483,0.0,8.0,0.0,0.0
13244,0.0,0.0,0.0,0.0,0.0,0.0,0.0,134.0,66.0,6.0,51.7,165.2,0.0,14,6.0,1.2572533849,48.0,44.0,104.0,60.0,0.0,12.9,29.0,6.0,3.0,4.93,7.0,0.0,0.0,0.0,62.739,0.0,0.0,18.943946438,0.47109081340000003,-0.072528121,0.0,8.0,0.0,0.0
