PtID,Pt_CGMUseNumDays,Pt_FatherT1D,Pt_MotherT1D,Pt_SiblingT1D,Pt_ChildT1D,Pt_GrandchildT1D,Pt_GrandparentT1D,BldPrSys,BldPrDia,SMBGperDayPtMeterCombo,WeightKg,HeightCm,DirectLDL,age,diabDur,TotalDailyInsPerKg,LDL,HDL,TotChol,Triglyc,BUN,AlbCreatRat_mggNew,UnitsInsBasalOrLongAct,BGTestAvgNumMeter,BGTestAvgNumPtRep,TSH,HbA1c,AutonomicNeuroCl,Pt_InsGov,NumPumpBolusOrShortAct,HbA1cImputeDtMnC,Pt_SHFlg,Pt_DKAFlg,bmi,bmiPerc,bmiZscore,GFR,diagAgeCombo,Pt_A1cGoalLev,Pt_A1cGoalLevelDsYr5
13279,0.0,0.0,0.0,0.0,0.0,0.0,0.0,100.0,48.0,5.0,39.0,149.8,0.0,12,2.0,0.8974358974,97.0,65.0,0.0,83.0,18.0,0.0,0.0,0.0,5.0,0.0,0.0,0.0,0.0,0.0,0.0,0.0,0.0,17.379648165,0.4277265851,-0.182165088,0.0,9.0,0.0,0.0
13279,0.0,0.0,0.0,0.0,0.0,0.0,0.0,119.0,74.0,7.0,43.09127515,154.94,0.0,12,3.0,1.0442949261,97.0,66.0,0.0,112.0,0.0,0.0,0.0,0.0,7.0,0.0,9.5,0.0,0.0,0.0,10.224,0.0,0.0,17.949908644,0.5271987437,0.068230042,0.0,9.0,7.5,0.0
13279,0.0,0.0,0.0,0.0,0.0,0.0,0.0,119.0,63.0,4.0,52.16312255,165.1,0.0,14,4.0,0.0,87.0,60.0,0.0,106.0,16.0,0.0,0.0,4.0,0.0,3.83,8.4,0.0,0.0,0.0,24.796999999999997,0.0,0.0,19.136805126,0.5012581982,0.0031538405,0.0,9.0,0.0,0.0
13279,0.0,0.0,0.0,0.0,0.0,0.0,0.0,103.0,69.0,7.0,59.42060047,172.72,0.0,15,5.0,0.0,85.0,59.0,0.0,95.0,15.0,0.0,0.0,7.0,0.0,2.49,8.9,0.0,0.0,0.0,35.983000000000004,0.0,0.0,19.918277450999998,0.5132856806,0.0333084206,0.0,9.0,0.0,0.0
13279,0.0,0.0,0.0,0.0,0.0,0.0,0.0,138.0,68.0,4.0,67.13167076,172.72,0.0,15,6.0,0.0,0.0,0.0,0.0,0.0,0.0,31.2,0.0,4.0,0.0,2.22,7.7,0.0,0.0,0.0,45.577,0.0,0.0,22.503092082,0.7940340064,0.8204984944,0.0,9.0,0.0,0.0
13279,0.0,0.0,0.0,0.0,0.0,0.0,0.0,116.0,73.0,4.0,70.3,176.2,0.0,16,7.0,0.7823613087000001,0.0,0.0,0.0,0.0,0.0,2.5,31.0,4.0,0.0,2.37,7.6,0.0,0.0,0.0,58.357,0.0,0.0,22.643497934000003,0.7459779767,0.6618863715,0.0,9.0,0.0,0.0
