PtID,Pt_CGMUseNumDays,Pt_FatherT1D,Pt_MotherT1D,Pt_SiblingT1D,Pt_ChildT1D,Pt_GrandchildT1D,Pt_GrandparentT1D,BldPrSys,BldPrDia,SMBGperDayPtMeterCombo,WeightKg,HeightCm,DirectLDL,age,diabDur,TotalDailyInsPerKg,LDL,HDL,TotChol,Triglyc,BUN,AlbCreatRat_mggNew,UnitsInsBasalOrLongAct,BGTestAvgNumMeter,BGTestAvgNumPtRep,TSH,HbA1c,AutonomicNeuroCl,Pt_InsGov,NumPumpBolusOrShortAct,HbA1cImputeDtMnC,Pt_SHFlg,Pt_DKAFlg,bmi,bmiPerc,bmiZscore,GFR,diagAgeCombo,Pt_A1cGoalLev,Pt_A1cGoalLevelDsYr5
13289,0.0,0.0,0.0,0.0,0.0,0.0,0.0,113.0,71.0,0.0,25.9,123.1,0.0,6,1.0,0.0,76.0,73.0,167.0,90.0,0.0,8.0,0.0,0.0,0.0,0.0,7.7,0.0,0.0,0.0,-0.033,0.0,0.0,17.09163691,0.8603565940000001,1.0819228468000002,0.0,4.0,0.0,0.0
13289,0.0,0.0,0.0,0.0,0.0,0.0,0.0,111.0,65.0,7.0,31.5,132.6,0.0,8,3.0,0.34920634920000004,113.0,78.0,204.0,64.0,0.0,13.0,0.0,0.0,7.0,0.0,8.4,0.0,0.0,0.0,21.212,0.0,0.0,17.915276100000003,0.8487436192,1.0310598345,0.0,4.0,7.5,0.0
13289,0.0,0.0,0.0,0.0,0.0,0.0,0.0,121.0,59.0,5.0,37.9,138.1,0.0,9,4.0,0.9498680739,0.0,0.0,0.0,0.0,0.0,16.0,12.0,0.0,5.0,0.0,6.7,0.0,0.0,0.0,33.062,0.0,0.0,19.872470127,0.9177007954,1.3897710582,0.0,4.0,0.0,0.0
13289,0.0,0.0,0.0,0.0,0.0,0.0,0.0,110.0,70.0,5.0,41.1,142.5,0.0,10,5.0,0.802919708,121.0,90.0,222.0,53.0,0.0,20.0,11.0,0.0,5.0,2.73,7.7,0.0,0.0,0.0,43.286,0.0,0.0,20.240073869,0.8972272931999999,1.2659096989,0.0,4.0,0.0,0.0
13289,0.0,0.0,0.0,0.0,0.0,0.0,0.0,121.0,64.0,5.0,44.2,151.2,0.0,11,7.0,0.814479638,78.0,72.0,179.0,146.0,0.0,17.1,13.0,5.0,6.0,4.19,8.2,0.0,0.0,0.0,61.809,0.0,0.0,19.333865233,0.7896675693999999,0.8052683162000001,0.0,4.0,0.0,0.0
13289,0.0,0.0,0.0,0.0,0.0,0.0,0.0,0.0,0.0,0.0,0.0,0.0,0.0,12,7.0,0.0,92.0,74.0,183.0,83.0,0.0,17.6,35.4,0.0,0.0,4.54,9.4,0.0,0.0,0.0,71.801,0.0,0.0,0.0,0.0,0.0,0.0,4.0,0.0,0.0
