PtID,Pt_CGMUseNumDays,Pt_FatherT1D,Pt_MotherT1D,Pt_SiblingT1D,Pt_ChildT1D,Pt_GrandchildT1D,Pt_GrandparentT1D,BldPrSys,BldPrDia,SMBGperDayPtMeterCombo,WeightKg,HeightCm,DirectLDL,age,diabDur,TotalDailyInsPerKg,LDL,HDL,TotChol,Triglyc,BUN,AlbCreatRat_mggNew,UnitsInsBasalOrLongAct,BGTestAvgNumMeter,BGTestAvgNumPtRep,TSH,HbA1c,AutonomicNeuroCl,Pt_InsGov,NumPumpBolusOrShortAct,HbA1cImputeDtMnC,Pt_SHFlg,Pt_DKAFlg,bmi,bmiPerc,bmiZscore,GFR,diagAgeCombo,Pt_A1cGoalLev,Pt_A1cGoalLevelDsYr5
1330,0.0,0.0,0.0,0.0,0.0,0.0,1.0,0.0,0.0,4.0,29.0,133.3,0.0,9,0.0,0.0,0.0,0.0,0.0,0.0,0.0,0.0,0.0,0.0,4.0,0.0,6.9,0.0,1.0,0.0,0.0,0.0,0.0,16.32065931,0.5069226642,0.0173534168,0.0,9.0,0.0,0.0
1330,0.0,0.0,0.0,0.0,0.0,0.0,0.0,102.0,73.0,0.0,27.8,136.5,0.0,9,0.0,0.0,0.0,0.0,0.0,0.0,0.0,0.0,0.0,0.0,0.0,0.0,8.2,0.0,0.0,0.0,10.324000000000002,0.0,0.0,14.920366569,0.2230498477,-0.7619334990000001,0.0,9.0,0.0,0.0
1330,0.0,0.0,0.0,0.0,0.0,0.0,0.0,119.0,64.0,6.0,38.1,144.5,0.0,11,2.0,0.0,0.0,0.0,0.0,0.0,0.0,16.0,14.0,0.0,6.0,1.44,6.7,0.0,0.0,0.0,25.427,0.0,0.0,18.246907962999998,0.6177629279,0.2996106702,0.0,9.0,0.0,0.0
1330,0.0,0.0,0.0,0.0,0.0,0.0,0.0,101.0,60.0,0.0,41.0,154.0,0.0,12,3.0,0.0,0.0,0.0,0.0,0.0,0.0,16.0,13.0,0.0,0.0,1.12,6.5,0.0,0.0,0.0,39.27,0.0,0.0,17.287906898,0.3767679079,-0.313980544,0.0,9.0,0.0,0.0
1330,0.0,0.0,0.0,0.0,0.0,0.0,0.0,133.0,70.0,4.0,46.0,158.6,0.0,13,4.0,1.0434782609,111.0,65.0,194.0,89.0,0.0,5.0,16.0,4.0,0.0,1.16,7.9,0.0,0.0,0.0,49.958999999999996,0.0,0.0,18.287379005,0.43834285170000004,-0.15517202300000002,0.0,9.0,0.0,0.0
1330,0.0,0.0,0.0,0.0,0.0,0.0,0.0,140.0,72.0,4.0,50.8,162.9,0.0,14,5.0,0.8267716534999999,112.0,55.0,181.0,71.0,0.0,7.0,25.0,4.0,0.0,1.09,7.9,0.0,0.0,0.0,65.295,0.0,0.0,19.143508862,0.47454943549999995,-0.063838439,0.0,9.0,0.0,0.0
1330,0.0,0.0,0.0,0.0,0.0,0.0,0.0,116.0,78.0,3.0,54.1,153.4,0.0,15,6.0,0.7800369686,123.0,60.0,192.0,45.0,0.0,84.0,23.5,3.0,4.0,0.8,8.6,0.0,0.0,0.0,74.357,0.0,0.0,22.990400976,0.7964844472,0.8291295476,0.0,9.0,0.0,0.0
