PtID,Pt_CGMUseNumDays,Pt_FatherT1D,Pt_MotherT1D,Pt_SiblingT1D,Pt_ChildT1D,Pt_GrandchildT1D,Pt_GrandparentT1D,BldPrSys,BldPrDia,SMBGperDayPtMeterCombo,WeightKg,HeightCm,DirectLDL,age,diabDur,TotalDailyInsPerKg,LDL,HDL,TotChol,Triglyc,BUN,AlbCreatRat_mggNew,UnitsInsBasalOrLongAct,BGTestAvgNumMeter,BGTestAvgNumPtRep,TSH,HbA1c,AutonomicNeuroCl,Pt_InsGov,NumPumpBolusOrShortAct,HbA1cImputeDtMnC,Pt_SHFlg,Pt_DKAFlg,bmi,bmiPerc,bmiZscore,GFR,diagAgeCombo,Pt_A1cGoalLev,Pt_A1cGoalLevelDsYr5
13385,0.0,0.0,0.0,0.0,0.0,0.0,0.0,113.0,68.0,3.0,58.4,177.0,0.0,17,4.0,1.0273972603000001,125.0,43.0,204.0,180.0,10.0,8.2,0.0,0.0,3.0,0.0,10.8,0.0,0.0,0.0,0.0,0.0,0.0,18.640875866,0.1345100327,-1.1053220529999999,0.0,12.0,0.0,0.0
13385,0.0,0.0,0.0,0.0,0.0,0.0,0.0,0.0,0.0,2.0,59.42060047,176.53,0.0,18,5.0,0.5048754096,0.0,0.0,0.0,0.0,0.0,7.9,0.0,0.0,2.0,0.0,12.6,0.0,0.0,0.0,11.32,0.0,0.0,19.067773911,0.118655509,-1.181734617,0.0,12.0,0.0,0.0
13385,0.0,0.0,0.0,0.0,0.0,0.0,0.0,102.0,82.0,0.0,57.515512516,176.53,0.0,19,6.0,0.4868251846,62.0,35.0,0.0,106.0,12.0,7.9,0.0,0.0,0.0,1.17,14.0,0.0,0.0,0.0,23.668000000000003,0.0,0.0,18.456440701,0.0366009662,-1.791569625,138.0,12.0,0.0,0.0
13385,0.0,0.0,0.0,0.0,0.0,0.0,0.0,116.0,82.0,3.0,0.0,0.0,0.0,20,7.0,0.0,0.0,0.0,0.0,0.0,11.0,7.5,24.0,3.0,0.0,0.0,10.9,0.0,0.0,0.0,36.149,0.0,0.0,0.0,0.0,0.0,0.0,12.0,0.0,0.0
13385,0.0,0.0,0.0,0.0,0.0,0.0,0.0,112.0,82.0,1.0,0.0,0.0,0.0,20,8.0,0.0,70.0,35.0,133.0,139.0,0.0,7.5,20.0,1.0,0.0,2.46,10.6,0.0,0.0,0.0,44.979,0.0,0.0,0.0,0.0,0.0,0.0,12.0,0.0,0.0
