PtID,Pt_CGMUseNumDays,Pt_FatherT1D,Pt_MotherT1D,Pt_SiblingT1D,Pt_ChildT1D,Pt_GrandchildT1D,Pt_GrandparentT1D,BldPrSys,BldPrDia,SMBGperDayPtMeterCombo,WeightKg,HeightCm,DirectLDL,age,diabDur,TotalDailyInsPerKg,LDL,HDL,TotChol,Triglyc,BUN,AlbCreatRat_mggNew,UnitsInsBasalOrLongAct,BGTestAvgNumMeter,BGTestAvgNumPtRep,TSH,HbA1c,AutonomicNeuroCl,Pt_InsGov,NumPumpBolusOrShortAct,HbA1cImputeDtMnC,Pt_SHFlg,Pt_DKAFlg,bmi,bmiPerc,bmiZscore,GFR,diagAgeCombo,Pt_A1cGoalLev,Pt_A1cGoalLevelDsYr5
13398,0.0,0.0,0.0,0.0,0.0,0.0,0.0,145.0,75.0,4.0,59.0,156.8,0.0,16,5.0,0.5084745763,0.0,0.0,0.0,0.0,0.0,8.5,0.0,0.0,4.0,0.0,8.6,0.0,0.0,0.0,0.465,0.0,1.0,23.997162641,0.8196042298999999,0.9138578573,0.0,11.0,0.0,0.0
13398,0.0,0.0,0.0,0.0,0.0,0.0,0.0,126.0,92.0,3.0,56.3,158.0,1.0,18,6.0,0.0710479574,69.0,42.0,125.0,81.0,0.0,28.0,0.0,0.0,3.0,0.0,8.6,0.0,0.0,0.0,13.71,1.0,1.0,22.552475565,0.6459090106,0.3742988619,0.0,11.0,7.7,0.0
13398,0.0,0.0,0.0,0.0,0.0,0.0,0.0,122.0,82.0,0.0,53.2,158.0,1.0,18,7.0,0.0,87.0,58.0,161.0,83.0,13.0,15.0,35.0,0.0,0.0,0.0,0.0,0.0,0.0,0.0,0.0,0.0,0.0,21.31068739,0.5062246295,0.0156034656,0.0,11.0,0.0,0.0
13398,0.0,0.0,0.0,0.0,0.0,0.0,0.0,126.0,73.0,3.0,55.2,157.2,1.0,19,8.0,0.0,42.0,50.0,103.0,54.0,0.0,15.0,28.0,0.0,3.0,0.0,11.0,0.0,0.0,0.0,36.846,0.0,0.0,22.337470620999998,0.5925390608,0.2340812803,0.0,11.0,0.0,0.0
13398,0.0,0.0,0.0,0.0,0.0,0.0,0.0,0.0,0.0,2.0,0.0,0.0,1.0,20,9.0,0.0,42.0,50.0,103.0,54.0,8.0,0.0,35.0,2.0,0.0,1.9969999999999999,10.9,0.0,0.0,0.0,48.033,0.0,0.0,0.0,0.0,0.0,0.0,11.0,0.0,0.0
13398,0.0,0.0,0.0,0.0,0.0,0.0,0.0,123.0,77.0,0.0,56.7,157.5,0.0,21,10.0,0.0,0.0,0.0,0.0,0.0,10.0,0.0,27.0,0.0,0.0,1.735,12.7,0.0,0.0,0.0,58.091,0.0,0.0,22.857142857,0.0,-0.5316479820000001,0.0,11.0,0.0,0.0
13398,0.0,0.0,0.0,0.0,0.0,0.0,0.0,131.0,82.0,3.0,48.4,157.6,0.0,22,11.0,0.0,0.0,45.0,114.0,293.0,8.0,0.0,27.0,0.0,3.0,0.71,11.9,0.0,1.0,0.0,69.444,0.0,1.0,19.486459326,0.0,-0.986145072,0.0,11.0,0.0,0.0
13398,0.0,0.0,0.0,0.0,0.0,0.0,0.0,123.0,80.0,0.0,46.8,157.5,0.0,23,11.0,0.0,0.0,0.0,0.0,0.0,4.0,0.0,18.0,0.0,0.0,0.0,12.1,0.0,0.0,0.0,80.498,0.0,0.0,18.866213152,0.0,-1.069777985,0.0,11.0,0.0,0.0
