PtID,Pt_CGMUseNumDays,Pt_FatherT1D,Pt_MotherT1D,Pt_SiblingT1D,Pt_ChildT1D,Pt_GrandchildT1D,Pt_GrandparentT1D,BldPrSys,BldPrDia,SMBGperDayPtMeterCombo,WeightKg,HeightCm,DirectLDL,age,diabDur,TotalDailyInsPerKg,LDL,HDL,TotChol,Triglyc,BUN,AlbCreatRat_mggNew,UnitsInsBasalOrLongAct,BGTestAvgNumMeter,BGTestAvgNumPtRep,TSH,HbA1c,AutonomicNeuroCl,Pt_InsGov,NumPumpBolusOrShortAct,HbA1cImputeDtMnC,Pt_SHFlg,Pt_DKAFlg,bmi,bmiPerc,bmiZscore,GFR,diagAgeCombo,Pt_A1cGoalLev,Pt_A1cGoalLevelDsYr5
13399,0.0,0.0,0.0,1.0,0.0,0.0,0.0,131.0,71.0,0.0,77.0,173.0,0.0,16,13.0,1.012987013,0.0,0.0,131.0,0.0,12.0,1.9,0.0,0.0,0.0,0.0,8.8,0.0,0.0,0.0,0.0,0.0,0.0,25.727555214000002,0.9110332083,1.3471448578,0.0,3.0,0.0,0.0
13399,0.0,0.0,0.0,1.0,0.0,0.0,0.0,122.0,82.0,4.0,73.3,173.0,0.0,17,14.0,1.0095497954000001,0.0,0.0,109.0,0.0,0.0,3.4,0.0,0.0,4.0,0.0,8.8,0.0,0.0,0.0,12.05,0.0,0.0,24.491296066999997,0.8266524064,0.9410188737,0.0,3.0,7.0,0.0
13399,0.0,0.0,0.0,0.0,0.0,0.0,0.0,139.0,80.0,0.0,70.0,173.0,0.0,19,15.0,0.0,0.0,0.0,0.0,0.0,0.0,5.3,36.0,0.0,0.0,1.46,10.5,0.0,0.0,0.0,28.747,0.0,0.0,23.388686558000003,0.6138773951,0.2894393188,0.0,3.0,0.0,0.0
13399,0.0,0.0,0.0,0.0,0.0,0.0,0.0,135.0,77.0,0.0,68.4,172.3,0.0,20,16.0,0.0,80.0,32.0,130.0,88.0,0.0,5.3,38.0,0.0,0.0,3.86,10.9,0.0,0.0,0.0,39.236999999999995,0.0,0.0,23.040162979,0.5052882865999999,-0.7021606990000001,0.0,3.0,0.0,0.0
13399,0.0,0.0,0.0,0.0,0.0,0.0,0.0,145.0,84.0,3.0,71.8,173.1,0.0,20,17.0,0.0,0.0,0.0,117.0,0.0,13.0,0.0,36.0,0.0,3.0,2.27,12.4,0.0,0.0,0.0,48.299,0.0,0.0,23.962399724,0.6156325445,-0.520253945,0.0,3.0,0.0,0.0
13399,0.0,0.0,0.0,0.0,0.0,0.0,0.0,133.0,79.0,2.0,70.1,172.8,0.0,21,18.0,0.0,83.0,31.0,133.0,97.0,14.0,3.1,38.0,2.0,2.0,1.494,12.3,0.0,0.0,0.0,59.651,0.0,0.0,23.476348165,0.0,-0.616125273,0.0,3.0,0.0,0.0
13399,0.0,0.0,0.0,0.0,0.0,0.0,0.0,122.0,75.0,4.0,72.3,173.4,0.0,22,19.0,0.5117565698,88.0,32.0,139.0,94.0,9.0,5.1,33.0,4.0,0.0,2.293,9.4,0.0,0.0,0.0,72.664,0.0,0.0,24.045848749,0.0,-0.503794027,0.0,3.0,0.0,0.0
