PtID,Pt_CGMUseNumDays,Pt_FatherT1D,Pt_MotherT1D,Pt_SiblingT1D,Pt_ChildT1D,Pt_GrandchildT1D,Pt_GrandparentT1D,BldPrSys,BldPrDia,SMBGperDayPtMeterCombo,WeightKg,HeightCm,DirectLDL,age,diabDur,TotalDailyInsPerKg,LDL,HDL,TotChol,Triglyc,BUN,AlbCreatRat_mggNew,UnitsInsBasalOrLongAct,BGTestAvgNumMeter,BGTestAvgNumPtRep,TSH,HbA1c,AutonomicNeuroCl,Pt_InsGov,NumPumpBolusOrShortAct,HbA1cImputeDtMnC,Pt_SHFlg,Pt_DKAFlg,bmi,bmiPerc,bmiZscore,GFR,diagAgeCombo,Pt_A1cGoalLev,Pt_A1cGoalLevelDsYr5
13392,0.0,0.0,0.0,0.0,0.0,0.0,0.0,84.0,64.0,6.0,16.0,102.7,0.0,4,1.0,0.5,93.0,66.0,167.0,40.0,18.0,0.0,0.0,6.0,8.0,0.0,0.0,0.0,0.0,8.0,0.0,0.0,0.0,15.169773467999999,0.45271855920000004,-0.118795822,0.0,3.0,0.0,0.0
13392,0.0,0.0,0.0,0.0,0.0,0.0,0.0,100.0,58.0,2.0,18.2,109.2,0.0,5,2.0,0.7692307692,0.0,0.0,0.0,0.0,0.0,0.0,0.0,0.0,2.0,0.0,6.8,0.0,0.0,0.0,11.784,0.0,0.0,15.262515263,0.5335595735,0.084220835,0.0,3.0,0.0,0.0
13392,0.0,0.0,0.0,0.0,0.0,0.0,0.0,92.0,50.0,5.0,20.4,113.8,0.0,6,3.0,0.5882352941,0.0,0.0,0.0,0.0,10.0,12.3,7.0,5.0,5.0,1.56,7.3,0.0,0.0,0.0,21.311,0.0,0.0,15.752360538,0.6384810120000001,0.3544015461,0.0,3.0,0.0,0.0
13392,0.0,0.0,0.0,0.0,0.0,0.0,0.0,98.0,52.0,2.0,24.4,119.3,0.0,7,4.0,0.5327868852000001,110.0,48.0,0.0,54.0,0.0,12.3,9.0,2.0,6.0,3.03,7.7,0.0,0.0,0.0,33.859,0.0,0.0,17.143872927,0.8048744207999999,0.8591619758,0.0,3.0,0.0,0.0
13392,0.0,0.0,0.0,0.0,0.0,0.0,0.0,96.0,54.0,7.0,25.4,125.0,0.0,8,5.0,0.7086614173000001,88.0,56.0,0.0,58.0,0.0,12.3,11.0,7.0,6.0,2.92,7.9,0.0,0.0,0.0,44.78,0.0,0.0,16.256,0.5910770953,0.2303165396,0.0,3.0,0.0,0.0
13392,0.0,0.0,0.0,0.0,0.0,0.0,0.0,100.0,70.0,6.0,27.6,130.0,0.0,9,6.0,0.6884057970999999,0.0,0.0,0.0,0.0,0.0,12.3,10.0,6.0,8.0,1.5,7.1,0.0,0.0,0.0,57.56,0.0,0.0,16.331360947,0.5089594681,0.022459944300000003,0.0,3.0,0.0,0.0
13392,0.0,0.0,0.0,0.0,0.0,0.0,0.0,0.0,0.0,4.0,0.0,0.0,0.0,10,7.0,0.0,80.0,45.0,0.0,147.0,0.0,12.3,14.0,4.0,6.0,0.0,8.2,0.0,0.0,0.0,70.373,0.0,0.0,0.0,0.0,0.0,0.0,3.0,0.0,0.0
