PtID,Pt_CGMUseNumDays,Pt_FatherT1D,Pt_MotherT1D,Pt_SiblingT1D,Pt_ChildT1D,Pt_GrandchildT1D,Pt_GrandparentT1D,BldPrSys,BldPrDia,SMBGperDayPtMeterCombo,WeightKg,HeightCm,DirectLDL,age,diabDur,TotalDailyInsPerKg,LDL,HDL,TotChol,Triglyc,BUN,AlbCreatRat_mggNew,UnitsInsBasalOrLongAct,BGTestAvgNumMeter,BGTestAvgNumPtRep,TSH,HbA1c,AutonomicNeuroCl,Pt_InsGov,NumPumpBolusOrShortAct,HbA1cImputeDtMnC,Pt_SHFlg,Pt_DKAFlg,bmi,bmiPerc,bmiZscore,GFR,diagAgeCombo,Pt_A1cGoalLev,Pt_A1cGoalLevelDsYr5
13426,0.0,0.0,0.0,0.0,0.0,0.0,0.0,101.0,55.0,6.0,29.2,141.2,0.0,9,4.0,0.6849315068,59.0,65.0,0.0,85.0,17.0,0.0,0.0,0.0,6.0,0.0,6.8,0.0,0.0,6.0,-0.39799999999999996,0.0,0.0,14.645812099999999,0.17231882739999999,-0.9450415679999999,0.0,4.0,0.0,0.0
13426,0.0,0.0,0.0,0.0,0.0,0.0,0.0,93.0,50.0,5.0,30.8,145.7,0.0,10,5.0,0.6493506494,67.0,79.0,0.0,80.0,15.0,3.3,0.0,0.0,5.0,0.0,6.4,0.0,0.0,0.0,11.22,0.0,0.0,14.508803970999999,0.09918079240000001,-1.286233495,0.0,4.0,6.5,0.0
13426,0.0,0.0,0.0,0.0,0.0,0.0,0.0,103.0,67.0,0.0,34.0,150.3,0.0,11,6.0,0.0,70.0,72.0,0.0,59.0,15.0,8.8,8.0,0.0,0.0,2.13,7.3,0.0,0.0,0.0,24.863000000000003,0.0,0.0,15.050847518,0.11523124470000001,-1.199168355,0.0,4.0,0.0,0.0
13426,0.0,0.0,0.0,0.0,0.0,0.0,0.0,108.0,71.0,7.0,37.3,155.4,0.0,12,7.0,0.6434316354,70.0,72.0,0.0,59.0,15.0,8.8,9.0,0.0,7.0,2.13,7.7,0.0,0.0,0.0,36.979,0.0,0.0,15.445671815999999,0.1067638853,-1.243923361,0.0,4.0,0.0,0.0
