PtID,Pt_CGMUseNumDays,Pt_FatherT1D,Pt_MotherT1D,Pt_SiblingT1D,Pt_ChildT1D,Pt_GrandchildT1D,Pt_GrandparentT1D,BldPrSys,BldPrDia,SMBGperDayPtMeterCombo,WeightKg,HeightCm,DirectLDL,age,diabDur,TotalDailyInsPerKg,LDL,HDL,TotChol,Triglyc,BUN,AlbCreatRat_mggNew,UnitsInsBasalOrLongAct,BGTestAvgNumMeter,BGTestAvgNumPtRep,TSH,HbA1c,AutonomicNeuroCl,Pt_InsGov,NumPumpBolusOrShortAct,HbA1cImputeDtMnC,Pt_SHFlg,Pt_DKAFlg,bmi,bmiPerc,bmiZscore,GFR,diagAgeCombo,Pt_A1cGoalLev,Pt_A1cGoalLevelDsYr5
13442,0.0,0.0,0.0,0.0,0.0,0.0,0.0,124.0,76.0,0.0,63.1,175.4,0.0,15,1.0,1.2678288431,0.0,0.0,179.0,0.0,0.0,12.0,0.0,0.0,0.0,0.0,11.9,0.0,1.0,0.0,-7.202999999999999,0.0,1.0,20.510213501,0.5762236790999999,0.19224200800000002,0.0,13.0,0.0,0.0
13442,0.0,0.0,0.0,0.0,0.0,0.0,0.0,128.0,78.0,3.0,72.3,175.8,0.0,16,2.0,0.9681881051000001,115.0,76.0,203.0,59.0,0.0,10.0,0.0,0.0,3.0,0.0,10.2,0.0,1.0,0.0,13.012,0.0,1.0,23.393788318000002,0.7849502347,0.7890213457999999,0.0,13.0,9.0,0.0
13442,0.0,0.0,0.0,0.0,0.0,0.0,0.0,130.0,72.0,3.0,77.1,176.5,0.0,17,3.0,1.4526588846000001,0.0,0.0,0.0,0.0,0.0,19.0,110.0,3.0,3.0,0.0,9.8,0.0,0.0,1.0,25.56,0.0,0.0,24.749416174,0.8307363879,0.9570793129999999,0.0,13.0,0.0,0.0
13442,0.0,0.0,0.0,0.0,0.0,0.0,0.0,136.0,75.0,3.0,77.9,176.6,0.0,18,5.0,1.5789473684,90.0,76.0,177.0,55.0,0.0,10.0,120.0,3.0,0.0,1.47,9.4,0.0,0.0,1.0,41.925,0.0,0.0,24.977907858000002,0.819666343,0.9140942683,0.0,13.0,0.0,0.0
