PtID,Pt_CGMUseNumDays,Pt_FatherT1D,Pt_MotherT1D,Pt_SiblingT1D,Pt_ChildT1D,Pt_GrandchildT1D,Pt_GrandparentT1D,BldPrSys,BldPrDia,SMBGperDayPtMeterCombo,WeightKg,HeightCm,DirectLDL,age,diabDur,TotalDailyInsPerKg,LDL,HDL,TotChol,Triglyc,BUN,AlbCreatRat_mggNew,UnitsInsBasalOrLongAct,BGTestAvgNumMeter,BGTestAvgNumPtRep,TSH,HbA1c,AutonomicNeuroCl,Pt_InsGov,NumPumpBolusOrShortAct,HbA1cImputeDtMnC,Pt_SHFlg,Pt_DKAFlg,bmi,bmiPerc,bmiZscore,GFR,diagAgeCombo,Pt_A1cGoalLev,Pt_A1cGoalLevelDsYr5
13465,0.0,0.0,0.0,0.0,0.0,0.0,0.0,96.0,57.0,5.0,26.1,124.0,0.0,7,0.0,0.4597701149,86.0,55.0,0.0,43.0,14.0,0.0,0.0,5.0,8.0,0.0,7.6,0.0,0.0,0.0,0.23199999999999998,0.0,0.0,16.974505723,0.8030622293,0.852610133,0.0,6.0,0.0,0.0
13465,0.0,0.0,0.0,0.0,0.0,0.0,0.0,101.0,52.0,6.0,33.8,133.8,0.0,8,2.0,0.6804733728,0.0,64.0,141.0,42.0,0.0,0.0,0.0,6.0,8.0,0.0,7.8,0.0,0.0,7.0,19.750999999999998,0.0,0.0,18.880107963,0.9110396729000001,1.3471850109999999,0.0,6.0,6.9,0.0
13465,0.0,0.0,0.0,0.0,0.0,0.0,0.0,119.0,60.0,7.0,36.7,140.4,0.0,9,3.0,0.6811989101,0.0,0.0,0.0,0.0,0.0,0.0,12.0,7.0,0.0,0.0,6.9,0.0,0.0,0.0,33.029,0.0,0.0,18.61794953,0.8511574308,1.0414103558,0.0,6.0,0.0,0.0
13465,0.0,0.0,0.0,0.0,0.0,0.0,0.0,0.0,0.0,9.0,44.6,150.1,0.0,11,5.0,0.8968609865,0.0,0.0,130.0,61.0,0.0,0.0,20.0,9.0,0.0,2.21,7.1,0.0,0.0,4.0,53.743,0.0,0.0,19.795818999,0.8259870579,0.9384253095,0.0,6.0,0.0,0.0
13465,0.0,0.0,0.0,0.0,0.0,0.0,0.0,112.0,64.0,0.0,49.3,160.4,0.0,12,6.0,1.2170385395999999,68.0,63.0,141.0,52.0,0.0,0.0,30.0,0.0,0.0,2.35,7.5,0.0,0.0,0.0,65.992,0.0,0.0,19.161883322,0.6978261248000001,0.518158409,0.0,6.0,0.0,0.0
13465,2.0,0.0,0.0,0.0,0.0,0.0,0.0,123.0,65.0,7.0,55.7,164.7,0.0,13,6.0,1.2028725314,54.0,49.0,115.0,61.0,0.0,0.0,34.0,7.0,8.0,0.905,7.5,0.0,0.0,7.0,71.369,1.0,0.0,20.533737077,0.7606134531000001,0.7082772632,0.0,6.0,0.0,0.0
13465,0.0,0.0,0.0,0.0,0.0,0.0,0.0,126.0,59.0,9.0,67.3,169.8,0.0,13,7.0,1.1441307578,0.0,0.0,0.0,0.0,0.0,0.0,38.5,9.0,0.0,0.0,6.9,0.0,0.0,0.0,82.09100000000001,0.0,0.0,23.342087483,0.9117395429999999,1.3515450034999998,0.0,6.0,0.0,0.0
