PtID,Pt_CGMUseNumDays,Pt_FatherT1D,Pt_MotherT1D,Pt_SiblingT1D,Pt_ChildT1D,Pt_GrandchildT1D,Pt_GrandparentT1D,BldPrSys,BldPrDia,SMBGperDayPtMeterCombo,WeightKg,HeightCm,DirectLDL,age,diabDur,TotalDailyInsPerKg,LDL,HDL,TotChol,Triglyc,BUN,AlbCreatRat_mggNew,UnitsInsBasalOrLongAct,BGTestAvgNumMeter,BGTestAvgNumPtRep,TSH,HbA1c,AutonomicNeuroCl,Pt_InsGov,NumPumpBolusOrShortAct,HbA1cImputeDtMnC,Pt_SHFlg,Pt_DKAFlg,bmi,bmiPerc,bmiZscore,GFR,diagAgeCombo,Pt_A1cGoalLev,Pt_A1cGoalLevelDsYr5
13460,15.0,0.0,0.0,0.0,0.0,0.0,0.0,132.0,91.0,3.0,94.4,166.5,0.0,42,2.0,0.4131355932,67.0,92.0,173.0,0.0,25.0,246.2,0.0,3.0,4.0,0.0,7.6,0.0,0.0,0.0,0.0,0.0,0.0,34.052070088,0.0,0.4871027235,0.0,40.0,0.0,0.0
13460,0.0,0.0,0.0,0.0,0.0,0.0,0.0,109.0,69.0,3.0,97.0,166.5,1.0,43,3.0,0.0,55.0,86.0,159.0,0.0,13.0,130.4,0.0,0.0,3.0,0.0,8.4,0.0,0.0,0.0,10.988,1.0,0.0,34.9899449,0.0,0.570895002,0.0,40.0,7.0,0.0
13460,0.0,0.0,0.0,0.0,0.0,0.0,0.0,135.0,96.0,0.0,99.6,166.5,1.0,44,4.0,0.0,67.0,104.0,171.0,0.0,15.0,0.0,18.0,0.0,0.0,0.5,8.9,0.0,0.0,0.0,20.448,0.0,0.0,35.927819712,0.0,0.6546872805,0.0,40.0,0.0,0.0
13460,0.0,0.0,0.0,0.0,0.0,0.0,0.0,134.0,88.0,1.0,98.6,166.5,0.0,45,5.0,0.3448275862,0.0,0.0,0.0,0.0,0.0,0.0,17.0,1.0,1.0,0.0,10.2,0.0,0.0,0.0,31.866999999999997,0.0,0.0,35.56709863,0.0,0.6224594811,0.0,40.0,0.0,0.0
13460,0.0,0.0,0.0,0.0,0.0,0.0,0.0,109.0,78.0,18.0,98.1,165.1,0.0,46,6.0,0.3669724771,0.0,0.0,0.0,0.0,13.0,80.5,17.0,18.0,0.0,0.0,0.0,0.0,0.0,0.0,0.0,0.0,0.0,35.989421091,0.0,0.6601909147999999,0.0,40.0,0.0,0.0
13460,2.0,0.0,0.0,0.0,0.0,0.0,0.0,107.0,77.0,3.0,100.0,165.1,0.0,47,7.0,0.166,0.0,0.0,0.0,0.0,17.0,233.0,0.0,3.0,4.0,0.0,11.4,0.0,0.0,0.0,60.913000000000004,0.0,0.0,36.686463905,0.0,0.7224666096,59.0,40.0,0.0,0.0
