PtID,Pt_CGMUseNumDays,Pt_FatherT1D,Pt_MotherT1D,Pt_SiblingT1D,Pt_ChildT1D,Pt_GrandchildT1D,Pt_GrandparentT1D,BldPrSys,BldPrDia,SMBGperDayPtMeterCombo,WeightKg,HeightCm,DirectLDL,age,diabDur,TotalDailyInsPerKg,LDL,HDL,TotChol,Triglyc,BUN,AlbCreatRat_mggNew,UnitsInsBasalOrLongAct,BGTestAvgNumMeter,BGTestAvgNumPtRep,TSH,HbA1c,AutonomicNeuroCl,Pt_InsGov,NumPumpBolusOrShortAct,HbA1cImputeDtMnC,Pt_SHFlg,Pt_DKAFlg,bmi,bmiPerc,bmiZscore,GFR,diagAgeCombo,Pt_A1cGoalLev,Pt_A1cGoalLevelDsYr5
13470,0.0,1.0,1.0,1.0,0.0,0.0,1.0,152.0,63.0,10.0,0.0,0.0,0.0,60,34.0,0.0,111.0,66.0,195.0,92.0,19.8,27.8,0.0,0.0,10.0,0.0,0.0,0.0,0.0,6.0,0.0,0.0,0.0,0.0,0.0,0.0,0.0,26.0,0.0,0.0
13470,0.0,1.0,1.0,1.0,0.0,0.0,1.0,168.0,83.0,8.0,98.42954429,172.72,0.0,61,35.0,1.7372832641999998,85.0,65.0,0.0,112.0,17.4,55.6,0.0,0.0,8.0,0.0,9.8,0.0,1.0,0.0,13.477,0.0,0.0,32.994398525,0.0,0.421672547,0.0,26.0,7.0,0.0
13470,0.0,0.0,0.0,0.0,0.0,0.0,0.0,124.0,67.0,4.0,91.62565874,149.86,0.0,62,36.0,0.0,0.0,0.0,0.0,0.0,19.0,29.2,0.0,0.0,4.0,2.23,0.0,0.0,0.0,0.0,0.0,0.0,0.0,40.798636910999996,0.0,1.3911618549,0.0,26.0,0.0,0.0
13470,0.0,0.0,0.0,0.0,0.0,0.0,0.0,141.0,71.0,4.0,84.82177319,149.86,0.0,63,37.0,0.0,0.0,0.0,0.0,0.0,19.0,29.2,0.0,0.0,4.0,2.23,0.0,0.0,0.0,0.0,0.0,0.0,0.0,37.76903516,0.0,1.0148065516,0.0,26.0,0.0,0.0
13470,0.0,0.0,0.0,0.0,0.0,0.0,0.0,122.0,69.0,0.0,85.72895793,149.86,0.0,64,38.0,0.0,0.0,0.0,0.0,0.0,18.0,29.2,0.0,0.0,0.0,9.12,10.0,0.0,0.0,0.0,48.232,0.0,0.0,38.17298206,0.0,1.0649872587,0.0,26.0,0.0,0.0
13470,30.0,0.0,0.0,0.0,0.0,0.0,0.0,109.0,65.0,4.0,0.0,0.0,0.0,66,40.0,0.0,80.0,46.0,0.0,167.0,19.0,29.2,0.0,0.0,4.0,0.68,10.5,0.0,0.0,0.0,65.527,1.0,0.0,0.0,0.0,0.0,0.0,26.0,0.0,0.0
