PtID,Pt_CGMUseNumDays,Pt_FatherT1D,Pt_MotherT1D,Pt_SiblingT1D,Pt_ChildT1D,Pt_GrandchildT1D,Pt_GrandparentT1D,BldPrSys,BldPrDia,SMBGperDayPtMeterCombo,WeightKg,HeightCm,DirectLDL,age,diabDur,TotalDailyInsPerKg,LDL,HDL,TotChol,Triglyc,BUN,AlbCreatRat_mggNew,UnitsInsBasalOrLongAct,BGTestAvgNumMeter,BGTestAvgNumPtRep,TSH,HbA1c,AutonomicNeuroCl,Pt_InsGov,NumPumpBolusOrShortAct,HbA1cImputeDtMnC,Pt_SHFlg,Pt_DKAFlg,bmi,bmiPerc,bmiZscore,GFR,diagAgeCombo,Pt_A1cGoalLev,Pt_A1cGoalLevelDsYr5
13487,0.0,0.0,0.0,0.0,0.0,0.0,0.0,91.0,50.0,5.0,31.8,139.4,0.0,10,4.0,0.9119496855,115.0,60.0,202.0,75.0,0.0,2.0,0.0,0.0,5.0,0.0,7.6,0.0,1.0,5.0,-3.253,0.0,0.0,16.36445599,0.4147809191,-0.21526356,0.0,6.0,0.0,0.0
13487,0.0,0.0,0.0,0.0,0.0,0.0,0.0,91.0,55.0,3.0,44.6,156.6,0.0,12,6.0,0.9865470852,129.0,75.0,228.0,122.0,0.0,4.0,16.0,3.0,0.0,2.69,8.7,0.0,0.0,0.0,28.05,0.0,0.0,18.186592811,0.5164710122,0.041298441400000004,0.0,6.0,0.0,0.0
13487,0.0,0.0,0.0,0.0,0.0,0.0,0.0,105.0,60.0,4.0,49.9,158.0,0.0,14,7.0,1.1022044088,105.0,68.0,197.0,121.0,0.0,3.0,20.0,4.0,0.0,4.69,10.0,0.0,0.0,0.0,44.515,0.0,0.0,19.988783849,0.5851873309000001,0.2151821102,0.0,6.0,0.0,0.0
13487,0.0,0.0,0.0,0.0,0.0,0.0,0.0,108.0,65.0,3.0,50.8,159.2,0.0,15,9.0,0.9842519685,107.0,80.0,199.0,61.0,0.0,5.2,20.0,3.0,0.0,0.513,8.6,0.0,0.0,0.0,65.328,0.0,0.0,20.043685766,0.5179436090999999,0.044993134000000004,0.0,6.0,0.0,0.0
