PtID,Pt_CGMUseNumDays,Pt_FatherT1D,Pt_MotherT1D,Pt_SiblingT1D,Pt_ChildT1D,Pt_GrandchildT1D,Pt_GrandparentT1D,BldPrSys,BldPrDia,SMBGperDayPtMeterCombo,WeightKg,HeightCm,DirectLDL,age,diabDur,TotalDailyInsPerKg,LDL,HDL,TotChol,Triglyc,BUN,AlbCreatRat_mggNew,UnitsInsBasalOrLongAct,BGTestAvgNumMeter,BGTestAvgNumPtRep,TSH,HbA1c,AutonomicNeuroCl,Pt_InsGov,NumPumpBolusOrShortAct,HbA1cImputeDtMnC,Pt_SHFlg,Pt_DKAFlg,bmi,bmiPerc,bmiZscore,GFR,diagAgeCombo,Pt_A1cGoalLev,Pt_A1cGoalLevelDsYr5
13540,30.0,0.0,0.0,0.0,0.0,0.0,0.0,106.0,58.0,16.0,39.2,148.0,0.0,12,9.0,0.6887755101999999,116.0,74.0,0.0,43.0,12.0,0.0,0.0,16.0,12.0,0.0,6.7,0.0,0.0,5.0,-0.332,0.0,0.0,17.896274653,0.5182835554999999,0.0458461326,0.0,2.0,0.0,0.0
13540,30.0,0.0,0.0,0.0,0.0,0.0,0.0,100.0,61.0,4.0,46.8,156.5,0.0,13,11.0,0.0,76.0,76.0,0.0,49.0,14.0,9.0,0.0,4.0,0.0,0.0,7.1,0.0,0.0,11.0,15.568,0.0,0.0,19.108085211,0.599998179,0.2533423896,0.0,2.0,6.5,0.0
13540,0.0,0.0,0.0,0.0,0.0,0.0,0.0,115.0,60.0,2.0,49.4,163.6,0.0,14,11.0,0.8299595142,0.0,0.0,0.0,0.0,0.0,0.0,22.0,2.0,0.0,0.0,7.3,0.0,0.0,12.0,22.705,0.0,0.0,18.456967617,0.39160054710000003,-0.275149876,0.0,2.0,0.0,0.0
13540,0.0,0.0,0.0,0.0,0.0,0.0,0.0,115.0,56.0,2.0,56.2,174.5,0.0,15,13.0,0.7117437722,76.0,75.0,0.0,35.0,11.0,11.0,26.0,2.0,0.0,2.3,6.7,0.0,0.0,6.0,39.037,0.0,0.0,18.456334512999998,0.2831744473,-0.573436925,0.0,2.0,0.0,0.0
13540,0.0,0.0,0.0,0.0,0.0,0.0,0.0,118.0,66.0,8.0,57.5,175.9,0.0,16,13.0,0.7652173913,75.0,68.0,0.0,41.0,14.0,11.0,27.0,8.0,0.0,1.23,7.1,0.0,0.0,4.0,48.56399999999999,0.0,0.0,18.583870299,0.20549746149999998,-0.82214404,0.0,2.0,0.0,0.0
13540,0.0,0.0,0.0,0.0,0.0,0.0,0.0,127.0,60.0,12.0,64.0,178.4,0.0,17,14.0,0.78125,0.0,0.0,0.0,0.0,0.0,11.0,26.0,12.0,0.0,0.0,6.6,0.0,0.0,10.0,61.343999999999994,0.0,0.0,20.10899073,0.3358498353,-0.423816463,0.0,2.0,0.0,0.0
13540,0.0,0.0,0.0,0.0,0.0,0.0,0.0,113.0,51.0,12.0,68.4,178.4,0.0,17,15.0,0.701754386,0.0,0.0,0.0,0.0,0.0,11.0,26.0,12.0,12.0,0.0,6.7,0.0,0.0,6.0,68.315,0.0,0.0,21.491483841999997,0.5383424993,0.0962588385,0.0,2.0,0.0,0.0
13540,0.0,0.0,0.0,0.0,0.0,0.0,0.0,119.0,59.0,8.0,66.6,178.3,0.0,18,15.0,0.7357357357,0.0,0.0,0.0,0.0,0.0,11.0,0.0,8.0,0.0,0.0,7.2,0.0,0.0,0.0,73.66,0.0,0.0,20.949397768,0.3675564151,-0.33833224100000003,0.0,2.0,0.0,0.0
13540,0.0,0.0,0.0,0.0,0.0,0.0,0.0,128.0,63.0,3.0,66.4,179.1,0.0,19,17.0,0.7680722892,0.0,0.0,0.0,0.0,0.0,11.0,24.0,3.0,0.0,0.0,7.7,0.0,0.0,6.0,86.905,0.0,0.0,20.70031278,0.2512285923,-0.670628559,0.0,2.0,0.0,0.0
