PtID,Pt_CGMUseNumDays,Pt_FatherT1D,Pt_MotherT1D,Pt_SiblingT1D,Pt_ChildT1D,Pt_GrandchildT1D,Pt_GrandparentT1D,BldPrSys,BldPrDia,SMBGperDayPtMeterCombo,WeightKg,HeightCm,DirectLDL,age,diabDur,TotalDailyInsPerKg,LDL,HDL,TotChol,Triglyc,BUN,AlbCreatRat_mggNew,UnitsInsBasalOrLongAct,BGTestAvgNumMeter,BGTestAvgNumPtRep,TSH,HbA1c,AutonomicNeuroCl,Pt_InsGov,NumPumpBolusOrShortAct,HbA1cImputeDtMnC,Pt_SHFlg,Pt_DKAFlg,bmi,bmiPerc,bmiZscore,GFR,diagAgeCombo,Pt_A1cGoalLev,Pt_A1cGoalLevelDsYr5
13565,0.0,0.0,0.0,0.0,0.0,0.0,0.0,104.0,70.0,5.0,45.1,148.1,0.0,11,3.0,0.9977827051,0.0,0.0,0.0,0.0,0.0,6.0,0.0,5.0,0.0,0.0,8.2,0.0,0.0,5.0,-0.133,0.0,0.0,20.562050661,0.8345360398,0.9722465242,0.0,8.0,0.0,0.0
13565,0.0,0.0,0.0,0.0,0.0,0.0,0.0,118.0,59.0,6.0,61.0,158.0,0.0,12,4.0,0.8196721311,0.0,0.0,0.0,0.0,0.0,6.0,26.0,6.0,0.0,0.0,7.8,0.0,0.0,0.0,10.988,0.0,0.0,24.435186669,0.9372728312999999,1.5322760144,0.0,8.0,0.0,0.0
13565,0.0,0.0,0.0,0.0,0.0,0.0,0.0,118.0,59.0,3.0,61.0,158.0,0.0,13,5.0,0.5573770492,0.0,0.0,0.0,0.0,0.0,4.0,0.0,3.0,0.0,0.0,0.0,0.0,0.0,0.0,0.0,0.0,0.0,24.435186669,0.9163026787,1.3806238618,0.0,8.0,0.0,0.0
13565,0.0,0.0,0.0,0.0,0.0,0.0,0.0,133.0,88.0,3.0,61.0,159.0,0.0,14,6.0,1.2459016393,0.0,0.0,0.0,0.0,0.0,4.0,36.0,3.0,0.0,0.57,0.0,0.0,0.0,4.0,0.0,0.0,0.0,24.128792374,0.8825092991,1.1876244470000001,0.0,8.0,0.0,0.0
13565,0.0,0.0,0.0,0.0,0.0,0.0,0.0,120.0,58.0,0.0,66.3,159.4,0.0,15,7.0,0.0,0.0,0.0,0.0,0.0,0.0,4.0,0.0,0.0,0.0,1.58,9.0,0.0,0.0,0.0,49.028999999999996,0.0,0.0,26.09377386,0.9166002525,1.3825610631,0.0,8.0,0.0,0.0
13565,0.0,0.0,0.0,0.0,0.0,0.0,0.0,120.0,65.0,3.0,66.0,162.0,0.0,16,8.0,1.0454545455,110.0,45.0,165.0,52.0,0.0,3.0,38.0,3.0,0.0,1.27,8.0,0.0,0.0,4.0,65.527,0.0,0.0,25.148605396,0.8700763109999999,1.126751934,0.0,8.0,0.0,0.0
13565,0.0,0.0,0.0,0.0,0.0,0.0,0.0,126.0,74.0,3.0,63.0,160.7,0.0,17,9.0,0.9523809524,0.0,0.0,0.0,0.0,0.0,3.0,38.0,3.0,0.0,0.0,8.1,0.0,0.0,3.0,76.21600000000001,0.0,0.0,24.395447887,0.8130006643000001,0.8890082028,0.0,8.0,0.0,0.0
