PtID,Pt_CGMUseNumDays,Pt_FatherT1D,Pt_MotherT1D,Pt_SiblingT1D,Pt_ChildT1D,Pt_GrandchildT1D,Pt_GrandparentT1D,BldPrSys,BldPrDia,SMBGperDayPtMeterCombo,WeightKg,HeightCm,DirectLDL,age,diabDur,TotalDailyInsPerKg,LDL,HDL,TotChol,Triglyc,BUN,AlbCreatRat_mggNew,UnitsInsBasalOrLongAct,BGTestAvgNumMeter,BGTestAvgNumPtRep,TSH,HbA1c,AutonomicNeuroCl,Pt_InsGov,NumPumpBolusOrShortAct,HbA1cImputeDtMnC,Pt_SHFlg,Pt_DKAFlg,bmi,bmiPerc,bmiZscore,GFR,diagAgeCombo,Pt_A1cGoalLev,Pt_A1cGoalLevelDsYr5
13572,0.0,0.0,0.0,0.0,0.0,0.0,0.0,109.0,65.0,5.0,60.5,168.0,0.0,12,0.0,0.2479338843,0.0,0.0,0.0,0.0,0.0,0.0,0.0,5.0,6.0,0.0,7.4,0.0,0.0,0.0,0.0,0.0,0.0,21.435657596,0.8729782890000001,1.1405831754,0.0,12.0,0.0,0.0
13572,0.0,0.0,0.0,0.0,0.0,0.0,1.0,115.0,67.0,2.0,67.4,170.0,0.0,13,1.0,0.9643916914,0.0,59.0,75.0,0.0,0.0,0.0,0.0,2.0,6.0,0.0,11.9,0.0,1.0,0.0,12.149000000000001,0.0,1.0,23.321799308000003,0.9111383154000001,1.3477979758,0.0,12.0,6.8,0.0
13572,0.0,0.0,0.0,0.0,0.0,0.0,0.0,114.0,67.0,4.0,74.3,173.8,0.0,15,3.0,1.0767160162,0.0,0.0,0.0,0.0,0.0,0.0,35.0,4.0,0.0,2.99,9.6,0.0,0.0,0.0,35.519,0.0,0.0,24.597403731999997,0.8994033171,1.2781590098,0.0,12.0,0.0,0.0
13572,0.0,0.0,0.0,0.0,0.0,0.0,0.0,113.0,71.0,0.0,76.2,173.8,0.0,16,4.0,0.4593175853,0.0,0.0,0.0,0.0,0.0,0.0,0.0,0.0,0.0,2.99,11.8,0.0,0.0,0.0,47.43600000000001,0.0,0.0,25.226408673,0.8948729465999999,1.2528670181000001,0.0,12.0,0.0,0.0
