PtID,Pt_CGMUseNumDays,Pt_FatherT1D,Pt_MotherT1D,Pt_SiblingT1D,Pt_ChildT1D,Pt_GrandchildT1D,Pt_GrandparentT1D,BldPrSys,BldPrDia,SMBGperDayPtMeterCombo,WeightKg,HeightCm,DirectLDL,age,diabDur,TotalDailyInsPerKg,LDL,HDL,TotChol,Triglyc,BUN,AlbCreatRat_mggNew,UnitsInsBasalOrLongAct,BGTestAvgNumMeter,BGTestAvgNumPtRep,TSH,HbA1c,AutonomicNeuroCl,Pt_InsGov,NumPumpBolusOrShortAct,HbA1cImputeDtMnC,Pt_SHFlg,Pt_DKAFlg,bmi,bmiPerc,bmiZscore,GFR,diagAgeCombo,Pt_A1cGoalLev,Pt_A1cGoalLevelDsYr5
13579,0.0,0.0,0.0,0.0,0.0,0.0,0.0,116.0,73.0,8.0,63.7,168.0,0.0,18,16.0,0.9890109890000001,89.0,58.0,157.0,50.0,0.0,12.5,0.0,0.0,8.0,0.0,8.1,0.0,0.0,5.0,0.0,0.0,0.0,22.569444444000002,0.6475650731,0.3787549366,0.0,2.0,0.0,0.0
13579,5.0,0.0,0.0,0.0,0.0,0.0,0.0,118.0,80.0,5.0,73.0,168.0,0.0,20,18.0,0.8219178081999999,92.0,57.0,164.0,49.0,0.0,10.9,0.0,5.0,8.0,0.0,7.1,0.0,0.0,4.0,25.295,0.0,0.0,25.864512471999998,0.8263415211,-0.12613950699999998,0.0,2.0,6.9,0.0
13579,0.0,0.0,0.0,0.0,0.0,0.0,0.0,132.0,83.0,10.0,72.6,168.6,0.0,21,19.0,0.9228650138,0.0,0.0,0.0,0.0,0.0,6.2,44.0,10.0,0.0,0.0,7.9,0.0,0.0,0.0,35.12,0.0,0.0,25.540034531999996,0.0,-0.169891547,0.0,2.0,0.0,0.0
13579,0.0,0.0,0.0,0.0,0.0,0.0,0.0,127.0,87.0,9.0,75.0,169.0,0.0,22,20.0,0.8933333333,89.0,69.0,167.0,49.0,0.0,22.7,47.0,9.0,0.0,1.22,9.0,0.0,0.0,0.0,48.863,0.0,0.0,26.259584748,0.0,-0.07286865,0.0,2.0,0.0,0.0
13579,0.0,0.0,0.0,0.0,0.0,0.0,0.0,136.0,95.0,0.0,76.5,169.0,0.0,23,21.0,0.0,78.0,73.0,167.0,79.0,8.0,22.7,50.0,0.0,0.0,2.11,8.5,0.0,0.0,0.0,59.053999999999995,0.0,0.0,26.784776443000002,0.0,-0.002052718,0.0,2.0,0.0,0.0
13579,0.0,0.0,0.0,0.0,0.0,0.0,0.0,144.0,90.0,8.0,76.5,161.0,0.0,24,22.0,0.0,0.0,0.0,0.0,0.0,0.0,22.7,45.0,0.0,8.0,1.31,8.4,0.0,0.0,0.0,72.531,0.0,0.0,29.51275028,0.0,0.36578251770000003,0.0,2.0,0.0,0.0
