PtID,Pt_CGMUseNumDays,Pt_FatherT1D,Pt_MotherT1D,Pt_SiblingT1D,Pt_ChildT1D,Pt_GrandchildT1D,Pt_GrandparentT1D,BldPrSys,BldPrDia,SMBGperDayPtMeterCombo,WeightKg,HeightCm,DirectLDL,age,diabDur,TotalDailyInsPerKg,LDL,HDL,TotChol,Triglyc,BUN,AlbCreatRat_mggNew,UnitsInsBasalOrLongAct,BGTestAvgNumMeter,BGTestAvgNumPtRep,TSH,HbA1c,AutonomicNeuroCl,Pt_InsGov,NumPumpBolusOrShortAct,HbA1cImputeDtMnC,Pt_SHFlg,Pt_DKAFlg,bmi,bmiPerc,bmiZscore,GFR,diagAgeCombo,Pt_A1cGoalLev,Pt_A1cGoalLevelDsYr5
13597,0.0,0.0,0.0,1.0,0.0,0.0,0.0,137.0,87.0,1.0,75.29633342,184.15,1.0,21,8.0,0.3585831975,84.0,0.0,0.0,0.0,0.0,5.9,0.0,0.0,1.0,0.0,9.2,0.0,0.0,3.0,0.0,0.0,0.0,22.203957236,0.0,-0.867098252,0.0,13.0,0.0,0.0
13597,0.0,0.0,0.0,1.0,0.0,0.0,0.0,126.0,64.0,2.0,0.0,0.0,0.0,23,9.0,0.0,0.0,0.0,0.0,0.0,0.0,0.0,0.0,0.0,2.0,0.0,11.3,0.0,0.0,0.0,14.539000000000001,0.0,0.0,0.0,0.0,0.0,0.0,13.0,8.0,0.0
13597,0.0,0.0,0.0,0.0,0.0,0.0,0.0,118.0,80.0,1.0,80.73944186,185.42,1.0,24,10.0,0.0,87.0,36.0,0.0,100.0,0.0,0.0,27.0,0.0,1.0,2.26,9.5,0.0,0.0,0.0,30.307,0.0,0.0,23.484027993,0.0,-0.614610463,0.0,13.0,0.0,0.0
13597,0.0,0.0,0.0,0.0,0.0,0.0,0.0,116.0,74.0,2.0,0.0,0.0,0.0,25,11.0,0.0,0.0,0.0,0.0,0.0,0.0,0.0,27.0,2.0,0.0,0.0,8.0,0.0,0.0,0.0,40.232,0.0,0.0,0.0,0.0,0.0,0.0,13.0,0.0,0.0
13597,0.0,0.0,0.0,0.0,0.0,0.0,0.0,118.0,78.0,0.0,84.36818082,182.88,0.0,26,12.0,0.0,0.0,0.0,0.0,0.0,0.0,0.0,30.0,0.0,0.0,0.0,7.6,0.0,0.0,0.0,56.332,0.0,0.0,25.225876121,0.0,-0.271039314,0.0,13.0,0.0,0.0
13597,0.0,0.0,0.0,0.0,0.0,0.0,0.0,120.0,84.0,2.0,125.64508649,182.88,0.0,27,14.0,0.0,0.0,0.0,0.0,0.0,0.0,0.0,30.0,2.0,0.0,0.0,9.1,0.0,0.0,0.0,70.473,0.0,0.0,37.567568202,0.0,2.1632999786,0.0,13.0,0.0,0.0
