PtID,Pt_CGMUseNumDays,Pt_FatherT1D,Pt_MotherT1D,Pt_SiblingT1D,Pt_ChildT1D,Pt_GrandchildT1D,Pt_GrandparentT1D,BldPrSys,BldPrDia,SMBGperDayPtMeterCombo,WeightKg,HeightCm,DirectLDL,age,diabDur,TotalDailyInsPerKg,LDL,HDL,TotChol,Triglyc,BUN,AlbCreatRat_mggNew,UnitsInsBasalOrLongAct,BGTestAvgNumMeter,BGTestAvgNumPtRep,TSH,HbA1c,AutonomicNeuroCl,Pt_InsGov,NumPumpBolusOrShortAct,HbA1cImputeDtMnC,Pt_SHFlg,Pt_DKAFlg,bmi,bmiPerc,bmiZscore,GFR,diagAgeCombo,Pt_A1cGoalLev,Pt_A1cGoalLevelDsYr5
13620,10.0,0.0,0.0,0.0,0.0,0.0,0.0,92.0,59.0,6.0,33.701913091,125.22200000000001,0.0,6,1.0,1.0385167128,0.0,50.0,151.0,0.0,0.0,0.0,0.0,0.0,6.0,0.0,8.0,0.0,0.0,6.0,0.0,0.0,0.0,21.49281411,0.987088482,2.2288627836000003,0.0,5.0,0.0,0.0
13620,0.0,0.0,0.0,0.0,0.0,0.0,0.0,108.0,67.0,4.0,37.2,133.3,0.0,7,2.0,0.8064516129000001,101.0,43.0,165.0,105.0,0.0,0.0,0.0,4.0,7.0,0.0,9.0,0.0,0.0,4.0,17.394000000000002,0.0,0.0,20.935466425,0.9725085768,1.9190117535,0.0,5.0,0.0,0.0
13620,0.0,0.0,0.0,0.0,0.0,0.0,0.0,112.0,72.0,6.0,45.1,141.3,0.0,9,4.0,0.7317073170999999,127.0,30.0,0.0,146.0,0.0,5.0,12.0,6.0,0.0,3.77,9.9,0.0,0.0,0.0,35.983000000000004,0.0,0.0,22.588751002,0.9628044506,1.7842004524000001,0.0,5.0,0.0,0.0
13620,0.0,0.0,0.0,0.0,0.0,0.0,0.0,110.0,73.0,11.0,52.5,146.6,0.0,10,5.0,0.7047619048,0.0,0.0,0.0,0.0,0.0,10.3,16.0,11.0,0.0,5.45,8.6,0.0,0.0,0.0,48.033,0.0,0.0,24.428194138000002,0.9689053506,1.8649436808000002,0.0,5.0,0.0,0.0
13620,0.0,0.0,0.0,0.0,0.0,0.0,0.0,95.0,66.0,5.0,54.9,151.0,0.0,11,6.0,0.7650273223999999,102.0,42.0,0.0,107.0,0.0,10.3,21.0,5.0,0.0,8.28,9.9,0.0,0.0,21.0,59.286,0.0,0.0,24.077891321,0.9497554911,1.6424874845,0.0,5.0,0.0,0.0
13620,30.0,0.0,0.0,0.0,0.0,0.0,0.0,119.0,72.0,9.0,65.7,160.1,0.0,12,7.0,1.1719939117,0.0,0.0,0.0,0.0,0.0,10.3,31.0,9.0,2.0,5.07,8.1,0.0,0.0,8.0,76.05,0.0,0.0,25.632012472,0.9556096348,1.7018647212,0.0,5.0,0.0,0.0
