PtID,Pt_CGMUseNumDays,Pt_FatherT1D,Pt_MotherT1D,Pt_SiblingT1D,Pt_ChildT1D,Pt_GrandchildT1D,Pt_GrandparentT1D,BldPrSys,BldPrDia,SMBGperDayPtMeterCombo,WeightKg,HeightCm,DirectLDL,age,diabDur,TotalDailyInsPerKg,LDL,HDL,TotChol,Triglyc,BUN,AlbCreatRat_mggNew,UnitsInsBasalOrLongAct,BGTestAvgNumMeter,BGTestAvgNumPtRep,TSH,HbA1c,AutonomicNeuroCl,Pt_InsGov,NumPumpBolusOrShortAct,HbA1cImputeDtMnC,Pt_SHFlg,Pt_DKAFlg,bmi,bmiPerc,bmiZscore,GFR,diagAgeCombo,Pt_A1cGoalLev,Pt_A1cGoalLevelDsYr5
13621,0.0,0.0,0.0,0.0,0.0,0.0,0.0,125.0,65.0,5.0,69.5,167.6,0.0,13,10.0,0.8057553956999999,0.0,0.0,177.0,0.0,0.0,3.0,0.0,5.0,6.0,0.0,7.5,0.0,0.0,5.0,0.0,0.0,0.0,24.742112428000002,0.9235263722,1.4291982675,0.0,2.0,0.0,0.0
13621,0.0,0.0,0.0,0.0,0.0,0.0,0.0,115.0,69.0,2.0,76.0,168.2,0.0,14,12.0,0.8552631579000001,0.0,0.0,0.0,0.0,0.0,0.0,0.0,2.0,4.0,0.0,5.6,0.0,0.0,0.0,17.892,0.0,0.0,26.863439001,0.9452252294,1.6002211077000001,0.0,2.0,6.9,0.0
13621,0.0,0.0,0.0,0.0,0.0,0.0,0.0,118.0,78.0,5.0,95.0,170.0,0.0,15,13.0,0.0,0.0,0.0,0.0,0.0,10.0,0.0,0.0,0.0,5.0,2.16,7.1,0.0,0.0,0.0,31.866999999999997,0.0,0.0,32.871972318000005,0.9816445976,2.0889657674,0.0,2.0,0.0,0.0
13621,0.0,0.0,0.0,0.0,0.0,0.0,0.0,121.0,81.0,2.0,97.0,171.5,0.0,16,14.0,0.7113402062,0.0,0.0,0.0,0.0,16.0,0.0,51.0,2.0,0.0,3.96,8.8,0.0,0.0,0.0,44.415,0.0,0.0,32.979455839,0.9782164329,2.0182317182,0.0,2.0,0.0,0.0
