PtID,Pt_CGMUseNumDays,Pt_FatherT1D,Pt_MotherT1D,Pt_SiblingT1D,Pt_ChildT1D,Pt_GrandchildT1D,Pt_GrandparentT1D,BldPrSys,BldPrDia,SMBGperDayPtMeterCombo,WeightKg,HeightCm,DirectLDL,age,diabDur,TotalDailyInsPerKg,LDL,HDL,TotChol,Triglyc,BUN,AlbCreatRat_mggNew,UnitsInsBasalOrLongAct,BGTestAvgNumMeter,BGTestAvgNumPtRep,TSH,HbA1c,AutonomicNeuroCl,Pt_InsGov,NumPumpBolusOrShortAct,HbA1cImputeDtMnC,Pt_SHFlg,Pt_DKAFlg,bmi,bmiPerc,bmiZscore,GFR,diagAgeCombo,Pt_A1cGoalLev,Pt_A1cGoalLevelDsYr5
13635,0.0,0.0,0.0,0.0,0.0,0.0,0.0,120.0,73.0,6.0,80.9,178.0,1.0,15,1.0,0.4326328801,52.0,31.0,91.0,41.0,0.0,10.0,0.0,0.0,6.0,0.0,10.7,0.0,0.0,0.0,-0.332,0.0,0.0,25.533392248000002,0.9258798051999999,1.4457747533,0.0,14.0,0.0,0.0
13635,0.0,0.0,0.0,0.0,0.0,0.0,1.0,126.0,75.0,1.0,80.6,179.5,0.0,17,2.0,0.7692307692,0.0,0.0,0.0,0.0,0.0,4.0,0.0,1.0,4.0,0.0,12.1,0.0,0.0,0.0,21.278000000000002,1.0,0.0,25.015324214,0.8551374175,1.0587247233,0.0,14.0,6.0,0.0
13635,0.0,0.0,0.0,0.0,0.0,0.0,0.0,135.0,75.0,2.0,87.9,180.6,1.0,18,3.0,0.0,61.0,42.0,113.0,89.0,12.0,22.0,42.0,2.0,0.0,0.0,9.5,0.0,0.0,0.0,30.971,0.0,0.0,26.949665750999998,0.9042308311,1.3060418154,0.0,14.0,0.0,0.0
13635,0.0,0.0,0.0,0.0,0.0,0.0,0.0,133.0,72.0,0.0,91.4,180.7,0.0,19,4.0,0.0,0.0,0.0,0.0,0.0,0.0,22.0,42.0,0.0,0.0,2.575,10.1,0.0,0.0,0.0,42.058,0.0,0.0,27.99173968,0.9135388828000001,1.3628739675,0.0,14.0,0.0,0.0
13635,0.0,0.0,0.0,0.0,0.0,0.0,0.0,129.0,77.0,0.0,99.0,179.9,1.0,20,5.0,0.0,73.0,50.0,135.0,58.0,0.0,22.0,42.0,0.0,0.0,0.0,10.0,0.0,0.0,0.0,52.148999999999994,0.0,0.0,30.589534485999998,0.9506056615999999,0.7869164531,0.0,14.0,0.0,0.0
13635,0.0,0.0,0.0,0.0,0.0,0.0,0.0,125.0,75.0,0.0,104.1,179.6,0.0,20,6.0,0.0,92.0,44.0,138.0,93.0,0.0,0.0,41.0,0.0,0.0,2.14,9.1,0.0,0.0,0.0,62.638999999999996,0.0,0.0,32.272905392,0.9696207855,1.1189532527,0.0,14.0,0.0,0.0
13635,0.0,0.0,0.0,0.0,0.0,0.0,0.0,126.0,70.0,3.0,107.5,180.9,0.0,21,6.0,0.0,0.0,0.0,0.0,0.0,0.0,0.0,43.0,0.0,3.0,0.0,9.5,0.0,0.0,0.0,64.564,0.0,0.0,32.849694162,0.0,1.2327220581,0.0,14.0,0.0,0.0
