PtID,Pt_CGMUseNumDays,Pt_FatherT1D,Pt_MotherT1D,Pt_SiblingT1D,Pt_ChildT1D,Pt_GrandchildT1D,Pt_GrandparentT1D,BldPrSys,BldPrDia,SMBGperDayPtMeterCombo,WeightKg,HeightCm,DirectLDL,age,diabDur,TotalDailyInsPerKg,LDL,HDL,TotChol,Triglyc,BUN,AlbCreatRat_mggNew,UnitsInsBasalOrLongAct,BGTestAvgNumMeter,BGTestAvgNumPtRep,TSH,HbA1c,AutonomicNeuroCl,Pt_InsGov,NumPumpBolusOrShortAct,HbA1cImputeDtMnC,Pt_SHFlg,Pt_DKAFlg,bmi,bmiPerc,bmiZscore,GFR,diagAgeCombo,Pt_A1cGoalLev,Pt_A1cGoalLevelDsYr5
13724,0.0,0.0,0.0,1.0,0.0,0.0,0.0,145.0,67.0,4.0,91.62565874,177.8,0.0,65,53.0,1.0586554174,72.0,83.0,0.0,57.0,23.0,10.2,0.0,0.0,4.0,0.0,7.7,1.0,1.0,4.0,-3.054,0.0,0.0,28.983684712,0.0,-0.076562382,0.0,12.0,0.0,0.0
13724,0.0,0.0,0.0,1.0,0.0,0.0,0.0,131.0,68.0,5.0,95.25439770000001,180.34,0.0,66,54.0,0.47241913329999996,57.0,69.0,0.0,59.0,21.0,0.0,0.0,0.0,5.0,0.0,7.4,1.0,1.0,0.0,7.202999999999999,0.0,0.0,29.288754556999997,0.0,-0.038664776,0.0,12.0,6.0,0.0
13724,0.0,0.0,0.0,0.0,0.0,0.0,0.0,0.0,0.0,5.0,90.718474,180.34,0.0,68,56.0,0.7716179176000001,0.0,0.0,0.0,0.0,0.0,0.0,35.0,0.0,5.0,0.0,0.0,1.0,0.0,4.0,0.0,0.0,0.0,27.894051959000002,0.0,-0.21192309899999998,0.0,12.0,0.0,0.0
13724,0.0,0.0,0.0,0.0,0.0,0.0,0.0,0.0,0.0,4.0,0.0,0.0,0.0,70,58.0,0.0,0.0,0.0,0.0,0.0,59.0,0.0,34.0,0.0,4.0,0.0,7.1,1.0,0.0,4.0,55.104,0.0,0.0,0.0,0.0,0.0,40.0,12.0,0.0,0.0
