PtID,Pt_CGMUseNumDays,Pt_FatherT1D,Pt_MotherT1D,Pt_SiblingT1D,Pt_ChildT1D,Pt_GrandchildT1D,Pt_GrandparentT1D,BldPrSys,BldPrDia,SMBGperDayPtMeterCombo,WeightKg,HeightCm,DirectLDL,age,diabDur,TotalDailyInsPerKg,LDL,HDL,TotChol,Triglyc,BUN,AlbCreatRat_mggNew,UnitsInsBasalOrLongAct,BGTestAvgNumMeter,BGTestAvgNumPtRep,TSH,HbA1c,AutonomicNeuroCl,Pt_InsGov,NumPumpBolusOrShortAct,HbA1cImputeDtMnC,Pt_SHFlg,Pt_DKAFlg,bmi,bmiPerc,bmiZscore,GFR,diagAgeCombo,Pt_A1cGoalLev,Pt_A1cGoalLevelDsYr5
13744,0.0,0.0,0.0,0.0,0.0,0.0,0.0,126.0,69.0,4.0,54.4310844,160.7,1.0,13,8.0,0.808361628,88.0,55.0,0.0,86.0,7.0,9.0,0.0,4.0,10.0,0.0,7.4,0.0,0.0,6.0,0.1,0.0,0.0,21.077312427,0.7597373444,0.7054579182999999,0.0,5.0,0.0,0.0
13744,0.0,0.0,0.0,0.0,0.0,0.0,0.0,125.0,58.0,12.0,58.05982336,163.0,1.0,14,9.0,0.0,102.0,62.0,0.0,47.0,11.0,22.0,0.0,0.0,12.0,0.0,7.9,0.0,0.0,0.0,13.675999999999998,0.0,0.0,21.852468425999998,0.7644820405,0.7207945665000001,0.0,5.0,7.5,0.0
13744,0.0,0.0,0.0,0.0,0.0,0.0,0.0,117.0,70.0,6.0,61.461766135,163.3,0.0,17,11.0,0.8135138826,0.0,0.0,0.0,0.0,6.0,0.0,30.0,6.0,6.0,0.0,8.2,0.0,0.0,0.0,40.797,0.0,0.0,23.047969274,0.7251916002,0.5983344420000001,0.0,5.0,0.0,0.0
13744,0.0,0.0,0.0,0.0,0.0,0.0,0.0,118.0,81.0,6.0,62.14215469,163.3,0.0,18,12.0,0.8367910681,0.0,75.0,171.0,65.0,8.0,0.0,31.0,6.0,9.0,0.0,7.9,0.0,0.0,6.0,54.273999999999994,0.0,0.0,23.303112845,0.7127095414,0.5613177883,0.0,5.0,0.0,0.0
13744,0.0,0.0,0.0,0.0,0.0,0.0,0.0,114.0,79.0,9.0,64.0,165.0,0.0,19,14.0,0.0,89.0,75.0,171.0,65.0,12.0,51.0,31.0,9.0,4.0,1.7,9.1,0.0,0.0,0.0,68.78,0.0,0.0,23.507805326,0.702405067,0.5313303665,0.0,5.0,0.0,0.0
13744,0.0,0.0,0.0,0.0,0.0,0.0,0.0,127.0,78.0,9.0,62.0,164.0,0.0,20,15.0,0.9677419355,78.0,71.0,150.0,62.0,12.0,51.0,30.0,0.0,9.0,0.85,10.3,0.0,0.0,6.0,82.72200000000001,0.0,0.0,23.051754908000003,0.6427444649,-0.505406833,0.0,5.0,0.0,0.0
