PtID,Pt_CGMUseNumDays,Pt_FatherT1D,Pt_MotherT1D,Pt_SiblingT1D,Pt_ChildT1D,Pt_GrandchildT1D,Pt_GrandparentT1D,BldPrSys,BldPrDia,SMBGperDayPtMeterCombo,WeightKg,HeightCm,DirectLDL,age,diabDur,TotalDailyInsPerKg,LDL,HDL,TotChol,Triglyc,BUN,AlbCreatRat_mggNew,UnitsInsBasalOrLongAct,BGTestAvgNumMeter,BGTestAvgNumPtRep,TSH,HbA1c,AutonomicNeuroCl,Pt_InsGov,NumPumpBolusOrShortAct,HbA1cImputeDtMnC,Pt_SHFlg,Pt_DKAFlg,bmi,bmiPerc,bmiZscore,GFR,diagAgeCombo,Pt_A1cGoalLev,Pt_A1cGoalLevelDsYr5
13745,0.0,0.0,0.0,0.0,0.0,0.0,0.0,112.0,68.0,5.0,43.1,151.2,0.0,12,7.0,0.8816705336,85.0,45.0,0.0,184.0,12.0,25.3,0.0,5.0,8.0,0.0,7.8,0.0,0.0,6.0,-0.23199999999999998,0.0,0.0,18.852705691,0.6601205203,0.4127920735,0.0,4.0,0.0,0.0
13745,28.0,0.0,0.0,0.0,0.0,0.0,0.0,120.0,75.0,3.0,55.5,166.3,0.0,14,9.0,0.5405405405,0.0,0.0,0.0,0.0,0.0,6.2,0.0,3.0,8.0,0.0,9.5,0.0,0.0,5.0,21.61,0.0,0.0,20.068202963,0.6316645245,0.3362651189,0.0,4.0,7.4,0.0
13745,0.0,0.0,0.0,0.0,0.0,0.0,0.0,118.0,66.0,5.0,63.9,171.5,0.0,15,10.0,1.0328638498,73.0,35.0,154.0,230.0,11.0,117.3,32.0,5.0,7.0,1.53,9.3,0.0,0.0,7.0,34.091,0.0,0.0,21.725641526999997,0.7304903811,0.614296768,0.0,4.0,0.0,0.0
13745,0.0,0.0,0.0,0.0,0.0,0.0,0.0,116.0,70.0,3.0,64.3,173.6,0.0,16,11.0,1.3219284603,0.0,0.0,0.0,0.0,0.0,0.0,32.0,3.0,7.0,0.0,9.6,0.0,0.0,6.0,44.946000000000005,0.0,0.0,21.335927711,0.6088356534,0.2762856286,0.0,4.0,0.0,0.0
13745,0.0,0.0,0.0,0.0,0.0,0.0,0.0,128.0,80.0,4.0,64.5,173.5,0.0,17,12.0,1.1007751937999999,0.0,0.0,0.0,0.0,0.0,12.6,32.0,4.0,5.0,1.5,10.5,0.0,0.0,5.0,58.456,0.0,0.0,21.426969745,0.529563317,0.0741722002,0.0,4.0,0.0,0.0
13745,0.0,0.0,0.0,0.0,0.0,0.0,0.0,110.0,70.0,4.0,67.6,174.3,0.0,18,13.0,1.3609467456,0.0,0.0,0.0,0.0,0.0,0.0,35.0,4.0,5.0,0.0,11.4,0.0,0.0,6.0,65.726,0.0,0.0,22.251122349,0.551191141,0.1286713352,0.0,4.0,0.0,0.0
13745,0.0,0.0,0.0,0.0,0.0,0.0,0.0,112.0,72.0,1.0,73.3,174.0,0.0,19,14.0,0.8676671214,108.0,35.0,163.0,99.0,13.0,0.0,38.6,1.0,0.0,0.0,8.6,0.0,0.0,2.0,78.075,0.0,0.0,24.210595851,0.6999230951000001,0.524179339,90.1,4.0,0.0,0.0
