PtID,Pt_CGMUseNumDays,Pt_FatherT1D,Pt_MotherT1D,Pt_SiblingT1D,Pt_ChildT1D,Pt_GrandchildT1D,Pt_GrandparentT1D,BldPrSys,BldPrDia,SMBGperDayPtMeterCombo,WeightKg,HeightCm,DirectLDL,age,diabDur,TotalDailyInsPerKg,LDL,HDL,TotChol,Triglyc,BUN,AlbCreatRat_mggNew,UnitsInsBasalOrLongAct,BGTestAvgNumMeter,BGTestAvgNumPtRep,TSH,HbA1c,AutonomicNeuroCl,Pt_InsGov,NumPumpBolusOrShortAct,HbA1cImputeDtMnC,Pt_SHFlg,Pt_DKAFlg,bmi,bmiPerc,bmiZscore,GFR,diagAgeCombo,Pt_A1cGoalLev,Pt_A1cGoalLevelDsYr5
13747,0.0,0.0,0.0,0.0,0.0,0.0,1.0,109.0,74.0,8.0,36.2,136.2,0.0,11,4.0,1.2430939227,121.0,73.0,202.0,41.0,0.0,6.0,0.0,0.0,8.0,0.0,9.7,0.0,0.0,7.0,0.0,0.0,0.0,19.514361923,0.8047324731000001,0.8586474449,0.0,6.0,0.0,0.0
13747,0.0,0.0,0.0,0.0,0.0,0.0,1.0,124.0,71.0,9.0,37.9,139.1,0.0,11,4.0,0.0,135.0,58.0,208.0,74.0,0.0,4.0,0.0,0.0,9.0,0.0,9.4,0.0,0.0,0.0,7.834,0.0,0.0,19.58776793,0.8105303311,0.8798522818000001,0.0,6.0,6.5,0.0
13747,0.0,0.0,0.0,0.0,0.0,0.0,0.0,109.0,73.0,4.0,46.3,147.0,0.0,12,5.0,1.4686825054,0.0,0.0,0.0,0.0,0.0,3.0,26.0,4.0,0.0,0.0,0.0,0.0,0.0,0.0,0.0,0.0,0.0,21.426257577999998,0.8725372036,1.1384668519,0.0,6.0,0.0,0.0
13747,0.0,0.0,0.0,0.0,0.0,0.0,0.0,111.0,58.0,4.0,55.4,156.1,0.0,13,6.0,1.0108303249,127.0,59.0,196.0,52.0,0.0,3.0,31.0,4.0,0.0,1.0,11.9,0.0,0.0,0.0,31.136999999999997,0.0,0.0,22.735471152,0.8915170148,1.2346360915999999,0.0,6.0,0.0,0.0
13747,0.0,0.0,0.0,0.0,0.0,0.0,0.0,125.0,71.0,5.0,68.1,161.4,0.0,15,8.0,1.3509544787,136.0,52.0,200.0,61.0,0.0,41.0,50.0,5.0,0.0,0.76,9.8,0.0,0.0,0.0,54.638999999999996,0.0,0.0,26.14207469,0.9388070028,1.5448357631,0.0,6.0,0.0,0.0
13747,0.0,0.0,0.0,0.0,0.0,0.0,0.0,120.0,72.0,4.0,82.3,162.0,0.0,16,9.0,1.7351154313,0.0,0.0,0.0,0.0,0.0,218.0,63.2,0.0,4.0,0.0,9.5,0.0,0.0,0.0,63.004,0.0,0.0,31.359548849,0.9826533048,2.1119190829,0.0,6.0,0.0,0.0
