PtID,Pt_CGMUseNumDays,Pt_FatherT1D,Pt_MotherT1D,Pt_SiblingT1D,Pt_ChildT1D,Pt_GrandchildT1D,Pt_GrandparentT1D,BldPrSys,BldPrDia,SMBGperDayPtMeterCombo,WeightKg,HeightCm,DirectLDL,age,diabDur,TotalDailyInsPerKg,LDL,HDL,TotChol,Triglyc,BUN,AlbCreatRat_mggNew,UnitsInsBasalOrLongAct,BGTestAvgNumMeter,BGTestAvgNumPtRep,TSH,HbA1c,AutonomicNeuroCl,Pt_InsGov,NumPumpBolusOrShortAct,HbA1cImputeDtMnC,Pt_SHFlg,Pt_DKAFlg,bmi,bmiPerc,bmiZscore,GFR,diagAgeCombo,Pt_A1cGoalLev,Pt_A1cGoalLevelDsYr5
13760,0.0,0.0,0.0,0.0,0.0,0.0,0.0,97.0,61.0,6.0,17.8,108.6,0.0,4,2.0,1.0112359551,100.0,86.0,196.0,48.0,16.0,0.0,0.0,6.0,7.0,0.0,7.9,0.0,0.0,6.0,0.0,0.0,0.0,15.092471061,0.3043162274,-0.512026512,0.0,1.0,0.0,0.0
13760,27.0,0.0,0.0,0.0,0.0,0.0,0.0,99.0,58.0,11.0,20.0,117.2,0.0,5,3.0,1.0,93.0,66.0,171.0,61.0,0.0,0.0,0.0,0.0,11.0,0.0,7.5,0.0,0.0,0.0,13.809000000000001,0.0,0.0,14.560449161,0.205958339,-0.82052536,0.0,1.0,6.0,0.0
13760,0.0,0.0,0.0,0.0,0.0,0.0,0.0,0.0,0.0,10.0,22.3,121.6,0.0,6,4.0,1.0313901345,72.0,79.0,165.0,69.0,0.0,31.0,7.0,10.0,10.0,1.84,7.2,0.0,0.0,0.0,24.432,0.0,0.0,15.081262985,0.4027676418,-0.246189835,0.0,1.0,0.0,0.0
13760,0.0,0.0,0.0,0.0,0.0,0.0,0.0,91.0,53.0,6.0,24.6,127.4,0.0,7,5.0,0.0,0.0,0.0,0.0,0.0,0.0,31.0,6.0,6.0,10.0,0.0,7.5,0.0,0.0,0.0,36.05,0.0,0.0,15.156406724000002,0.3985020594,-0.257226253,0.0,1.0,0.0,0.0
13760,0.0,0.0,0.0,0.0,0.0,0.0,0.0,97.0,63.0,5.0,25.1,131.0,0.0,7,6.0,0.7968127490000001,0.0,0.0,0.0,0.0,0.0,31.0,8.0,5.0,5.0,0.0,6.4,0.0,0.0,0.0,46.506,0.0,0.0,14.626187285,0.2414361879,-0.7016902159999999,0.0,1.0,0.0,0.0
13760,0.0,0.0,0.0,0.0,0.0,0.0,0.0,97.0,59.0,10.0,28.9,140.0,0.0,8,7.0,0.8650519031,0.0,0.0,0.0,0.0,0.0,31.0,10.0,0.0,10.0,0.0,6.7,0.0,0.0,4.0,59.751000000000005,0.0,0.0,14.744897959000001,0.2307720247,-0.7363067329999999,0.0,1.0,0.0,0.0
13760,25.0,0.0,0.0,0.0,0.0,0.0,0.0,95.0,59.0,6.0,28.8,144.0,0.0,9,7.0,0.8680555556,96.0,78.0,0.0,100.0,0.0,31.0,11.0,6.0,6.0,1.79,6.1,0.0,0.0,0.0,67.187,0.0,0.0,13.888888889,0.043661776900000004,-1.709688158,0.0,1.0,0.0,0.0
