PtID,Pt_CGMUseNumDays,Pt_FatherT1D,Pt_MotherT1D,Pt_SiblingT1D,Pt_ChildT1D,Pt_GrandchildT1D,Pt_GrandparentT1D,BldPrSys,BldPrDia,SMBGperDayPtMeterCombo,WeightKg,HeightCm,DirectLDL,age,diabDur,TotalDailyInsPerKg,LDL,HDL,TotChol,Triglyc,BUN,AlbCreatRat_mggNew,UnitsInsBasalOrLongAct,BGTestAvgNumMeter,BGTestAvgNumPtRep,TSH,HbA1c,AutonomicNeuroCl,Pt_InsGov,NumPumpBolusOrShortAct,HbA1cImputeDtMnC,Pt_SHFlg,Pt_DKAFlg,bmi,bmiPerc,bmiZscore,GFR,diagAgeCombo,Pt_A1cGoalLev,Pt_A1cGoalLevelDsYr5
13772,0.0,0.0,0.0,0.0,0.0,0.0,0.0,140.0,95.0,2.0,101.15109851,180.34,0.0,28,15.0,0.9886200098000001,95.0,34.0,0.0,263.0,18.0,4.0,0.0,2.0,2.0,0.0,7.5,0.0,0.0,5.0,0.0,0.0,0.0,31.101867935,0.0,0.8879717571,0.0,13.0,0.0,0.0
13772,0.0,0.0,0.0,0.0,0.0,0.0,0.0,137.0,76.0,0.0,98.88313666,180.34,0.0,28,15.0,0.0,81.0,36.0,0.0,305.0,19.0,3.6,0.0,0.0,0.0,0.0,6.9,0.0,0.0,0.0,9.228,0.0,0.0,30.404516636,0.0,0.7504225737000001,0.0,13.0,0.0,0.0
13772,0.0,0.0,0.0,0.0,0.0,0.0,0.0,131.0,76.0,0.0,0.0,0.0,0.0,30,17.0,0.0,110.0,40.0,0.0,170.0,16.0,3.3,36.0,0.0,0.0,2.78,7.1,0.0,0.0,0.0,24.631,0.0,0.0,0.0,0.0,0.0,108.0,13.0,0.0,0.0
13772,0.0,0.0,0.0,0.0,0.0,0.0,0.0,129.0,80.0,0.0,95.25439770000001,175.26,0.0,31,18.0,0.0,0.0,0.0,0.0,0.0,0.0,10.1,36.0,0.0,0.0,2.78,6.9,0.0,0.0,0.0,35.585,0.0,0.0,31.011260601999997,0.0,0.5089831275,0.0,13.0,0.0,0.0
13772,0.0,0.0,0.0,0.0,0.0,0.0,0.0,137.0,77.0,2.0,48.08079122,175.26,0.0,32,19.0,1.7262611096,93.0,35.0,0.0,275.0,17.0,10.1,34.0,2.0,0.0,2.21,7.6,0.0,0.0,0.0,53.012,0.0,0.0,15.65330297,0.0,-1.71726613,0.0,13.0,0.0,0.0
13772,14.0,0.0,0.0,0.0,0.0,0.0,0.0,154.0,85.0,2.0,103.87265273,177.8,0.0,33,20.0,0.8471912259000001,0.0,0.0,0.0,0.0,0.0,8.4,37.0,2.0,2.0,0.0,7.2,0.0,0.0,3.0,63.468999999999994,0.0,0.0,32.857741579,0.0,0.776644167,0.0,13.0,0.0,0.0
13772,0.0,0.0,0.0,0.0,0.0,0.0,0.0,133.0,83.0,2.0,102.05828325,177.8,0.0,34,21.0,0.8230591121999999,0.0,26.0,198.0,464.0,18.0,8.4,38.0,2.0,0.0,1.95,7.2,0.0,0.0,0.0,71.369,0.0,0.0,32.283807228,0.0,0.6934481489000001,0.0,13.0,0.0,0.0
