PtID,Pt_CGMUseNumDays,Pt_FatherT1D,Pt_MotherT1D,Pt_SiblingT1D,Pt_ChildT1D,Pt_GrandchildT1D,Pt_GrandparentT1D,BldPrSys,BldPrDia,SMBGperDayPtMeterCombo,WeightKg,HeightCm,DirectLDL,age,diabDur,TotalDailyInsPerKg,LDL,HDL,TotChol,Triglyc,BUN,AlbCreatRat_mggNew,UnitsInsBasalOrLongAct,BGTestAvgNumMeter,BGTestAvgNumPtRep,TSH,HbA1c,AutonomicNeuroCl,Pt_InsGov,NumPumpBolusOrShortAct,HbA1cImputeDtMnC,Pt_SHFlg,Pt_DKAFlg,bmi,bmiPerc,bmiZscore,GFR,diagAgeCombo,Pt_A1cGoalLev,Pt_A1cGoalLevelDsYr5
13815,0.0,0.0,0.0,0.0,0.0,0.0,0.0,0.0,0.0,4.0,16.8,105.4,0.0,5,0.0,0.2678571429,0.0,0.0,0.0,0.0,15.0,0.0,0.0,0.0,4.0,0.0,10.9,0.0,0.0,5.0,-0.19899999999999998,0.0,0.0,15.122655538,0.49023890979999996,-0.024469866,0.0,4.0,0.0,0.0
13815,0.0,0.0,0.0,0.0,0.0,0.0,0.0,105.0,57.0,4.0,18.1,110.0,0.0,5,0.0,0.7182320442,0.0,0.0,0.0,0.0,17.0,0.0,0.0,4.0,4.0,0.0,9.4,0.0,0.0,0.0,8.73,0.0,0.0,14.958677686,0.43738647340000003,-0.157598803,0.0,4.0,7.5,0.0
13815,0.0,0.0,0.0,0.0,0.0,0.0,0.0,108.0,63.0,4.0,19.9,116.5,0.0,6,1.0,0.6532663317,55.0,63.0,136.0,89.0,0.0,6.5,6.0,4.0,0.0,2.1,8.0,0.0,0.0,0.0,21.51,0.0,0.0,14.662270442,0.3381044663,-0.417641934,0.0,4.0,0.0,0.0
13815,0.0,0.0,0.0,0.0,0.0,0.0,0.0,112.0,71.0,5.0,24.6,123.1,0.0,8,3.0,0.9349593495999999,64.0,84.0,161.0,65.0,13.0,0.0,8.0,5.0,0.0,1.95,8.8,0.0,0.0,10.0,36.846,0.0,0.0,16.233755521,0.5868268997,0.219390075,0.0,4.0,0.0,0.0
13815,0.0,0.0,0.0,0.0,0.0,0.0,0.0,105.0,64.0,6.0,28.4,132.6,0.0,9,4.0,0.8802816901,60.0,87.0,0.0,58.0,0.0,6.2,9.0,6.0,0.0,2.69,8.1,0.0,0.0,8.0,50.788000000000004,0.0,0.0,16.152185436,0.47426699240000003,-0.064547879,0.0,4.0,0.0,0.0
13815,27.0,0.0,0.0,0.0,0.0,0.0,0.0,117.0,76.0,3.0,34.92661249,142.24,0.0,10,5.0,0.9190699501,67.0,81.0,0.0,55.0,0.0,0.0,0.0,3.0,5.0,2.07,0.0,0.0,0.0,0.0,0.0,0.0,0.0,17.262869143,0.5704070104,0.1774104761,0.0,4.0,0.0,0.0
