PtID,Pt_CGMUseNumDays,Pt_FatherT1D,Pt_MotherT1D,Pt_SiblingT1D,Pt_ChildT1D,Pt_GrandchildT1D,Pt_GrandparentT1D,BldPrSys,BldPrDia,SMBGperDayPtMeterCombo,WeightKg,HeightCm,DirectLDL,age,diabDur,TotalDailyInsPerKg,LDL,HDL,TotChol,Triglyc,BUN,AlbCreatRat_mggNew,UnitsInsBasalOrLongAct,BGTestAvgNumMeter,BGTestAvgNumPtRep,TSH,HbA1c,AutonomicNeuroCl,Pt_InsGov,NumPumpBolusOrShortAct,HbA1cImputeDtMnC,Pt_SHFlg,Pt_DKAFlg,bmi,bmiPerc,bmiZscore,GFR,diagAgeCombo,Pt_A1cGoalLev,Pt_A1cGoalLevelDsYr5
13818,0.0,0.0,0.0,0.0,0.0,0.0,0.0,141.0,71.0,4.0,92.07925111,177.292,0.0,61,13.0,0.6190319677,116.0,64.0,203.0,118.0,16.0,5.0,0.0,0.0,4.0,0.0,8.1,1.0,0.0,4.0,0.033,0.0,0.0,29.294325306999998,0.0,0.0751675569,0.0,47.0,0.0,0.0
13818,0.0,0.0,0.0,0.0,0.0,0.0,0.0,122.0,60.0,5.0,92.215328821,176.53,0.0,61,14.0,0.596430124,0.0,0.0,0.0,0.0,0.0,0.0,0.0,0.0,5.0,0.0,8.2,1.0,0.0,0.0,10.423,0.0,0.0,29.591438443,0.0,0.1318042176,0.0,47.0,7.9,0.0
13818,0.0,0.0,0.0,0.0,0.0,0.0,0.0,140.0,68.0,0.0,98.2,179.1,0.0,63,15.0,0.0,78.0,64.0,0.0,136.0,14.0,5.8,33.0,0.0,0.0,1.37,7.5,1.0,0.0,0.0,23.668000000000003,0.0,0.0,30.614016793,0.0,0.326731388,0.0,47.0,0.0,0.0
13818,0.0,0.0,0.0,0.0,0.0,0.0,0.0,125.0,59.0,0.0,97.0,177.8,0.0,64,16.0,0.5670103093,69.0,77.0,180.0,173.0,20.0,9.0,33.0,0.0,0.0,1.68,7.1,1.0,0.0,0.0,36.714,0.0,0.0,30.683734837,0.0,0.3400212656,56.0,47.0,0.0,0.0
13818,0.0,0.0,0.0,0.0,0.0,0.0,0.0,142.0,70.0,0.0,94.8,177.8,0.0,65,17.0,0.5485232068,0.0,0.0,0.0,0.0,0.0,10.9,33.0,0.0,0.0,1.68,7.0,1.0,0.0,19.0,47.833999999999996,0.0,0.0,29.987815078,0.0,0.2073628052,52.0,47.0,0.0,0.0
13818,0.0,0.0,0.0,0.0,0.0,0.0,0.0,161.0,74.0,4.0,0.0,0.0,0.0,65,18.0,0.0,78.0,83.0,178.0,86.0,15.0,10.9,33.0,4.0,4.0,1.82,8.1,1.0,0.0,1.0,56.996,0.0,0.0,0.0,0.0,0.0,0.0,47.0,0.0,0.0
13818,28.0,0.0,0.0,0.0,0.0,0.0,0.0,149.0,70.0,3.0,92.7,179.1,0.0,66,19.0,0.5070118661999999,80.0,81.0,0.0,119.0,0.0,13.0,33.0,3.0,4.0,1.41,8.1,1.0,0.0,4.0,66.523,0.0,0.0,28.899382450999997,0.0,-0.000117719,0.0,47.0,0.0,0.0
13818,0.0,0.0,0.0,0.0,0.0,0.0,0.0,134.0,67.0,4.0,87.7,179.1,0.0,67,20.0,0.4561003421,0.0,0.0,0.0,0.0,0.0,13.0,30.0,4.0,0.0,1.41,7.4,1.0,0.0,3.0,76.515,0.0,0.0,27.340623959000002,0.0,-0.29725327100000004,0.0,47.0,0.0,0.0
