PtID,Pt_CGMUseNumDays,Pt_FatherT1D,Pt_MotherT1D,Pt_SiblingT1D,Pt_ChildT1D,Pt_GrandchildT1D,Pt_GrandparentT1D,BldPrSys,BldPrDia,SMBGperDayPtMeterCombo,WeightKg,HeightCm,DirectLDL,age,diabDur,TotalDailyInsPerKg,LDL,HDL,TotChol,Triglyc,BUN,AlbCreatRat_mggNew,UnitsInsBasalOrLongAct,BGTestAvgNumMeter,BGTestAvgNumPtRep,TSH,HbA1c,AutonomicNeuroCl,Pt_InsGov,NumPumpBolusOrShortAct,HbA1cImputeDtMnC,Pt_SHFlg,Pt_DKAFlg,bmi,bmiPerc,bmiZscore,GFR,diagAgeCombo,Pt_A1cGoalLev,Pt_A1cGoalLevelDsYr5
13819,0.0,0.0,0.0,0.0,0.0,0.0,0.0,126.0,59.0,9.0,65.5,161.1,0.0,16,8.0,1.0076335878,99.0,58.0,191.0,169.0,9.0,39.4,0.0,9.0,6.0,0.0,7.9,0.0,0.0,6.0,-0.299,0.0,0.0,25.237725891999997,0.8732689748,1.14198068,0.0,7.0,0.0,0.0
13819,0.0,0.0,0.0,0.0,0.0,0.0,0.0,114.0,71.0,5.0,64.2,161.8,0.0,17,9.0,0.5295950156,114.0,72.0,203.0,86.0,0.0,19.1,0.0,5.0,4.0,0.0,9.7,0.0,0.0,0.0,11.850999999999999,0.0,0.0,24.523248191999997,0.8196283261,0.9139495648999999,0.0,7.0,7.0,0.0
13819,0.0,0.0,0.0,0.0,0.0,0.0,0.0,112.0,73.0,1.0,60.5,162.3,0.0,18,10.0,0.8760330579000001,136.0,56.0,225.0,167.0,0.0,0.0,30.0,1.0,0.0,1.77,10.3,0.0,0.0,0.0,24.631,0.0,0.0,22.967743796999997,0.6844760871,0.4802525482,0.0,7.0,0.0,0.0
13819,0.0,0.0,0.0,0.0,0.0,0.0,0.0,112.0,70.0,1.0,66.5,162.3,0.0,19,11.0,0.9473684211,147.0,67.0,237.0,115.0,0.0,0.0,0.0,1.0,0.0,0.89,10.3,0.0,0.0,0.0,38.739000000000004,0.0,0.0,25.24553657,0.8135230825,0.8909540256,0.0,7.0,0.0,0.0
13819,0.0,0.0,0.0,0.0,0.0,0.0,0.0,109.0,57.0,3.0,71.3,162.5,0.0,20,12.0,0.9396914446,128.0,55.0,209.0,132.0,0.0,0.0,36.0,3.0,0.0,1.45,9.6,0.0,0.0,0.0,51.253,0.0,0.0,27.001183431999998,0.8680993206000001,0.027127223199999998,0.0,7.0,0.0,0.0
13819,0.0,0.0,0.0,0.0,0.0,0.0,0.0,127.0,79.0,3.0,71.3,162.3,0.0,21,13.0,0.8415147265,87.0,49.0,175.0,194.0,0.0,0.0,36.0,3.0,0.0,1.13,10.0,0.0,0.0,0.0,57.295,0.0,0.0,27.067770789,0.0,0.0361057463,0.0,7.0,0.0,0.0
