PtID,Pt_CGMUseNumDays,Pt_FatherT1D,Pt_MotherT1D,Pt_SiblingT1D,Pt_ChildT1D,Pt_GrandchildT1D,Pt_GrandparentT1D,BldPrSys,BldPrDia,SMBGperDayPtMeterCombo,WeightKg,HeightCm,DirectLDL,age,diabDur,TotalDailyInsPerKg,LDL,HDL,TotChol,Triglyc,BUN,AlbCreatRat_mggNew,UnitsInsBasalOrLongAct,BGTestAvgNumMeter,BGTestAvgNumPtRep,TSH,HbA1c,AutonomicNeuroCl,Pt_InsGov,NumPumpBolusOrShortAct,HbA1cImputeDtMnC,Pt_SHFlg,Pt_DKAFlg,bmi,bmiPerc,bmiZscore,GFR,diagAgeCombo,Pt_A1cGoalLev,Pt_A1cGoalLevelDsYr5
13902,0.0,0.0,0.0,0.0,0.0,0.0,0.0,100.0,67.0,5.0,81.10231575600001,183.642,0.0,16,1.0,0.9370879153,0.0,0.0,0.0,0.0,0.0,0.0,0.0,0.0,5.0,0.0,6.3,0.0,0.0,0.0,0.0,0.0,0.0,24.048568348000003,0.8430961708,1.0072645547,0.0,15.0,0.0,0.0
13902,0.0,0.0,0.0,0.0,0.0,0.0,0.0,122.0,77.0,4.0,94.0,186.0,0.0,18,3.0,0.6170212766,89.0,49.0,152.0,69.0,0.0,0.0,0.0,4.0,4.0,0.0,7.3,0.0,0.0,0.0,19.22,0.0,0.0,27.170771187,0.9110821963,1.3474491891,0.0,15.0,0.0,0.0
13902,0.0,0.0,0.0,0.0,0.0,0.0,0.0,109.0,70.0,5.0,89.0,187.0,0.0,19,4.0,0.6966292135,0.0,0.0,0.0,0.0,0.0,0.0,38.0,5.0,0.0,0.0,6.7,0.0,0.0,4.0,29.212,0.0,0.0,25.451113844,0.7991269044,0.8385066915999999,0.0,15.0,0.0,0.0
13902,0.0,0.0,0.0,0.0,0.0,0.0,0.0,119.0,74.0,5.0,103.0,186.0,0.0,19,4.0,0.9514563106999999,0.0,0.0,0.0,0.0,0.0,0.0,38.0,5.0,0.0,0.0,7.3,0.0,0.0,4.0,38.573,0.0,0.0,29.772228003000002,0.9512338734,1.6569368009,0.0,15.0,0.0,0.0
13902,0.0,0.0,0.0,0.0,0.0,0.0,0.0,115.0,71.0,0.0,102.0,186.0,0.0,21,5.0,0.37254901960000003,0.0,0.0,0.0,0.0,0.0,0.0,0.0,0.0,0.0,0.0,9.4,0.0,0.0,0.0,52.714,0.0,0.0,29.483177246,0.0,0.5686928186,0.0,15.0,0.0,0.0
