PtID,Pt_CGMUseNumDays,Pt_FatherT1D,Pt_MotherT1D,Pt_SiblingT1D,Pt_ChildT1D,Pt_GrandchildT1D,Pt_GrandparentT1D,BldPrSys,BldPrDia,SMBGperDayPtMeterCombo,WeightKg,HeightCm,DirectLDL,age,diabDur,TotalDailyInsPerKg,LDL,HDL,TotChol,Triglyc,BUN,AlbCreatRat_mggNew,UnitsInsBasalOrLongAct,BGTestAvgNumMeter,BGTestAvgNumPtRep,TSH,HbA1c,AutonomicNeuroCl,Pt_InsGov,NumPumpBolusOrShortAct,HbA1cImputeDtMnC,Pt_SHFlg,Pt_DKAFlg,bmi,bmiPerc,bmiZscore,GFR,diagAgeCombo,Pt_A1cGoalLev,Pt_A1cGoalLevelDsYr5
13943,0.0,0.0,0.0,0.0,0.0,0.0,0.0,98.0,57.0,5.0,28.5,133.0,0.0,8,2.0,0.6666666667,87.0,37.0,134.0,52.0,17.0,0.0,0.0,0.0,5.0,0.0,7.4,0.0,0.0,6.0,0.0,0.0,0.0,16.111707840999998,0.5629535167,0.1584617402,0.0,5.0,0.0,0.0
13943,0.0,0.0,0.0,0.0,0.0,0.0,0.0,102.0,68.0,6.0,32.7,140.9,0.0,9,3.0,0.7645259939,0.0,0.0,0.0,0.0,0.0,0.0,0.0,0.0,6.0,0.0,7.4,0.0,0.0,6.0,13.61,0.0,0.0,16.471219943,0.5351303922,0.0881729509,0.0,5.0,7.5,0.0
13943,0.0,0.0,0.0,0.0,0.0,0.0,0.0,91.0,60.0,7.0,37.6,148.4,0.0,10,4.0,0.7978723404000001,0.0,0.0,0.0,0.0,0.0,0.0,15.0,7.0,5.0,1.97,7.1,0.0,0.0,15.0,25.228,0.0,0.0,17.073401094,0.5398391045,0.1000283843,0.0,5.0,0.0,0.0
13943,0.0,0.0,0.0,0.0,0.0,0.0,0.0,99.0,65.0,4.0,42.1,156.1,0.0,10,5.0,0.973871734,0.0,0.0,0.0,0.0,0.0,0.0,14.0,4.0,4.0,0.0,7.1,0.0,0.0,27.0,35.452,0.0,0.0,17.277316525,0.5726797115,0.1832006595,0.0,5.0,0.0,0.0
13943,0.0,0.0,0.0,0.0,0.0,0.0,0.0,105.0,59.0,0.0,51.8,165.5,0.0,11,6.0,0.8301158301,0.0,0.0,0.0,0.0,0.0,0.0,22.0,0.0,0.0,1.72,7.3,0.0,0.0,21.0,47.303000000000004,0.0,0.0,18.911839067,0.69801534,0.5187009199,0.0,5.0,0.0,0.0
13943,0.0,0.0,0.0,0.0,0.0,0.0,0.0,107.0,70.0,7.0,60.9,170.4,0.0,12,7.0,0.7060755337000001,0.0,0.0,0.0,0.0,0.0,0.0,28.0,7.0,7.0,1.81,7.0,0.0,0.0,6.0,59.618,0.0,0.0,20.973847782,0.8077027862,0.8694621033,0.0,5.0,0.0,0.0
13943,0.0,0.0,0.0,0.0,0.0,0.0,0.0,113.0,61.0,6.0,64.8,171.4,0.0,13,8.0,0.7407407407,0.0,0.0,0.0,0.0,0.0,0.0,28.0,6.0,0.0,0.0,8.7,0.0,0.0,6.0,67.751,0.0,0.0,22.057351838000002,0.8248896645,0.9341613468000001,0.0,5.0,0.0,0.0
13943,0.0,0.0,0.0,0.0,0.0,0.0,0.0,119.0,63.0,6.0,68.2,174.0,0.0,14,8.0,0.6906158358,0.0,0.0,0.0,0.0,0.0,0.0,28.2,6.0,6.0,1.69,8.0,0.0,0.0,6.0,77.743,0.0,0.0,22.526093275,0.8088457868000001,0.8736508475,0.0,5.0,0.0,0.0
