PtID,Pt_CGMUseNumDays,Pt_FatherT1D,Pt_MotherT1D,Pt_SiblingT1D,Pt_ChildT1D,Pt_GrandchildT1D,Pt_GrandparentT1D,BldPrSys,BldPrDia,SMBGperDayPtMeterCombo,WeightKg,HeightCm,DirectLDL,age,diabDur,TotalDailyInsPerKg,LDL,HDL,TotChol,Triglyc,BUN,AlbCreatRat_mggNew,UnitsInsBasalOrLongAct,BGTestAvgNumMeter,BGTestAvgNumPtRep,TSH,HbA1c,AutonomicNeuroCl,Pt_InsGov,NumPumpBolusOrShortAct,HbA1cImputeDtMnC,Pt_SHFlg,Pt_DKAFlg,bmi,bmiPerc,bmiZscore,GFR,diagAgeCombo,Pt_A1cGoalLev,Pt_A1cGoalLevelDsYr5
13990,2.0,0.0,0.0,0.0,0.0,0.0,0.0,108.0,60.0,7.0,0.0,0.0,0.0,54,45.0,0.0,106.0,82.0,198.0,82.0,19.0,6.8,0.0,0.0,7.0,0.0,7.8,0.0,0.0,4.0,-2.755,0.0,0.0,0.0,0.0,0.0,0.0,9.0,0.0,0.0
13990,0.0,0.0,0.0,0.0,0.0,0.0,0.0,110.0,74.0,6.0,63.639009511000005,161.29,0.0,55,46.0,0.5028362359,92.0,80.0,0.0,28.0,21.0,6.2,0.0,0.0,6.0,0.0,7.1,0.0,0.0,0.0,13.51,0.0,0.0,24.462933108,0.0,-0.48714223700000003,0.0,9.0,6.5,0.0
13990,0.0,0.0,0.0,0.0,0.0,0.0,0.0,134.0,75.0,0.0,63.04933943,160.02,0.0,57,48.0,0.0,0.0,0.0,0.0,0.0,9.0,22.5,0.0,0.0,0.0,0.0,7.5,0.0,0.0,0.0,35.32,0.0,0.0,24.622492206999997,0.0,-0.470733776,0.0,9.0,0.0,0.0
13990,0.0,0.0,0.0,0.0,0.0,0.0,0.0,105.0,59.0,10.0,63.95652417,160.02,0.0,58,49.0,0.0,0.0,0.0,0.0,0.0,25.0,22.5,0.0,0.0,10.0,0.0,7.0,0.0,0.0,0.0,45.676,0.0,0.0,24.97677267,0.0,-0.434300898,0.0,9.0,0.0,0.0
13990,0.0,0.0,0.0,0.0,0.0,0.0,0.0,115.0,64.0,6.0,65.77089365,160.02,0.0,59,50.0,0.45612881829999996,0.0,0.0,0.0,0.0,30.0,14.7,16.0,0.0,6.0,0.0,6.9,0.0,0.0,0.0,56.896,0.0,0.0,25.685333597,0.0,-0.361435144,50.0,9.0,0.0,0.0
13990,30.0,0.0,0.0,0.0,0.0,0.0,0.0,125.0,70.0,7.0,63.5029318,160.02,0.0,60,51.0,0.0,60.0,80.0,0.0,57.0,24.0,9.4,0.0,0.0,7.0,0.99,7.4,0.0,0.0,0.0,70.141,0.0,0.0,24.799632439,0.0,-0.596330455,0.0,9.0,0.0,0.0
13990,0.0,0.0,0.0,0.0,0.0,0.0,0.0,118.0,60.0,7.0,68.03885550000001,160.02,1.0,61,52.0,0.0,64.0,0.0,0.0,0.0,23.0,9.4,0.0,0.0,7.0,0.0,7.1,0.0,0.0,0.0,84.315,0.0,0.0,26.571034756,0.0,-0.37627623299999996,0.0,9.0,0.0,0.0
