PtID,Pt_CGMUseNumDays,Pt_FatherT1D,Pt_MotherT1D,Pt_SiblingT1D,Pt_ChildT1D,Pt_GrandchildT1D,Pt_GrandparentT1D,BldPrSys,BldPrDia,SMBGperDayPtMeterCombo,WeightKg,HeightCm,DirectLDL,age,diabDur,TotalDailyInsPerKg,LDL,HDL,TotChol,Triglyc,BUN,AlbCreatRat_mggNew,UnitsInsBasalOrLongAct,BGTestAvgNumMeter,BGTestAvgNumPtRep,TSH,HbA1c,AutonomicNeuroCl,Pt_InsGov,NumPumpBolusOrShortAct,HbA1cImputeDtMnC,Pt_SHFlg,Pt_DKAFlg,bmi,bmiPerc,bmiZscore,GFR,diagAgeCombo,Pt_A1cGoalLev,Pt_A1cGoalLevelDsYr5
13,0.0,0.0,0.0,0.0,0.0,0.0,0.0,133.0,84.0,0.0,70.533613535,164.084,0.0,33,28.0,0.581283135,66.0,68.0,147.0,65.0,12.0,2.1,0.0,0.0,0.0,0.0,7.5,0.0,0.0,2.0,0.0,0.0,0.0,26.197730169,0.0,-0.19524807100000002,0.0,4.0,0.0,0.0
13,0.0,0.0,0.0,0.0,0.0,0.0,0.0,113.0,73.0,2.0,73.5,164.084,0.0,34,30.0,0.0,78.0,70.0,160.0,62.0,10.0,2.4,0.0,2.0,0.0,0.0,7.5,0.0,0.0,0.0,16.83,0.0,0.0,27.299511126,0.0,-0.06887527,0.0,4.0,0.0,0.0
13,0.0,0.0,0.0,0.0,0.0,0.0,0.0,143.0,91.0,5.0,79.5,164.0,0.0,36,32.0,0.8176100629,78.0,68.0,206.0,299.0,13.0,8.1,20.0,5.0,0.0,3.72,7.3,0.0,0.0,5.0,44.016999999999996,0.0,0.0,29.558298632,0.0,0.190204633,0.0,4.0,0.0,0.0
13,0.0,0.0,0.0,0.0,0.0,0.0,0.0,128.0,80.0,0.0,88.5,164.0,0.0,38,33.0,0.6553672316,112.0,70.0,200.0,91.0,9.0,20.1,23.0,0.0,0.0,1.14,7.1,0.0,0.0,0.0,57.925,0.0,0.0,32.904521118000005,0.0,0.5740118724000001,0.0,4.0,0.0,0.0
13,18.0,0.0,0.0,0.0,0.0,0.0,0.0,128.0,82.0,7.0,74.0,164.0,0.0,39,35.0,0.5675675675999999,82.0,58.0,156.0,81.0,7.0,18.2,18.0,7.0,12.0,2.44,7.1,0.0,0.0,4.0,73.992,0.0,0.0,27.51338489,0.0,-0.044344235999999995,84.0,4.0,0.0,0.0
13,0.0,0.0,0.0,0.0,0.0,0.0,0.0,125.0,79.0,7.0,68.0,164.0,0.0,39,35.0,0.43382352939999996,83.0,66.0,159.0,52.0,8.0,0.0,17.5,7.0,0.0,1.78,6.5,0.0,0.0,4.0,83.021,0.0,0.0,25.282569899000002,0.0,-0.300215728,92.0,4.0,0.0,0.0
