PtID,Pt_CGMUseNumDays,Pt_FatherT1D,Pt_MotherT1D,Pt_SiblingT1D,Pt_ChildT1D,Pt_GrandchildT1D,Pt_GrandparentT1D,BldPrSys,BldPrDia,SMBGperDayPtMeterCombo,WeightKg,HeightCm,DirectLDL,age,diabDur,TotalDailyInsPerKg,LDL,HDL,TotChol,Triglyc,BUN,AlbCreatRat_mggNew,UnitsInsBasalOrLongAct,BGTestAvgNumMeter,BGTestAvgNumPtRep,TSH,HbA1c,AutonomicNeuroCl,Pt_InsGov,NumPumpBolusOrShortAct,HbA1cImputeDtMnC,Pt_SHFlg,Pt_DKAFlg,bmi,bmiPerc,bmiZscore,GFR,diagAgeCombo,Pt_A1cGoalLev,Pt_A1cGoalLevelDsYr5
14038,0.0,0.0,0.0,0.0,0.0,0.0,0.0,98.0,56.0,2.0,32.1,145.2,0.0,10,1.0,0.43613707170000005,75.0,54.0,140.0,29.0,17.0,16.9,0.0,2.0,6.0,0.0,7.4,0.0,0.0,5.0,0.033,0.0,0.0,15.225508276,0.2029669002,-0.831070506,0.0,8.0,0.0,0.0
14038,0.0,0.0,0.0,0.0,0.0,0.0,0.0,110.0,64.0,6.0,39.6,153.7,0.0,11,2.0,0.37878787880000003,0.0,0.0,0.0,0.0,0.0,0.0,0.0,6.0,7.0,0.0,8.2,0.0,0.0,0.0,16.762999999999998,0.0,0.0,16.762834257,0.4211444327,-0.19896660800000002,0.0,8.0,7.5,0.0
14038,0.0,0.0,0.0,0.0,0.0,0.0,0.0,112.0,60.0,6.0,50.4,165.2,0.0,12,3.0,1.0317460317,81.0,55.0,0.0,48.0,0.0,28.2,16.0,6.0,8.0,1.2,8.2,0.0,0.0,0.0,29.71,0.0,0.0,18.467599622,0.6075391164,0.2729108224,0.0,8.0,0.0,0.0
14038,0.0,0.0,0.0,0.0,0.0,0.0,0.0,100.0,70.0,4.0,56.7,172.1,0.0,13,4.0,0.9347442681,87.0,47.0,0.0,71.0,0.0,28.2,22.0,4.0,6.0,1.3,7.3,0.0,0.0,0.0,39.801,0.0,0.0,19.143498925,0.6048926871,0.26603192010000004,0.0,8.0,0.0,0.0
14038,0.0,0.0,0.0,0.0,0.0,0.0,0.0,112.0,70.0,5.0,62.4,178.3,0.0,14,5.0,0.9294871795,0.0,0.0,0.0,0.0,0.0,28.2,25.0,5.0,5.0,1.98,7.7,0.0,0.0,0.0,51.12,0.0,0.0,19.628264575,0.5734964327000001,0.1852829192,0.0,8.0,0.0,0.0
14038,0.0,0.0,0.0,0.0,0.0,0.0,0.0,106.0,62.0,4.0,64.7,181.0,0.0,15,6.0,0.7573415765000001,43.0,39.0,0.0,73.0,0.0,146.3,30.0,4.0,4.0,1.95,8.3,0.0,0.0,0.0,62.075,0.0,0.0,19.749091908,0.48812043509999997,-0.029782055,0.0,8.0,0.0,0.0
14038,0.0,0.0,0.0,0.0,0.0,0.0,0.0,104.0,66.0,3.0,65.0,181.4,0.0,16,7.0,0.7538461538,74.0,53.0,0.0,54.0,0.0,146.3,23.0,3.0,0.0,3.58,7.7,0.0,0.0,0.0,75.585,0.0,0.0,19.753260504,0.38269962890000003,-0.298398206,0.0,8.0,0.0,0.0
