PtID,Pt_CGMUseNumDays,Pt_FatherT1D,Pt_MotherT1D,Pt_SiblingT1D,Pt_ChildT1D,Pt_GrandchildT1D,Pt_GrandparentT1D,BldPrSys,BldPrDia,SMBGperDayPtMeterCombo,WeightKg,HeightCm,DirectLDL,age,diabDur,TotalDailyInsPerKg,LDL,HDL,TotChol,Triglyc,BUN,AlbCreatRat_mggNew,UnitsInsBasalOrLongAct,BGTestAvgNumMeter,BGTestAvgNumPtRep,TSH,HbA1c,AutonomicNeuroCl,Pt_InsGov,NumPumpBolusOrShortAct,HbA1cImputeDtMnC,Pt_SHFlg,Pt_DKAFlg,bmi,bmiPerc,bmiZscore,GFR,diagAgeCombo,Pt_A1cGoalLev,Pt_A1cGoalLevelDsYr5
14039,7.0,0.0,0.0,0.0,0.0,0.0,0.0,103.0,62.0,5.0,17.1,102.4,0.0,4,1.0,0.5263157895,0.0,0.0,0.0,0.0,0.0,0.0,0.0,0.0,5.0,0.0,7.5,0.0,0.0,0.0,-3.22,0.0,0.0,16.307830811,0.7128551914,0.5617452239999999,0.0,2.0,0.0,0.0
14039,0.0,0.0,0.0,0.0,0.0,0.0,0.0,94.0,46.0,8.0,20.0,111.6,0.0,5,2.0,0.6,0.0,0.0,0.0,0.0,0.0,0.0,0.0,0.0,8.0,0.0,7.0,0.0,0.0,0.0,12.979000000000001,0.0,0.0,16.058375406,0.6931743704000001,0.5048684156000001,0.0,2.0,7.5,0.0
14039,0.0,0.0,0.0,0.0,0.0,0.0,0.0,110.0,58.0,0.0,22.5,118.5,0.0,6,3.0,0.7555555556,0.0,0.0,0.0,0.0,0.0,0.0,7.0,0.0,0.0,0.0,7.1,0.0,0.0,0.0,25.095,0.0,0.0,16.023073225,0.6783197214,0.46300531520000004,0.0,2.0,0.0,0.0
14039,0.0,0.0,0.0,0.0,0.0,0.0,0.0,102.0,67.0,0.0,25.3,123.1,0.0,6,4.0,0.8695652173999999,0.0,0.0,0.0,0.0,0.0,0.0,7.0,0.0,0.0,0.0,6.9,0.0,0.0,0.0,34.158,0.0,0.0,16.695691654,0.808352911,0.8718427339,0.0,2.0,0.0,0.0
14039,0.0,0.0,0.0,0.0,0.0,0.0,0.0,96.0,68.0,15.0,26.1,128.6,0.0,7,5.0,0.6513409962,63.0,61.0,163.0,195.0,0.0,0.0,8.0,0.0,15.0,1.57,7.2,0.0,0.0,0.0,44.11600000000001,0.0,0.0,15.781873942999999,0.5744207584000001,0.1876404905,0.0,2.0,0.0,0.0
14039,0.0,0.0,0.0,0.0,0.0,0.0,0.0,113.0,62.0,11.0,30.8,135.1,0.0,8,5.0,0.8441558442,0.0,0.0,0.0,0.0,13.0,0.0,10.0,0.0,11.0,0.0,7.4,0.0,0.0,6.0,53.443999999999996,0.0,0.0,16.874853783,0.7256126509999999,0.5995972234,0.0,2.0,0.0,0.0
14039,0.0,0.0,0.0,0.0,0.0,0.0,0.0,107.0,60.0,7.0,33.8,140.1,0.0,9,6.0,0.7692307692,0.0,0.0,0.0,0.0,0.0,0.0,10.0,0.0,7.0,0.0,7.7,0.0,0.0,9.0,66.689,0.0,0.0,17.220288761,0.7001978023000001,0.5249694976,0.0,2.0,0.0,0.0
