PtID,Pt_CGMUseNumDays,Pt_FatherT1D,Pt_MotherT1D,Pt_SiblingT1D,Pt_ChildT1D,Pt_GrandchildT1D,Pt_GrandparentT1D,BldPrSys,BldPrDia,SMBGperDayPtMeterCombo,WeightKg,HeightCm,DirectLDL,age,diabDur,TotalDailyInsPerKg,LDL,HDL,TotChol,Triglyc,BUN,AlbCreatRat_mggNew,UnitsInsBasalOrLongAct,BGTestAvgNumMeter,BGTestAvgNumPtRep,TSH,HbA1c,AutonomicNeuroCl,Pt_InsGov,NumPumpBolusOrShortAct,HbA1cImputeDtMnC,Pt_SHFlg,Pt_DKAFlg,bmi,bmiPerc,bmiZscore,GFR,diagAgeCombo,Pt_A1cGoalLev,Pt_A1cGoalLevelDsYr5
14051,0.0,0.0,0.0,0.0,0.0,0.0,0.0,80.0,42.0,4.0,44.45205226,149.0,0.0,10,0.0,0.4049306856,0.0,0.0,0.0,0.0,0.0,0.0,0.0,4.0,6.0,0.0,5.6,0.0,1.0,0.0,0.0,0.0,0.0,20.022545047999998,0.8874080041,1.2128583240000002,0.0,9.0,0.0,0.0
14051,0.0,0.0,0.0,0.0,0.0,0.0,0.0,112.0,60.0,6.0,49.8,151.7,0.0,11,1.0,0.5421686747,83.0,56.0,153.0,71.0,17.0,31.0,0.0,6.0,6.0,0.0,6.2,0.0,1.0,0.0,9.494,0.0,0.0,21.640046079,0.9151641156,1.3732592408000002,0.0,9.0,0.0,0.0
14051,0.0,0.0,0.0,0.0,0.0,0.0,0.0,103.0,58.0,7.0,62.2,164.0,0.0,12,3.0,0.6752411576,0.0,60.0,126.0,36.0,16.0,31.0,13.0,7.0,0.0,0.88,7.1,0.0,0.0,3.0,25.129,0.0,0.0,23.126115406999997,0.9298368607999999,1.4745770883000002,0.0,9.0,0.0,0.0
14051,0.0,0.0,0.0,0.0,0.0,0.0,0.0,110.0,78.0,5.0,68.8,172.2,0.0,13,4.0,0.6686046512,70.0,48.0,136.0,88.0,19.0,29.9,12.0,5.0,0.0,1.8,8.9,0.0,0.0,4.0,39.602,0.0,0.0,23.201824850999998,0.9074833949,1.3254160089,0.0,9.0,0.0,0.0
14051,0.0,0.0,0.0,0.0,0.0,0.0,0.0,117.0,73.0,5.0,80.4,176.5,0.0,14,5.0,0.7960199004999999,61.0,55.0,127.0,57.0,13.0,29.9,14.0,5.0,0.0,1.1,8.8,0.0,0.0,5.0,50.988,0.0,0.0,25.808729706999998,0.9468858262000001,1.615380375,0.0,9.0,0.0,0.0
14051,0.0,0.0,0.0,0.0,0.0,0.0,0.0,137.0,71.0,3.0,83.823869976,178.308,0.0,15,6.0,0.7635056698999999,71.0,47.0,0.0,63.0,17.0,31.0,17.0,3.0,4.0,0.72,8.7,0.0,1.0,4.0,65.627,0.0,0.0,26.364895236,0.9428685797,1.579319285,0.0,9.0,0.0,0.0
