PtID,Pt_CGMUseNumDays,Pt_FatherT1D,Pt_MotherT1D,Pt_SiblingT1D,Pt_ChildT1D,Pt_GrandchildT1D,Pt_GrandparentT1D,BldPrSys,BldPrDia,SMBGperDayPtMeterCombo,WeightKg,HeightCm,DirectLDL,age,diabDur,TotalDailyInsPerKg,LDL,HDL,TotChol,Triglyc,BUN,AlbCreatRat_mggNew,UnitsInsBasalOrLongAct,BGTestAvgNumMeter,BGTestAvgNumPtRep,TSH,HbA1c,AutonomicNeuroCl,Pt_InsGov,NumPumpBolusOrShortAct,HbA1cImputeDtMnC,Pt_SHFlg,Pt_DKAFlg,bmi,bmiPerc,bmiZscore,GFR,diagAgeCombo,Pt_A1cGoalLev,Pt_A1cGoalLevelDsYr5
14082,0.0,0.0,0.0,0.0,0.0,0.0,0.0,120.0,74.0,6.0,69.39963261,170.18,0.0,43,3.0,0.4610975418,75.0,79.0,0.0,0.0,20.0,4.0,0.0,0.0,6.0,0.0,7.5,0.0,0.0,0.0,0.0,0.0,0.0,23.962941788000002,0.0,-0.41428735299999997,0.0,39.0,0.0,0.0
14082,0.0,0.0,0.0,0.0,0.0,0.0,0.0,0.0,0.0,6.0,72.5747792,170.18,0.0,44,4.0,0.4684823071,74.0,75.0,0.0,67.0,0.0,0.0,0.0,0.0,6.0,0.0,6.9,0.0,0.0,0.0,6.938,0.0,0.0,25.05928553,0.0,-0.316337031,0.0,39.0,6.5,0.0
14082,0.0,0.0,0.0,0.0,0.0,0.0,0.0,122.0,71.0,10.0,72.48406072600001,170.18,0.0,45,5.0,0.4966609161,77.0,67.0,160.0,81.0,12.0,12.0,14.0,10.0,10.0,3.16,6.6,0.0,0.0,0.0,20.448,0.0,0.0,25.027961423,0.0,-0.31913561100000004,86.0,39.0,0.0,0.0
14082,0.0,0.0,0.0,0.0,0.0,0.0,0.0,115.0,75.0,8.0,0.0,0.0,0.0,46,6.0,0.0,80.0,70.0,167.0,86.0,17.0,7.0,15.0,8.0,0.0,0.6,0.0,0.0,0.0,13.0,0.0,0.0,0.0,0.0,0.0,0.0,91.0,39.0,0.0,0.0
14082,0.0,0.0,0.0,0.0,0.0,0.0,0.0,109.0,70.0,10.0,0.0,0.0,0.0,47,8.0,0.0,84.0,64.0,169.0,106.0,15.0,7.0,0.0,10.0,0.0,0.6,7.5,0.0,0.0,0.0,50.523,0.0,0.0,0.0,0.0,0.0,0.0,39.0,0.0,0.0
14082,0.0,0.0,0.0,0.0,0.0,0.0,0.0,118.0,81.0,10.0,85.0,170.0,0.0,48,9.0,0.0,105.0,79.0,200.0,82.0,12.0,7.0,0.0,10.0,0.0,2.8,7.9,0.0,0.0,0.0,63.303000000000004,0.0,0.0,29.411764706,0.0,0.0725252597,0.0,39.0,0.0,0.0
