PtID,Pt_CGMUseNumDays,Pt_FatherT1D,Pt_MotherT1D,Pt_SiblingT1D,Pt_ChildT1D,Pt_GrandchildT1D,Pt_GrandparentT1D,BldPrSys,BldPrDia,SMBGperDayPtMeterCombo,WeightKg,HeightCm,DirectLDL,age,diabDur,TotalDailyInsPerKg,LDL,HDL,TotChol,Triglyc,BUN,AlbCreatRat_mggNew,UnitsInsBasalOrLongAct,BGTestAvgNumMeter,BGTestAvgNumPtRep,TSH,HbA1c,AutonomicNeuroCl,Pt_InsGov,NumPumpBolusOrShortAct,HbA1cImputeDtMnC,Pt_SHFlg,Pt_DKAFlg,bmi,bmiPerc,bmiZscore,GFR,diagAgeCombo,Pt_A1cGoalLev,Pt_A1cGoalLevelDsYr5
14097,0.0,0.0,0.0,0.0,0.0,0.0,0.0,124.0,67.0,5.0,43.5,127.5,0.0,7,0.0,0.5747126437,0.0,0.0,0.0,0.0,10.0,0.0,0.0,0.0,5.0,0.0,6.2,0.0,0.0,0.0,0.033,0.0,0.0,26.75893887,0.995346787,2.6005875846,0.0,6.0,0.0,0.0
14097,0.0,0.0,0.0,0.0,0.0,0.0,0.0,102.0,53.0,5.0,41.9,133.4,0.0,8,1.0,0.7637231504,0.0,0.0,0.0,0.0,0.0,0.0,0.0,0.0,5.0,0.0,8.5,0.0,0.0,0.0,11.917,0.0,0.0,23.545198915,0.9828255489,2.1159518586000003,0.0,6.0,0.0,0.0
14097,0.0,0.0,0.0,0.0,0.0,0.0,0.0,107.0,65.0,5.0,46.0,140.0,0.0,9,2.0,0.0,134.0,46.0,206.0,132.0,0.0,0.0,22.0,0.0,5.0,1.05,11.3,0.0,0.0,0.0,25.361,0.0,0.0,23.469387755,0.9723257959999999,1.9161311209,0.0,6.0,0.0,0.0
14097,0.0,0.0,0.0,0.0,0.0,0.0,0.0,119.0,83.0,4.0,50.6,143.3,0.0,10,3.0,0.0,186.0,55.0,274.0,166.0,0.0,58.8,25.0,4.0,6.0,2.84,10.9,0.0,0.0,0.0,36.249,0.0,0.0,24.640989068000003,0.9708136325,1.8928882286000002,0.0,6.0,0.0,0.0
14097,0.0,0.0,0.0,0.0,0.0,0.0,0.0,111.0,72.0,3.0,56.2,149.0,0.0,11,4.0,0.0,186.0,55.0,274.0,166.0,0.0,58.8,30.0,3.0,5.0,2.84,9.8,0.0,0.0,0.0,48.332,0.0,0.0,25.314175037,0.9651323867,1.8136266374,0.0,6.0,0.0,0.0
14097,0.0,0.0,0.0,0.0,0.0,0.0,0.0,104.0,66.0,7.0,71.8,155.8,0.0,12,5.0,0.0,0.0,0.0,0.0,0.0,17.0,9.1,38.0,0.0,7.0,1.158,9.9,0.0,1.0,0.0,62.739,0.0,1.0,29.57941207,0.9831510998999999,2.1236693730000002,0.0,6.0,0.0,0.0
14097,0.0,0.0,0.0,0.0,0.0,0.0,0.0,118.0,74.0,2.0,73.8,159.1,0.0,13,6.0,1.3550135500999998,0.0,0.0,0.0,0.0,0.0,9.1,39.7,2.0,6.0,0.0,11.2,0.0,0.0,0.0,73.66,0.0,0.0,29.155198494,0.9755180715999999,1.9689062574,0.0,6.0,0.0,0.0
