PtID,Pt_CGMUseNumDays,Pt_FatherT1D,Pt_MotherT1D,Pt_SiblingT1D,Pt_ChildT1D,Pt_GrandchildT1D,Pt_GrandparentT1D,BldPrSys,BldPrDia,SMBGperDayPtMeterCombo,WeightKg,HeightCm,DirectLDL,age,diabDur,TotalDailyInsPerKg,LDL,HDL,TotChol,Triglyc,BUN,AlbCreatRat_mggNew,UnitsInsBasalOrLongAct,BGTestAvgNumMeter,BGTestAvgNumPtRep,TSH,HbA1c,AutonomicNeuroCl,Pt_InsGov,NumPumpBolusOrShortAct,HbA1cImputeDtMnC,Pt_SHFlg,Pt_DKAFlg,bmi,bmiPerc,bmiZscore,GFR,diagAgeCombo,Pt_A1cGoalLev,Pt_A1cGoalLevelDsYr5
14117,0.0,0.0,0.0,0.0,0.0,0.0,0.0,122.0,77.0,3.0,79.151868565,170.18,0.0,49,10.0,0.6948667289,82.0,77.0,169.0,52.0,13.0,8.8,0.0,0.0,3.0,0.0,8.2,0.0,0.0,0.0,-0.465,0.0,0.0,27.330283281,0.0,-0.113439934,0.0,39.0,0.0,0.0
14117,0.0,0.0,0.0,0.0,0.0,0.0,0.0,117.0,73.0,3.0,75.29633342,167.64,0.0,50,11.0,0.6906046767,116.0,71.0,0.0,58.0,0.0,4.3,0.0,0.0,3.0,0.0,6.7,0.0,0.0,0.0,8.597999999999999,0.0,0.0,26.792826038,0.0,-0.24754476399999997,0.0,39.0,6.0,0.0
14117,0.0,0.0,0.0,0.0,0.0,0.0,0.0,121.0,70.0,4.0,77.1107029,170.18,0.0,51,12.0,0.0,0.0,0.0,0.0,0.0,0.0,12.2,0.0,0.0,4.0,0.0,0.0,0.0,0.0,0.0,0.0,0.0,0.0,26.625490875,0.0,-0.264752886,0.0,39.0,0.0,0.0
14117,0.0,0.0,0.0,0.0,0.0,0.0,0.0,129.0,74.0,4.0,80.73944186,170.18,0.0,52,13.0,0.9289140261,121.0,78.0,0.0,57.0,12.0,12.2,0.0,0.0,4.0,0.0,8.8,0.0,0.0,0.0,36.481,0.0,0.0,27.878455151999997,0.0,-0.135902728,0.0,39.0,0.0,0.0
14117,0.0,0.0,0.0,0.0,0.0,0.0,0.0,135.0,77.0,4.0,0.0,0.0,0.0,53,14.0,0.0,61.0,90.0,0.0,51.0,0.0,0.0,0.0,0.0,4.0,0.0,7.3,0.0,0.0,0.0,45.245,0.0,0.0,0.0,0.0,0.0,0.0,39.0,0.0,0.0
14117,0.0,0.0,0.0,0.0,0.0,0.0,0.0,138.0,73.0,5.0,76.20351816,170.18,0.0,54,15.0,0.616769424,0.0,0.0,0.0,0.0,12.0,0.0,0.0,0.0,5.0,1.15,7.0,0.0,0.0,0.0,55.967,0.0,0.0,26.312249806,0.0,-0.29696542600000003,0.0,39.0,0.0,0.0
14117,0.0,0.0,0.0,0.0,0.0,0.0,0.0,143.0,80.0,4.0,72.5747792,167.64,0.0,55,16.0,0.0,92.0,79.0,0.0,51.0,16.0,5.1,35.0,0.0,4.0,0.87,7.7,0.0,0.0,0.0,68.249,0.0,0.0,25.824410639,0.0,-0.347132981,0.0,39.0,0.0,0.0
