PtID,Pt_CGMUseNumDays,Pt_FatherT1D,Pt_MotherT1D,Pt_SiblingT1D,Pt_ChildT1D,Pt_GrandchildT1D,Pt_GrandparentT1D,BldPrSys,BldPrDia,SMBGperDayPtMeterCombo,WeightKg,HeightCm,DirectLDL,age,diabDur,TotalDailyInsPerKg,LDL,HDL,TotChol,Triglyc,BUN,AlbCreatRat_mggNew,UnitsInsBasalOrLongAct,BGTestAvgNumMeter,BGTestAvgNumPtRep,TSH,HbA1c,AutonomicNeuroCl,Pt_InsGov,NumPumpBolusOrShortAct,HbA1cImputeDtMnC,Pt_SHFlg,Pt_DKAFlg,bmi,bmiPerc,bmiZscore,GFR,diagAgeCombo,Pt_A1cGoalLev,Pt_A1cGoalLevelDsYr5
14159,0.0,1.0,0.0,0.0,0.0,0.0,0.0,127.0,60.0,6.0,58.1,158.0,0.0,65,14.0,0.6024096386,65.0,92.0,182.0,0.0,28.0,15.1,0.0,6.0,6.0,0.0,8.0,0.0,1.0,0.0,-2.456,0.0,0.0,23.27351386,0.0,-0.7859140590000001,0.0,51.0,0.0,0.0
14159,0.0,1.0,0.0,0.0,0.0,0.0,0.0,124.0,61.0,5.0,59.5,158.0,1.0,65,14.0,1.1260504202,62.0,89.0,160.0,0.0,0.0,0.0,0.0,5.0,5.0,0.0,7.7,0.0,1.0,0.0,9.959,1.0,0.0,23.834321423000002,0.0,-0.71624718,0.0,51.0,6.0,0.0
14159,0.0,0.0,0.0,0.0,0.0,0.0,0.0,126.0,63.0,0.0,58.0,159.0,0.0,66,15.0,0.9310344828,0.0,83.0,166.0,0.0,0.0,0.0,32.0,0.0,0.0,1.64,8.8,0.0,0.0,0.0,21.410999999999998,0.0,0.0,22.942130454,0.0,-0.827080494,0.0,51.0,0.0,0.0
14159,0.0,0.0,0.0,0.0,0.0,0.0,0.0,111.0,60.0,6.0,59.9,159.5,0.0,67,16.0,0.0,66.0,65.0,166.0,174.0,32.0,0.0,0.0,6.0,0.0,0.79,8.0,0.0,0.0,0.0,32.797,0.0,0.0,23.545366103000003,0.0,-0.752142943,57.0,51.0,0.0,0.0
14159,0.0,0.0,0.0,0.0,0.0,0.0,0.0,121.0,58.0,5.0,59.2,160.0,0.0,68,17.0,0.0,79.0,96.0,205.0,149.0,24.0,19.6,32.0,5.0,0.0,1.59,8.1,0.0,0.0,3.0,44.016999999999996,0.0,0.0,23.125,0.0,-0.804363342,52.0,51.0,0.0,0.0
14159,0.0,0.0,0.0,0.0,0.0,0.0,0.0,143.0,78.0,4.0,59.4,157.5,0.0,69,18.0,0.0,168.0,107.0,294.0,96.0,24.0,17.5,32.0,4.0,0.0,1.11,7.5,0.0,0.0,0.0,56.1,0.0,0.0,23.945578231,0.0,-0.702426192,0.0,51.0,0.0,0.0
