PtID,Pt_CGMUseNumDays,Pt_FatherT1D,Pt_MotherT1D,Pt_SiblingT1D,Pt_ChildT1D,Pt_GrandchildT1D,Pt_GrandparentT1D,BldPrSys,BldPrDia,SMBGperDayPtMeterCombo,WeightKg,HeightCm,DirectLDL,age,diabDur,TotalDailyInsPerKg,LDL,HDL,TotChol,Triglyc,BUN,AlbCreatRat_mggNew,UnitsInsBasalOrLongAct,BGTestAvgNumMeter,BGTestAvgNumPtRep,TSH,HbA1c,AutonomicNeuroCl,Pt_InsGov,NumPumpBolusOrShortAct,HbA1cImputeDtMnC,Pt_SHFlg,Pt_DKAFlg,bmi,bmiPerc,bmiZscore,GFR,diagAgeCombo,Pt_A1cGoalLev,Pt_A1cGoalLevelDsYr5
14165,0.0,0.0,0.0,1.0,0.0,0.0,0.0,113.0,49.0,8.0,45.2,152.1,0.0,11,6.0,0.7079646018000001,127.0,75.0,226.0,118.0,21.0,4.0,0.0,8.0,8.0,0.0,7.8,0.0,0.0,6.0,0.0,0.0,0.0,19.537995566,0.7594664654000001,0.7045873564,0.0,5.0,0.0,0.0
14165,0.0,0.0,0.0,0.0,0.0,0.0,0.0,125.0,58.0,10.0,65.4,166.0,0.0,13,8.0,0.0,119.0,64.0,204.0,106.0,0.0,5.9,0.0,10.0,0.0,0.0,8.9,0.0,0.0,9.0,25.793000000000003,0.0,0.0,23.73348817,0.8966190404000001,1.2625194854000001,0.0,5.0,0.0,0.0
14165,0.0,0.0,0.0,0.0,0.0,0.0,0.0,112.0,54.0,5.0,76.3,170.1,0.0,15,10.0,0.9305373526,124.0,74.0,226.0,141.0,0.0,7.0,54.0,5.0,0.0,1.13,7.9,0.0,0.0,6.0,41.726000000000006,0.0,0.0,26.370351016,0.9225653592,1.4225409185,0.0,5.0,0.0,0.0
14165,0.0,0.0,0.0,0.0,0.0,0.0,0.0,119.0,63.0,6.0,83.3,170.5,0.0,16,11.0,1.0204081633,137.0,78.0,257.0,208.0,0.0,3.0,59.0,6.0,0.0,1.36,7.9,0.0,0.0,8.0,51.12,0.0,0.0,28.654724331999997,0.9473374120999999,1.6195676853,0.0,5.0,0.0,0.0
14165,0.0,0.0,0.0,0.0,0.0,0.0,0.0,129.0,61.0,2.0,87.6,170.5,0.0,17,12.0,0.5821917808,88.0,60.0,178.0,152.0,0.0,3.0,48.0,2.0,0.0,0.62,8.0,0.0,0.0,0.0,71.071,0.0,0.0,30.133899776999996,0.9553665525,1.6992775791999999,0.0,5.0,0.0,0.0
