PtID,Pt_CGMUseNumDays,Pt_FatherT1D,Pt_MotherT1D,Pt_SiblingT1D,Pt_ChildT1D,Pt_GrandchildT1D,Pt_GrandparentT1D,BldPrSys,BldPrDia,SMBGperDayPtMeterCombo,WeightKg,HeightCm,DirectLDL,age,diabDur,TotalDailyInsPerKg,LDL,HDL,TotChol,Triglyc,BUN,AlbCreatRat_mggNew,UnitsInsBasalOrLongAct,BGTestAvgNumMeter,BGTestAvgNumPtRep,TSH,HbA1c,AutonomicNeuroCl,Pt_InsGov,NumPumpBolusOrShortAct,HbA1cImputeDtMnC,Pt_SHFlg,Pt_DKAFlg,bmi,bmiPerc,bmiZscore,GFR,diagAgeCombo,Pt_A1cGoalLev,Pt_A1cGoalLevelDsYr5
14187,0.0,0.0,0.0,0.0,0.0,0.0,0.0,100.0,70.0,2.0,52.843511105,157.48,0.0,32,6.0,0.4920187826,99.0,62.0,0.0,40.0,12.0,4.0,0.0,2.0,2.0,0.0,5.7,0.0,0.0,3.0,0.0,0.0,0.0,21.307909997,0.0,-0.756103898,0.0,26.0,0.0,0.0
14187,0.0,0.0,0.0,0.0,0.0,0.0,0.0,106.0,68.0,2.0,52.61671492,157.48,0.0,36,9.0,0.4751341857,105.0,91.0,0.0,53.0,12.0,10.6,16.0,2.0,0.0,0.516,6.4,0.0,0.0,4.0,43.419,0.0,0.0,21.216459739,0.0,-0.76659312,0.0,26.0,0.0,0.0
14187,0.0,0.0,0.0,0.0,0.0,0.0,0.0,126.0,76.0,4.0,53.07030729,157.48,0.0,37,10.0,0.4899161382,98.0,86.0,196.0,58.0,11.0,6.0,16.0,4.0,0.0,1.04,6.1,0.0,0.0,4.0,57.66,0.0,0.0,21.399360254,0.0,-0.745614676,73.0,26.0,0.0,0.0
14187,0.0,0.0,0.0,0.0,0.0,0.0,0.0,90.0,50.0,3.0,53.52389966,157.48,0.0,38,12.0,0.48576430649999996,77.0,83.0,169.0,43.0,13.0,12.3,15.0,3.0,2.0,0.721,6.2,0.0,0.0,4.0,72.066,0.0,0.0,21.582260769,0.0,-0.724636232,107.0,26.0,0.0,0.0
