PtID,Pt_CGMUseNumDays,Pt_FatherT1D,Pt_MotherT1D,Pt_SiblingT1D,Pt_ChildT1D,Pt_GrandchildT1D,Pt_GrandparentT1D,BldPrSys,BldPrDia,SMBGperDayPtMeterCombo,WeightKg,HeightCm,DirectLDL,age,diabDur,TotalDailyInsPerKg,LDL,HDL,TotChol,Triglyc,BUN,AlbCreatRat_mggNew,UnitsInsBasalOrLongAct,BGTestAvgNumMeter,BGTestAvgNumPtRep,TSH,HbA1c,AutonomicNeuroCl,Pt_InsGov,NumPumpBolusOrShortAct,HbA1cImputeDtMnC,Pt_SHFlg,Pt_DKAFlg,bmi,bmiPerc,bmiZscore,GFR,diagAgeCombo,Pt_A1cGoalLev,Pt_A1cGoalLevelDsYr5
14226,0.0,0.0,0.0,0.0,0.0,0.0,0.0,140.0,75.0,2.0,116.84539451,189.23,0.0,50,14.0,1.4549139972999998,89.0,30.0,170.0,251.0,19.0,6.0,0.0,0.0,2.0,0.0,0.0,0.0,0.0,0.0,0.0,0.0,0.0,32.631092962,0.0,0.5203054773,0.0,36.0,0.0,0.0
14226,0.0,0.0,0.0,0.0,0.0,0.0,0.0,114.0,58.0,2.0,115.0,188.0,0.0,52,16.0,0.0,88.0,31.0,0.0,184.0,16.0,0.0,100.0,0.0,2.0,0.6,8.8,0.0,0.0,0.0,23.9,0.0,0.0,32.537347216,0.0,0.5078976239,89.0,36.0,0.0,0.0
14226,0.0,0.0,0.0,0.0,0.0,0.0,0.0,134.0,75.0,4.0,115.5,186.7,0.0,54,18.0,0.0,0.0,0.0,0.0,0.0,18.0,0.0,106.0,4.0,4.0,0.0,9.9,0.0,0.0,0.0,40.365,0.0,0.0,33.13548627,0.0,0.5870651808,0.0,36.0,0.0,0.0
14226,0.0,0.0,0.0,0.0,0.0,0.0,0.0,148.0,71.0,2.0,0.0,0.0,0.0,55,19.0,0.0,106.0,36.0,179.0,183.0,14.0,0.0,100.0,2.0,2.0,0.66,9.5,0.0,0.0,0.0,50.423,0.0,0.0,0.0,0.0,0.0,0.0,36.0,0.0,0.0
14226,0.0,0.0,0.0,0.0,0.0,0.0,0.0,141.0,79.0,2.0,117.2,186.7,0.0,56,20.0,0.0,104.0,36.0,188.0,238.0,17.0,4.0,100.0,2.0,0.0,0.59,11.2,0.0,0.0,3.0,64.133,0.0,0.0,33.623194726,0.0,0.6516165367,0.0,36.0,0.0,0.0
14226,0.0,0.0,0.0,0.0,0.0,0.0,0.0,152.0,70.0,1.0,0.0,0.0,0.0,57,21.0,0.0,77.0,34.0,149.0,190.0,13.0,4.0,110.0,1.0,2.0,0.73,9.8,1.0,0.0,0.0,74.556,0.0,0.0,0.0,0.0,0.0,0.0,36.0,0.0,0.0
