PtID,Pt_CGMUseNumDays,Pt_FatherT1D,Pt_MotherT1D,Pt_SiblingT1D,Pt_ChildT1D,Pt_GrandchildT1D,Pt_GrandparentT1D,BldPrSys,BldPrDia,SMBGperDayPtMeterCombo,WeightKg,HeightCm,DirectLDL,age,diabDur,TotalDailyInsPerKg,LDL,HDL,TotChol,Triglyc,BUN,AlbCreatRat_mggNew,UnitsInsBasalOrLongAct,BGTestAvgNumMeter,BGTestAvgNumPtRep,TSH,HbA1c,AutonomicNeuroCl,Pt_InsGov,NumPumpBolusOrShortAct,HbA1cImputeDtMnC,Pt_SHFlg,Pt_DKAFlg,bmi,bmiPerc,bmiZscore,GFR,diagAgeCombo,Pt_A1cGoalLev,Pt_A1cGoalLevelDsYr5
1427,0.0,0.0,0.0,0.0,0.0,0.0,0.0,114.0,71.0,7.0,42.0,143.3,0.0,11,5.0,0.7142857143000001,0.0,0.0,0.0,0.0,0.0,9.0,0.0,0.0,7.0,0.0,11.1,0.0,0.0,0.0,-3.784,0.0,0.0,20.452994878,0.8278422547,0.9456728182999999,0.0,5.0,0.0,0.0
1427,0.0,0.0,0.0,0.0,0.0,0.0,0.0,125.0,61.0,0.0,47.3,147.4,0.0,13,7.0,0.0,91.0,72.0,180.0,86.0,0.0,17.0,0.0,0.0,0.0,0.0,11.8,0.0,0.0,0.0,17.328,0.0,0.0,21.770388221999998,0.8079413543999999,0.8703351208,0.0,5.0,0.0,0.0
1427,0.0,0.0,0.0,0.0,0.0,0.0,0.0,109.0,70.0,2.0,53.0,149.0,0.0,14,8.0,0.5660377357999999,140.0,54.0,236.0,209.0,16.0,30.0,30.0,0.0,2.0,0.75,13.6,0.0,0.0,0.0,36.614000000000004,0.0,0.0,23.872798523,0.8732003256,1.14165044,0.0,5.0,0.0,0.0
1427,0.0,0.0,0.0,0.0,0.0,0.0,0.0,123.0,78.0,4.0,64.0,148.0,0.0,15,9.0,0.96875,113.0,56.0,178.0,47.0,15.0,12.0,48.0,4.0,0.0,1.36,9.0,0.0,0.0,4.0,44.183,0.0,0.0,29.218407597,0.9616228226000001,1.7698366604,0.0,5.0,0.0,0.0
1427,0.0,0.0,0.0,0.0,0.0,0.0,0.0,118.0,67.0,5.0,61.1,149.5,0.0,17,11.0,0.8183306056,113.0,74.0,201.0,70.0,13.0,0.0,44.0,5.0,4.0,0.76,9.0,0.0,0.0,0.0,68.05,0.0,1.0,27.337501818000003,0.9150105377,1.3722715315,0.0,5.0,0.0,0.0
