PtID,Pt_CGMUseNumDays,Pt_FatherT1D,Pt_MotherT1D,Pt_SiblingT1D,Pt_ChildT1D,Pt_GrandchildT1D,Pt_GrandparentT1D,BldPrSys,BldPrDia,SMBGperDayPtMeterCombo,WeightKg,HeightCm,DirectLDL,age,diabDur,TotalDailyInsPerKg,LDL,HDL,TotChol,Triglyc,BUN,AlbCreatRat_mggNew,UnitsInsBasalOrLongAct,BGTestAvgNumMeter,BGTestAvgNumPtRep,TSH,HbA1c,AutonomicNeuroCl,Pt_InsGov,NumPumpBolusOrShortAct,HbA1cImputeDtMnC,Pt_SHFlg,Pt_DKAFlg,bmi,bmiPerc,bmiZscore,GFR,diagAgeCombo,Pt_A1cGoalLev,Pt_A1cGoalLevelDsYr5
14300,0.0,0.0,0.0,0.0,0.0,0.0,0.0,104.0,32.0,4.0,52.5,168.5,0.0,14,1.0,0.7619047619,0.0,0.0,0.0,0.0,0.0,2.7,0.0,4.0,6.0,0.0,7.4,0.0,0.0,5.0,0.066,0.0,0.0,18.490961442,0.3972609045,-0.260443349,0.0,12.0,0.0,0.0
14300,0.0,0.0,0.0,0.0,0.0,0.0,0.0,115.0,65.0,5.0,64.8,175.8,0.0,15,3.0,0.8487654320999999,0.0,0.0,151.0,0.0,0.0,12.3,0.0,5.0,5.0,0.0,8.1,0.0,0.0,7.0,19.95,0.0,0.0,20.967046790999998,0.651548714,0.389505055,0.0,12.0,7.0,0.0
14300,0.0,0.0,0.0,0.0,0.0,0.0,0.0,102.0,61.0,4.0,73.1,177.4,0.0,16,4.0,0.7113543092,73.0,55.0,138.0,52.0,0.0,1.5,21.0,4.0,4.0,2.71,8.8,0.0,0.0,5.0,35.817,0.0,0.0,23.227910607,0.7919692274,0.8132730148999999,0.0,12.0,0.0,0.0
14300,0.0,0.0,0.0,0.0,0.0,0.0,0.0,113.0,58.0,6.0,73.3,176.7,0.0,17,5.0,0.6821282401000001,63.0,55.0,126.0,42.0,0.0,1.5,0.0,6.0,5.0,2.15,10.3,0.0,0.0,0.0,46.273999999999994,0.0,0.0,23.476366217,0.7550930601000001,0.6906048801000001,0.0,12.0,0.0,0.0
