PtID,Pt_CGMUseNumDays,Pt_FatherT1D,Pt_MotherT1D,Pt_SiblingT1D,Pt_ChildT1D,Pt_GrandchildT1D,Pt_GrandparentT1D,BldPrSys,BldPrDia,SMBGperDayPtMeterCombo,WeightKg,HeightCm,DirectLDL,age,diabDur,TotalDailyInsPerKg,LDL,HDL,TotChol,Triglyc,BUN,AlbCreatRat_mggNew,UnitsInsBasalOrLongAct,BGTestAvgNumMeter,BGTestAvgNumPtRep,TSH,HbA1c,AutonomicNeuroCl,Pt_InsGov,NumPumpBolusOrShortAct,HbA1cImputeDtMnC,Pt_SHFlg,Pt_DKAFlg,bmi,bmiPerc,bmiZscore,GFR,diagAgeCombo,Pt_A1cGoalLev,Pt_A1cGoalLevelDsYr5
14318,0.0,0.0,0.0,0.0,0.0,0.0,0.0,140.0,60.0,5.0,119.2,169.3,0.0,52,44.0,1.3926174497,73.0,51.0,0.0,166.0,23.0,86.2,0.0,5.0,6.0,0.0,7.6,0.0,0.0,0.0,-0.066,1.0,0.0,41.587454544,0.0,1.2738794804,0.0,8.0,0.0,0.0
14318,0.0,0.0,0.0,0.0,0.0,0.0,0.0,112.0,58.0,5.0,115.5,168.5,0.0,53,45.0,0.7792207792,162.0,60.0,0.0,129.0,26.0,21.5,0.0,5.0,5.0,0.0,7.1,0.0,0.0,0.0,14.174000000000001,1.0,0.0,40.680115172,0.0,1.180572094,0.0,8.0,7.0,0.0
14318,0.0,0.0,0.0,0.0,0.0,0.0,0.0,124.0,62.0,6.0,118.9,167.9,0.0,54,46.0,0.0,77.0,61.0,0.0,246.0,21.0,308.3,82.0,6.0,5.0,2.09,7.0,0.0,0.0,0.0,24.664,0.0,0.0,42.177463896,0.0,1.3345538348000001,0.0,8.0,0.0,0.0
14318,0.0,0.0,0.0,0.0,0.0,0.0,0.0,132.0,54.0,5.0,123.7,167.5,0.0,55,47.0,0.0,116.0,67.0,208.0,127.0,25.0,218.8,82.0,5.0,7.0,1.57,7.5,0.0,0.0,0.0,35.187,0.0,0.0,44.089997772,0.0,1.5312316633,52.0,8.0,0.0,0.0
14318,0.0,0.0,0.0,0.0,0.0,0.0,0.0,136.0,54.0,4.0,124.7,168.0,0.0,55,47.0,0.0,100.0,56.0,186.0,149.0,45.0,38.0,82.0,4.0,7.0,1.98,6.7,0.0,0.0,0.0,45.111999999999995,0.0,0.0,44.182256236,0.0,1.5407191784999998,36.0,8.0,0.0,0.0
14318,0.0,0.0,0.0,0.0,0.0,0.0,0.0,134.0,56.0,3.0,124.0,166.6,1.0,57,49.0,0.0,152.0,0.0,0.0,0.0,25.0,38.0,75.0,3.0,7.0,2.48,6.9,0.0,0.0,0.0,60.68,0.0,0.0,44.675733439,0.0,1.5914665278,55.0,8.0,0.0,0.0
