PtID,Pt_CGMUseNumDays,Pt_FatherT1D,Pt_MotherT1D,Pt_SiblingT1D,Pt_ChildT1D,Pt_GrandchildT1D,Pt_GrandparentT1D,BldPrSys,BldPrDia,SMBGperDayPtMeterCombo,WeightKg,HeightCm,DirectLDL,age,diabDur,TotalDailyInsPerKg,LDL,HDL,TotChol,Triglyc,BUN,AlbCreatRat_mggNew,UnitsInsBasalOrLongAct,BGTestAvgNumMeter,BGTestAvgNumPtRep,TSH,HbA1c,AutonomicNeuroCl,Pt_InsGov,NumPumpBolusOrShortAct,HbA1cImputeDtMnC,Pt_SHFlg,Pt_DKAFlg,bmi,bmiPerc,bmiZscore,GFR,diagAgeCombo,Pt_A1cGoalLev,Pt_A1cGoalLevelDsYr5
14338,0.0,0.0,0.0,0.0,0.0,0.0,0.0,122.0,83.0,8.0,79.37866475,170.18,0.0,34,12.0,1.6503175055000001,78.0,47.0,0.0,128.0,12.0,3.0,0.0,8.0,6.0,0.0,5.4,0.0,0.0,0.0,0.0,0.0,0.0,27.408593548000002,0.0,-0.056363662,0.0,22.0,0.0,0.0
14338,0.0,0.0,0.0,0.0,0.0,0.0,0.0,133.0,91.0,2.0,78.01788764,170.18,0.0,36,14.0,0.0,0.0,0.0,0.0,0.0,0.0,0.0,0.0,2.0,3.0,0.0,6.0,0.0,0.0,6.0,16.498,0.0,0.0,26.938731944,0.0,-0.110256159,0.0,22.0,5.8,0.0
14338,0.0,0.0,0.0,0.0,0.0,0.0,0.0,160.0,108.0,4.0,78.0,170.18,0.0,37,15.0,0.9743589744,151.0,55.0,247.0,204.0,14.0,0.0,55.0,4.0,10.0,1.21,6.1,0.0,0.0,6.0,31.568,0.0,0.0,26.932555536,0.0,-0.110964585,0.0,22.0,0.0,0.0
14338,0.0,0.0,0.0,0.0,0.0,0.0,0.0,133.0,98.0,10.0,0.0,0.0,0.0,38,16.0,0.0,0.0,0.0,0.0,0.0,0.0,0.0,57.0,10.0,0.0,0.0,6.0,0.0,0.0,0.0,43.88399999999999,0.0,0.0,0.0,0.0,0.0,0.0,22.0,0.0,0.0
14338,0.0,0.0,0.0,0.0,0.0,0.0,0.0,134.0,95.0,5.0,37.64816671,170.0,0.0,39,17.0,1.9390054385,151.0,55.0,247.0,204.0,14.0,0.0,0.0,0.0,5.0,1.21,6.2,0.0,0.0,0.0,58.191,0.0,0.0,13.027047304000002,0.0,-1.7059077630000001,0.0,22.0,0.0,0.0
