PtID,Pt_CGMUseNumDays,Pt_FatherT1D,Pt_MotherT1D,Pt_SiblingT1D,Pt_ChildT1D,Pt_GrandchildT1D,Pt_GrandparentT1D,BldPrSys,BldPrDia,SMBGperDayPtMeterCombo,WeightKg,HeightCm,DirectLDL,age,diabDur,TotalDailyInsPerKg,LDL,HDL,TotChol,Triglyc,BUN,AlbCreatRat_mggNew,UnitsInsBasalOrLongAct,BGTestAvgNumMeter,BGTestAvgNumPtRep,TSH,HbA1c,AutonomicNeuroCl,Pt_InsGov,NumPumpBolusOrShortAct,HbA1cImputeDtMnC,Pt_SHFlg,Pt_DKAFlg,bmi,bmiPerc,bmiZscore,GFR,diagAgeCombo,Pt_A1cGoalLev,Pt_A1cGoalLevelDsYr5
14344,0.0,0.0,0.0,0.0,0.0,0.0,0.0,115.0,77.0,4.0,65.49873822800001,177.8,0.0,42,17.0,0.5343614388,70.0,80.0,0.0,55.0,15.0,6.0,0.0,0.0,4.0,0.0,7.9,0.0,1.0,10.0,0.0,0.0,0.0,20.719030060999998,0.0,-0.704107222,0.0,25.0,0.0,0.0
14344,0.0,0.0,0.0,0.0,0.0,0.0,0.0,113.0,72.0,0.0,66.5,173.0,0.0,44,18.0,0.0,86.0,89.0,0.0,76.0,12.0,3.1,0.0,0.0,0.0,0.0,7.8,0.0,0.0,6.0,17.261,0.0,0.0,22.21925223,0.0,-0.570073305,0.0,25.0,0.0,0.0
14344,0.0,0.0,0.0,0.0,0.0,0.0,0.0,113.0,75.0,6.0,61.3,173.0,0.0,45,20.0,0.603588907,45.0,84.0,143.0,71.0,12.0,23.5,25.0,6.0,0.0,0.9740000000000001,7.8,1.0,0.0,2.0,39.071,0.0,0.0,20.481806943,0.0,-0.7253013779999999,0.0,25.0,0.0,0.0
14344,0.0,0.0,0.0,0.0,0.0,0.0,0.0,121.0,79.0,3.0,62.0,173.0,0.0,47,21.0,0.5967741935,55.0,86.0,158.0,83.0,12.0,23.5,25.0,3.0,0.0,0.6779999999999999,7.3,1.0,0.0,0.0,57.858999999999995,0.0,0.0,20.715693809,0.0,-0.7044052909999999,0.0,25.0,0.0,0.0
14344,30.0,0.0,0.0,0.0,0.0,0.0,0.0,137.0,80.0,4.0,64.5,173.0,0.0,48,22.0,0.4651162791,51.0,99.0,166.0,82.0,0.0,23.5,22.0,4.0,3.0,0.0,6.9,1.0,1.0,4.0,70.141,0.0,0.0,21.551004043000002,0.0,-0.62977641,0.0,25.0,0.0,0.0
14344,0.0,0.0,0.0,0.0,0.0,0.0,0.0,130.0,78.0,1.0,63.5,173.0,0.0,49,23.0,0.0,0.0,0.0,0.0,0.0,14.0,23.5,12.6,1.0,0.0,1.25,0.0,1.0,0.0,0.0,0.0,0.0,0.0,21.216879949000003,0.0,-0.6596279629999999,79.0,25.0,0.0,0.0
