PtID,Pt_CGMUseNumDays,Pt_FatherT1D,Pt_MotherT1D,Pt_SiblingT1D,Pt_ChildT1D,Pt_GrandchildT1D,Pt_GrandparentT1D,BldPrSys,BldPrDia,SMBGperDayPtMeterCombo,WeightKg,HeightCm,DirectLDL,age,diabDur,TotalDailyInsPerKg,LDL,HDL,TotChol,Triglyc,BUN,AlbCreatRat_mggNew,UnitsInsBasalOrLongAct,BGTestAvgNumMeter,BGTestAvgNumPtRep,TSH,HbA1c,AutonomicNeuroCl,Pt_InsGov,NumPumpBolusOrShortAct,HbA1cImputeDtMnC,Pt_SHFlg,Pt_DKAFlg,bmi,bmiPerc,bmiZscore,GFR,diagAgeCombo,Pt_A1cGoalLev,Pt_A1cGoalLevelDsYr5
14360,0.0,0.0,0.0,0.0,0.0,0.0,0.0,128.0,58.0,4.0,71.5,166.3,0.0,14,10.0,1.2027972028,64.0,48.0,0.0,101.0,11.0,2.2,0.0,0.0,4.0,0.0,7.8,0.0,0.0,7.0,0.0,0.0,0.0,25.853630844,0.9475935922,1.6219557849000001,0.0,4.0,0.0,0.0
14360,0.0,0.0,0.0,0.0,0.0,0.0,0.0,120.0,67.0,5.0,80.5,169.5,0.0,15,11.0,1.2422360248,52.0,47.0,0.0,141.0,13.0,0.0,0.0,0.0,5.0,0.0,8.6,0.0,0.0,0.0,15.104000000000001,0.0,0.0,28.019248005,0.9647813909999999,1.8090887412,0.0,4.0,7.5,0.0
14360,0.0,0.0,0.0,0.0,0.0,0.0,0.0,128.0,81.0,5.0,50.0,169.2,0.0,16,12.0,0.0,103.0,48.0,0.0,154.0,14.0,21.6,24.0,0.0,5.0,2.3,8.3,0.0,0.0,0.0,27.22,0.0,0.0,17.465028028,0.0768629502,-1.426493644,0.0,4.0,0.0,0.0
14360,0.0,0.0,0.0,0.0,0.0,0.0,0.0,109.0,65.0,4.0,80.6,171.9,0.0,17,13.0,0.8560794045000001,74.0,44.0,0.0,146.0,16.0,21.6,46.0,0.0,4.0,3.5,8.7,0.0,0.0,6.0,39.336,0.0,0.0,27.276163712,0.9321839363,1.4922556921,0.0,4.0,0.0,0.0
14360,0.0,0.0,0.0,0.0,0.0,0.0,0.0,118.0,70.0,6.0,80.8,171.6,0.0,18,14.0,0.9282178218000001,66.0,46.0,0.0,53.0,10.0,21.6,41.0,0.0,6.0,1.81,8.7,0.0,0.0,0.0,52.481,0.0,0.0,27.439537929,0.9187172286,1.3964948085,0.0,4.0,0.0,0.0
14360,0.0,0.0,0.0,0.0,0.0,0.0,0.0,114.0,78.0,5.0,82.2,172.2,0.0,19,15.0,0.7299270073,0.0,0.0,0.0,0.0,0.0,21.6,41.0,0.0,5.0,0.0,8.3,0.0,0.0,0.0,64.631,0.0,0.0,27.720784923000004,0.9054715521,1.3133741735,0.0,4.0,0.0,0.0
14360,0.0,0.0,0.0,0.0,0.0,0.0,0.0,133.0,74.0,4.0,84.0,171.6,0.0,20,16.0,0.0,0.0,0.0,0.0,0.0,0.0,21.6,40.0,0.0,4.0,0.0,8.4,0.0,0.0,0.0,73.693,0.0,0.0,28.526252302,0.9070501798999999,0.3799439847,0.0,4.0,0.0,0.0
