PtID,Pt_CGMUseNumDays,Pt_FatherT1D,Pt_MotherT1D,Pt_SiblingT1D,Pt_ChildT1D,Pt_GrandchildT1D,Pt_GrandparentT1D,BldPrSys,BldPrDia,SMBGperDayPtMeterCombo,WeightKg,HeightCm,DirectLDL,age,diabDur,TotalDailyInsPerKg,LDL,HDL,TotChol,Triglyc,BUN,AlbCreatRat_mggNew,UnitsInsBasalOrLongAct,BGTestAvgNumMeter,BGTestAvgNumPtRep,TSH,HbA1c,AutonomicNeuroCl,Pt_InsGov,NumPumpBolusOrShortAct,HbA1cImputeDtMnC,Pt_SHFlg,Pt_DKAFlg,bmi,bmiPerc,bmiZscore,GFR,diagAgeCombo,Pt_A1cGoalLev,Pt_A1cGoalLevelDsYr5
14376,0.0,0.0,0.0,0.0,1.0,0.0,0.0,127.0,76.0,5.0,86.63614267,163.83,0.0,49,11.0,0.9234021453,141.0,73.0,230.0,83.0,10.0,0.0,0.0,5.0,5.0,0.0,7.9,0.0,0.0,6.0,0.0,0.0,0.0,32.278418295,0.0,0.3286398635,0.0,38.0,0.0,0.0
14376,0.0,0.0,0.0,0.0,1.0,0.0,0.0,116.0,57.0,3.0,89.8,162.6,0.0,50,12.0,0.6904231626,138.0,73.0,0.0,92.0,10.0,6.0,0.0,3.0,5.0,0.0,7.8,0.0,0.0,0.0,15.335999999999999,0.0,0.0,33.965284302,0.0,0.4900440094,0.0,38.0,7.6,0.0
14376,0.0,0.0,0.0,0.0,0.0,0.0,0.0,124.0,65.0,4.0,84.9,162.6,0.0,52,14.0,0.0,121.0,82.0,219.0,79.0,11.0,12.9,37.0,4.0,4.0,6.51,8.4,0.0,0.0,0.0,35.086999999999996,0.0,0.0,32.111944736,0.0,0.2994535022,0.0,38.0,0.0,0.0
14376,0.0,0.0,0.0,0.0,0.0,0.0,0.0,135.0,71.0,0.0,86.5,162.6,0.0,53,15.0,0.0,0.0,0.0,0.0,0.0,0.0,8.1,36.0,0.0,0.0,4.71,8.8,0.0,0.0,0.0,46.473,0.0,0.0,32.717116839,0.0,0.3616871372,0.0,38.0,0.0,0.0
14376,0.0,0.0,0.0,0.0,0.0,0.0,0.0,132.0,74.0,3.0,90.9,162.6,0.0,54,16.0,0.0,134.0,72.0,0.0,89.0,12.0,16.6,0.0,3.0,0.0,4.24,8.4,0.0,0.0,0.0,61.111999999999995,0.0,0.0,34.381340123,0.0,0.5328296335,0.0,38.0,0.0,0.0
14376,0.0,0.0,0.0,0.0,0.0,0.0,0.0,138.0,67.0,3.0,91.8,162.6,0.0,55,17.0,0.6318082789,0.0,0.0,0.0,0.0,0.0,16.6,19.0,3.0,4.0,0.0,9.6,0.0,0.0,0.0,74.124,0.0,0.0,34.721749431999996,0.0,0.5678360531000001,0.0,38.0,0.0,0.0
