PtID,Pt_CGMUseNumDays,Pt_FatherT1D,Pt_MotherT1D,Pt_SiblingT1D,Pt_ChildT1D,Pt_GrandchildT1D,Pt_GrandparentT1D,BldPrSys,BldPrDia,SMBGperDayPtMeterCombo,WeightKg,HeightCm,DirectLDL,age,diabDur,TotalDailyInsPerKg,LDL,HDL,TotChol,Triglyc,BUN,AlbCreatRat_mggNew,UnitsInsBasalOrLongAct,BGTestAvgNumMeter,BGTestAvgNumPtRep,TSH,HbA1c,AutonomicNeuroCl,Pt_InsGov,NumPumpBolusOrShortAct,HbA1cImputeDtMnC,Pt_SHFlg,Pt_DKAFlg,bmi,bmiPerc,bmiZscore,GFR,diagAgeCombo,Pt_A1cGoalLev,Pt_A1cGoalLevelDsYr5
14381,0.0,0.0,0.0,0.0,0.0,0.0,0.0,79.0,58.0,4.0,21.6,116.8,0.0,5,2.0,0.5555555556,0.0,0.0,0.0,0.0,11.0,0.0,0.0,4.0,4.0,0.0,8.1,0.0,0.0,0.0,0.0,0.0,0.0,15.833176955999999,0.6864455592,0.48580013060000005,0.0,3.0,0.0,0.0
14381,0.0,0.0,0.0,0.0,0.0,0.0,0.0,90.0,55.0,0.0,26.0,128.3,0.0,8,4.0,0.9615384615000001,0.0,0.0,0.0,0.0,0.0,2.0,8.0,0.0,0.0,0.0,8.0,0.0,0.0,17.0,24.498,0.0,0.0,15.795014729000002,0.49692425090000003,-0.007709835999999999,0.0,3.0,0.0,0.0
14381,0.0,0.0,0.0,0.0,0.0,0.0,0.0,106.0,64.0,4.0,29.6,134.2,0.0,9,5.0,0.8445945946,0.0,0.0,142.0,0.0,0.0,2.0,9.0,4.0,4.0,1.92,8.4,0.0,0.0,3.0,36.946,0.0,0.0,16.435642245,0.5285539121,0.0716352636,0.0,3.0,0.0,0.0
14381,0.0,0.0,0.0,0.0,0.0,0.0,0.0,97.0,51.0,4.0,31.6,139.9,0.0,9,6.0,0.7594936709000001,0.0,0.0,0.0,0.0,0.0,0.0,19.0,0.0,4.0,0.0,10.5,0.0,0.0,0.0,48.431999999999995,0.0,0.0,16.14550575,0.4729506762,-0.067854634,0.0,3.0,0.0,0.0
14381,0.0,0.0,0.0,0.0,0.0,0.0,0.0,108.0,71.0,0.0,45.0,151.8,0.0,11,8.0,1.0222222222,0.0,0.0,0.0,0.0,0.0,0.0,46.0,0.0,0.0,2.36,9.4,0.0,0.0,0.0,66.921,0.0,0.0,19.528503804,0.7586306271,0.7019044625,0.0,3.0,0.0,0.0
