PtID,Pt_CGMUseNumDays,Pt_FatherT1D,Pt_MotherT1D,Pt_SiblingT1D,Pt_ChildT1D,Pt_GrandchildT1D,Pt_GrandparentT1D,BldPrSys,BldPrDia,SMBGperDayPtMeterCombo,WeightKg,HeightCm,DirectLDL,age,diabDur,TotalDailyInsPerKg,LDL,HDL,TotChol,Triglyc,BUN,AlbCreatRat_mggNew,UnitsInsBasalOrLongAct,BGTestAvgNumMeter,BGTestAvgNumPtRep,TSH,HbA1c,AutonomicNeuroCl,Pt_InsGov,NumPumpBolusOrShortAct,HbA1cImputeDtMnC,Pt_SHFlg,Pt_DKAFlg,bmi,bmiPerc,bmiZscore,GFR,diagAgeCombo,Pt_A1cGoalLev,Pt_A1cGoalLevelDsYr5
14399,0.0,0.0,0.0,0.0,0.0,0.0,0.0,135.0,82.0,7.0,68.628525581,159.512,0.0,25,14.0,0.5828480164000001,69.0,59.0,0.0,70.0,15.0,6.1,0.0,0.0,7.0,0.0,6.2,0.0,0.0,5.0,0.0,0.0,0.0,26.972297913000002,0.0,0.023232350099999997,0.0,11.0,0.0,0.0
14399,0.0,0.0,0.0,0.0,0.0,0.0,0.0,114.0,72.0,11.0,59.0,160.0,0.0,27,16.0,0.5932203389999999,74.0,61.0,146.0,53.0,14.0,22.5,0.0,11.0,10.0,0.0,6.5,0.0,0.0,0.0,23.004,0.0,0.0,23.046875,0.0,-0.506064831,0.0,11.0,6.0,0.0
14399,0.0,0.0,0.0,0.0,0.0,0.0,0.0,115.0,76.0,7.0,67.0,160.0,0.0,28,17.0,1.223880597,0.0,0.0,0.0,0.0,10.0,0.0,48.0,7.0,0.0,1.43,6.3,0.0,0.0,4.0,36.481,0.0,0.0,26.171875,0.0,-0.08469528,122.0,11.0,0.0,0.0
14399,0.0,0.0,0.0,0.0,0.0,0.0,0.0,100.0,69.0,2.0,66.0,160.0,0.0,29,18.0,0.5757575758,58.0,70.0,138.0,49.0,11.0,0.0,21.0,2.0,0.0,1.26,5.7,0.0,0.0,7.0,49.461000000000006,0.0,0.0,25.78125,0.0,-0.13736647400000002,91.0,11.0,0.0,0.0
14399,0.0,0.0,0.0,0.0,0.0,0.0,0.0,104.0,70.0,6.0,62.5,160.0,0.0,31,20.0,0.44799999999999995,75.0,74.0,158.0,47.0,0.0,9.7,19.0,6.0,4.0,0.92,7.2,0.0,0.0,5.0,72.896,0.0,0.0,24.4140625,0.0,-0.399832364,0.0,11.0,0.0,0.0
