PtID,Pt_CGMUseNumDays,Pt_FatherT1D,Pt_MotherT1D,Pt_SiblingT1D,Pt_ChildT1D,Pt_GrandchildT1D,Pt_GrandparentT1D,BldPrSys,BldPrDia,SMBGperDayPtMeterCombo,WeightKg,HeightCm,DirectLDL,age,diabDur,TotalDailyInsPerKg,LDL,HDL,TotChol,Triglyc,BUN,AlbCreatRat_mggNew,UnitsInsBasalOrLongAct,BGTestAvgNumMeter,BGTestAvgNumPtRep,TSH,HbA1c,AutonomicNeuroCl,Pt_InsGov,NumPumpBolusOrShortAct,HbA1cImputeDtMnC,Pt_SHFlg,Pt_DKAFlg,bmi,bmiPerc,bmiZscore,GFR,diagAgeCombo,Pt_A1cGoalLev,Pt_A1cGoalLevelDsYr5
14443,7.0,0.0,0.0,0.0,0.0,0.0,0.0,118.0,78.0,1.0,88.223715965,177.8,0.0,24,12.0,0.8727811922,90.0,47.0,148.0,52.0,11.0,8.3,0.0,1.0,3.0,0.0,7.5,0.0,0.0,8.0,0.0,0.0,0.0,27.907557804,0.0,0.2579094761,0.0,12.0,0.0,0.0
14443,0.0,0.0,0.0,0.0,0.0,0.0,0.0,130.0,84.0,0.0,0.0,0.0,0.0,25,12.0,0.0,73.0,55.0,136.0,38.0,0.0,0.0,0.0,0.0,0.0,0.0,8.1,0.0,0.0,5.0,8.033,0.0,0.0,0.0,0.0,0.0,0.0,12.0,0.0,0.0
14443,0.0,0.0,0.0,0.0,0.0,0.0,0.0,124.0,74.0,1.0,99.79032140000001,177.8,0.0,26,14.0,0.9219330964,0.0,0.0,0.0,0.0,0.0,0.0,44.0,1.0,0.0,0.0,6.5,0.0,0.0,6.0,25.892,0.0,0.0,31.56638929,0.0,0.979596356,0.0,12.0,0.0,0.0
14443,0.0,0.0,0.0,0.0,0.0,0.0,0.0,108.0,78.0,1.0,92.306047295,177.8,0.0,27,15.0,0.8883491645999999,96.0,46.0,159.0,85.0,7.0,0.0,36.0,1.0,4.0,0.0,7.4,0.0,0.0,5.0,39.602,0.0,0.0,29.198910093000002,0.0,0.5126224925,115.0,12.0,0.0,0.0
14443,0.0,0.0,0.0,0.0,0.0,0.0,0.0,108.0,80.0,4.0,92.07925111,177.8,0.0,28,16.0,0.9122576365999999,102.0,42.0,161.0,87.0,11.0,0.0,38.0,4.0,5.0,1.71,6.3,0.0,0.0,6.0,48.696999999999996,0.0,0.0,29.127168299,0.0,0.4984717694,115.0,12.0,0.0,0.0
14443,0.0,0.0,0.0,0.0,0.0,0.0,0.0,129.0,78.0,1.0,100.24391377,177.8,0.0,29,17.0,0.8978101175,82.0,36.0,130.0,58.0,0.0,0.0,48.0,1.0,0.0,0.92,5.9,0.0,0.0,4.0,61.211999999999996,0.0,0.0,31.709872878000002,0.0,1.0078978022,0.0,12.0,0.0,0.0
