PtID,Pt_CGMUseNumDays,Pt_FatherT1D,Pt_MotherT1D,Pt_SiblingT1D,Pt_ChildT1D,Pt_GrandchildT1D,Pt_GrandparentT1D,BldPrSys,BldPrDia,SMBGperDayPtMeterCombo,WeightKg,HeightCm,DirectLDL,age,diabDur,TotalDailyInsPerKg,LDL,HDL,TotChol,Triglyc,BUN,AlbCreatRat_mggNew,UnitsInsBasalOrLongAct,BGTestAvgNumMeter,BGTestAvgNumPtRep,TSH,HbA1c,AutonomicNeuroCl,Pt_InsGov,NumPumpBolusOrShortAct,HbA1cImputeDtMnC,Pt_SHFlg,Pt_DKAFlg,bmi,bmiPerc,bmiZscore,GFR,diagAgeCombo,Pt_A1cGoalLev,Pt_A1cGoalLevelDsYr5
14441,0.0,0.0,0.0,0.0,0.0,0.0,1.0,131.0,68.0,6.0,120.0,185.4,0.0,46,5.0,0.65,94.0,56.0,169.0,93.0,14.0,14.0,0.0,0.0,6.0,0.0,11.3,1.0,0.0,5.0,-0.83,0.0,0.0,34.910959598000005,0.0,0.9361264395000001,0.0,41.0,0.0,0.0
14441,0.0,0.0,0.0,0.0,0.0,0.0,1.0,138.0,74.0,8.0,121.0,185.42,0.0,47,6.0,0.826446281,76.0,57.0,154.0,107.0,14.0,0.0,0.0,0.0,8.0,0.0,9.7,1.0,0.0,0.0,11.519,0.0,0.0,35.194290693,0.0,0.9768629431,0.0,41.0,10.0,0.0
14441,0.0,0.0,0.0,0.0,0.0,0.0,0.0,141.0,77.0,6.0,0.0,0.0,0.0,48,7.0,0.0,76.0,0.0,0.0,0.0,0.0,6.0,38.0,6.0,0.0,0.0,9.3,1.0,0.0,0.0,22.075,0.0,0.0,0.0,0.0,0.0,0.0,41.0,0.0,0.0
14441,0.0,0.0,0.0,0.0,0.0,0.0,0.0,128.0,72.0,6.0,121.56275516,185.42,0.0,49,8.0,0.0,84.0,48.0,147.0,73.0,9.0,6.0,33.0,6.0,0.0,0.16,0.0,1.0,0.0,0.0,0.0,0.0,0.0,35.357974731,0.0,1.0003969482,0.0,41.0,0.0,0.0
14441,0.0,0.0,0.0,0.0,0.0,0.0,0.0,132.0,70.0,7.0,112.03731539,185.42,0.0,50,9.0,0.0,97.0,66.0,183.0,98.0,17.0,6.0,33.0,0.0,7.0,0.77,10.4,1.0,0.0,0.0,56.033,0.0,0.0,32.587387159,0.0,0.5145207327,0.0,41.0,0.0,0.0
14441,25.0,0.0,0.0,0.0,0.0,0.0,0.0,146.0,85.0,6.0,112.94450013,185.4,0.0,51,10.0,0.0,0.0,0.0,0.0,0.0,0.0,6.0,36.0,6.0,5.0,0.89,10.2,1.0,0.0,0.0,60.813,0.0,0.0,32.858340673,0.0,0.5503831758,0.0,41.0,0.0,0.0
14441,0.0,0.0,0.0,0.0,0.0,0.0,0.0,138.0,94.0,0.0,114.30527724,185.4,0.0,51,10.0,0.0,0.0,0.0,0.0,0.0,0.0,6.0,40.0,0.0,0.0,1.53,0.0,1.0,0.0,0.0,0.0,0.0,0.0,33.254224296,0.0,0.6027809235,0.0,41.0,0.0,0.0
