PtID,Pt_CGMUseNumDays,Pt_FatherT1D,Pt_MotherT1D,Pt_SiblingT1D,Pt_ChildT1D,Pt_GrandchildT1D,Pt_GrandparentT1D,BldPrSys,BldPrDia,SMBGperDayPtMeterCombo,WeightKg,HeightCm,DirectLDL,age,diabDur,TotalDailyInsPerKg,LDL,HDL,TotChol,Triglyc,BUN,AlbCreatRat_mggNew,UnitsInsBasalOrLongAct,BGTestAvgNumMeter,BGTestAvgNumPtRep,TSH,HbA1c,AutonomicNeuroCl,Pt_InsGov,NumPumpBolusOrShortAct,HbA1cImputeDtMnC,Pt_SHFlg,Pt_DKAFlg,bmi,bmiPerc,bmiZscore,GFR,diagAgeCombo,Pt_A1cGoalLev,Pt_A1cGoalLevelDsYr5
14476,0.0,0.0,0.0,0.0,0.0,0.0,0.0,107.0,64.0,6.0,49.804442226000006,160.02,0.0,12,5.0,1.2047118152,0.0,43.0,167.0,0.0,0.0,0.0,0.0,0.0,6.0,0.0,8.9,0.0,1.0,0.0,-0.1,0.0,0.0,19.449997441,0.7294658067,0.6111981824,0.0,7.0,0.0,0.0
14476,0.0,0.0,0.0,0.0,0.0,0.0,0.0,88.0,55.0,3.0,52.2,168.7,0.0,13,6.0,1.8199233716,0.0,47.0,188.0,0.0,0.0,0.0,0.0,3.0,3.0,0.0,9.7,0.0,1.0,0.0,11.917,1.0,0.0,18.341731762000002,0.4833884616,-0.041650991,0.0,7.0,8.0,0.0
14476,0.0,0.0,0.0,0.0,0.0,0.0,0.0,119.0,69.0,3.0,63.0,177.0,0.0,15,8.0,1.1111111111,82.0,55.0,188.0,77.0,14.0,2.2,41.0,3.0,0.0,1.66,7.6,0.0,0.0,4.0,28.116,0.0,0.0,20.109164033,0.5408212936,0.1025030239,0.0,7.0,0.0,0.0
14476,0.0,0.0,0.0,0.0,0.0,0.0,0.0,113.0,68.0,3.0,66.4,180.4,0.0,16,8.0,0.0,0.0,0.0,0.0,0.0,0.0,8.5,44.0,3.0,0.0,0.0,9.0,0.0,0.0,0.0,37.842,0.0,0.0,20.403046199000002,0.48165129479999996,-0.046009611,0.0,7.0,0.0,0.0
14476,0.0,0.0,0.0,0.0,0.0,0.0,0.0,108.0,74.0,0.0,73.3,181.9,0.0,16,9.0,1.1459754434,0.0,0.0,0.0,0.0,0.0,8.5,0.0,0.0,0.0,0.0,7.5,0.0,0.0,0.0,48.863,0.0,0.0,22.153307536999996,0.7003548390000001,0.5254213399000001,0.0,7.0,0.0,0.0
14476,0.0,0.0,0.0,0.0,0.0,0.0,0.0,108.0,69.0,2.0,73.9,183.0,0.0,17,10.0,1.0419485792,0.0,0.0,0.0,0.0,0.0,2.4,0.0,2.0,0.0,2.38,10.0,0.0,0.0,0.0,60.88,0.0,0.0,22.066947356,0.6121431856,0.2849093025,0.0,7.0,0.0,0.0
14476,0.0,0.0,0.0,0.0,0.0,0.0,0.0,102.0,60.0,3.0,77.7,183.2,0.0,19,12.0,0.7078507079,0.0,0.0,0.0,0.0,0.0,3.0,45.0,3.0,0.0,0.0,11.1,0.0,1.0,0.0,80.598,0.0,0.0,23.151017334000002,0.5859430032999999,0.21712107079999998,0.0,7.0,0.0,0.0
