PtID,Pt_CGMUseNumDays,Pt_FatherT1D,Pt_MotherT1D,Pt_SiblingT1D,Pt_ChildT1D,Pt_GrandchildT1D,Pt_GrandparentT1D,BldPrSys,BldPrDia,SMBGperDayPtMeterCombo,WeightKg,HeightCm,DirectLDL,age,diabDur,TotalDailyInsPerKg,LDL,HDL,TotChol,Triglyc,BUN,AlbCreatRat_mggNew,UnitsInsBasalOrLongAct,BGTestAvgNumMeter,BGTestAvgNumPtRep,TSH,HbA1c,AutonomicNeuroCl,Pt_InsGov,NumPumpBolusOrShortAct,HbA1cImputeDtMnC,Pt_SHFlg,Pt_DKAFlg,bmi,bmiPerc,bmiZscore,GFR,diagAgeCombo,Pt_A1cGoalLev,Pt_A1cGoalLevelDsYr5
14509,0.0,0.0,0.0,1.0,0.0,0.0,0.0,110.0,70.0,0.0,0.0,0.0,0.0,16,11.0,0.0,54.0,57.0,0.0,132.0,13.0,3.1,0.0,0.0,0.0,0.0,7.9,0.0,0.0,6.0,-0.266,0.0,0.0,0.0,0.0,0.0,0.0,5.0,0.0,0.0
14509,0.0,0.0,0.0,1.0,0.0,0.0,0.0,110.0,70.0,4.0,0.0,0.0,0.0,18,13.0,0.0,71.0,50.0,0.0,102.0,25.0,3.0,0.0,4.0,5.0,0.0,8.4,0.0,0.0,7.0,24.066,0.0,0.0,0.0,0.0,0.0,0.0,5.0,7.0,0.0
14509,0.0,0.0,0.0,0.0,0.0,0.0,0.0,110.0,70.0,3.0,75.29633342,184.15,0.0,19,14.0,0.7304472542,78.0,43.0,0.0,88.0,19.0,5.0,32.0,3.0,0.0,0.46,8.1,0.0,0.0,7.0,37.178000000000004,0.0,0.0,22.203957236,0.4628943589,-0.09314456,126.0,5.0,0.0,0.0
14509,0.0,0.0,0.0,0.0,0.0,0.0,0.0,116.0,68.0,3.0,75.74992579,182.88,0.0,20,15.0,0.7392746515999999,64.0,51.0,0.0,237.0,22.0,0.0,34.0,3.0,0.0,0.43,8.6,0.0,0.0,8.0,44.282,0.0,0.0,22.649039313000003,0.45393234740000005,-0.779307957,0.0,5.0,0.0,0.0
14509,0.0,0.0,0.0,0.0,0.0,0.0,0.0,106.0,70.0,3.0,77.56429527,182.88,0.0,21,16.0,0.7477667372,0.0,0.0,0.0,0.0,20.0,0.0,36.0,3.0,0.0,0.64,8.4,0.0,0.0,7.0,60.581,0.0,0.0,23.191531273000002,0.0,-0.672304032,117.0,5.0,0.0,0.0
