PtID,Pt_CGMUseNumDays,Pt_FatherT1D,Pt_MotherT1D,Pt_SiblingT1D,Pt_ChildT1D,Pt_GrandchildT1D,Pt_GrandparentT1D,BldPrSys,BldPrDia,SMBGperDayPtMeterCombo,WeightKg,HeightCm,DirectLDL,age,diabDur,TotalDailyInsPerKg,LDL,HDL,TotChol,Triglyc,BUN,AlbCreatRat_mggNew,UnitsInsBasalOrLongAct,BGTestAvgNumMeter,BGTestAvgNumPtRep,TSH,HbA1c,AutonomicNeuroCl,Pt_InsGov,NumPumpBolusOrShortAct,HbA1cImputeDtMnC,Pt_SHFlg,Pt_DKAFlg,bmi,bmiPerc,bmiZscore,GFR,diagAgeCombo,Pt_A1cGoalLev,Pt_A1cGoalLevelDsYr5
14510,0.0,0.0,0.0,0.0,0.0,0.0,0.0,110.0,63.0,5.0,66.67807839,170.43400000000003,0.0,15,4.0,1.3047766537,74.0,36.0,0.0,77.0,0.0,3.8,0.0,5.0,3.0,0.0,7.0,0.0,0.0,0.0,0.0,0.0,0.0,22.954646113000003,0.8239046519,0.9303484572,0.0,10.0,0.0,0.0
14510,0.0,0.0,0.0,0.0,0.0,0.0,0.0,100.0,60.0,2.0,65.4,172.21200000000002,0.0,16,5.0,1.7889908257,0.0,0.0,0.0,0.0,0.0,4.8,0.0,2.0,1.0,0.0,7.3,0.0,0.0,0.0,12.548,0.0,0.0,22.052149464,0.6900896823,0.4961045696,0.0,10.0,0.0,0.0
14510,0.0,0.0,0.0,0.0,0.0,0.0,0.0,110.0,60.0,1.0,66.5,171.45,1.0,17,6.0,0.0,77.0,0.0,0.0,0.0,0.0,0.0,27.0,1.0,0.0,1.75,8.0,0.0,0.0,0.0,25.56,0.0,0.0,22.622816165,0.6750288831,0.45384244149999997,0.0,10.0,0.0,0.0
14510,0.0,0.0,0.0,0.0,0.0,0.0,0.0,108.0,60.0,0.0,74.2,172.46599999999998,1.0,18,8.0,0.0,86.0,0.0,0.0,0.0,0.0,10.3,27.0,0.0,0.0,1.36,7.7,0.0,0.0,0.0,41.958999999999996,0.0,0.0,24.945770554,0.8109545414,0.8814192967,0.0,10.0,0.0,0.0
14510,0.0,0.0,0.0,0.0,0.0,0.0,0.0,114.0,74.0,0.0,76.65711053,172.72,1.0,19,9.0,0.0,100.0,0.0,0.0,0.0,0.0,0.0,27.0,0.0,0.0,2.26,8.2,0.0,0.0,0.0,55.568000000000005,0.0,0.0,25.696098391,0.8147512973000001,0.8955420358,0.0,10.0,0.0,0.0
14510,0.0,0.0,0.0,0.0,0.0,0.0,0.0,114.0,68.0,1.0,81.64662659999999,172.72,0.0,20,9.0,0.0,0.0,0.0,0.0,0.0,0.0,0.0,27.0,1.0,2.0,0.96,9.2,0.0,0.0,3.0,62.606,0.0,0.0,27.368625505,0.8659329814,0.1516076771,0.0,10.0,0.0,0.0
14510,0.0,0.0,0.0,0.0,0.0,0.0,0.0,110.0,82.0,3.0,74.84274105,172.72,0.0,21,10.0,0.0,0.0,0.0,0.0,0.0,0.0,0.0,27.0,3.0,0.0,0.0,10.9,0.0,0.0,0.0,71.369,0.0,0.0,25.087906713000002,0.0,-0.298253115,0.0,10.0,0.0,0.0
