PtID,Pt_CGMUseNumDays,Pt_FatherT1D,Pt_MotherT1D,Pt_SiblingT1D,Pt_ChildT1D,Pt_GrandchildT1D,Pt_GrandparentT1D,BldPrSys,BldPrDia,SMBGperDayPtMeterCombo,WeightKg,HeightCm,DirectLDL,age,diabDur,TotalDailyInsPerKg,LDL,HDL,TotChol,Triglyc,BUN,AlbCreatRat_mggNew,UnitsInsBasalOrLongAct,BGTestAvgNumMeter,BGTestAvgNumPtRep,TSH,HbA1c,AutonomicNeuroCl,Pt_InsGov,NumPumpBolusOrShortAct,HbA1cImputeDtMnC,Pt_SHFlg,Pt_DKAFlg,bmi,bmiPerc,bmiZscore,GFR,diagAgeCombo,Pt_A1cGoalLev,Pt_A1cGoalLevelDsYr5
14516,7.0,0.0,0.0,1.0,0.0,0.0,0.0,142.0,80.0,5.0,83.46099608,187.96,0.0,22,17.0,1.6534669664,104.0,39.0,167.0,119.0,16.0,430.0,0.0,0.0,5.0,0.0,10.8,0.0,0.0,30.0,0.531,0.0,0.0,23.623959579,0.0,-0.587009632,0.0,5.0,0.0,0.0
14516,0.0,0.0,0.0,1.0,0.0,0.0,1.0,140.0,90.0,3.0,83.00740371,162.56,0.0,22,17.0,0.9035338614,0.0,0.0,0.0,0.0,0.0,364.0,0.0,0.0,3.0,0.0,10.6,0.0,0.0,0.0,6.5729999999999995,0.0,0.0,31.411555926,0.0,0.9490562211,0.0,5.0,0.0,0.0
14516,0.0,0.0,0.0,0.0,0.0,0.0,0.0,138.0,82.0,4.0,86.63614267,187.96,0.0,24,19.0,0.8656895112,88.0,44.0,172.0,201.0,13.0,0.0,42.0,0.0,4.0,0.0,0.0,0.0,0.0,8.0,0.0,0.0,0.0,24.522697171,0.0,-0.409737973,0.0,5.0,0.0,0.0
14516,0.0,0.0,0.0,0.0,0.0,0.0,0.0,132.0,74.0,2.0,95.70799007,187.96,0.0,24,19.0,0.94036036,0.0,0.0,0.0,0.0,0.0,0.0,43.0,2.0,2.0,0.0,8.6,0.0,0.0,0.0,33.859,0.0,0.0,27.090518865,0.0,0.0967524824,0.0,5.0,0.0,0.0
14516,0.0,0.0,0.0,0.0,0.0,0.0,0.0,110.0,80.0,6.0,97.06876718,187.96,0.0,25,20.0,0.7726481151000001,96.0,38.0,153.0,96.0,8.0,0.0,29.0,6.0,6.0,0.0,8.2,0.0,0.0,4.0,43.95,0.0,0.0,27.475692119,0.0,0.17272605079999998,0.0,5.0,0.0,0.0
14516,0.0,0.0,0.0,0.0,0.0,0.0,0.0,124.0,80.0,0.0,102.05828325,187.96,0.0,26,21.0,0.0,0.0,0.0,0.0,0.0,0.0,0.0,0.0,0.0,0.0,0.0,8.5,0.0,0.0,0.0,56.1,0.0,0.0,28.88799405,0.0,0.4512958013,0.0,5.0,0.0,0.0
14516,0.0,0.0,0.0,0.0,0.0,0.0,0.0,124.0,75.0,4.0,112.03731539,187.96,0.0,27,22.0,0.5176846642,65.0,42.0,120.0,67.0,9.0,0.0,47.0,4.0,10.0,2.79,7.9,0.0,1.0,4.0,62.174,0.0,0.0,31.712597913000003,0.0,1.0084353023000001,0.0,5.0,0.0,0.0
