PtID,Pt_CGMUseNumDays,Pt_FatherT1D,Pt_MotherT1D,Pt_SiblingT1D,Pt_ChildT1D,Pt_GrandchildT1D,Pt_GrandparentT1D,BldPrSys,BldPrDia,SMBGperDayPtMeterCombo,WeightKg,HeightCm,DirectLDL,age,diabDur,TotalDailyInsPerKg,LDL,HDL,TotChol,Triglyc,BUN,AlbCreatRat_mggNew,UnitsInsBasalOrLongAct,BGTestAvgNumMeter,BGTestAvgNumPtRep,TSH,HbA1c,AutonomicNeuroCl,Pt_InsGov,NumPumpBolusOrShortAct,HbA1cImputeDtMnC,Pt_SHFlg,Pt_DKAFlg,bmi,bmiPerc,bmiZscore,GFR,diagAgeCombo,Pt_A1cGoalLev,Pt_A1cGoalLevelDsYr5
14523,0.0,0.0,0.0,0.0,0.0,0.0,0.0,105.0,65.0,5.0,23.13321087,117.9,0.0,6,2.0,0.9942415746,0.0,0.0,0.0,0.0,0.0,0.0,0.0,0.0,5.0,0.0,8.4,0.0,0.0,6.0,0.0,0.0,0.0,16.642106866,0.7983907695,0.8358870276,0.0,3.0,0.0,0.0
14523,0.0,0.0,0.0,0.0,0.0,0.0,0.0,94.0,48.0,5.0,24.94758035,121.92,0.0,7,3.0,0.4008404767,0.0,0.0,0.0,0.0,0.0,0.0,0.0,5.0,4.0,0.0,7.8,0.0,0.0,0.0,11.054,0.0,0.0,16.783345,0.7596995429000001,0.7053363983,0.0,3.0,0.0,0.0
14523,0.0,0.0,0.0,0.0,0.0,0.0,0.0,100.0,66.0,4.0,29.93709642,132.08,1.0,9,5.0,0.9352944456,86.0,0.0,0.0,0.0,0.0,0.0,9.0,4.0,4.0,3.3,7.8,0.0,0.0,0.0,31.801,0.0,0.0,17.160721988,0.6503567048,0.3862836738,0.0,3.0,0.0,0.0
14523,0.0,0.0,0.0,0.0,0.0,0.0,0.0,90.0,60.0,4.0,30.39068879,134.112,0.0,9,5.0,0.921334827,0.0,0.0,0.0,0.0,0.0,0.0,10.0,4.0,0.0,0.0,7.5,0.0,0.0,0.0,37.178000000000004,0.0,0.0,16.89683118,0.6091177018,0.27702019899999997,0.0,3.0,0.0,0.0
14523,0.0,0.0,0.0,0.0,0.0,0.0,0.0,104.0,46.0,4.0,31.29787353,137.16,0.0,10,6.0,0.8946294697,0.0,0.0,0.0,0.0,0.0,0.0,10.0,4.0,0.0,1.97,8.2,0.0,0.0,0.0,46.938,0.0,0.0,16.636420094,0.4644396782,-0.089254874,0.0,3.0,0.0,0.0
14523,0.0,0.0,0.0,0.0,0.0,0.0,0.0,90.0,52.0,5.0,38.10175908,144.78,0.0,11,8.0,0.9973292813,0.0,0.0,0.0,0.0,0.0,11.7,13.0,5.0,0.0,0.0,8.4,0.0,0.0,0.0,65.062,0.0,0.0,18.177237515999998,0.6084300253,0.2752294671,0.0,3.0,0.0,0.0
14523,0.0,0.0,0.0,0.0,0.0,0.0,0.0,117.0,65.0,6.0,43.4,150.622,0.0,12,9.0,1.198156682,0.0,0.0,0.0,0.0,0.0,14.9,14.0,6.0,4.0,1.68,7.3,0.0,0.0,0.0,75.685,0.0,0.0,19.129909239,0.6413398713,0.3620425186,0.0,3.0,0.0,0.0
