PtID,Pt_CGMUseNumDays,Pt_FatherT1D,Pt_MotherT1D,Pt_SiblingT1D,Pt_ChildT1D,Pt_GrandchildT1D,Pt_GrandparentT1D,BldPrSys,BldPrDia,SMBGperDayPtMeterCombo,WeightKg,HeightCm,DirectLDL,age,diabDur,TotalDailyInsPerKg,LDL,HDL,TotChol,Triglyc,BUN,AlbCreatRat_mggNew,UnitsInsBasalOrLongAct,BGTestAvgNumMeter,BGTestAvgNumPtRep,TSH,HbA1c,AutonomicNeuroCl,Pt_InsGov,NumPumpBolusOrShortAct,HbA1cImputeDtMnC,Pt_SHFlg,Pt_DKAFlg,bmi,bmiPerc,bmiZscore,GFR,diagAgeCombo,Pt_A1cGoalLev,Pt_A1cGoalLevelDsYr5
14524,0.0,0.0,0.0,0.0,0.0,0.0,0.0,127.0,82.0,5.0,0.0,0.0,0.0,63,14.0,0.0,92.0,40.0,155.0,113.0,24.0,4.0,0.0,0.0,5.0,0.0,0.0,0.0,0.0,0.0,0.0,0.0,0.0,0.0,0.0,0.0,0.0,48.0,0.0,0.0
14524,0.0,0.0,0.0,0.0,0.0,0.0,0.0,141.0,76.0,5.0,79.37866475,172.72,0.0,63,14.0,0.7432727697,99.0,47.0,159.0,67.0,21.0,0.0,0.0,0.0,5.0,0.0,8.2,0.0,0.0,0.0,11.154000000000002,0.0,0.0,26.608385908000002,0.0,-0.43683484100000003,0.0,48.0,7.0,0.0
14524,0.0,0.0,0.0,0.0,0.0,0.0,0.0,147.0,79.0,0.0,79.968334831,173.99,0.0,64,15.0,0.0,110.0,47.0,173.0,80.0,17.0,3.9,18.0,0.0,0.0,0.0,8.0,0.0,0.0,0.0,23.27,0.0,0.0,26.416147240999997,0.0,-0.473479993,0.0,48.0,0.0,0.0
14524,0.0,0.0,0.0,0.0,0.0,0.0,0.0,132.0,76.0,0.0,80.73944186,175.26,0.0,66,17.0,0.0,93.0,47.0,156.0,82.0,24.0,0.0,17.0,0.0,0.0,0.0,7.9,0.0,0.0,0.0,36.548,0.0,0.0,26.285735177,0.0,-0.49833956,0.0,48.0,0.0,0.0
14524,0.0,0.0,0.0,0.0,0.0,0.0,0.0,134.0,72.0,0.0,78.01788764,175.26,0.0,67,18.0,0.0,0.0,0.0,0.0,0.0,20.0,0.0,15.0,0.0,0.0,0.0,7.7,0.0,0.0,4.0,49.195,0.0,0.0,25.399699159,0.0,-0.667238592,87.0,48.0,0.0,0.0
14524,30.0,0.0,0.0,0.0,0.0,0.0,0.0,163.0,79.0,2.0,78.01788764,175.26,0.0,68,19.0,0.44861506840000004,86.0,46.0,145.0,64.0,20.0,0.0,15.0,2.0,2.0,0.0,8.1,0.0,0.0,4.0,61.111999999999995,0.0,0.0,25.399699159,0.0,-0.667238592,71.0,48.0,0.0,0.0
