PtID,Pt_CGMUseNumDays,Pt_FatherT1D,Pt_MotherT1D,Pt_SiblingT1D,Pt_ChildT1D,Pt_GrandchildT1D,Pt_GrandparentT1D,BldPrSys,BldPrDia,SMBGperDayPtMeterCombo,WeightKg,HeightCm,DirectLDL,age,diabDur,TotalDailyInsPerKg,LDL,HDL,TotChol,Triglyc,BUN,AlbCreatRat_mggNew,UnitsInsBasalOrLongAct,BGTestAvgNumMeter,BGTestAvgNumPtRep,TSH,HbA1c,AutonomicNeuroCl,Pt_InsGov,NumPumpBolusOrShortAct,HbA1cImputeDtMnC,Pt_SHFlg,Pt_DKAFlg,bmi,bmiPerc,bmiZscore,GFR,diagAgeCombo,Pt_A1cGoalLev,Pt_A1cGoalLevelDsYr5
14541,0.0,0.0,0.0,0.0,0.0,0.0,0.0,99.0,44.0,5.0,22.0,125.0,0.0,7,0.0,0.2727272727,0.0,0.0,0.0,0.0,15.0,0.0,0.0,5.0,4.0,0.0,7.9,0.0,0.0,0.0,0.0,0.0,0.0,14.08,0.10773753189999999,-1.2386502129999999,0.0,7.0,0.0,0.0
14541,0.0,0.0,0.0,0.0,0.0,0.0,0.0,90.0,59.0,5.0,23.6,127.7,0.0,8,0.0,0.5932203389999999,0.0,0.0,0.0,0.0,0.0,0.0,0.0,5.0,6.0,0.0,10.7,0.0,0.0,6.0,7.369,0.0,0.0,14.472055136,0.1658214389,-0.970810049,0.0,7.0,7.0,0.0
14541,0.0,0.0,0.0,0.0,0.0,0.0,0.0,104.0,56.0,5.0,28.2,134.7,0.0,9,1.0,0.8156028369,63.0,66.0,141.0,61.0,14.0,4.7,8.0,5.0,0.0,3.09,9.4,0.0,0.0,8.0,22.605999999999998,0.0,0.0,15.542250948,0.3577598684,-0.36445303700000004,0.0,7.0,0.0,0.0
14541,0.0,0.0,0.0,0.0,0.0,0.0,0.0,98.0,69.0,9.0,30.9,140.4,0.0,10,3.0,0.8090614887,0.0,0.0,159.0,0.0,16.0,4.7,9.0,9.0,0.0,3.0,9.0,0.0,0.0,10.0,35.253,0.0,0.0,15.675603282,0.2970420329,-0.53292707,0.0,7.0,0.0,0.0
14541,0.0,0.0,0.0,0.0,0.0,0.0,0.0,124.0,80.0,6.0,34.8,145.5,0.0,11,4.0,0.7758620690000001,57.0,80.0,150.0,66.0,16.0,4.7,10.0,6.0,0.0,3.59,8.1,0.0,0.0,0.0,49.028999999999996,0.0,0.0,16.438162043,0.3564560737,-0.36794781299999996,0.0,7.0,0.0,0.0
14541,30.0,0.0,0.0,0.0,0.0,0.0,0.0,98.0,64.0,5.0,37.8,152.0,0.0,12,5.0,1.0052910053,0.0,0.0,0.0,0.0,15.0,29.9,11.0,5.0,2.0,0.0,8.6,0.0,0.0,0.0,63.236999999999995,0.0,0.0,16.360803324000003,0.2396419038,-0.707454936,0.0,7.0,0.0,0.0
