PtID,Pt_CGMUseNumDays,Pt_FatherT1D,Pt_MotherT1D,Pt_SiblingT1D,Pt_ChildT1D,Pt_GrandchildT1D,Pt_GrandparentT1D,BldPrSys,BldPrDia,SMBGperDayPtMeterCombo,WeightKg,HeightCm,DirectLDL,age,diabDur,TotalDailyInsPerKg,LDL,HDL,TotChol,Triglyc,BUN,AlbCreatRat_mggNew,UnitsInsBasalOrLongAct,BGTestAvgNumMeter,BGTestAvgNumPtRep,TSH,HbA1c,AutonomicNeuroCl,Pt_InsGov,NumPumpBolusOrShortAct,HbA1cImputeDtMnC,Pt_SHFlg,Pt_DKAFlg,bmi,bmiPerc,bmiZscore,GFR,diagAgeCombo,Pt_A1cGoalLev,Pt_A1cGoalLevelDsYr5
14551,0.0,0.0,0.0,0.0,0.0,0.0,0.0,121.0,80.0,5.0,74.933459524,172.46599999999998,0.0,19,4.0,1.3345173256,101.0,54.0,0.0,185.0,0.0,0.0,0.0,5.0,4.0,0.0,6.4,0.0,0.0,0.0,0.0,0.0,0.0,25.192356983000003,0.7812877756000001,0.7765497659,0.0,15.0,0.0,0.0
14551,0.0,0.0,0.0,0.0,0.0,0.0,0.0,133.0,82.0,3.0,73.5,172.0,0.0,20,5.0,1.3605442177,86.0,47.0,0.0,184.0,10.0,29.9,0.0,3.0,3.0,0.0,6.7,0.0,0.0,0.0,10.124,0.0,0.0,24.844510546,0.7037802722,-0.346261836,0.0,15.0,6.5,0.0
14551,0.0,0.0,0.0,0.0,0.0,0.0,0.0,124.0,79.0,5.0,72.7,171.8,0.0,21,6.0,0.0,62.0,49.0,142.0,153.0,12.0,29.9,36.0,5.0,0.0,1.3,7.5,0.0,0.0,0.0,23.27,0.0,0.0,24.631342994,0.0,-0.388308108,113.0,15.0,0.0,0.0
14551,0.0,0.0,0.0,0.0,0.0,0.0,0.0,126.0,81.0,3.0,78.3,172.9,0.0,22,7.0,1.3154533844,0.0,0.0,0.0,0.0,10.0,29.9,46.0,3.0,0.0,0.85,7.6,0.0,0.0,7.0,35.419000000000004,0.0,0.0,26.19218777,0.0,-0.080438997,113.0,15.0,0.0,0.0
14551,0.0,0.0,0.0,0.0,0.0,0.0,0.0,130.0,78.0,3.0,82.1,172.0,0.0,23,8.0,0.8526187576,0.0,0.0,0.0,0.0,0.0,29.9,28.0,3.0,0.0,0.85,7.5,0.0,0.0,0.0,48.863,0.0,0.0,27.75148729,0.0,0.22712531940000003,0.0,15.0,0.0,0.0
14551,0.0,0.0,0.0,0.0,0.0,0.0,0.0,127.0,73.0,3.0,82.8,171.9,0.0,24,9.0,0.8731884058,55.0,60.0,0.0,145.0,7.0,10.0,26.0,3.0,0.0,1.3,7.0,0.0,0.0,8.0,54.672,0.0,0.0,28.020674385,0.0,0.2802211766,100.0,15.0,0.0,0.0
