PtID,Pt_CGMUseNumDays,Pt_FatherT1D,Pt_MotherT1D,Pt_SiblingT1D,Pt_ChildT1D,Pt_GrandchildT1D,Pt_GrandparentT1D,BldPrSys,BldPrDia,SMBGperDayPtMeterCombo,WeightKg,HeightCm,DirectLDL,age,diabDur,TotalDailyInsPerKg,LDL,HDL,TotChol,Triglyc,BUN,AlbCreatRat_mggNew,UnitsInsBasalOrLongAct,BGTestAvgNumMeter,BGTestAvgNumPtRep,TSH,HbA1c,AutonomicNeuroCl,Pt_InsGov,NumPumpBolusOrShortAct,HbA1cImputeDtMnC,Pt_SHFlg,Pt_DKAFlg,bmi,bmiPerc,bmiZscore,GFR,diagAgeCombo,Pt_A1cGoalLev,Pt_A1cGoalLevelDsYr5
14552,25.0,0.0,0.0,0.0,0.0,0.0,0.0,110.0,70.0,2.0,0.0,0.0,0.0,44,9.0,0.0,25.0,51.0,0.0,54.0,15.0,1.8,0.0,0.0,2.0,0.0,7.9,0.0,0.0,0.0,0.0,0.0,0.0,0.0,0.0,0.0,0.0,35.0,0.0,0.0
14552,25.0,0.0,0.0,0.0,0.0,0.0,0.0,110.0,70.0,1.0,90.174163156,187.96,0.0,46,10.0,0.4435860406,80.0,40.0,150.0,150.0,0.0,2.5,0.0,0.0,1.0,0.0,7.5,0.0,0.0,5.0,18.124000000000002,0.0,0.0,25.524147632,0.0,-0.413481515,0.0,35.0,7.0,0.0
14552,0.0,0.0,0.0,0.0,0.0,0.0,0.0,122.0,70.0,1.0,90.718474,187.96,0.0,47,12.0,0.23148537530000002,144.0,44.0,0.0,151.0,13.0,3.4,12.0,1.0,0.0,2.18,7.5,0.0,0.0,3.0,34.622,0.0,0.0,25.678216933,0.0,-0.39132988799999996,0.0,35.0,0.0,0.0
14552,0.0,0.0,0.0,0.0,0.0,0.0,0.0,110.0,66.0,1.0,90.26488163,187.96,0.0,48,13.0,0.38774769729999997,94.0,47.0,0.0,113.0,19.0,15.1,20.0,1.0,0.0,2.84,7.6,0.0,0.0,5.0,47.602,0.0,0.0,25.549825849,0.0,-0.409789577,0.0,35.0,0.0,0.0
14552,0.0,0.0,0.0,0.0,0.0,0.0,0.0,116.0,74.0,1.0,88.45051215,187.96,0.0,49,14.0,0.4635360384,143.0,61.0,215.0,55.0,16.0,4.8,20.0,1.0,0.0,3.53,6.7,0.0,0.0,2.0,59.552,0.0,0.0,25.03626151,0.0,-0.48362833299999997,76.0,35.0,0.0,0.0
14552,0.0,0.0,0.0,0.0,0.0,0.0,0.0,118.0,70.0,2.0,88.45051215,187.96,0.0,50,15.0,0.3730899822,0.0,0.0,0.0,0.0,0.0,4.8,22.0,2.0,4.0,0.0,7.4,0.0,0.0,3.0,72.465,0.0,0.0,25.03626151,0.0,-0.48491939100000003,0.0,35.0,0.0,0.0
