PtID,Pt_CGMUseNumDays,Pt_FatherT1D,Pt_MotherT1D,Pt_SiblingT1D,Pt_ChildT1D,Pt_GrandchildT1D,Pt_GrandparentT1D,BldPrSys,BldPrDia,SMBGperDayPtMeterCombo,WeightKg,HeightCm,DirectLDL,age,diabDur,TotalDailyInsPerKg,LDL,HDL,TotChol,Triglyc,BUN,AlbCreatRat_mggNew,UnitsInsBasalOrLongAct,BGTestAvgNumMeter,BGTestAvgNumPtRep,TSH,HbA1c,AutonomicNeuroCl,Pt_InsGov,NumPumpBolusOrShortAct,HbA1cImputeDtMnC,Pt_SHFlg,Pt_DKAFlg,bmi,bmiPerc,bmiZscore,GFR,diagAgeCombo,Pt_A1cGoalLev,Pt_A1cGoalLevelDsYr5
14593,0.0,0.0,0.0,0.0,0.0,0.0,0.0,137.0,67.0,6.0,90.310240867,180.34,0.0,23,22.0,0.42077177109999997,100.0,57.0,201.0,71.0,12.0,3.5,0.0,0.0,6.0,0.0,7.6,0.0,0.0,3.0,0.0,0.0,0.0,27.768528726,0.0,0.2304866604,0.0,1.0,0.0,0.0
14593,0.0,0.0,0.0,0.0,0.0,0.0,0.0,114.0,53.0,7.0,88.223715965,179.07,0.0,24,23.0,0.9067856542,72.0,85.0,168.0,56.0,11.0,26.5,0.0,0.0,7.0,0.0,7.9,0.0,1.0,0.0,11.850999999999999,0.0,0.0,27.51310965,0.0,0.18010647859999998,0.0,1.0,6.5,0.0
14593,0.0,0.0,0.0,0.0,0.0,0.0,0.0,123.0,57.0,0.0,87.6,180.3,0.0,25,24.0,0.6849315068,89.0,85.0,0.0,37.0,11.0,13.9,37.0,0.0,0.0,5.94,7.5,0.0,0.0,0.0,23.701,0.0,0.0,26.947138389000003,0.0,0.0684713745,0.0,1.0,0.0,0.0
14593,0.0,0.0,0.0,0.0,0.0,0.0,0.0,125.0,68.0,0.0,89.2,180.3,0.0,26,25.0,0.6165919283,0.0,0.0,0.0,0.0,0.0,13.9,34.0,0.0,0.0,6.95,8.1,0.0,0.0,21.0,32.299,0.0,0.0,27.439323565,0.0,0.16555252880000002,0.0,1.0,0.0,0.0
