PtID,Pt_CGMUseNumDays,Pt_FatherT1D,Pt_MotherT1D,Pt_SiblingT1D,Pt_ChildT1D,Pt_GrandchildT1D,Pt_GrandparentT1D,BldPrSys,BldPrDia,SMBGperDayPtMeterCombo,WeightKg,HeightCm,DirectLDL,age,diabDur,TotalDailyInsPerKg,LDL,HDL,TotChol,Triglyc,BUN,AlbCreatRat_mggNew,UnitsInsBasalOrLongAct,BGTestAvgNumMeter,BGTestAvgNumPtRep,TSH,HbA1c,AutonomicNeuroCl,Pt_InsGov,NumPumpBolusOrShortAct,HbA1cImputeDtMnC,Pt_SHFlg,Pt_DKAFlg,bmi,bmiPerc,bmiZscore,GFR,diagAgeCombo,Pt_A1cGoalLev,Pt_A1cGoalLevelDsYr5
1461,0.0,0.0,0.0,0.0,0.0,0.0,0.0,100.0,63.0,3.0,54.4310844,150.7,0.0,12,3.0,0.44092452439999996,0.0,0.0,0.0,0.0,17.0,0.0,0.0,3.0,3.0,0.0,9.1,0.0,0.0,0.0,2.888,0.0,0.0,23.967375605,0.9464672861,1.6115246096,0.0,8.0,0.0,0.0
1461,0.0,0.0,0.0,0.0,0.0,0.0,0.0,106.0,66.0,2.0,60.5,153.2,0.0,13,5.0,0.8760330579000001,0.0,0.0,0.0,0.0,0.0,0.0,0.0,2.0,4.0,0.0,10.6,0.0,0.0,0.0,17.692999999999998,0.0,0.0,25.777324816,0.9584412218,1.732876869,0.0,8.0,6.5,0.0
1461,0.0,0.0,0.0,0.0,0.0,0.0,0.0,102.0,67.0,3.0,65.9,160.5,0.0,14,6.0,0.7587253414,94.0,65.0,213.0,271.0,0.0,21.0,23.0,3.0,0.0,1.2,9.4,0.0,0.0,0.0,29.178,0.0,0.0,25.582049864000002,0.9431310592000001,1.5816132749,0.0,8.0,0.0,0.0
1461,0.0,0.0,0.0,0.0,0.0,0.0,0.0,107.0,65.0,3.0,74.4,166.8,0.0,15,7.0,0.3897849462,0.0,0.0,0.0,0.0,0.0,21.0,0.0,3.0,0.0,1.71,9.9,0.0,0.0,0.0,41.494,0.0,0.0,26.74119697,0.9490303294,1.6355235540000002,0.0,8.0,0.0,0.0
1461,0.0,0.0,0.0,0.0,0.0,0.0,0.0,116.0,78.0,0.0,67.6,167.0,0.0,16,8.0,1.3313609467,0.0,0.0,0.0,0.0,0.0,21.0,0.0,0.0,0.0,0.0,11.3,0.0,0.0,0.0,54.008,0.0,0.0,24.238947255,0.8530113247,1.0494363172,0.0,8.0,0.0,0.0
1461,0.0,0.0,0.0,0.0,0.0,0.0,0.0,106.0,68.0,0.0,63.6,166.5,0.0,17,9.0,1.0220125786,0.0,0.0,0.0,0.0,9.0,21.0,0.0,0.0,0.0,1.35,10.8,0.0,0.0,0.0,62.141000000000005,0.0,0.0,22.94186078,0.7072570116,0.5453890398,0.0,8.0,0.0,0.0
