PtID,Pt_CGMUseNumDays,Pt_FatherT1D,Pt_MotherT1D,Pt_SiblingT1D,Pt_ChildT1D,Pt_GrandchildT1D,Pt_GrandparentT1D,BldPrSys,BldPrDia,SMBGperDayPtMeterCombo,WeightKg,HeightCm,DirectLDL,age,diabDur,TotalDailyInsPerKg,LDL,HDL,TotChol,Triglyc,BUN,AlbCreatRat_mggNew,UnitsInsBasalOrLongAct,BGTestAvgNumMeter,BGTestAvgNumPtRep,TSH,HbA1c,AutonomicNeuroCl,Pt_InsGov,NumPumpBolusOrShortAct,HbA1cImputeDtMnC,Pt_SHFlg,Pt_DKAFlg,bmi,bmiPerc,bmiZscore,GFR,diagAgeCombo,Pt_A1cGoalLev,Pt_A1cGoalLevelDsYr5
14617,0.0,0.0,0.0,0.0,0.0,0.0,0.0,0.0,0.0,6.0,42.8,159.5,0.0,13,0.0,0.5373831776,0.0,0.0,0.0,0.0,11.0,0.0,0.0,0.0,6.0,0.0,6.0,0.0,0.0,4.0,0.0,0.0,0.0,16.823734042999998,0.21648241769999998,-0.784128293,0.0,12.0,0.0,0.0
14617,0.0,0.0,0.0,0.0,0.0,0.0,0.0,126.0,69.0,5.0,43.9,160.0,0.0,14,1.0,0.45558086560000005,57.0,55.0,119.0,33.0,0.0,2.8,0.0,0.0,5.0,0.0,5.8,0.0,0.0,0.0,12.88,0.0,0.0,17.1484375,0.18617401039999998,-0.892083794,0.0,12.0,6.5,0.0
14617,0.0,0.0,0.0,0.0,0.0,0.0,0.0,121.0,72.0,5.0,45.8,160.0,0.0,15,2.0,0.480349345,70.0,53.0,132.0,43.0,0.0,6.9,11.0,5.0,0.0,0.76,5.9,0.0,0.0,6.0,18.224,0.0,0.0,17.890625,0.2140829921,-0.792333944,0.0,12.0,0.0,0.0
14617,0.0,0.0,0.0,0.0,0.0,0.0,0.0,131.0,77.0,4.0,44.3,159.8,0.0,16,3.0,0.0,0.0,0.0,0.0,0.0,0.0,6.9,10.0,0.0,4.0,0.0,6.0,0.0,0.0,0.0,33.328,0.0,0.0,17.34803047,0.09490736359999999,-1.311127393,0.0,12.0,0.0,0.0
14617,0.0,0.0,0.0,0.0,0.0,0.0,0.0,118.0,70.0,5.0,42.8,161.0,0.0,17,4.0,0.2803738318,77.0,57.0,148.0,69.0,15.0,6.9,8.0,5.0,0.0,1.13,5.7,0.0,0.0,0.0,44.747,0.0,0.0,16.511708653,0.0184447921,-2.086983963,0.0,12.0,0.0,0.0
14617,0.0,0.0,0.0,0.0,0.0,0.0,0.0,110.0,63.0,5.0,43.9,159.6,0.0,18,5.0,0.0,52.0,63.0,123.0,39.0,0.0,3.0,0.0,0.0,5.0,1.18,6.4,0.0,0.0,0.0,58.92100000000001,0.0,0.0,17.234502296,0.033377934399999996,-1.833314134,0.0,12.0,0.0,0.0
14617,0.0,0.0,0.0,0.0,0.0,0.0,0.0,98.0,68.0,4.0,43.7,160.8,0.0,19,6.0,0.3661327231,0.0,0.0,0.0,0.0,16.0,3.0,6.0,4.0,5.0,0.0,6.8,0.0,0.0,0.0,70.539,0.0,0.0,16.900881165999998,0.0138408374,-2.201768365,0.0,12.0,0.0,0.0
