PtID,Pt_CGMUseNumDays,Pt_FatherT1D,Pt_MotherT1D,Pt_SiblingT1D,Pt_ChildT1D,Pt_GrandchildT1D,Pt_GrandparentT1D,BldPrSys,BldPrDia,SMBGperDayPtMeterCombo,WeightKg,HeightCm,DirectLDL,age,diabDur,TotalDailyInsPerKg,LDL,HDL,TotChol,Triglyc,BUN,AlbCreatRat_mggNew,UnitsInsBasalOrLongAct,BGTestAvgNumMeter,BGTestAvgNumPtRep,TSH,HbA1c,AutonomicNeuroCl,Pt_InsGov,NumPumpBolusOrShortAct,HbA1cImputeDtMnC,Pt_SHFlg,Pt_DKAFlg,bmi,bmiPerc,bmiZscore,GFR,diagAgeCombo,Pt_A1cGoalLev,Pt_A1cGoalLevelDsYr5
14636,0.0,0.0,0.0,0.0,0.0,0.0,0.0,139.0,66.0,4.0,81.0,183.13400000000001,0.0,18,4.0,0.8024691358,85.0,52.0,0.0,55.0,14.0,9.9,0.0,4.0,5.0,0.0,8.0,0.0,0.0,6.0,0.0,0.0,0.0,24.151663893000002,0.7531729258,0.6845084609000001,0.0,13.0,0.0,0.0
14636,0.0,0.0,0.0,0.0,0.0,0.0,0.0,136.0,64.0,2.0,83.2,180.84799999999998,1.0,19,5.0,0.78125,101.0,0.0,0.0,0.0,0.0,0.0,0.0,2.0,3.0,0.0,7.9,0.0,0.0,0.0,10.722000000000001,0.0,0.0,25.438758111,0.7983068659999999,0.8355888064,0.0,13.0,6.9,0.0
14636,0.0,0.0,0.0,0.0,0.0,0.0,0.0,120.0,72.0,5.0,84.36818082,180.34,1.0,19,6.0,0.0,108.0,0.0,0.0,0.0,0.0,5.7,31.0,5.0,0.0,1.42,8.0,0.0,0.0,0.0,20.480999999999998,0.0,0.0,25.941468322,0.8292338687999999,0.9511420673000001,0.0,13.0,0.0,0.0
14636,0.0,0.0,0.0,0.0,0.0,0.0,0.0,126.0,74.0,4.0,87.99691978,181.61,1.0,20,7.0,0.7954823893,131.0,0.0,0.0,0.0,0.0,9.9,31.0,4.0,0.0,3.01,8.6,0.0,0.0,0.0,32.631,0.0,0.0,26.680130755,0.8330976981,0.0158054052,0.0,13.0,0.0,0.0
14636,0.0,0.0,0.0,0.0,0.0,0.0,0.0,120.0,64.0,4.0,83.46099608,180.34,0.0,21,8.0,0.7069170364,0.0,0.0,0.0,0.0,0.0,5.3,30.0,4.0,0.0,1.71,8.6,0.0,0.0,0.0,44.714,0.0,0.0,25.662527803000003,0.0,-0.18491187399999998,0.0,13.0,0.0,0.0
14636,0.0,0.0,0.0,0.0,0.0,0.0,0.0,120.0,58.0,4.0,89.81128926,181.61,1.0,23,9.0,0.7794120379999999,128.0,0.0,0.0,0.0,0.0,0.0,31.0,4.0,5.0,0.0,8.5,0.0,0.0,0.0,64.797,0.0,0.0,27.230236543,0.0,0.12431112130000001,0.0,13.0,0.0,0.0
