PtID,Pt_CGMUseNumDays,Pt_FatherT1D,Pt_MotherT1D,Pt_SiblingT1D,Pt_ChildT1D,Pt_GrandchildT1D,Pt_GrandparentT1D,BldPrSys,BldPrDia,SMBGperDayPtMeterCombo,WeightKg,HeightCm,DirectLDL,age,diabDur,TotalDailyInsPerKg,LDL,HDL,TotChol,Triglyc,BUN,AlbCreatRat_mggNew,UnitsInsBasalOrLongAct,BGTestAvgNumMeter,BGTestAvgNumPtRep,TSH,HbA1c,AutonomicNeuroCl,Pt_InsGov,NumPumpBolusOrShortAct,HbA1cImputeDtMnC,Pt_SHFlg,Pt_DKAFlg,bmi,bmiPerc,bmiZscore,GFR,diagAgeCombo,Pt_A1cGoalLev,Pt_A1cGoalLevelDsYr5
14635,0.0,0.0,0.0,0.0,0.0,0.0,0.0,117.0,75.0,2.0,29.6,123.0,0.0,7,0.0,0.6081081081,89.0,77.0,0.0,58.0,0.0,11.0,0.0,2.0,7.0,0.0,9.7,0.0,1.0,0.0,0.0,0.0,0.0,19.5650737,0.9481323676000001,1.6270086308,0.0,6.0,0.0,0.0
14635,0.0,0.0,0.0,0.0,0.0,0.0,0.0,98.0,62.0,0.0,42.2,136.1,0.0,9,3.0,0.0,83.0,68.0,0.0,168.0,0.0,6.0,34.0,0.0,0.0,4.3,9.9,0.0,0.0,0.0,30.739,0.0,0.0,22.78222835,0.9652123842,1.8146661399000001,0.0,6.0,0.0,0.0
14635,0.0,0.0,0.0,0.0,0.0,0.0,0.0,101.0,68.0,4.0,44.0,142.0,0.0,11,4.0,0.0,0.0,0.0,174.0,0.0,0.0,15.0,25.0,0.0,4.0,3.76,13.1,0.0,0.0,0.0,48.431999999999995,0.0,0.0,21.821067249000002,0.8944093119,1.2503235575,0.0,6.0,0.0,0.0
14635,1.0,0.0,0.0,0.0,0.0,0.0,0.0,110.0,74.0,1.0,38.2,147.9,0.0,12,5.0,0.0,0.0,0.0,0.0,0.0,10.0,20.0,22.0,1.0,4.0,0.0,12.0,0.0,1.0,0.0,61.211999999999996,0.0,1.0,17.463328154000003,0.40503562049999997,-0.24033412699999998,0.0,6.0,0.0,0.0
14635,0.0,0.0,0.0,0.0,0.0,0.0,0.0,89.0,60.0,0.0,53.7,150.6,1.0,13,6.0,0.0,116.0,76.0,0.0,149.0,13.0,20.0,22.0,0.0,0.0,3.56,12.0,0.0,0.0,4.0,70.971,0.0,0.0,23.676872854000003,0.8948128877,1.252537083,0.0,6.0,0.0,0.0
