PtID,Pt_CGMUseNumDays,Pt_FatherT1D,Pt_MotherT1D,Pt_SiblingT1D,Pt_ChildT1D,Pt_GrandchildT1D,Pt_GrandparentT1D,BldPrSys,BldPrDia,SMBGperDayPtMeterCombo,WeightKg,HeightCm,DirectLDL,age,diabDur,TotalDailyInsPerKg,LDL,HDL,TotChol,Triglyc,BUN,AlbCreatRat_mggNew,UnitsInsBasalOrLongAct,BGTestAvgNumMeter,BGTestAvgNumPtRep,TSH,HbA1c,AutonomicNeuroCl,Pt_InsGov,NumPumpBolusOrShortAct,HbA1cImputeDtMnC,Pt_SHFlg,Pt_DKAFlg,bmi,bmiPerc,bmiZscore,GFR,diagAgeCombo,Pt_A1cGoalLev,Pt_A1cGoalLevelDsYr5
14632,0.0,0.0,0.0,0.0,0.0,0.0,0.0,96.0,77.0,4.0,56.7,158.8,0.0,12,1.0,0.2821869489,0.0,0.0,0.0,0.0,17.0,21.3,0.0,4.0,5.0,0.0,7.1,0.0,0.0,0.0,0.0,0.0,0.0,22.48443934,0.8841782601,1.1961360288,0.0,10.0,0.0,0.0
14632,0.0,0.0,0.0,0.0,0.0,0.0,1.0,92.0,77.0,4.0,62.2,160.7,0.0,13,2.0,0.3215434084,104.0,64.0,181.0,63.0,16.0,0.0,0.0,4.0,5.0,0.0,7.5,0.0,0.0,0.0,13.112,0.0,0.0,24.085664421999997,0.9070932565000001,1.3230658294,0.0,10.0,6.1,0.0
14632,0.0,0.0,0.0,0.0,0.0,0.0,0.0,101.0,71.0,3.0,68.0,163.7,0.0,15,4.0,0.0,128.0,64.0,208.0,79.0,18.0,22.0,16.0,3.0,0.0,3.42,8.5,0.0,0.0,0.0,36.083,0.0,0.0,25.37532153,0.898395488,1.2724619813,0.0,10.0,0.0,0.0
14632,0.0,0.0,0.0,0.0,0.0,0.0,0.0,104.0,74.0,6.0,68.2,161.9,0.0,16,5.0,1.1143695015000001,0.0,0.0,0.0,0.0,17.0,3.1,16.0,0.0,6.0,0.0,0.0,0.0,0.0,0.0,0.0,0.0,0.0,26.019004556,0.8977098448999999,1.2686096798,0.0,10.0,0.0,0.0
14632,0.0,0.0,0.0,0.0,0.0,0.0,0.0,98.0,69.0,4.0,67.7,162.7,0.0,17,6.0,1.2998522895,0.0,0.0,0.0,0.0,16.0,3.1,28.0,0.0,4.0,0.0,0.0,0.0,0.0,4.0,0.0,0.0,0.0,25.574877537,0.8652581923999999,1.1042525143000002,0.0,10.0,0.0,0.0
