PtID,Pt_CGMUseNumDays,Pt_FatherT1D,Pt_MotherT1D,Pt_SiblingT1D,Pt_ChildT1D,Pt_GrandchildT1D,Pt_GrandparentT1D,BldPrSys,BldPrDia,SMBGperDayPtMeterCombo,WeightKg,HeightCm,DirectLDL,age,diabDur,TotalDailyInsPerKg,LDL,HDL,TotChol,Triglyc,BUN,AlbCreatRat_mggNew,UnitsInsBasalOrLongAct,BGTestAvgNumMeter,BGTestAvgNumPtRep,TSH,HbA1c,AutonomicNeuroCl,Pt_InsGov,NumPumpBolusOrShortAct,HbA1cImputeDtMnC,Pt_SHFlg,Pt_DKAFlg,bmi,bmiPerc,bmiZscore,GFR,diagAgeCombo,Pt_A1cGoalLev,Pt_A1cGoalLevelDsYr5
14641,0.0,0.0,0.0,0.0,0.0,0.0,0.0,130.0,74.0,10.0,86.3,161.8,0.0,57,45.0,0.6257242178,80.0,38.0,157.0,194.0,31.0,11.5,0.0,10.0,9.0,0.0,6.1,0.0,1.0,5.0,0.133,0.0,0.0,32.965051697,0.0,0.5645070673,0.0,12.0,0.0,0.0
14641,0.0,0.0,0.0,0.0,0.0,0.0,0.0,126.0,68.0,11.0,90.8,160.1,0.0,58,46.0,0.6607929515,54.0,28.0,0.0,142.0,18.0,8.2,0.0,11.0,12.0,0.0,6.1,0.0,1.0,15.0,18.755,1.0,0.0,35.424455593000005,0.0,0.8900250161,0.0,12.0,6.4,0.0
14641,0.0,0.0,0.0,0.0,0.0,0.0,0.0,112.0,60.0,13.0,89.7,160.0,0.0,59,47.0,0.7246376812,42.0,41.0,0.0,82.0,38.0,15.7,29.0,13.0,0.0,2.95,7.5,0.0,0.0,10.0,30.838,0.0,0.0,35.0390625,0.0,0.8390157576,39.0,12.0,0.0,0.0
14641,0.0,0.0,0.0,0.0,0.0,0.0,0.0,124.0,72.0,14.0,79.4,158.8,0.0,60,48.0,0.6297229219,38.0,34.0,0.0,124.0,34.0,15.7,12.0,14.0,0.0,3.92,7.4,0.0,0.0,9.0,41.992,0.0,0.0,31.486146096,0.0,0.4929794778,21.0,12.0,0.0,0.0
14641,0.0,0.0,0.0,0.0,0.0,0.0,0.0,120.0,60.0,5.0,80.5,158.2,0.0,61,49.0,0.0,69.0,40.0,156.0,235.0,44.0,15.7,30.0,5.0,0.0,3.21,9.5,0.0,0.0,3.0,51.685,0.0,0.0,32.164953067,0.0,0.6223758437,41.0,12.0,0.0,0.0
14641,0.0,0.0,0.0,0.0,0.0,0.0,0.0,102.0,60.0,17.0,91.3,158.1,0.0,62,50.0,0.7667031763,116.0,47.0,188.0,125.0,25.0,15.7,30.0,17.0,10.0,0.0,6.8,0.0,1.0,3.0,65.295,1.0,0.0,36.526414038,0.0,1.4537715469999999,60.0,12.0,0.0,0.0
