PtID,Pt_CGMUseNumDays,Pt_FatherT1D,Pt_MotherT1D,Pt_SiblingT1D,Pt_ChildT1D,Pt_GrandchildT1D,Pt_GrandparentT1D,BldPrSys,BldPrDia,SMBGperDayPtMeterCombo,WeightKg,HeightCm,DirectLDL,age,diabDur,TotalDailyInsPerKg,LDL,HDL,TotChol,Triglyc,BUN,AlbCreatRat_mggNew,UnitsInsBasalOrLongAct,BGTestAvgNumMeter,BGTestAvgNumPtRep,TSH,HbA1c,AutonomicNeuroCl,Pt_InsGov,NumPumpBolusOrShortAct,HbA1cImputeDtMnC,Pt_SHFlg,Pt_DKAFlg,bmi,bmiPerc,bmiZscore,GFR,diagAgeCombo,Pt_A1cGoalLev,Pt_A1cGoalLevelDsYr5
14643,0.0,0.0,0.0,0.0,0.0,0.0,0.0,103.0,67.0,8.0,29.891737183000004,128.778,0.0,6,3.0,0.8363515256999999,0.0,51.0,126.0,0.0,0.0,0.0,0.0,8.0,6.0,0.0,7.2,0.0,1.0,4.0,-0.19899999999999998,0.0,0.0,18.024689961,0.9191018712000001,1.3990557772,0.0,3.0,0.0,0.0
14643,7.0,0.0,0.0,0.0,0.0,0.0,0.0,100.0,65.0,6.0,36.0,140.0,0.0,8,5.0,0.7777777778,0.0,0.0,0.0,0.0,0.0,0.0,0.0,6.0,8.0,0.0,8.5,0.0,1.0,0.0,23.004,0.0,0.0,18.367346939,0.8559423926999999,1.0622654056999998,0.0,3.0,7.2,0.0
14643,0.0,0.0,0.0,0.0,0.0,0.0,0.0,91.0,60.0,6.0,40.3,145.2,0.0,9,6.0,0.8684863523999999,0.0,45.0,150.0,0.0,0.0,3.7,13.0,6.0,6.0,1.21,7.7,0.0,0.0,4.0,33.925,0.0,0.0,19.114890452,0.8519874381,1.0449953389,0.0,3.0,0.0,0.0
14643,0.0,0.0,0.0,0.0,0.0,0.0,0.0,99.0,65.0,0.0,46.0,153.0,0.0,10,7.0,1.0,0.0,48.0,151.0,0.0,0.0,3.7,18.0,0.0,0.0,0.0,7.3,0.0,0.0,0.0,46.938,0.0,0.0,19.65056175,0.8313192101000001,0.9593914519,0.0,3.0,0.0,0.0
14643,0.0,0.0,0.0,0.0,0.0,0.0,0.0,94.0,58.0,5.0,52.6,160.8,0.0,11,8.0,0.8935361217,0.0,0.0,0.0,0.0,0.0,4.0,21.0,5.0,0.0,3.58,8.8,0.0,0.0,17.0,56.696999999999996,0.0,0.0,20.342937056,0.8207987315999999,0.9184132876000001,0.0,3.0,0.0,0.0
14643,0.0,0.0,0.0,0.0,0.0,0.0,0.0,101.0,64.0,4.0,59.9,167.6,0.0,12,9.0,0.9348914858,0.0,0.0,0.0,0.0,0.0,4.0,26.0,4.0,0.0,6.86,8.5,0.0,0.0,4.0,69.012,0.0,0.0,21.324496899,0.8293165876,0.9514680603,0.0,3.0,0.0,0.0
14643,0.0,0.0,0.0,0.0,0.0,0.0,0.0,98.0,62.0,4.0,63.1,170.8,0.0,13,10.0,1.030110935,0.0,0.0,0.0,0.0,0.0,4.0,29.0,4.0,5.0,2.17,8.6,0.0,1.0,5.0,76.913,0.0,0.0,21.62985592,0.7990299925,0.8381614849,0.0,3.0,0.0,0.0
