PtID,Pt_CGMUseNumDays,Pt_FatherT1D,Pt_MotherT1D,Pt_SiblingT1D,Pt_ChildT1D,Pt_GrandchildT1D,Pt_GrandparentT1D,BldPrSys,BldPrDia,SMBGperDayPtMeterCombo,WeightKg,HeightCm,DirectLDL,age,diabDur,TotalDailyInsPerKg,LDL,HDL,TotChol,Triglyc,BUN,AlbCreatRat_mggNew,UnitsInsBasalOrLongAct,BGTestAvgNumMeter,BGTestAvgNumPtRep,TSH,HbA1c,AutonomicNeuroCl,Pt_InsGov,NumPumpBolusOrShortAct,HbA1cImputeDtMnC,Pt_SHFlg,Pt_DKAFlg,bmi,bmiPerc,bmiZscore,GFR,diagAgeCombo,Pt_A1cGoalLev,Pt_A1cGoalLevelDsYr5
14647,0.0,0.0,0.0,0.0,0.0,0.0,0.0,128.0,70.0,5.0,0.0,0.0,0.0,51,22.0,0.0,86.0,67.0,0.0,128.0,16.0,2.0,0.0,5.0,5.0,0.0,7.8,0.0,0.0,3.0,0.0,0.0,0.0,0.0,0.0,0.0,0.0,29.0,0.0,0.0
14647,0.0,0.0,0.0,0.0,0.0,0.0,0.0,120.0,70.0,0.0,98.701699712,177.8,0.0,53,24.0,0.0,62.0,58.0,177.0,286.0,0.0,4.7,0.0,0.0,0.0,0.0,7.7,0.0,0.0,4.0,21.212,0.0,0.0,31.222028679,0.0,0.33380674239999997,0.0,29.0,0.0,0.0
14647,0.0,0.0,0.0,0.0,0.0,0.0,0.0,130.0,70.0,3.0,98.88313666,177.8,0.0,54,25.0,0.677567503,0.0,0.0,159.0,66.0,17.0,3.6,32.0,3.0,0.0,0.69,7.9,0.0,0.0,4.0,33.328,0.0,0.0,31.279422115,0.0,0.3414031333,0.0,29.0,0.0,0.0
14647,0.0,0.0,0.0,0.0,0.0,0.0,0.0,126.0,76.0,4.0,97.97595192,177.8,0.0,55,26.0,0.5613622417,115.0,70.0,0.0,220.0,19.0,10.0,29.0,4.0,0.0,1.9,7.7,0.0,0.0,4.0,45.544,0.0,0.0,30.992454939,0.0,0.303421179,0.0,29.0,0.0,0.0
14647,0.0,0.0,0.0,0.0,0.0,0.0,0.0,122.0,72.0,4.0,96.61517481,176.53,0.0,56,27.0,0.5796190931,116.0,80.0,236.0,202.0,21.0,2.7,32.0,4.0,0.0,0.92,7.7,0.0,0.0,4.0,58.589,0.0,0.0,31.003327046,0.0,0.3048601723,79.0,29.0,0.0,0.0
14647,0.0,0.0,0.0,0.0,0.0,0.0,0.0,126.0,82.0,2.0,97.06876718,177.8,0.0,57,28.0,0.0,95.0,91.0,223.0,185.0,17.0,2.7,20.0,2.0,0.0,1.71,8.1,0.0,0.0,0.0,71.568,0.0,0.0,30.705487764,0.0,0.2654392247,76.0,29.0,0.0,0.0
