PtID,Pt_CGMUseNumDays,Pt_FatherT1D,Pt_MotherT1D,Pt_SiblingT1D,Pt_ChildT1D,Pt_GrandchildT1D,Pt_GrandparentT1D,BldPrSys,BldPrDia,SMBGperDayPtMeterCombo,WeightKg,HeightCm,DirectLDL,age,diabDur,TotalDailyInsPerKg,LDL,HDL,TotChol,Triglyc,BUN,AlbCreatRat_mggNew,UnitsInsBasalOrLongAct,BGTestAvgNumMeter,BGTestAvgNumPtRep,TSH,HbA1c,AutonomicNeuroCl,Pt_InsGov,NumPumpBolusOrShortAct,HbA1cImputeDtMnC,Pt_SHFlg,Pt_DKAFlg,bmi,bmiPerc,bmiZscore,GFR,diagAgeCombo,Pt_A1cGoalLev,Pt_A1cGoalLevelDsYr5
14650,0.0,0.0,0.0,0.0,0.0,1.0,0.0,109.0,67.0,14.0,22.6,115.1,0.0,4,0.0,0.6637168142000001,0.0,0.0,0.0,0.0,8.0,0.0,0.0,14.0,5.0,0.0,8.1,0.0,0.0,5.0,0.365,0.0,0.0,17.059165867,0.8696519058,1.1247471667,0.0,4.0,0.0,0.0
14650,0.0,0.0,0.0,0.0,0.0,1.0,1.0,115.0,66.0,8.0,25.9,122.4,0.0,5,1.0,1.8532818533000002,0.0,0.0,0.0,0.0,0.0,0.0,0.0,8.0,5.0,0.0,7.9,0.0,0.0,0.0,12.083,0.0,0.0,17.287688495999998,0.9038979484,1.3040864649,0.0,4.0,7.5,0.0
14650,0.0,0.0,0.0,0.0,0.0,0.0,0.0,107.0,53.0,6.0,29.6,130.6,0.0,6,2.0,1.0135135135,91.0,85.0,0.0,62.0,0.0,0.0,13.0,6.0,0.0,1.8,7.7,0.0,0.0,7.0,25.095,0.0,0.0,17.354230328,0.8869313545,1.2103691063,0.0,4.0,0.0,0.0
14650,0.0,0.0,0.0,0.0,0.0,0.0,0.0,105.0,56.0,6.0,35.0,136.9,0.0,7,3.0,0.9714285714,0.0,0.0,0.0,0.0,0.0,0.0,15.0,6.0,0.0,0.0,6.5,0.0,0.0,6.0,37.411,0.0,0.0,18.675023117000002,0.9347988862000001,1.5125176437999999,0.0,4.0,0.0,0.0
14650,0.0,0.0,0.0,0.0,0.0,0.0,0.0,107.0,63.0,4.0,38.5,143.5,0.0,8,4.0,1.0389610390000001,66.0,94.0,170.0,48.0,0.0,0.0,14.0,4.0,0.0,1.31,7.9,0.0,0.0,7.0,48.56399999999999,0.0,0.0,18.696354211,0.9018534164,1.2921847625,0.0,4.0,0.0,0.0
14650,0.0,0.0,0.0,0.0,0.0,0.0,0.0,93.0,59.0,2.0,43.3,154.178,0.0,10,6.0,0.1385681293,0.0,0.0,0.0,0.0,0.0,0.0,0.0,2.0,0.0,1.31,8.9,0.0,0.0,0.0,70.639,0.0,0.0,18.215583223,0.749812011,0.6738982920000001,0.0,4.0,0.0,0.0
