PtID,Pt_CGMUseNumDays,Pt_FatherT1D,Pt_MotherT1D,Pt_SiblingT1D,Pt_ChildT1D,Pt_GrandchildT1D,Pt_GrandparentT1D,BldPrSys,BldPrDia,SMBGperDayPtMeterCombo,WeightKg,HeightCm,DirectLDL,age,diabDur,TotalDailyInsPerKg,LDL,HDL,TotChol,Triglyc,BUN,AlbCreatRat_mggNew,UnitsInsBasalOrLongAct,BGTestAvgNumMeter,BGTestAvgNumPtRep,TSH,HbA1c,AutonomicNeuroCl,Pt_InsGov,NumPumpBolusOrShortAct,HbA1cImputeDtMnC,Pt_SHFlg,Pt_DKAFlg,bmi,bmiPerc,bmiZscore,GFR,diagAgeCombo,Pt_A1cGoalLev,Pt_A1cGoalLevelDsYr5
14685,0.0,0.0,0.0,0.0,0.0,0.0,0.0,144.0,72.0,8.0,69.717147269,174.752,0.0,32,24.0,0.5737469413,95.0,45.0,148.0,42.0,14.0,5.2,0.0,0.0,8.0,0.0,8.2,0.0,0.0,0.0,0.0,0.0,0.0,22.829442095,0.0,-0.6770318240000001,0.0,8.0,0.0,0.0
14685,0.0,0.0,0.0,0.0,0.0,0.0,0.0,120.0,76.0,8.0,74.4,172.7,0.0,34,26.0,0.0,110.0,52.0,0.0,65.0,14.0,3.0,28.0,0.0,8.0,2.22,7.6,0.0,0.0,0.0,19.552,0.0,0.0,24.945272955,0.0,-0.37032653200000004,0.0,8.0,0.0,0.0
14685,0.0,0.0,0.0,0.0,0.0,0.0,0.0,132.0,69.0,0.0,75.6,172.7,0.0,34,26.0,0.0,0.0,0.0,0.0,0.0,0.0,3.0,22.0,0.0,0.0,0.0,8.4,0.0,0.0,0.0,25.56,0.0,0.0,25.347616066999997,0.0,-0.31200393,0.0,8.0,0.0,0.0
14685,0.0,0.0,0.0,0.0,0.0,0.0,0.0,136.0,75.0,10.0,75.2,172.7,0.0,35,27.0,0.0,88.0,52.0,152.0,57.0,15.0,0.0,25.0,10.0,10.0,1.4,7.3,0.0,0.0,0.0,38.075,0.0,0.0,25.213501695999998,0.0,-0.331444797,0.0,8.0,0.0,0.0
14685,0.0,0.0,0.0,0.0,0.0,0.0,0.0,133.0,82.0,10.0,0.0,0.0,0.0,36,28.0,0.0,0.0,0.0,0.0,0.0,0.0,0.0,28.0,10.0,10.0,0.0,8.5,0.0,0.0,0.0,47.468999999999994,0.0,0.0,0.0,0.0,0.0,0.0,8.0,0.0,0.0
14685,30.0,0.0,0.0,0.0,0.0,0.0,0.0,133.0,81.0,12.0,76.9,172.7,0.0,37,29.0,0.6241872561999999,119.0,49.0,180.0,58.0,12.0,0.0,27.0,12.0,4.0,1.33,7.6,0.0,0.0,13.0,56.73,0.0,0.0,25.783487771999997,0.0,-0.248821111,0.0,8.0,0.0,0.0
14685,0.0,0.0,0.0,0.0,0.0,0.0,0.0,128.0,71.0,10.0,0.0,0.0,0.0,38,30.0,0.0,89.0,35.0,0.0,89.0,10.0,0.0,27.8,10.0,0.0,2.02,8.1,0.0,0.0,14.0,74.855,0.0,0.0,0.0,0.0,0.0,131.0,8.0,0.0,0.0
