PtID,Pt_CGMUseNumDays,Pt_FatherT1D,Pt_MotherT1D,Pt_SiblingT1D,Pt_ChildT1D,Pt_GrandchildT1D,Pt_GrandparentT1D,BldPrSys,BldPrDia,SMBGperDayPtMeterCombo,WeightKg,HeightCm,DirectLDL,age,diabDur,TotalDailyInsPerKg,LDL,HDL,TotChol,Triglyc,BUN,AlbCreatRat_mggNew,UnitsInsBasalOrLongAct,BGTestAvgNumMeter,BGTestAvgNumPtRep,TSH,HbA1c,AutonomicNeuroCl,Pt_InsGov,NumPumpBolusOrShortAct,HbA1cImputeDtMnC,Pt_SHFlg,Pt_DKAFlg,bmi,bmiPerc,bmiZscore,GFR,diagAgeCombo,Pt_A1cGoalLev,Pt_A1cGoalLevelDsYr5
14692,0.0,0.0,0.0,0.0,0.0,0.0,0.0,97.0,68.0,5.0,25.2,113.5,0.0,5,0.0,0.3571428571,0.0,0.0,0.0,0.0,6.0,0.0,0.0,5.0,8.0,0.0,8.6,0.0,0.0,0.0,-0.033,0.0,0.0,19.561800151,0.9904884209,2.3450768478999997,0.0,5.0,0.0,0.0
14692,0.0,0.0,0.0,0.0,0.0,0.0,0.0,90.0,62.0,6.0,31.1,121.0,0.0,6,1.0,0.38585209,0.0,0.0,0.0,0.0,0.0,0.0,0.0,6.0,0.0,0.0,9.2,0.0,0.0,0.0,14.075,0.0,0.0,21.241718462,0.9925384494,2.4342398903999998,0.0,5.0,8.0,0.0
14692,0.0,0.0,0.0,0.0,0.0,0.0,0.0,88.0,60.0,7.0,40.0,129.0,0.0,7,2.0,0.55,94.0,58.0,0.0,61.0,0.0,0.0,7.0,7.0,10.0,2.34,9.1,0.0,0.0,0.0,28.083000000000002,0.0,0.0,24.037017006,0.9940598272,2.5156786298,0.0,5.0,0.0,0.0
14692,0.0,0.0,0.0,0.0,0.0,0.0,0.0,92.0,68.0,6.0,43.9,134.0,0.0,8,3.0,0.5466970387,0.0,0.0,0.0,0.0,0.0,0.0,8.0,6.0,9.0,0.0,9.3,0.0,0.0,4.0,37.676,0.0,0.0,24.448652261,0.9898736851000001,2.3216344043,0.0,5.0,0.0,0.0
14692,0.0,0.0,0.0,0.0,0.0,0.0,0.0,98.0,61.0,7.0,51.2,138.8,0.0,9,4.0,0.703125,0.0,0.0,0.0,0.0,0.0,0.0,11.0,7.0,9.0,1.73,8.1,0.0,0.0,0.0,47.701,0.0,0.0,26.576086505,0.9901199748999999,2.3308731357,0.0,5.0,0.0,0.0
14692,0.0,0.0,0.0,0.0,0.0,0.0,0.0,112.0,64.0,9.0,55.3,142.1,0.0,10,4.0,0.5424954792,0.0,0.0,0.0,0.0,0.0,0.0,13.0,0.0,9.0,1.81,8.3,0.0,0.0,0.0,57.195,0.0,0.0,27.386527908,0.9879603626000001,2.2558620042,0.0,5.0,0.0,0.0
14692,0.0,0.0,0.0,0.0,0.0,0.0,0.0,104.0,64.0,7.0,57.2,144.8,0.0,10,5.0,0.6118881119,0.0,0.0,0.0,0.0,0.0,0.0,14.0,7.0,7.0,1.81,9.0,0.0,0.0,4.0,64.863,1.0,0.0,27.280913281,0.9877036368000001,2.2477407426,0.0,5.0,0.0,0.0
14692,0.0,0.0,0.0,0.0,0.0,0.0,0.0,92.0,62.0,6.0,64.2,150.7,0.0,12,6.0,0.6978193145999999,88.0,46.0,156.0,109.0,13.0,0.0,20.3,6.0,5.0,1.66,8.2,0.0,0.0,5.0,82.456,0.0,0.0,28.268874868,0.9825411248999999,2.1093109494999998,0.0,5.0,0.0,0.0
