PtID,Pt_CGMUseNumDays,Pt_FatherT1D,Pt_MotherT1D,Pt_SiblingT1D,Pt_ChildT1D,Pt_GrandchildT1D,Pt_GrandparentT1D,BldPrSys,BldPrDia,SMBGperDayPtMeterCombo,WeightKg,HeightCm,DirectLDL,age,diabDur,TotalDailyInsPerKg,LDL,HDL,TotChol,Triglyc,BUN,AlbCreatRat_mggNew,UnitsInsBasalOrLongAct,BGTestAvgNumMeter,BGTestAvgNumPtRep,TSH,HbA1c,AutonomicNeuroCl,Pt_InsGov,NumPumpBolusOrShortAct,HbA1cImputeDtMnC,Pt_SHFlg,Pt_DKAFlg,bmi,bmiPerc,bmiZscore,GFR,diagAgeCombo,Pt_A1cGoalLev,Pt_A1cGoalLevelDsYr5
14729,0.0,0.0,0.0,1.0,0.0,0.0,0.0,0.0,0.0,4.0,0.0,0.0,1.0,17,12.0,0.0,102.0,50.0,0.0,0.0,0.0,6.3,0.0,4.0,6.0,0.0,0.0,0.0,0.0,0.0,0.0,0.0,0.0,0.0,0.0,0.0,0.0,5.0,0.0,0.0
14729,0.0,0.0,0.0,0.0,0.0,0.0,0.0,133.0,67.0,5.0,85.0,189.0,0.0,19,13.0,1.0117647059000001,0.0,0.0,0.0,0.0,0.0,2.0,44.0,5.0,0.0,0.0,10.2,0.0,0.0,3.0,11.917,0.0,0.0,23.795526441,0.6585496041,0.4085079546,0.0,5.0,0.0,0.0
14729,0.0,0.0,0.0,0.0,0.0,0.0,0.0,137.0,59.0,6.0,94.0,189.0,0.0,20,14.0,1.1914893617,0.0,0.0,0.0,0.0,0.0,2.0,56.0,6.0,0.0,1.0,9.2,0.0,0.0,5.0,26.058000000000003,0.0,0.0,26.31505277,0.8125923596,-0.056204468,0.0,5.0,0.0,0.0
14729,0.0,0.0,0.0,0.0,0.0,0.0,0.0,111.0,62.0,6.0,0.0,0.0,0.0,21,15.0,0.0,0.0,0.0,0.0,0.0,0.0,2.0,48.0,6.0,0.0,1.26,9.9,0.0,0.0,3.0,38.174,0.0,0.0,0.0,0.0,0.0,0.0,5.0,0.0,0.0
14729,0.0,0.0,0.0,0.0,0.0,0.0,0.0,128.0,74.0,7.0,99.8,190.5,0.0,22,16.0,1.1122244489,118.0,46.0,181.0,86.0,0.0,42.0,50.0,7.0,0.0,1.54,7.1,0.0,0.0,6.0,50.888000000000005,0.0,0.0,27.500499445,0.0,0.1776191764,0.0,5.0,0.0,0.0
14729,0.0,0.0,0.0,0.0,0.0,0.0,0.0,126.0,69.0,6.0,99.4,190.5,0.0,22,17.0,1.0060362173000001,121.0,35.0,178.0,111.0,0.0,42.0,50.0,6.0,0.0,2.2,7.8,0.0,0.0,6.0,60.415,0.0,0.0,27.390277003,0.0,0.1558783307,0.0,5.0,0.0,0.0
14729,30.0,0.0,0.0,0.0,0.0,0.0,0.0,123.0,64.0,5.0,0.0,0.0,0.0,23,18.0,0.0,0.0,0.0,0.0,0.0,0.0,1.0,48.0,5.0,2.0,1.34,6.7,0.0,0.0,0.0,69.012,0.0,0.0,0.0,0.0,0.0,0.0,5.0,0.0,0.0
