PtID,Pt_CGMUseNumDays,Pt_FatherT1D,Pt_MotherT1D,Pt_SiblingT1D,Pt_ChildT1D,Pt_GrandchildT1D,Pt_GrandparentT1D,BldPrSys,BldPrDia,SMBGperDayPtMeterCombo,WeightKg,HeightCm,DirectLDL,age,diabDur,TotalDailyInsPerKg,LDL,HDL,TotChol,Triglyc,BUN,AlbCreatRat_mggNew,UnitsInsBasalOrLongAct,BGTestAvgNumMeter,BGTestAvgNumPtRep,TSH,HbA1c,AutonomicNeuroCl,Pt_InsGov,NumPumpBolusOrShortAct,HbA1cImputeDtMnC,Pt_SHFlg,Pt_DKAFlg,bmi,bmiPerc,bmiZscore,GFR,diagAgeCombo,Pt_A1cGoalLev,Pt_A1cGoalLevelDsYr5
14731,0.0,0.0,0.0,0.0,0.0,0.0,0.0,122.0,67.0,3.0,90.718474,168.0,0.0,16,2.0,0.6613867865999999,0.0,0.0,0.0,0.0,2.0,0.0,0.0,0.0,3.0,0.0,8.7,0.0,1.0,0.0,0.19899999999999998,0.0,0.0,32.142316468000004,0.9746423908,1.9538816219,0.0,13.0,0.0,0.0
14731,0.0,0.0,0.0,0.0,0.0,0.0,0.0,115.0,67.0,5.0,102.1,168.0,0.0,18,4.0,0.6366307542,0.0,0.0,0.0,0.0,0.0,8.0,0.0,0.0,5.0,0.0,11.4,0.0,0.0,0.0,23.535,0.0,1.0,36.174886621,0.9813593176000001,2.0826694399,0.0,13.0,7.0,0.0
14731,0.0,0.0,0.0,0.0,0.0,0.0,0.0,130.0,76.0,8.0,103.2,168.9,0.0,19,5.0,0.0,0.0,0.0,0.0,0.0,0.0,13.0,65.0,0.0,8.0,0.0,10.7,0.0,0.0,0.0,36.714,0.0,0.0,36.175987766999995,0.9780297582999999,2.0146581171,0.0,13.0,0.0,0.0
14731,0.0,0.0,0.0,0.0,0.0,0.0,0.0,145.0,74.0,5.0,111.6,169.5,0.0,20,6.0,0.0,0.0,0.0,0.0,0.0,0.0,17.0,70.0,5.0,5.0,0.0,9.1,0.0,0.0,0.0,46.306999999999995,0.0,0.0,38.844075495,0.981129865,1.6240021395,0.0,13.0,0.0,0.0
14731,0.0,0.0,0.0,0.0,0.0,0.0,0.0,138.0,76.0,3.0,110.4,168.9,0.0,21,7.0,0.0,58.0,57.0,0.0,49.0,16.0,17.0,70.0,3.0,8.0,2.66,8.4,0.0,0.0,0.0,58.755,0.0,0.0,38.699893891,0.0,1.6045609433,0.0,13.0,0.0,0.0
14731,0.0,0.0,0.0,0.0,0.0,0.0,0.0,122.0,74.0,8.0,112.9,170.2,0.0,22,9.0,0.0,0.0,0.0,0.0,0.0,0.0,17.0,70.0,0.0,8.0,0.0,8.1,0.0,0.0,0.0,77.178,0.0,0.0,38.973986504,0.0,1.6415191134,0.0,13.0,0.0,0.0
14731,0.0,0.0,0.0,0.0,0.0,0.0,0.0,0.0,0.0,7.0,0.0,0.0,0.0,23,9.0,0.0,0.0,0.0,0.0,0.0,0.0,17.0,80.0,0.0,7.0,0.0,0.0,0.0,0.0,0.0,0.0,0.0,0.0,0.0,0.0,0.0,0.0,13.0,0.0,0.0
