PtID,Pt_CGMUseNumDays,Pt_FatherT1D,Pt_MotherT1D,Pt_SiblingT1D,Pt_ChildT1D,Pt_GrandchildT1D,Pt_GrandparentT1D,BldPrSys,BldPrDia,SMBGperDayPtMeterCombo,WeightKg,HeightCm,DirectLDL,age,diabDur,TotalDailyInsPerKg,LDL,HDL,TotChol,Triglyc,BUN,AlbCreatRat_mggNew,UnitsInsBasalOrLongAct,BGTestAvgNumMeter,BGTestAvgNumPtRep,TSH,HbA1c,AutonomicNeuroCl,Pt_InsGov,NumPumpBolusOrShortAct,HbA1cImputeDtMnC,Pt_SHFlg,Pt_DKAFlg,bmi,bmiPerc,bmiZscore,GFR,diagAgeCombo,Pt_A1cGoalLev,Pt_A1cGoalLevelDsYr5
14747,7.0,0.0,0.0,1.0,0.0,0.0,0.0,160.0,96.0,5.0,79.514742461,180.34,0.0,25,10.0,0.7168481998999999,87.0,70.0,0.0,61.0,12.0,4.7,0.0,0.0,5.0,0.0,9.5,0.0,0.0,0.0,-2.456,0.0,0.0,24.449136543,0.0,-0.424247453,0.0,15.0,0.0,0.0
14747,0.0,0.0,0.0,0.0,0.0,0.0,0.0,142.0,92.0,1.0,82.0,180.0,0.0,27,11.0,0.0,106.0,119.0,239.0,69.0,17.0,72.4,0.0,1.0,0.0,0.0,8.5,0.0,0.0,0.0,17.925,0.0,0.0,25.308641975,0.0,-0.25471414800000003,0.0,15.0,0.0,0.0
14747,0.0,0.0,0.0,0.0,0.0,0.0,0.0,131.0,92.0,4.0,95.5,180.0,0.0,29,13.0,0.8795811518000001,205.0,63.0,286.0,89.0,17.0,25.7,44.0,4.0,0.0,0.828,9.9,0.0,0.0,3.0,40.763000000000005,0.0,0.0,29.475308641999998,0.0,0.5671407744,114.0,15.0,0.0,0.0
14747,0.0,0.0,0.0,0.0,0.0,0.0,0.0,145.0,90.0,4.0,95.0,180.0,0.0,30,14.0,0.6421052632,142.0,41.0,234.0,256.0,16.0,4.8,34.0,4.0,0.0,1.02,7.7,0.0,0.0,3.0,59.585,0.0,0.0,29.320987654,0.0,0.2639655943,0.0,15.0,0.0,0.0
14747,30.0,0.0,0.0,0.0,0.0,0.0,0.0,116.0,80.0,3.0,88.7,178.0,0.0,31,16.0,0.6877113867,163.0,50.0,232.0,94.0,10.0,5.3,22.0,3.0,5.0,1.01,8.6,0.0,0.0,8.0,71.9,0.0,0.0,27.995202625999998,0.0,0.0717832738,101.0,15.0,0.0,0.0
14747,0.0,0.0,0.0,0.0,0.0,0.0,0.0,148.0,104.0,9.0,86.0,179.0,0.0,32,17.0,0.7441860465000001,122.0,68.0,202.0,59.0,0.0,40.5,31.0,9.0,0.0,0.7909999999999999,7.6,0.0,0.0,7.0,85.11200000000001,0.0,0.0,26.840610468,0.0,-0.095583377,0.0,15.0,0.0,0.0
