PtID,Pt_CGMUseNumDays,Pt_FatherT1D,Pt_MotherT1D,Pt_SiblingT1D,Pt_ChildT1D,Pt_GrandchildT1D,Pt_GrandparentT1D,BldPrSys,BldPrDia,SMBGperDayPtMeterCombo,WeightKg,HeightCm,DirectLDL,age,diabDur,TotalDailyInsPerKg,LDL,HDL,TotChol,Triglyc,BUN,AlbCreatRat_mggNew,UnitsInsBasalOrLongAct,BGTestAvgNumMeter,BGTestAvgNumPtRep,TSH,HbA1c,AutonomicNeuroCl,Pt_InsGov,NumPumpBolusOrShortAct,HbA1cImputeDtMnC,Pt_SHFlg,Pt_DKAFlg,bmi,bmiPerc,bmiZscore,GFR,diagAgeCombo,Pt_A1cGoalLev,Pt_A1cGoalLevelDsYr5
14784,0.0,0.0,0.0,0.0,0.0,0.0,0.0,126.0,73.0,4.0,51.4,157.3,0.0,14,9.0,0.9922178988,79.0,61.0,0.0,126.0,7.0,0.0,0.0,4.0,5.0,0.0,7.7,0.0,0.0,0.0,0.0,1.0,0.0,20.773308642,0.6716587928,0.44449822159999997,0.0,5.0,0.0,0.0
14784,0.0,0.0,0.0,0.0,0.0,0.0,0.0,139.0,69.0,6.0,56.6,156.8,0.0,15,10.0,1.148409894,0.0,53.0,208.0,236.0,0.0,22.7,0.0,6.0,8.0,0.0,8.7,0.0,0.0,0.0,12.78,0.0,0.0,23.021006871999997,0.7983424975,0.8357154438,0.0,5.0,7.0,0.0
14784,0.0,0.0,0.0,0.0,0.0,0.0,0.0,116.0,81.0,0.0,60.5,157.1,0.0,16,11.0,1.0578512397,0.0,0.0,0.0,0.0,0.0,0.0,27.0,0.0,0.0,0.0,10.7,0.0,0.0,0.0,24.896,0.0,0.0,24.513369105,0.8445072164,1.0131561803,0.0,5.0,0.0,0.0
14784,0.0,0.0,0.0,0.0,0.0,0.0,0.0,111.0,69.0,5.0,55.4,157.8,0.0,18,13.0,0.0,0.0,0.0,193.0,0.0,0.0,0.0,28.0,5.0,0.0,4.28,8.0,0.0,0.0,0.0,44.614,0.0,0.0,22.248245440999998,0.6150448307,0.2924921794,0.0,5.0,0.0,0.0
14784,0.0,0.0,0.0,0.0,0.0,0.0,0.0,123.0,81.0,15.0,56.4,157.6,0.0,19,14.0,0.0,0.0,0.0,201.0,0.0,0.0,0.0,22.0,0.0,15.0,2.51,8.2,0.0,0.0,0.0,63.43600000000001,0.0,0.0,22.707361694,0.6306612507,0.3336051936,0.0,5.0,0.0,0.0
14784,0.0,0.0,0.0,0.0,0.0,0.0,0.0,127.0,88.0,2.0,57.7,159.0,0.0,20,15.0,1.1091854419,0.0,0.0,0.0,0.0,0.0,0.0,24.0,2.0,0.0,0.0,8.7,0.0,0.0,0.0,75.485,0.0,0.0,22.823464261999998,0.6211532101,-0.536189145,0.0,5.0,0.0,0.0
