PtID,Pt_CGMUseNumDays,Pt_FatherT1D,Pt_MotherT1D,Pt_SiblingT1D,Pt_ChildT1D,Pt_GrandchildT1D,Pt_GrandparentT1D,BldPrSys,BldPrDia,SMBGperDayPtMeterCombo,WeightKg,HeightCm,DirectLDL,age,diabDur,TotalDailyInsPerKg,LDL,HDL,TotChol,Triglyc,BUN,AlbCreatRat_mggNew,UnitsInsBasalOrLongAct,BGTestAvgNumMeter,BGTestAvgNumPtRep,TSH,HbA1c,AutonomicNeuroCl,Pt_InsGov,NumPumpBolusOrShortAct,HbA1cImputeDtMnC,Pt_SHFlg,Pt_DKAFlg,bmi,bmiPerc,bmiZscore,GFR,diagAgeCombo,Pt_A1cGoalLev,Pt_A1cGoalLevelDsYr5
14873,0.0,0.0,0.0,0.0,0.0,0.0,0.0,111.0,59.0,5.0,83.5,158.1,0.0,12,5.0,1.0658682634999999,51.0,67.0,150.0,158.0,0.0,5.0,0.0,0.0,5.0,0.0,10.3,0.0,0.0,0.0,0.19899999999999998,0.0,0.0,33.40586607,0.9917825929999999,2.3991136262,0.0,7.0,0.0,0.0
14873,0.0,0.0,0.0,0.0,1.0,0.0,0.0,105.0,76.0,6.0,88.1,159.4,0.0,13,6.0,1.0783200908,0.0,0.0,0.0,0.0,0.0,4.0,0.0,0.0,6.0,0.0,7.9,0.0,0.0,0.0,10.224,0.0,0.0,34.673627105,0.9913193384000001,2.3789650256,0.0,7.0,7.5,0.0
14873,0.0,0.0,0.0,0.0,0.0,0.0,0.0,131.0,80.0,0.0,93.6,160.0,0.0,14,6.0,0.0,0.0,0.0,0.0,0.0,0.0,0.0,45.0,0.0,0.0,1.784,7.9,0.0,0.0,0.0,21.476999999999997,0.0,0.0,36.5625,0.9917288515,2.3967258127,0.0,7.0,0.0,0.0
14873,0.0,0.0,0.0,0.0,0.0,0.0,0.0,116.0,70.0,0.0,96.0,159.7,0.0,15,7.0,0.0,0.0,0.0,0.0,0.0,0.0,0.0,40.0,0.0,0.0,1.784,7.7,0.0,0.0,0.0,31.535,0.0,0.0,37.641021499000004,0.9911747678,2.3728702232,0.0,7.0,0.0,0.0
14873,0.0,0.0,0.0,0.0,0.0,0.0,0.0,127.0,77.0,0.0,98.4,160.1,0.0,16,8.0,0.0,0.0,0.0,0.0,0.0,0.0,0.0,38.0,0.0,0.0,0.0,8.1,0.0,0.0,0.0,43.651,0.0,0.0,38.389498130999996,0.9902181661,2.3346125996000002,0.0,7.0,0.0,0.0
14873,0.0,0.0,0.0,0.0,0.0,0.0,0.0,134.0,79.0,4.0,100.5,159.9,0.0,16,9.0,0.0,82.0,61.0,161.0,88.0,0.0,0.0,0.0,4.0,0.0,1.949,8.0,0.0,0.0,0.0,54.141000000000005,0.0,0.0,39.306930809,0.9912326031,2.3752978591,0.0,7.0,0.0,0.0
14873,0.0,0.0,0.0,0.0,0.0,0.0,0.0,126.0,76.0,5.0,101.9,159.4,0.0,17,10.0,0.0,0.0,0.0,0.0,0.0,0.0,0.0,0.0,0.0,5.0,0.0,8.1,0.0,0.0,0.0,61.145,0.0,0.0,40.104910352,0.9902747346999999,2.3367818403,0.0,7.0,0.0,0.0
