PtID,Pt_CGMUseNumDays,Pt_FatherT1D,Pt_MotherT1D,Pt_SiblingT1D,Pt_ChildT1D,Pt_GrandchildT1D,Pt_GrandparentT1D,BldPrSys,BldPrDia,SMBGperDayPtMeterCombo,WeightKg,HeightCm,DirectLDL,age,diabDur,TotalDailyInsPerKg,LDL,HDL,TotChol,Triglyc,BUN,AlbCreatRat_mggNew,UnitsInsBasalOrLongAct,BGTestAvgNumMeter,BGTestAvgNumPtRep,TSH,HbA1c,AutonomicNeuroCl,Pt_InsGov,NumPumpBolusOrShortAct,HbA1cImputeDtMnC,Pt_SHFlg,Pt_DKAFlg,bmi,bmiPerc,bmiZscore,GFR,diagAgeCombo,Pt_A1cGoalLev,Pt_A1cGoalLevelDsYr5
148,0.0,1.0,0.0,0.0,0.0,0.0,0.0,99.0,64.0,3.0,62.822543245,170.0,0.0,14,4.0,2.1011565782,131.0,83.0,232.0,92.0,0.0,5.0,0.0,0.0,3.0,0.0,8.1,0.0,0.0,0.0,13.012,0.0,0.0,21.737904237,0.7946410926999999,0.8226310873999999,0.0,10.0,0.0,0.0
148,0.0,0.0,0.0,0.0,0.0,0.0,0.0,115.0,62.0,0.0,68.03885550000001,185.42,0.0,17,6.0,0.0,0.0,0.0,0.0,0.0,0.0,0.0,0.0,0.0,0.0,0.0,0.0,0.0,0.0,0.0,0.0,0.0,0.0,19.78991123,0.287968882,-0.559328184,0.0,10.0,0.0,0.0
148,0.0,0.0,0.0,0.0,0.0,0.0,0.0,114.0,60.0,4.0,74.38914868,180.34,0.0,18,8.0,0.7259123267,0.0,0.0,0.0,0.0,0.0,0.0,0.0,0.0,4.0,0.0,9.1,0.0,0.0,0.0,48.066,0.0,0.0,22.873122607,0.6275100475,0.32526580969999996,0.0,10.0,0.0,0.0
148,0.0,0.0,0.0,0.0,0.0,0.0,0.0,119.0,69.0,2.0,0.0,0.0,0.0,19,9.0,0.0,0.0,0.0,0.0,0.0,0.0,0.0,0.0,0.0,2.0,0.0,8.1,0.0,0.0,0.0,62.24100000000001,0.0,0.0,0.0,0.0,0.0,0.0,10.0,0.0,0.0
148,0.0,0.0,0.0,0.0,0.0,0.0,0.0,114.0,60.0,0.0,0.0,0.0,0.0,21,10.0,0.0,137.0,94.0,0.0,144.0,0.0,0.0,0.0,0.0,0.0,0.0,0.0,0.0,0.0,0.0,0.0,0.0,0.0,0.0,0.0,0.0,0.0,10.0,0.0,0.0
