PtID,Pt_CGMUseNumDays,Pt_FatherT1D,Pt_MotherT1D,Pt_SiblingT1D,Pt_ChildT1D,Pt_GrandchildT1D,Pt_GrandparentT1D,BldPrSys,BldPrDia,SMBGperDayPtMeterCombo,WeightKg,HeightCm,DirectLDL,age,diabDur,TotalDailyInsPerKg,LDL,HDL,TotChol,Triglyc,BUN,AlbCreatRat_mggNew,UnitsInsBasalOrLongAct,BGTestAvgNumMeter,BGTestAvgNumPtRep,TSH,HbA1c,AutonomicNeuroCl,Pt_InsGov,NumPumpBolusOrShortAct,HbA1cImputeDtMnC,Pt_SHFlg,Pt_DKAFlg,bmi,bmiPerc,bmiZscore,GFR,diagAgeCombo,Pt_A1cGoalLev,Pt_A1cGoalLevelDsYr5
1491,0.0,0.0,0.0,1.0,0.0,0.0,0.0,104.0,60.0,6.0,60.9,153.5,0.0,12,6.0,0.8866995073999999,75.0,66.0,153.0,57.0,0.0,4.9,0.0,0.0,6.0,0.0,9.3,0.0,1.0,0.0,-2.49,1.0,0.0,25.846428079000002,0.9688539358,1.8642106499000002,0.0,6.0,0.0,0.0
1491,0.0,0.0,0.0,0.0,0.0,0.0,0.0,112.0,62.0,3.0,0.0,0.0,0.0,13,7.0,0.0,0.0,0.0,0.0,0.0,10.0,3.0,38.0,3.0,0.0,0.0,8.7,0.0,0.0,0.0,13.245,0.0,0.0,0.0,0.0,0.0,0.0,6.0,0.0,0.0
1491,0.0,0.0,0.0,0.0,0.0,0.0,0.0,98.0,68.0,2.0,81.0,166.1,0.0,14,8.0,1.2345679012000002,81.0,35.0,0.0,99.0,0.0,3.0,50.0,2.0,4.0,15.86,9.2,0.0,0.0,0.0,26.357,0.0,0.0,29.359303873,0.9793215581999999,2.0399341631,0.0,6.0,0.0,0.0
1491,0.0,0.0,0.0,0.0,0.0,0.0,0.0,112.0,78.0,2.0,89.2,168.0,0.0,15,9.0,1.3004484305,0.0,0.0,0.0,0.0,17.0,3.0,56.0,2.0,3.0,3.02,12.8,0.0,0.0,0.0,38.905,0.0,0.0,31.60430839,0.9855342373,2.1844182907,0.0,6.0,0.0,0.0
1491,0.0,0.0,0.0,0.0,0.0,0.0,0.0,108.0,76.0,3.0,101.2,168.7,0.0,17,10.0,1.2845849802,0.0,0.0,0.0,0.0,0.0,3.0,70.0,3.0,4.0,2.07,6.8,0.0,0.0,0.0,52.148999999999994,0.0,0.0,35.559066174,0.9927415706999999,2.444212862,0.0,6.0,0.0,0.0
