PtID,Pt_CGMUseNumDays,Pt_FatherT1D,Pt_MotherT1D,Pt_SiblingT1D,Pt_ChildT1D,Pt_GrandchildT1D,Pt_GrandparentT1D,BldPrSys,BldPrDia,SMBGperDayPtMeterCombo,WeightKg,HeightCm,DirectLDL,age,diabDur,TotalDailyInsPerKg,LDL,HDL,TotChol,Triglyc,BUN,AlbCreatRat_mggNew,UnitsInsBasalOrLongAct,BGTestAvgNumMeter,BGTestAvgNumPtRep,TSH,HbA1c,AutonomicNeuroCl,Pt_InsGov,NumPumpBolusOrShortAct,HbA1cImputeDtMnC,Pt_SHFlg,Pt_DKAFlg,bmi,bmiPerc,bmiZscore,GFR,diagAgeCombo,Pt_A1cGoalLev,Pt_A1cGoalLevelDsYr5
14958,0.0,0.0,0.0,0.0,0.0,0.0,0.0,127.0,80.0,10.0,53.52389966,167.64,0.0,40,31.0,0.48576430649999996,85.0,69.0,166.0,58.0,14.0,1.3,0.0,0.0,10.0,0.0,8.9,0.0,0.0,0.0,0.0,1.0,0.0,19.045502845999998,0.0,-0.85362468,0.0,9.0,0.0,0.0
14958,0.0,0.0,0.0,0.0,0.0,0.0,0.0,114.0,74.0,6.0,55.33826914,170.18,0.0,43,34.0,0.3252721901,0.0,0.0,0.0,0.0,0.0,0.0,0.0,0.0,6.0,0.0,11.1,0.0,0.0,0.0,26.324,0.0,0.0,19.107705216,0.0,-0.848067352,0.0,9.0,0.0,0.0
14958,0.0,0.0,0.0,0.0,0.0,0.0,0.0,120.0,80.0,0.0,54.703239822,168.91,0.0,44,35.0,0.0,125.0,68.0,0.0,106.0,21.0,13.0,17.0,0.0,0.0,1.1,0.0,0.0,0.0,0.0,0.0,0.0,0.0,19.173540913,0.0,-0.8421854120000001,89.0,9.0,0.0,0.0
14958,0.0,0.0,0.0,0.0,0.0,0.0,0.0,107.0,69.0,0.0,54.88467677,167.64,0.0,45,36.0,0.0,135.0,91.0,252.0,132.0,16.0,15.1,18.0,0.0,0.0,1.36,0.0,0.0,0.0,3.0,0.0,0.0,0.0,19.529710546,0.0,-0.8103642520000001,106.0,9.0,0.0,0.0
14958,0.0,0.0,0.0,0.0,0.0,0.0,0.0,109.0,63.0,4.0,52.61671492,167.64,0.0,46,37.0,0.5891663903000001,82.0,73.0,0.0,113.0,14.0,15.1,19.0,4.0,7.0,2.38,8.6,0.0,0.0,0.0,66.456,0.0,0.0,18.722697713,0.0,-0.8824649659999999,109.0,9.0,0.0,0.0
14958,0.0,0.0,0.0,0.0,0.0,0.0,0.0,115.0,71.0,0.0,55.33826914,167.64,1.0,47,38.0,0.4879082852,90.0,71.0,0.0,74.0,13.0,15.6,15.0,0.0,0.0,1.96,8.5,0.0,0.0,3.0,79.237,0.0,0.0,19.691113112,0.0,-0.795944109,0.0,9.0,0.0,0.0
