PtID,Pt_CGMUseNumDays,Pt_FatherT1D,Pt_MotherT1D,Pt_SiblingT1D,Pt_ChildT1D,Pt_GrandchildT1D,Pt_GrandparentT1D,BldPrSys,BldPrDia,SMBGperDayPtMeterCombo,WeightKg,HeightCm,DirectLDL,age,diabDur,TotalDailyInsPerKg,LDL,HDL,TotChol,Triglyc,BUN,AlbCreatRat_mggNew,UnitsInsBasalOrLongAct,BGTestAvgNumMeter,BGTestAvgNumPtRep,TSH,HbA1c,AutonomicNeuroCl,Pt_InsGov,NumPumpBolusOrShortAct,HbA1cImputeDtMnC,Pt_SHFlg,Pt_DKAFlg,bmi,bmiPerc,bmiZscore,GFR,diagAgeCombo,Pt_A1cGoalLev,Pt_A1cGoalLevelDsYr5
14985,0.0,0.0,0.0,0.0,0.0,0.0,0.0,84.0,58.0,10.0,23.8,127.8,0.0,8,3.0,0.6722689076,81.0,49.0,137.0,36.0,13.0,0.0,0.0,0.0,10.0,0.0,7.3,0.0,0.0,7.0,-0.664,0.0,0.0,14.571868701,0.2179913606,-0.7789948959999999,0.0,5.0,0.0,0.0
14985,0.0,0.0,0.0,0.0,0.0,0.0,0.0,92.0,56.0,10.0,28.2,138.7,0.0,10,4.0,0.8156028369,70.0,68.0,0.0,45.0,0.0,0.0,0.0,0.0,10.0,0.0,6.9,0.0,0.0,6.0,19.884,0.0,0.0,14.658724617999999,0.1183251164,-1.183401071,0.0,5.0,6.0,0.0
14985,0.0,0.0,0.0,0.0,0.0,0.0,0.0,100.0,64.0,5.0,33.8,145.3,0.0,11,6.0,0.9171597632999999,74.0,85.0,0.0,65.0,0.0,8.8,11.0,5.0,7.0,1.62,6.5,0.0,0.0,0.0,36.116,0.0,0.0,16.009783967,0.25698795539999997,-0.652659356,0.0,5.0,0.0,0.0
14985,0.0,0.0,0.0,0.0,0.0,0.0,0.0,104.0,62.0,6.0,39.6,153.0,0.0,12,7.0,0.9090909091,0.0,0.0,0.0,0.0,0.0,8.8,12.0,6.0,6.0,2.12,7.8,0.0,0.0,0.0,49.726000000000006,0.0,0.0,16.91657055,0.31652274469999997,-0.477444701,0.0,5.0,0.0,0.0
14985,0.0,0.0,0.0,0.0,0.0,0.0,0.0,94.0,62.0,5.0,46.9,157.8,0.0,13,8.0,0.9168443497,69.0,81.0,0.0,63.0,0.0,7.2,18.0,5.0,6.0,1.19,7.2,0.0,0.0,0.0,62.739,0.0,0.0,18.834705978,0.5174458011999999,0.043744085499999995,0.0,5.0,0.0,0.0
14985,0.0,0.0,0.0,0.0,0.0,0.0,0.0,98.0,60.0,4.0,52.5,161.0,0.0,15,9.0,0.9714285714,104.0,75.0,0.0,54.0,0.0,6.4,20.0,4.0,4.0,1.02,8.3,0.0,0.0,0.0,77.61,0.0,0.0,20.253848231,0.5448259189,0.11259939810000001,0.0,5.0,0.0,0.0
