PtID,Pt_CGMUseNumDays,Pt_FatherT1D,Pt_MotherT1D,Pt_SiblingT1D,Pt_ChildT1D,Pt_GrandchildT1D,Pt_GrandparentT1D,BldPrSys,BldPrDia,SMBGperDayPtMeterCombo,WeightKg,HeightCm,DirectLDL,age,diabDur,TotalDailyInsPerKg,LDL,HDL,TotChol,Triglyc,BUN,AlbCreatRat_mggNew,UnitsInsBasalOrLongAct,BGTestAvgNumMeter,BGTestAvgNumPtRep,TSH,HbA1c,AutonomicNeuroCl,Pt_InsGov,NumPumpBolusOrShortAct,HbA1cImputeDtMnC,Pt_SHFlg,Pt_DKAFlg,bmi,bmiPerc,bmiZscore,GFR,diagAgeCombo,Pt_A1cGoalLev,Pt_A1cGoalLevelDsYr5
15035,0.0,1.0,0.0,0.0,0.0,0.0,0.0,129.0,75.0,3.0,0.0,0.0,0.0,29,18.0,0.0,137.0,59.0,177.0,0.0,10.0,3.0,0.0,0.0,3.0,0.0,7.5,0.0,0.0,3.0,0.0,0.0,0.0,0.0,0.0,0.0,0.0,11.0,0.0,0.0
15035,0.0,1.0,0.0,0.0,0.0,0.0,0.0,134.0,81.0,2.0,0.0,0.0,0.0,30,19.0,0.0,0.0,0.0,0.0,0.0,0.0,4.0,0.0,2.0,4.0,0.0,7.5,0.0,0.0,0.0,10.224,0.0,1.0,0.0,0.0,0.0,0.0,11.0,7.0,0.0
15035,0.0,0.0,0.0,0.0,0.0,0.0,0.0,149.0,91.0,0.0,0.0,0.0,0.0,31,20.0,0.0,0.0,0.0,0.0,0.0,0.0,5.9,48.0,0.0,0.0,0.0,8.2,0.0,0.0,0.0,22.772,0.0,0.0,0.0,0.0,0.0,0.0,11.0,0.0,0.0
15035,0.0,0.0,0.0,0.0,0.0,0.0,0.0,125.0,81.0,1.0,0.0,0.0,0.0,32,21.0,0.0,0.0,0.0,0.0,0.0,0.0,5.9,51.0,1.0,0.0,0.0,7.7,0.0,0.0,0.0,34.855,0.0,0.0,0.0,0.0,0.0,0.0,11.0,0.0,0.0
15035,0.0,0.0,0.0,0.0,0.0,0.0,0.0,127.0,77.0,4.0,0.0,0.0,0.0,33,22.0,0.0,87.0,0.0,0.0,0.0,6.0,32.9,51.0,4.0,0.0,1.9269999999999998,7.6,0.0,0.0,0.0,49.992,0.0,0.0,0.0,0.0,0.0,0.0,11.0,0.0,0.0
15035,0.0,0.0,0.0,0.0,0.0,0.0,0.0,125.0,75.0,4.0,108.0,175.3,0.0,34,23.0,0.9537037037,0.0,0.0,0.0,0.0,0.0,32.9,52.0,4.0,0.0,0.0,8.0,0.0,0.0,0.0,61.61,0.0,0.0,35.144706703000004,0.0,0.8309581598000001,0.0,11.0,0.0,0.0
