PtID,Pt_CGMUseNumDays,Pt_FatherT1D,Pt_MotherT1D,Pt_SiblingT1D,Pt_ChildT1D,Pt_GrandchildT1D,Pt_GrandparentT1D,BldPrSys,BldPrDia,SMBGperDayPtMeterCombo,WeightKg,HeightCm,DirectLDL,age,diabDur,TotalDailyInsPerKg,LDL,HDL,TotChol,Triglyc,BUN,AlbCreatRat_mggNew,UnitsInsBasalOrLongAct,BGTestAvgNumMeter,BGTestAvgNumPtRep,TSH,HbA1c,AutonomicNeuroCl,Pt_InsGov,NumPumpBolusOrShortAct,HbA1cImputeDtMnC,Pt_SHFlg,Pt_DKAFlg,bmi,bmiPerc,bmiZscore,GFR,diagAgeCombo,Pt_A1cGoalLev,Pt_A1cGoalLevelDsYr5
1506,0.0,0.0,0.0,0.0,0.0,0.0,0.0,105.0,69.0,7.0,20.4,114.0,0.0,6,2.0,0.9803921568999999,0.0,0.0,0.0,0.0,7.0,0.0,0.0,7.0,8.0,0.0,8.1,0.0,0.0,0.0,0.0,0.0,0.0,15.697137581,0.5939147843,0.2376269689,0.0,4.0,0.0,0.0
1506,0.0,0.0,0.0,0.0,0.0,0.0,0.0,118.0,69.0,5.0,22.2,119.0,0.0,7,3.0,1.1711711712000001,0.0,0.0,0.0,0.0,0.0,0.0,0.0,5.0,6.0,0.0,8.0,0.0,0.0,0.0,11.817,0.0,0.0,15.676858979,0.5470665621,0.1182534049,0.0,4.0,0.0,0.0
1506,0.0,0.0,0.0,0.0,0.0,0.0,0.0,123.0,72.0,5.0,24.8,127.2,0.0,8,4.0,0.0,64.0,76.0,0.0,225.0,0.0,7.0,7.0,5.0,0.0,0.77,8.8,0.0,0.0,0.0,28.215999999999998,0.0,0.0,15.327716467,0.3851434299,-0.291999691,0.0,4.0,0.0,0.0
1506,0.0,0.0,0.0,0.0,0.0,0.0,0.0,117.0,71.0,4.0,28.4,131.9,0.0,9,5.0,0.0,0.0,0.0,0.0,0.0,0.0,0.0,9.0,4.0,0.0,0.0,8.6,0.0,0.0,0.0,39.934,0.0,0.0,16.324081296,0.5379335571,0.09522906310000001,0.0,4.0,0.0,0.0
1506,0.0,0.0,0.0,0.0,0.0,0.0,0.0,125.0,72.0,4.0,29.6,136.1,0.0,10,6.0,0.0,77.0,67.0,0.0,69.0,0.0,0.0,10.0,4.0,0.0,1.91,8.7,0.0,0.0,0.0,49.925,0.0,0.0,15.979951639000001,0.3635697262,-0.34893321,0.0,4.0,0.0,0.0
1506,0.0,0.0,0.0,0.0,0.0,0.0,0.0,128.0,73.0,3.0,33.1,140.6,0.0,11,7.0,0.0,65.0,69.0,0.0,69.0,0.0,8.8,11.0,3.0,0.0,1.71,8.2,0.0,0.0,0.0,59.22,0.0,0.0,16.743928176,0.4174251868,-0.208484897,0.0,4.0,0.0,0.0
1506,0.0,0.0,0.0,0.0,0.0,0.0,0.0,116.0,69.0,3.0,34.9,143.2,0.0,12,7.0,0.0,0.0,0.0,0.0,0.0,0.0,8.8,12.0,3.0,6.0,0.0,9.0,0.0,0.0,0.0,66.656,0.0,0.0,17.019209762,0.36105328189999997,-0.355644833,0.0,4.0,0.0,0.0
1506,0.0,0.0,0.0,0.0,0.0,0.0,0.0,114.0,57.0,3.0,37.2,150.2,0.0,13,8.0,0.0,75.0,58.0,0.0,128.0,0.0,0.0,15.0,3.0,0.0,1.97,10.2,0.0,0.0,0.0,78.407,0.0,0.0,16.489332466,0.1698050883,-0.9549357759999999,0.0,4.0,0.0,0.0
