PtID,Pt_CGMUseNumDays,Pt_FatherT1D,Pt_MotherT1D,Pt_SiblingT1D,Pt_ChildT1D,Pt_GrandchildT1D,Pt_GrandparentT1D,BldPrSys,BldPrDia,SMBGperDayPtMeterCombo,WeightKg,HeightCm,DirectLDL,age,diabDur,TotalDailyInsPerKg,LDL,HDL,TotChol,Triglyc,BUN,AlbCreatRat_mggNew,UnitsInsBasalOrLongAct,BGTestAvgNumMeter,BGTestAvgNumPtRep,TSH,HbA1c,AutonomicNeuroCl,Pt_InsGov,NumPumpBolusOrShortAct,HbA1cImputeDtMnC,Pt_SHFlg,Pt_DKAFlg,bmi,bmiPerc,bmiZscore,GFR,diagAgeCombo,Pt_A1cGoalLev,Pt_A1cGoalLevelDsYr5
15068,0.0,0.0,0.0,0.0,0.0,0.0,0.0,105.0,64.0,4.0,33.6,126.1,0.0,7,2.0,0.6547619048,0.0,0.0,0.0,0.0,8.0,0.0,0.0,4.0,5.0,0.0,8.6,0.0,0.0,0.0,-0.299,0.0,0.0,21.13046743,0.9824606295,2.1074482721,0.0,4.0,0.0,0.0
15068,0.0,0.0,0.0,0.0,0.0,0.0,0.0,103.0,62.0,4.0,41.0,133.2,0.0,8,3.0,0.9268292683,0.0,0.0,0.0,0.0,0.0,0.0,24.0,4.0,4.0,0.0,8.8,0.0,0.0,2.0,12.647,0.0,0.0,23.10869428,0.9850637988,2.1717781245,0.0,4.0,0.0,0.0
15068,0.0,0.0,0.0,0.0,0.0,0.0,0.0,106.0,62.0,3.0,48.5,140.2,0.0,9,4.0,0.9484536081999999,0.0,0.0,0.0,0.0,0.0,0.0,26.0,3.0,3.0,0.0,8.2,0.0,0.0,2.0,25.129,0.0,0.0,24.674349462,0.9846806971,2.1617350303,0.0,4.0,0.0,0.0
15068,0.0,0.0,0.0,0.0,0.0,0.0,0.0,104.0,61.0,5.0,52.8,153.8,0.0,10,5.0,0.8901515151999999,0.0,0.0,0.0,0.0,0.0,0.0,27.0,5.0,5.0,1.99,9.4,0.0,0.0,2.0,38.805,0.0,0.0,22.321390826,0.953568249,1.6804823678999998,0.0,4.0,0.0,0.0
15068,0.0,0.0,0.0,0.0,0.0,0.0,0.0,106.0,68.0,4.0,61.2,161.5,0.0,11,6.0,0.7352941176000001,134.0,61.0,0.0,79.0,0.0,0.0,23.0,4.0,4.0,1.62,9.5,0.0,0.0,2.0,48.863,0.0,0.0,23.464233339,0.9544814359999999,1.6899520527,0.0,4.0,0.0,0.0
15068,0.0,0.0,0.0,0.0,0.0,0.0,0.0,145.0,86.0,4.0,75.0,167.0,0.0,12,7.0,0.8533333332999999,0.0,0.0,0.0,0.0,14.0,3.0,26.0,4.0,5.0,0.68,9.3,0.0,0.0,3.0,62.772,0.0,0.0,26.892323138000002,0.9761146431000001,1.9794024411000002,0.0,4.0,0.0,0.0
