PtID,Pt_CGMUseNumDays,Pt_FatherT1D,Pt_MotherT1D,Pt_SiblingT1D,Pt_ChildT1D,Pt_GrandchildT1D,Pt_GrandparentT1D,BldPrSys,BldPrDia,SMBGperDayPtMeterCombo,WeightKg,HeightCm,DirectLDL,age,diabDur,TotalDailyInsPerKg,LDL,HDL,TotChol,Triglyc,BUN,AlbCreatRat_mggNew,UnitsInsBasalOrLongAct,BGTestAvgNumMeter,BGTestAvgNumPtRep,TSH,HbA1c,AutonomicNeuroCl,Pt_InsGov,NumPumpBolusOrShortAct,HbA1cImputeDtMnC,Pt_SHFlg,Pt_DKAFlg,bmi,bmiPerc,bmiZscore,GFR,diagAgeCombo,Pt_A1cGoalLev,Pt_A1cGoalLevelDsYr5
1509,0.0,0.0,0.0,1.0,0.0,0.0,0.0,80.0,52.0,5.0,19.8,113.9,0.0,5,1.0,0.6060606061,0.0,0.0,0.0,0.0,16.0,0.0,0.0,5.0,5.0,0.0,6.5,0.0,0.0,0.0,0.0,0.0,0.0,15.262221147,0.443694211,-0.141609551,0.0,4.0,0.0,0.0
1509,0.0,0.0,0.0,1.0,0.0,0.0,0.0,91.0,50.0,5.0,22.3,123.7,0.0,7,3.0,0.5381165918999999,104.0,60.0,173.0,47.0,15.0,29.9,0.0,5.0,5.0,0.0,6.5,0.0,0.0,0.0,16.133,0.0,0.0,14.57355364,0.22672051420000003,-0.749690669,0.0,4.0,6.5,0.0
1509,0.0,0.0,0.0,0.0,0.0,0.0,0.0,94.0,63.0,5.0,25.0,130.4,0.0,8,4.0,0.68,111.0,83.0,198.0,20.0,0.0,0.0,5.0,5.0,0.0,1.3659999999999999,6.7,0.0,0.0,3.0,30.671999999999997,0.0,0.0,14.702284617,0.2201354242,-0.771735925,0.0,4.0,0.0,0.0
1509,0.0,0.0,0.0,0.0,0.0,0.0,0.0,110.0,66.0,4.0,27.9,137.1,0.0,9,5.0,0.6451612903,92.0,87.0,185.0,30.0,18.0,31.0,6.0,4.0,0.0,1.4,6.9,0.0,0.0,3.0,41.427,0.0,0.0,14.843259963,0.19461778289999998,-0.861004498,0.0,4.0,0.0,0.0
1509,0.0,0.0,0.0,0.0,0.0,0.0,0.0,97.0,64.0,6.0,29.2,144.7,0.0,10,6.0,0.8219178081999999,100.0,71.0,179.0,41.0,14.0,30.0,9.0,6.0,7.0,1.507,6.7,0.0,0.0,15.0,55.934,0.0,0.0,13.945875674000002,0.0293821404,-1.889952742,0.0,4.0,0.0,0.0
1509,0.0,0.0,0.0,0.0,0.0,0.0,0.0,99.0,58.0,5.0,31.5,148.8,0.0,11,7.0,0.8253968254,0.0,0.0,0.0,0.0,0.0,29.9,8.0,5.0,5.0,0.0,7.1,0.0,0.0,6.0,65.593,0.0,0.0,14.226716961,0.0273322956,-1.9215326419999998,0.0,4.0,0.0,0.0
1509,0.0,0.0,0.0,0.0,0.0,0.0,0.0,95.0,62.0,7.0,34.5,151.2,0.0,11,7.0,0.8695652173999999,90.0,80.0,0.0,65.0,18.0,20.0,10.3,7.0,0.0,2.0,7.1,0.0,0.0,7.0,75.253,0.0,0.0,15.090912908,0.1119133411,-1.216415501,0.0,4.0,0.0,0.0
