PtID,Pt_CGMUseNumDays,Pt_FatherT1D,Pt_MotherT1D,Pt_SiblingT1D,Pt_ChildT1D,Pt_GrandchildT1D,Pt_GrandparentT1D,BldPrSys,BldPrDia,SMBGperDayPtMeterCombo,WeightKg,HeightCm,DirectLDL,age,diabDur,TotalDailyInsPerKg,LDL,HDL,TotChol,Triglyc,BUN,AlbCreatRat_mggNew,UnitsInsBasalOrLongAct,BGTestAvgNumMeter,BGTestAvgNumPtRep,TSH,HbA1c,AutonomicNeuroCl,Pt_InsGov,NumPumpBolusOrShortAct,HbA1cImputeDtMnC,Pt_SHFlg,Pt_DKAFlg,bmi,bmiPerc,bmiZscore,GFR,diagAgeCombo,Pt_A1cGoalLev,Pt_A1cGoalLevelDsYr5
15125,0.0,0.0,0.0,1.0,0.0,0.0,0.0,108.0,70.0,8.0,66.7,186.2,0.0,21,1.0,0.6446776611999999,67.0,71.0,154.0,62.0,17.0,6.3,0.0,0.0,8.0,0.0,7.5,0.0,0.0,0.0,0.0,0.0,0.0,19.238290601,0.0,-1.452061705,0.0,20.0,0.0,0.0
15125,0.0,0.0,0.0,1.0,0.0,0.0,0.0,124.0,84.0,5.0,71.8,186.7,0.0,22,2.0,0.6545961003,72.0,69.0,151.0,45.0,17.0,12.6,0.0,5.0,8.0,0.0,7.2,0.0,0.0,0.0,15.767999999999999,0.0,0.0,20.598510079,0.0,-1.183764968,0.0,20.0,6.9,0.0
15125,0.0,0.0,0.0,0.0,0.0,0.0,0.0,115.0,82.0,0.0,72.5747792,186.69,0.0,23,3.0,0.0,78.0,77.0,162.0,40.0,17.0,6.8,23.0,0.0,0.0,4.49,7.3,0.0,0.0,0.0,27.851,0.0,0.0,20.823014992,0.0,-1.139482455,0.0,20.0,0.0,0.0
15125,0.0,0.0,0.0,0.0,0.0,0.0,0.0,124.0,80.0,1.0,73.5,163.5,0.0,24,4.0,0.6122448979999999,74.0,62.0,149.0,69.0,0.0,9.7,23.0,1.0,0.0,1.25,7.8,0.0,0.0,6.0,41.826,0.0,0.0,27.49487978,0.0,0.1765107245,0.0,20.0,0.0,0.0
