PtID,Pt_CGMUseNumDays,Pt_FatherT1D,Pt_MotherT1D,Pt_SiblingT1D,Pt_ChildT1D,Pt_GrandchildT1D,Pt_GrandparentT1D,BldPrSys,BldPrDia,SMBGperDayPtMeterCombo,WeightKg,HeightCm,DirectLDL,age,diabDur,TotalDailyInsPerKg,LDL,HDL,TotChol,Triglyc,BUN,AlbCreatRat_mggNew,UnitsInsBasalOrLongAct,BGTestAvgNumMeter,BGTestAvgNumPtRep,TSH,HbA1c,AutonomicNeuroCl,Pt_InsGov,NumPumpBolusOrShortAct,HbA1cImputeDtMnC,Pt_SHFlg,Pt_DKAFlg,bmi,bmiPerc,bmiZscore,GFR,diagAgeCombo,Pt_A1cGoalLev,Pt_A1cGoalLevelDsYr5
15130,0.0,0.0,0.0,0.0,0.0,0.0,0.0,118.0,77.0,2.0,87.27117198799999,176.02200000000002,0.0,58,39.0,0.5614683392,76.0,60.0,158.0,114.0,12.0,16.0,0.0,0.0,2.0,0.0,8.2,1.0,0.0,0.0,0.0,0.0,0.0,28.16676081,0.0,-0.070577642,0.0,19.0,0.0,0.0
15130,0.0,0.0,0.0,0.0,0.0,0.0,0.0,119.0,74.0,0.0,87.9,175.9,1.0,60,41.0,0.0,75.0,57.0,0.0,101.0,16.0,6.9,17.0,0.0,0.0,2.88,8.1,1.0,0.0,0.0,19.750999999999998,0.0,0.0,28.409081726999997,0.0,-0.09358041800000001,76.0,19.0,0.0,0.0
15130,0.0,0.0,0.0,0.0,0.0,0.0,0.0,149.0,69.0,7.0,87.5,175.3,0.0,61,42.0,0.4685714286,0.0,0.0,0.0,0.0,0.0,20.7,16.0,7.0,0.0,0.0,7.8,1.0,0.0,5.0,30.34,0.0,0.0,28.473720708000002,0.0,-0.081258728,0.0,19.0,0.0,0.0
15130,0.0,0.0,0.0,0.0,0.0,0.0,0.0,118.0,74.0,0.0,0.0,0.0,0.0,62,43.0,0.0,85.0,63.0,167.0,97.0,15.0,14.7,14.0,0.0,0.0,3.12,9.0,1.0,0.0,31.0,41.593,0.0,0.0,0.0,0.0,0.0,0.0,19.0,0.0,0.0
15130,0.0,0.0,0.0,0.0,0.0,0.0,0.0,127.0,77.0,7.0,86.3,175.3,0.0,62,43.0,0.48667439170000004,69.0,67.0,153.0,88.0,17.0,10.3,13.0,7.0,7.0,2.03,8.2,1.0,0.0,6.0,50.888000000000005,0.0,0.0,28.083223967,0.0,-0.155696472,0.0,19.0,0.0,0.0
15130,0.0,0.0,0.0,0.0,0.0,0.0,0.0,112.0,64.0,7.0,89.6,175.3,0.0,63,44.0,0.41294642859999997,0.0,0.0,0.0,0.0,0.0,9.0,15.0,7.0,0.0,0.0,8.9,1.0,0.0,5.0,63.203,0.0,0.0,29.157090005,0.0,0.0490073228,0.0,19.0,0.0,0.0
