PtID,Pt_CGMUseNumDays,Pt_FatherT1D,Pt_MotherT1D,Pt_SiblingT1D,Pt_ChildT1D,Pt_GrandchildT1D,Pt_GrandparentT1D,BldPrSys,BldPrDia,SMBGperDayPtMeterCombo,WeightKg,HeightCm,DirectLDL,age,diabDur,TotalDailyInsPerKg,LDL,HDL,TotChol,Triglyc,BUN,AlbCreatRat_mggNew,UnitsInsBasalOrLongAct,BGTestAvgNumMeter,BGTestAvgNumPtRep,TSH,HbA1c,AutonomicNeuroCl,Pt_InsGov,NumPumpBolusOrShortAct,HbA1cImputeDtMnC,Pt_SHFlg,Pt_DKAFlg,bmi,bmiPerc,bmiZscore,GFR,diagAgeCombo,Pt_A1cGoalLev,Pt_A1cGoalLevelDsYr5
15148,0.0,1.0,0.0,0.0,0.0,0.0,0.0,120.0,60.0,4.0,69.626428795,170.18,0.0,47,23.0,0.3590590589,103.0,59.0,173.0,54.0,19.0,14.5,0.0,4.0,4.0,0.0,8.1,0.0,0.0,3.0,0.332,0.0,0.0,24.041252055,0.0,-0.40729090100000004,0.0,24.0,0.0,0.0
15148,0.0,0.0,0.0,0.0,0.0,0.0,0.0,98.0,66.0,0.0,0.0,0.0,0.0,49,25.0,0.0,0.0,0.0,0.0,0.0,0.0,0.0,18.0,0.0,0.0,0.0,0.0,0.0,0.0,9.0,0.0,0.0,0.0,0.0,0.0,0.0,0.0,24.0,0.0,0.0
15148,0.0,0.0,0.0,0.0,0.0,0.0,0.0,118.0,60.0,5.0,0.0,0.0,0.0,50,26.0,0.0,0.0,0.0,0.0,0.0,0.0,0.0,15.0,5.0,0.0,0.0,0.0,0.0,0.0,4.0,0.0,0.0,0.0,0.0,0.0,0.0,0.0,24.0,0.0,0.0
15148,0.0,0.0,0.0,0.0,0.0,0.0,0.0,120.0,70.0,5.0,71.66759446,170.18,0.0,51,27.0,0.3069727701,0.0,0.0,0.0,0.0,0.0,0.0,15.0,5.0,0.0,0.0,0.0,0.0,0.0,4.0,0.0,0.0,0.0,24.74604446,0.0,-0.458028124,0.0,24.0,0.0,0.0
15148,0.0,0.0,0.0,0.0,0.0,0.0,0.0,116.0,70.0,4.0,72.5747792,170.18,0.0,52,28.0,0.31691450190000003,0.0,0.0,0.0,0.0,0.0,0.0,16.0,4.0,4.0,0.0,0.0,0.0,0.0,4.0,0.0,0.0,0.0,25.05928553,0.0,-0.425815585,0.0,24.0,0.0,0.0
15148,0.0,0.0,0.0,0.0,0.0,0.0,0.0,117.0,76.0,6.0,0.0,0.0,0.0,53,29.0,0.0,0.0,0.0,0.0,0.0,0.0,0.0,16.0,6.0,0.0,0.0,8.4,1.0,0.0,4.0,74.191,0.0,0.0,0.0,0.0,0.0,0.0,24.0,0.0,0.0
