PtID,Pt_CGMUseNumDays,Pt_FatherT1D,Pt_MotherT1D,Pt_SiblingT1D,Pt_ChildT1D,Pt_GrandchildT1D,Pt_GrandparentT1D,BldPrSys,BldPrDia,SMBGperDayPtMeterCombo,WeightKg,HeightCm,DirectLDL,age,diabDur,TotalDailyInsPerKg,LDL,HDL,TotChol,Triglyc,BUN,AlbCreatRat_mggNew,UnitsInsBasalOrLongAct,BGTestAvgNumMeter,BGTestAvgNumPtRep,TSH,HbA1c,AutonomicNeuroCl,Pt_InsGov,NumPumpBolusOrShortAct,HbA1cImputeDtMnC,Pt_SHFlg,Pt_DKAFlg,bmi,bmiPerc,bmiZscore,GFR,diagAgeCombo,Pt_A1cGoalLev,Pt_A1cGoalLevelDsYr5
15158,0.0,1.0,0.0,0.0,0.0,0.0,0.0,0.0,0.0,9.0,36.2873896,133.0,0.0,9,5.0,0.2755778277,94.0,49.0,0.0,47.0,13.0,0.0,0.0,0.0,9.0,0.0,7.7,0.0,0.0,6.0,0.0,0.0,0.0,20.514098932,0.9182928036,1.3936795553,0.0,4.0,0.0,0.0
15158,0.0,1.0,0.0,0.0,0.0,0.0,0.0,0.0,0.0,9.0,39.91612856,138.0,0.0,10,6.0,0.7515758938,90.0,48.0,0.0,75.0,10.0,6.0,0.0,9.0,10.0,0.0,7.4,0.0,0.0,9.0,9.56,0.0,0.0,20.959949884,0.8986358944,1.2738171909,0.0,4.0,6.8,0.0
15158,0.0,0.0,0.0,0.0,0.0,0.0,0.0,78.0,50.0,5.0,46.26642174,150.0,0.0,12,8.0,0.8645578909,97.0,63.0,171.0,56.0,13.0,4.0,13.0,5.0,10.0,17.0,7.4,0.0,0.0,6.0,35.286,0.0,0.0,20.562854107,0.7787546721999999,0.7679941581,0.0,4.0,0.0,0.0
15158,0.0,0.0,0.0,0.0,0.0,0.0,0.0,0.0,0.0,12.0,58.05982336,158.0,0.0,13,9.0,0.6717209551000001,84.0,50.0,145.0,57.0,15.0,18.0,14.0,12.0,0.0,3.7,7.6,0.0,0.0,0.0,53.876000000000005,0.0,0.0,23.257420029000002,0.8802682423999999,1.1763287904000002,0.0,4.0,0.0,0.0
15158,0.0,0.0,0.0,0.0,0.0,0.0,0.0,108.0,59.0,10.0,61.0,161.0,0.0,14,10.0,0.0,0.0,0.0,0.0,0.0,15.0,5.0,23.0,0.0,10.0,2.78,8.4,0.0,0.0,6.0,64.365,0.0,0.0,23.533042706999996,0.8595546804,1.0783207521,0.0,4.0,0.0,0.0
15158,0.0,0.0,0.0,0.0,0.0,0.0,0.0,109.0,77.0,8.0,62.0,162.0,0.0,15,11.0,0.0,111.0,57.0,183.0,75.0,16.0,5.0,28.0,0.0,8.0,3.98,8.8,0.0,0.0,2.0,77.842,0.0,0.0,23.624447493,0.8315555820999999,0.9603306365000001,0.0,4.0,0.0,0.0
