PtID,Pt_CGMUseNumDays,Pt_FatherT1D,Pt_MotherT1D,Pt_SiblingT1D,Pt_ChildT1D,Pt_GrandchildT1D,Pt_GrandparentT1D,BldPrSys,BldPrDia,SMBGperDayPtMeterCombo,WeightKg,HeightCm,DirectLDL,age,diabDur,TotalDailyInsPerKg,LDL,HDL,TotChol,Triglyc,BUN,AlbCreatRat_mggNew,UnitsInsBasalOrLongAct,BGTestAvgNumMeter,BGTestAvgNumPtRep,TSH,HbA1c,AutonomicNeuroCl,Pt_InsGov,NumPumpBolusOrShortAct,HbA1cImputeDtMnC,Pt_SHFlg,Pt_DKAFlg,bmi,bmiPerc,bmiZscore,GFR,diagAgeCombo,Pt_A1cGoalLev,Pt_A1cGoalLevelDsYr5
15180,20.0,0.0,0.0,0.0,0.0,0.0,0.0,118.0,62.0,5.0,70.261458113,171.45,0.0,48,21.0,0.37004640520000004,87.0,50.0,0.0,122.0,11.0,0.0,0.0,0.0,5.0,0.0,9.2,0.0,0.0,3.0,-1.195,0.0,0.0,23.902436846999997,0.0,-0.41969302799999997,0.0,27.0,0.0,0.0
15180,1.0,0.0,0.0,0.0,0.0,0.0,0.0,136.0,83.0,6.0,70.76040972,172.72,0.0,48,21.0,0.6359488332,0.0,0.0,0.0,0.0,0.0,0.0,0.0,0.0,6.0,0.0,7.9,0.0,0.0,0.0,8.199,0.0,0.0,23.719475438000003,0.0,-0.43603929700000005,0.0,27.0,6.5,0.0
15180,0.0,0.0,0.0,0.0,0.0,0.0,0.0,110.0,56.0,9.0,0.0,0.0,0.0,50,23.0,0.0,108.0,59.0,181.0,70.0,13.0,0.0,22.0,0.0,9.0,0.0,8.2,0.0,0.0,17.0,24.166,0.0,0.0,0.0,0.0,0.0,0.0,27.0,0.0,0.0
15180,0.0,0.0,0.0,0.0,0.0,0.0,0.0,107.0,62.0,7.0,69.2,170.2,0.0,51,24.0,0.47687861270000004,101.0,66.0,181.0,65.0,17.0,33.0,21.0,7.0,7.0,0.0,7.9,0.0,0.0,12.0,35.552,0.0,0.0,23.888395625,0.0,-0.5462255220000001,0.0,27.0,0.0,0.0
15180,0.0,0.0,0.0,0.0,0.0,0.0,0.0,118.0,59.0,5.0,0.0,0.0,0.0,52,25.0,0.0,86.0,60.0,156.0,50.0,11.0,5.3,20.0,5.0,5.0,0.0,8.8,0.0,0.0,14.0,47.17,0.0,0.0,0.0,0.0,0.0,0.0,27.0,0.0,0.0
15180,0.0,0.0,0.0,0.0,0.0,0.0,0.0,117.0,55.0,6.0,69.5,172.7,0.0,53,26.0,0.5179856115,77.0,77.0,0.0,51.0,11.0,0.0,20.0,6.0,6.0,2.21,9.8,0.0,0.0,5.0,60.614,0.0,0.0,23.302371913,0.0,-0.606490008,0.0,27.0,0.0,0.0
