PtID,Pt_CGMUseNumDays,Pt_FatherT1D,Pt_MotherT1D,Pt_SiblingT1D,Pt_ChildT1D,Pt_GrandchildT1D,Pt_GrandparentT1D,BldPrSys,BldPrDia,SMBGperDayPtMeterCombo,WeightKg,HeightCm,DirectLDL,age,diabDur,TotalDailyInsPerKg,LDL,HDL,TotChol,Triglyc,BUN,AlbCreatRat_mggNew,UnitsInsBasalOrLongAct,BGTestAvgNumMeter,BGTestAvgNumPtRep,TSH,HbA1c,AutonomicNeuroCl,Pt_InsGov,NumPumpBolusOrShortAct,HbA1cImputeDtMnC,Pt_SHFlg,Pt_DKAFlg,bmi,bmiPerc,bmiZscore,GFR,diagAgeCombo,Pt_A1cGoalLev,Pt_A1cGoalLevelDsYr5
15206,0.0,0.0,0.0,0.0,0.0,0.0,0.0,106.0,37.0,11.0,19.8,118.7,0.0,6,0.0,0.303030303,0.0,0.0,0.0,0.0,0.0,0.0,0.0,11.0,10.0,0.0,7.5,0.0,0.0,0.0,-3.0210000000000004,0.0,0.0,14.052828699999997,0.1026452041,-1.266622207,0.0,5.0,0.0,0.0
15206,0.0,0.0,0.0,0.0,0.0,0.0,0.0,116.0,56.0,11.0,25.0,133.0,0.0,8,2.0,0.52,0.0,0.0,0.0,0.0,0.0,0.0,0.0,11.0,10.0,0.0,6.6,0.0,0.0,0.0,24.896,0.0,0.0,14.133077054000001,0.0986575475,-1.2892387570000001,0.0,5.0,0.0,0.0
15206,0.0,0.0,0.0,0.0,0.0,0.0,0.0,101.0,62.0,14.0,28.4,138.0,0.0,9,3.0,0.7746478873,0.0,0.0,0.0,0.0,0.0,29.9,8.0,14.0,0.0,0.0,7.0,0.0,0.0,0.0,34.921,0.0,0.0,14.912833438,0.2097239244,-0.807379544,0.0,5.0,0.0,0.0
15206,0.0,0.0,0.0,0.0,0.0,0.0,0.0,109.0,73.0,8.0,31.3,143.5,0.0,9,4.0,0.6709265176,0.0,0.0,0.0,0.0,0.0,29.9,8.0,8.0,0.0,0.0,8.1,0.0,0.0,0.0,44.382,0.0,0.0,15.199893164,0.27548382829999996,-0.596310741,0.0,5.0,0.0,0.0
15206,0.0,0.0,0.0,0.0,0.0,0.0,0.0,111.0,71.0,11.0,35.5,151.5,1.0,11,5.0,0.8169014084999999,63.0,0.0,0.0,0.0,14.0,29.9,12.0,11.0,9.0,1.86,7.0,0.0,0.0,8.0,59.053999999999995,0.0,0.0,15.466893224000001,0.17038541899999998,-0.952643285,0.0,5.0,0.0,0.0
15206,0.0,0.0,0.0,0.0,0.0,0.0,0.0,122.0,65.0,7.0,38.0,156.1,0.0,11,5.0,0.7631578947,0.0,0.0,0.0,0.0,0.0,29.9,12.0,7.0,0.0,0.0,7.2,0.0,0.0,0.0,67.452,0.0,0.0,15.594727505,0.19266574579999998,-0.868114797,0.0,5.0,0.0,0.0
15206,0.0,0.0,0.0,0.0,0.0,0.0,0.0,108.0,66.0,9.0,43.2,163.5,0.0,12,7.0,0.9791666667,0.0,0.0,0.0,0.0,0.0,29.9,19.8,9.0,10.0,1.74,7.2,0.0,0.0,0.0,80.564,0.0,0.0,16.160255871,0.20479865579999998,-0.8246024820000001,0.0,5.0,0.0,0.0
