PtID,Pt_CGMUseNumDays,Pt_FatherT1D,Pt_MotherT1D,Pt_SiblingT1D,Pt_ChildT1D,Pt_GrandchildT1D,Pt_GrandparentT1D,BldPrSys,BldPrDia,SMBGperDayPtMeterCombo,WeightKg,HeightCm,DirectLDL,age,diabDur,TotalDailyInsPerKg,LDL,HDL,TotChol,Triglyc,BUN,AlbCreatRat_mggNew,UnitsInsBasalOrLongAct,BGTestAvgNumMeter,BGTestAvgNumPtRep,TSH,HbA1c,AutonomicNeuroCl,Pt_InsGov,NumPumpBolusOrShortAct,HbA1cImputeDtMnC,Pt_SHFlg,Pt_DKAFlg,bmi,bmiPerc,bmiZscore,GFR,diagAgeCombo,Pt_A1cGoalLev,Pt_A1cGoalLevelDsYr5
1521,0.0,0.0,0.0,0.0,0.0,0.0,0.0,0.0,0.0,8.0,18.5,103.2,0.0,3,2.0,0.5945945946,0.0,0.0,112.0,0.0,18.0,0.0,0.0,0.0,8.0,0.0,6.9,0.0,0.0,5.0,0.0,0.0,0.0,17.370500570999997,0.8739213451000001,1.1451251712000001,0.0,1.0,0.0,0.0
1521,0.0,0.0,0.0,0.0,0.0,0.0,0.0,86.0,73.0,10.0,23.1,116.0,0.0,5,4.0,0.6493506494,0.0,0.0,0.0,0.0,0.0,0.0,0.0,0.0,10.0,0.0,7.1,0.0,0.0,0.0,21.875999999999998,0.0,0.0,17.16706302,0.8876956362,1.2143640751,0.0,1.0,7.0,0.0
1521,0.0,0.0,0.0,0.0,0.0,0.0,0.0,110.0,68.0,8.0,26.7,128.0,0.0,6,5.0,0.7490636704000001,0.0,0.0,0.0,0.0,0.0,0.0,6.0,0.0,8.0,0.0,7.4,0.0,0.0,0.0,34.158,0.0,0.0,16.296386719,0.7460011563,0.6619587045,0.0,1.0,0.0,0.0
1521,0.0,0.0,0.0,0.0,0.0,0.0,0.0,97.0,70.0,9.0,27.5,128.5,0.0,7,5.0,0.7636363636,90.0,53.0,159.0,81.0,0.0,0.0,7.0,9.0,0.0,2.09,7.4,0.0,0.0,0.0,41.891999999999996,0.0,0.0,16.654302109,0.7412007709999999,0.6470517397,0.0,1.0,0.0,0.0
