PtID,Pt_CGMUseNumDays,Pt_FatherT1D,Pt_MotherT1D,Pt_SiblingT1D,Pt_ChildT1D,Pt_GrandchildT1D,Pt_GrandparentT1D,BldPrSys,BldPrDia,SMBGperDayPtMeterCombo,WeightKg,HeightCm,DirectLDL,age,diabDur,TotalDailyInsPerKg,LDL,HDL,TotChol,Triglyc,BUN,AlbCreatRat_mggNew,UnitsInsBasalOrLongAct,BGTestAvgNumMeter,BGTestAvgNumPtRep,TSH,HbA1c,AutonomicNeuroCl,Pt_InsGov,NumPumpBolusOrShortAct,HbA1cImputeDtMnC,Pt_SHFlg,Pt_DKAFlg,bmi,bmiPerc,bmiZscore,GFR,diagAgeCombo,Pt_A1cGoalLev,Pt_A1cGoalLevelDsYr5
15229,0.0,0.0,0.0,0.0,0.0,0.0,0.0,133.0,78.0,5.0,51.0,157.1,1.0,13,4.0,1.4509803922,94.0,51.0,80.0,80.0,0.0,5.0,0.0,5.0,6.0,0.0,9.3,0.0,0.0,4.0,-0.19899999999999998,0.0,0.0,20.664162385999997,0.7255164661,0.5993086693,0.0,9.0,0.0,0.0
15229,30.0,0.0,0.0,0.0,0.0,0.0,0.0,127.0,79.0,5.0,54.6,161.1,0.0,15,5.0,0.9157509158,0.0,0.0,0.0,0.0,0.0,5.0,0.0,0.0,5.0,0.0,9.4,0.0,0.0,5.0,16.598,0.0,0.0,21.037860057,0.6357043096,0.3469999174,0.0,9.0,8.0,0.0
15229,0.0,0.0,0.0,0.0,0.0,0.0,0.0,120.0,78.0,0.0,56.9,161.8,0.0,15,6.0,0.0,0.0,0.0,0.0,0.0,0.0,4.0,29.0,0.0,0.0,0.0,9.4,0.0,0.0,0.0,22.041,0.0,0.0,21.734779161,0.7034029442,0.5342130931,0.0,9.0,0.0,0.0
15229,0.0,0.0,0.0,0.0,0.0,0.0,0.0,129.0,70.0,0.0,55.9,161.2,1.0,16,7.0,0.0,83.0,51.0,149.0,128.0,0.0,4.0,25.0,0.0,0.0,0.0,7.3,0.0,0.0,0.0,35.154,0.0,0.0,21.512046746,0.6281627849,0.3269913466,0.0,9.0,0.0,0.0
