PtID,Pt_CGMUseNumDays,Pt_FatherT1D,Pt_MotherT1D,Pt_SiblingT1D,Pt_ChildT1D,Pt_GrandchildT1D,Pt_GrandparentT1D,BldPrSys,BldPrDia,SMBGperDayPtMeterCombo,WeightKg,HeightCm,DirectLDL,age,diabDur,TotalDailyInsPerKg,LDL,HDL,TotChol,Triglyc,BUN,AlbCreatRat_mggNew,UnitsInsBasalOrLongAct,BGTestAvgNumMeter,BGTestAvgNumPtRep,TSH,HbA1c,AutonomicNeuroCl,Pt_InsGov,NumPumpBolusOrShortAct,HbA1cImputeDtMnC,Pt_SHFlg,Pt_DKAFlg,bmi,bmiPerc,bmiZscore,GFR,diagAgeCombo,Pt_A1cGoalLev,Pt_A1cGoalLevelDsYr5
15231,0.0,0.0,0.0,0.0,0.0,0.0,0.0,0.0,0.0,6.0,59.78347436600001,162.4,0.0,11,2.0,0.6021730985,96.0,69.0,0.0,61.0,18.0,0.0,0.0,6.0,9.0,0.0,11.0,0.0,1.0,0.0,0.299,0.0,1.0,22.667785846999998,0.9209454569,1.4114597826,0.0,9.0,0.0,0.0
15231,0.0,0.0,0.0,0.0,0.0,0.0,1.0,109.0,63.0,4.0,62.14215469,169.0,0.0,12,3.0,0.0,0.0,0.0,0.0,0.0,12.0,0.0,0.0,4.0,5.0,0.0,12.4,0.0,1.0,0.0,11.651,0.0,0.0,21.7576957,0.8525414697,1.0473958161,0.0,9.0,7.0,0.0
15231,0.0,0.0,0.0,0.0,0.0,0.0,0.0,130.0,71.0,5.0,77.1107029,170.0,0.0,14,5.0,0.0,57.0,100.0,207.0,57.0,12.0,4.3,48.0,5.0,0.0,0.0,14.0,0.0,0.0,4.0,35.585,0.0,0.0,26.681904118000002,0.9425643512999999,1.5766707791999999,0.0,9.0,0.0,0.0
15231,0.0,0.0,0.0,0.0,0.0,0.0,0.0,0.0,0.0,1.0,85.72895793,171.0,0.0,16,7.0,0.0,101.0,73.0,194.0,100.0,14.0,3.4,34.0,1.0,0.0,1.28,14.0,0.0,0.0,0.0,55.104,0.0,0.0,29.31806639,0.9547545591,1.692813975,0.0,9.0,0.0,0.0
15231,0.0,0.0,0.0,0.0,0.0,0.0,0.0,0.0,0.0,1.0,83.0,171.0,0.0,17,8.0,0.0,0.0,0.0,0.0,0.0,13.0,3.4,36.0,1.0,2.0,1.4,12.5,0.0,1.0,2.0,67.12,0.0,0.0,28.384802161,0.9340828962000001,1.5069081284,0.0,9.0,0.0,0.0
