PtID,Pt_CGMUseNumDays,Pt_FatherT1D,Pt_MotherT1D,Pt_SiblingT1D,Pt_ChildT1D,Pt_GrandchildT1D,Pt_GrandparentT1D,BldPrSys,BldPrDia,SMBGperDayPtMeterCombo,WeightKg,HeightCm,DirectLDL,age,diabDur,TotalDailyInsPerKg,LDL,HDL,TotChol,Triglyc,BUN,AlbCreatRat_mggNew,UnitsInsBasalOrLongAct,BGTestAvgNumMeter,BGTestAvgNumPtRep,TSH,HbA1c,AutonomicNeuroCl,Pt_InsGov,NumPumpBolusOrShortAct,HbA1cImputeDtMnC,Pt_SHFlg,Pt_DKAFlg,bmi,bmiPerc,bmiZscore,GFR,diagAgeCombo,Pt_A1cGoalLev,Pt_A1cGoalLevelDsYr5
15425,0.0,0.0,0.0,0.0,0.0,0.0,0.0,132.0,74.0,8.0,60.32778521,163.83,0.0,54,33.0,0.43097885840000005,66.0,66.0,0.0,53.0,0.0,10.0,0.0,0.0,8.0,0.0,6.3,0.0,0.0,5.0,-2.191,0.0,0.0,22.476594938,0.0,-0.691409822,0.0,21.0,0.0,0.0
15425,30.0,0.0,0.0,0.0,0.0,0.0,0.0,130.0,64.0,8.0,66.587359916,163.83,0.0,55,34.0,0.4505359581,74.0,74.0,0.0,38.0,0.0,9.9,0.0,0.0,8.0,0.0,6.1,0.0,0.0,0.0,12.05,0.0,0.0,24.808752909000003,0.0,-0.451579422,0.0,21.0,6.5,0.0
15425,0.0,0.0,0.0,0.0,0.0,0.0,0.0,126.0,75.0,0.0,0.0,0.0,0.0,56,35.0,0.0,102.0,72.0,0.0,59.0,0.0,0.0,0.0,0.0,0.0,2.37,6.9,0.0,0.0,0.0,24.432,0.0,0.0,0.0,0.0,0.0,0.0,21.0,0.0,0.0
15425,0.0,0.0,0.0,0.0,0.0,0.0,0.0,134.0,76.0,0.0,0.0,0.0,1.0,57,36.0,0.0,94.0,0.0,0.0,0.0,0.0,0.0,12.0,0.0,0.0,0.0,7.6,0.0,0.0,0.0,36.282,0.0,0.0,0.0,0.0,0.0,0.0,21.0,0.0,0.0
15425,0.0,0.0,0.0,0.0,0.0,0.0,0.0,128.0,62.0,6.0,0.0,0.0,1.0,58,37.0,0.0,99.0,0.0,0.0,0.0,0.0,64.0,16.0,0.0,6.0,4.14,6.3,0.0,0.0,0.0,48.83,0.0,0.0,0.0,0.0,0.0,57.0,21.0,0.0,0.0
15425,0.0,0.0,0.0,0.0,0.0,0.0,0.0,132.0,78.0,0.0,67.13167076,165.1,0.0,59,38.0,0.4766751615,88.0,65.0,0.0,68.0,0.0,0.0,12.0,0.0,0.0,4.69,6.6,0.0,0.0,0.0,62.075,0.0,0.0,24.628236163,0.0,-0.47014308899999996,0.0,21.0,0.0,0.0
15425,30.0,0.0,0.0,0.0,0.0,0.0,0.0,106.0,74.0,9.0,59.87419284,165.1,0.0,60,39.0,0.43424384979999997,86.0,77.0,0.0,51.0,0.0,0.0,12.0,9.0,9.0,3.47,6.8,0.0,0.0,0.0,71.568,0.0,0.0,21.965724145,0.0,-0.9483755429999999,0.0,21.0,0.0,0.0
15425,0.0,0.0,0.0,0.0,0.0,0.0,0.0,141.0,79.0,0.0,63.276135615,165.1,0.0,61,40.0,0.0,76.0,78.0,162.0,40.0,0.0,10.0,0.0,0.0,0.0,2.19,6.5,0.0,0.0,0.0,85.676,0.0,0.0,23.213776653000004,0.0,-0.793334973,0.0,21.0,0.0,0.0
