PtID,Pt_CGMUseNumDays,Pt_FatherT1D,Pt_MotherT1D,Pt_SiblingT1D,Pt_ChildT1D,Pt_GrandchildT1D,Pt_GrandparentT1D,BldPrSys,BldPrDia,SMBGperDayPtMeterCombo,WeightKg,HeightCm,DirectLDL,age,diabDur,TotalDailyInsPerKg,LDL,HDL,TotChol,Triglyc,BUN,AlbCreatRat_mggNew,UnitsInsBasalOrLongAct,BGTestAvgNumMeter,BGTestAvgNumPtRep,TSH,HbA1c,AutonomicNeuroCl,Pt_InsGov,NumPumpBolusOrShortAct,HbA1cImputeDtMnC,Pt_SHFlg,Pt_DKAFlg,bmi,bmiPerc,bmiZscore,GFR,diagAgeCombo,Pt_A1cGoalLev,Pt_A1cGoalLevelDsYr5
15453,30.0,0.0,0.0,0.0,0.0,0.0,0.0,132.0,70.0,3.0,83.597073791,172.72,0.0,47,19.0,0.40671280060000004,82.0,50.0,0.0,116.0,15.0,7.0,0.0,3.0,10.0,0.0,9.1,0.0,0.0,3.0,-0.033,0.0,0.0,28.022431559,0.0,-0.05160153,0.0,28.0,0.0,0.0
15453,0.0,0.0,0.0,0.0,0.0,0.0,0.0,120.0,70.0,2.0,83.46099608,172.72,0.0,48,20.0,0.0,95.0,68.0,0.0,43.0,8.0,13.7,0.0,2.0,0.0,0.0,10.2,0.0,0.0,2.0,12.116,0.0,0.0,27.976817183,0.0,-0.055676842000000004,0.0,28.0,0.0,0.0
15453,0.0,0.0,0.0,0.0,0.0,0.0,0.0,128.0,74.0,2.0,83.00740371,170.18,0.0,51,23.0,0.0,77.0,68.0,0.0,57.0,8.0,5.7,0.0,2.0,0.0,2.81,11.2,0.0,0.0,3.0,50.855,0.0,0.0,28.661557824000003,0.0,-0.055371379000000005,0.0,28.0,0.0,0.0
15453,0.0,0.0,0.0,0.0,0.0,0.0,0.0,122.0,78.0,4.0,82.55381134,170.18,0.0,52,24.0,0.448192511,81.0,61.0,161.0,94.0,17.0,6.3,31.0,4.0,0.0,2.38,9.3,0.0,0.0,4.0,62.24100000000001,0.0,0.0,28.50493729,0.0,-0.071477649,74.0,28.0,0.0,0.0
15453,30.0,0.0,0.0,0.0,0.0,0.0,0.0,114.0,70.0,2.0,70.76040972,171.45,0.0,53,25.0,0.36602388399999997,118.0,63.0,189.0,38.0,11.0,6.3,21.5,2.0,4.0,0.0,9.7,0.0,1.0,4.0,78.73899999999999,0.0,0.0,24.072176554000002,0.0,-0.527326179,82.0,28.0,0.0,0.0
