PtID,Pt_CGMUseNumDays,Pt_FatherT1D,Pt_MotherT1D,Pt_SiblingT1D,Pt_ChildT1D,Pt_GrandchildT1D,Pt_GrandparentT1D,BldPrSys,BldPrDia,SMBGperDayPtMeterCombo,WeightKg,HeightCm,DirectLDL,age,diabDur,TotalDailyInsPerKg,LDL,HDL,TotChol,Triglyc,BUN,AlbCreatRat_mggNew,UnitsInsBasalOrLongAct,BGTestAvgNumMeter,BGTestAvgNumPtRep,TSH,HbA1c,AutonomicNeuroCl,Pt_InsGov,NumPumpBolusOrShortAct,HbA1cImputeDtMnC,Pt_SHFlg,Pt_DKAFlg,bmi,bmiPerc,bmiZscore,GFR,diagAgeCombo,Pt_A1cGoalLev,Pt_A1cGoalLevelDsYr5
15473,0.0,0.0,0.0,0.0,0.0,0.0,0.0,0.0,0.0,5.0,21.8,118.5,0.0,7,0.0,0.0917431193,42.0,69.0,132.0,106.0,0.0,0.0,0.0,5.0,5.0,0.0,9.6,0.0,0.0,0.0,0.0,0.0,0.0,15.524577614000002,0.5055820497,0.0139925802,0.0,7.0,0.0,0.0
15473,0.0,0.0,0.0,0.0,0.0,0.0,0.0,106.0,60.0,5.0,24.0,123.2,0.0,8,0.0,0.5,0.0,0.0,0.0,0.0,0.0,0.0,0.0,5.0,5.0,0.0,8.4,0.0,0.0,0.0,10.556,0.0,0.0,15.812109968,0.5107329602,0.0269067879,0.0,7.0,7.0,0.0
15473,0.0,0.0,0.0,0.0,0.0,0.0,0.0,103.0,55.0,5.0,28.1,128.7,0.0,8,1.0,0.6761565836,70.0,95.0,185.0,28.0,8.0,0.0,9.0,5.0,5.0,3.8,7.6,0.0,0.0,0.0,20.215999999999998,0.0,0.0,16.96481883,0.7393568028,0.6413637265,0.0,7.0,0.0,0.0
15473,0.0,0.0,0.0,0.0,0.0,0.0,0.0,91.0,61.0,10.0,30.8,133.1,0.0,9,2.0,0.0,0.0,0.0,0.0,0.0,0.0,0.0,0.0,10.0,0.0,0.0,7.3,0.0,0.0,0.0,30.739,0.0,0.0,17.385797046,0.724050025,0.5949155088,0.0,7.0,0.0,0.0
15473,0.0,0.0,0.0,0.0,0.0,0.0,0.0,90.0,60.0,9.0,32.5,138.0,0.0,11,3.0,0.5846153846,76.0,99.0,191.0,81.0,11.0,0.0,7.0,9.0,0.0,4.19,8.4,0.0,0.0,5.0,46.938,0.0,0.0,17.065742490999998,0.4794280389,-0.051589134,0.0,7.0,0.0,0.0
