PtID,Pt_CGMUseNumDays,Pt_FatherT1D,Pt_MotherT1D,Pt_SiblingT1D,Pt_ChildT1D,Pt_GrandchildT1D,Pt_GrandparentT1D,BldPrSys,BldPrDia,SMBGperDayPtMeterCombo,WeightKg,HeightCm,DirectLDL,age,diabDur,TotalDailyInsPerKg,LDL,HDL,TotChol,Triglyc,BUN,AlbCreatRat_mggNew,UnitsInsBasalOrLongAct,BGTestAvgNumMeter,BGTestAvgNumPtRep,TSH,HbA1c,AutonomicNeuroCl,Pt_InsGov,NumPumpBolusOrShortAct,HbA1cImputeDtMnC,Pt_SHFlg,Pt_DKAFlg,bmi,bmiPerc,bmiZscore,GFR,diagAgeCombo,Pt_A1cGoalLev,Pt_A1cGoalLevelDsYr5
15496,0.0,0.0,0.0,0.0,0.0,0.0,0.0,121.0,64.0,6.0,65.4,169.4,0.0,14,1.0,2.4770642202,0.0,0.0,136.0,0.0,0.0,0.1,0.0,0.0,6.0,0.0,10.1,0.0,0.0,0.0,-0.033,0.0,0.0,22.790346929000002,0.8581561981999999,1.0720722017,0.0,12.0,0.0,0.0
15496,0.0,0.0,0.0,0.0,0.0,0.0,0.0,125.0,69.0,7.0,72.5,175.7,0.0,15,2.0,1.4068965516999998,0.0,0.0,161.0,0.0,0.0,5.3,0.0,0.0,7.0,0.0,8.6,0.0,0.0,0.0,11.353,0.0,0.0,23.485211929000002,0.8533842624,1.0510590390999999,0.0,12.0,8.0,0.0
15496,0.0,0.0,0.0,0.0,0.0,0.0,0.0,158.0,84.0,1.0,79.2,175.9,0.0,16,3.0,0.0,0.0,0.0,160.0,0.0,0.0,47.6,0.0,0.0,1.0,0.98,10.8,0.0,0.0,0.0,20.415,0.0,0.0,25.597261351999997,0.9071110424,1.3231728121,0.0,12.0,0.0,0.0
15496,0.0,0.0,0.0,0.0,0.0,0.0,0.0,175.0,70.0,3.0,85.4,176.8,0.0,17,4.0,0.0,0.0,0.0,157.0,0.0,0.0,16.3,0.0,0.0,3.0,0.52,9.2,0.0,0.0,0.0,34.357,0.0,0.0,27.320796052,0.9331621190999999,1.4997631659000001,0.0,12.0,0.0,0.0
15496,0.0,0.0,0.0,0.0,0.0,0.0,0.0,123.0,76.0,2.0,86.2,178.0,0.0,19,7.0,0.5986078886,87.0,57.0,178.0,170.0,0.0,16.3,25.5,2.0,2.0,0.57,10.4,0.0,0.0,0.0,65.195,0.0,0.0,27.206160838000002,0.8879093037000001,1.2154844066,0.0,12.0,0.0,0.0
