PtID,Pt_CGMUseNumDays,Pt_FatherT1D,Pt_MotherT1D,Pt_SiblingT1D,Pt_ChildT1D,Pt_GrandchildT1D,Pt_GrandparentT1D,BldPrSys,BldPrDia,SMBGperDayPtMeterCombo,WeightKg,HeightCm,DirectLDL,age,diabDur,TotalDailyInsPerKg,LDL,HDL,TotChol,Triglyc,BUN,AlbCreatRat_mggNew,UnitsInsBasalOrLongAct,BGTestAvgNumMeter,BGTestAvgNumPtRep,TSH,HbA1c,AutonomicNeuroCl,Pt_InsGov,NumPumpBolusOrShortAct,HbA1cImputeDtMnC,Pt_SHFlg,Pt_DKAFlg,bmi,bmiPerc,bmiZscore,GFR,diagAgeCombo,Pt_A1cGoalLev,Pt_A1cGoalLevelDsYr5
15519,0.0,0.0,0.0,1.0,0.0,0.0,0.0,112.0,76.0,3.0,62.5,155.0,0.0,26,17.0,0.736,86.0,84.0,181.0,53.0,10.0,35.9,0.0,0.0,3.0,0.0,7.6,0.0,0.0,0.0,0.0,0.0,0.0,26.014568158000003,0.0,-0.10590626,0.0,9.0,0.0,0.0
15519,0.0,0.0,0.0,0.0,0.0,0.0,0.0,101.0,66.0,7.0,63.0,155.0,0.0,28,19.0,0.6349206349000001,0.0,0.0,0.0,0.0,0.0,37.0,27.0,7.0,0.0,0.0,6.6,0.0,0.0,3.0,24.232,0.0,0.0,26.222684703000002,0.0,-0.077844188,0.0,9.0,0.0,0.0
15519,0.0,0.0,0.0,0.0,0.0,0.0,0.0,105.0,71.0,3.0,67.5,155.0,0.0,29,20.0,0.637037037,106.0,74.0,193.0,67.0,20.0,37.0,27.0,3.0,0.0,2.16,6.6,0.0,0.0,16.0,41.891999999999996,0.0,0.0,28.095733611,0.0,0.17471446079999997,0.0,9.0,0.0,0.0
15519,0.0,0.0,0.0,0.0,0.0,0.0,0.0,108.0,77.0,1.0,64.5,155.0,0.0,31,22.0,0.480620155,86.0,70.0,171.0,74.0,15.0,9.0,16.0,1.0,0.0,0.8,8.9,0.0,0.0,0.0,64.896,0.0,0.0,26.847034339,0.0,-0.120773752,107.0,9.0,0.0,0.0
15519,0.0,0.0,0.0,0.0,0.0,0.0,0.0,112.0,79.0,1.0,0.0,0.0,0.0,32,23.0,0.0,102.0,63.0,181.0,71.0,22.0,9.0,18.0,1.0,4.0,1.52,8.3,0.0,0.0,3.0,72.133,0.0,0.0,0.0,0.0,0.0,91.0,9.0,0.0,0.0
