PtID,Pt_CGMUseNumDays,Pt_FatherT1D,Pt_MotherT1D,Pt_SiblingT1D,Pt_ChildT1D,Pt_GrandchildT1D,Pt_GrandparentT1D,BldPrSys,BldPrDia,SMBGperDayPtMeterCombo,WeightKg,HeightCm,DirectLDL,age,diabDur,TotalDailyInsPerKg,LDL,HDL,TotChol,Triglyc,BUN,AlbCreatRat_mggNew,UnitsInsBasalOrLongAct,BGTestAvgNumMeter,BGTestAvgNumPtRep,TSH,HbA1c,AutonomicNeuroCl,Pt_InsGov,NumPumpBolusOrShortAct,HbA1cImputeDtMnC,Pt_SHFlg,Pt_DKAFlg,bmi,bmiPerc,bmiZscore,GFR,diagAgeCombo,Pt_A1cGoalLev,Pt_A1cGoalLevelDsYr5
15535,0.0,0.0,0.0,0.0,0.0,0.0,0.0,150.0,74.0,6.0,0.0,0.0,0.0,64,30.0,0.0,91.0,78.0,0.0,121.0,20.0,3.0,0.0,6.0,9.0,0.0,7.0,1.0,1.0,4.0,-0.465,0.0,0.0,0.0,0.0,0.0,0.0,34.0,0.0,0.0
15535,0.0,0.0,0.0,0.0,0.0,0.0,0.0,140.0,82.0,8.0,90.0,182.9,0.0,66,32.0,0.5888888889,0.0,0.0,0.0,0.0,0.0,7.1,19.0,8.0,0.0,0.0,6.6,1.0,0.0,6.0,23.070999999999998,0.0,0.0,26.903891229,0.0,-0.380504667,0.0,34.0,0.0,0.0
15535,0.0,0.0,0.0,0.0,0.0,0.0,0.0,150.0,78.0,8.0,88.5,183.0,0.0,67,33.0,0.5536723164,98.0,78.0,0.0,75.0,23.0,7.1,19.0,8.0,0.0,1.72,6.2,1.0,0.0,6.0,36.083,0.0,0.0,26.426587835,0.0,-0.471489774,0.0,34.0,0.0,0.0
15535,0.0,0.0,0.0,0.0,0.0,0.0,0.0,140.0,62.0,8.0,85.2,183.0,0.0,68,34.0,0.5633802817,0.0,0.0,0.0,0.0,24.0,7.1,19.0,8.0,0.0,0.996,6.1,1.0,0.0,6.0,45.378,0.0,0.0,25.441189644,0.0,-0.659329543,0.0,34.0,0.0,0.0
15535,0.0,0.0,0.0,0.0,0.0,0.0,0.0,124.0,68.0,7.0,89.3,183.0,0.0,70,36.0,0.5599104143,120.0,80.0,211.0,55.0,18.0,7.1,19.0,7.0,8.0,0.0,6.0,1.0,1.0,6.0,71.27,0.0,0.0,26.665472245,0.0,-0.254498105,77.0,34.0,0.0,0.0
