PtID,Pt_CGMUseNumDays,Pt_FatherT1D,Pt_MotherT1D,Pt_SiblingT1D,Pt_ChildT1D,Pt_GrandchildT1D,Pt_GrandparentT1D,BldPrSys,BldPrDia,SMBGperDayPtMeterCombo,WeightKg,HeightCm,DirectLDL,age,diabDur,TotalDailyInsPerKg,LDL,HDL,TotChol,Triglyc,BUN,AlbCreatRat_mggNew,UnitsInsBasalOrLongAct,BGTestAvgNumMeter,BGTestAvgNumPtRep,TSH,HbA1c,AutonomicNeuroCl,Pt_InsGov,NumPumpBolusOrShortAct,HbA1cImputeDtMnC,Pt_SHFlg,Pt_DKAFlg,bmi,bmiPerc,bmiZscore,GFR,diagAgeCombo,Pt_A1cGoalLev,Pt_A1cGoalLevelDsYr5
15555,0.0,0.0,0.0,0.0,0.0,0.0,0.0,112.0,62.0,6.0,84.82177319,182.88,0.0,45,38.0,0.766312676,175.0,47.0,281.0,295.0,6.0,10.0,0.0,0.0,6.0,0.0,6.0,0.0,0.0,20.0,0.43200000000000005,1.0,0.0,25.361499111,0.0,-0.43686663600000003,0.0,7.0,0.0,0.0
15555,0.0,0.0,0.0,0.0,0.0,0.0,0.0,138.0,72.0,7.0,87.54332741,185.42,0.0,46,39.0,0.4569166056,204.0,47.0,282.0,153.0,13.0,0.0,0.0,0.0,7.0,0.0,5.3,0.0,0.0,0.0,14.573,0.0,0.0,25.463019115999998,0.0,-0.422270391,0.0,7.0,6.0,0.0
15555,0.0,0.0,0.0,0.0,0.0,0.0,0.0,120.0,62.0,4.0,82.10021897,185.42,1.0,47,40.0,0.7186338932999999,211.0,0.0,0.0,0.0,12.0,0.0,29.0,4.0,4.0,0.0,6.6,0.0,0.0,10.0,29.743000000000002,0.0,0.0,23.879826218,0.0,-0.649897166,0.0,7.0,0.0,0.0
15555,0.0,0.0,0.0,0.0,0.0,0.0,0.0,122.0,68.0,3.0,83.46099608,180.34,0.0,48,41.0,0.5032290767,0.0,0.0,0.0,0.0,9.0,0.0,24.0,3.0,3.0,1.26,7.1,0.0,0.0,4.0,39.834,0.0,0.0,25.662527803000003,0.0,-0.393585625,0.0,7.0,0.0,0.0
15555,0.0,0.0,0.0,0.0,0.0,0.0,0.0,140.0,76.0,3.0,80.28584949,182.88,0.0,49,42.0,0.5978637619,177.0,63.0,275.0,177.0,13.0,0.0,30.0,3.0,3.0,1.35,6.6,0.0,0.0,5.0,49.958999999999996,0.0,0.0,24.005269211999998,0.0,-0.6318613439999999,0.0,7.0,0.0,0.0
15555,0.0,0.0,0.0,0.0,0.0,0.0,0.0,0.0,0.0,0.0,0.0,0.0,0.0,50,43.0,0.0,246.0,76.0,337.0,74.0,13.0,0.0,0.0,0.0,0.0,0.0,6.5,0.0,0.0,0.0,62.075,0.0,0.0,0.0,0.0,0.0,0.0,7.0,0.0,0.0
