PtID,Pt_CGMUseNumDays,Pt_FatherT1D,Pt_MotherT1D,Pt_SiblingT1D,Pt_ChildT1D,Pt_GrandchildT1D,Pt_GrandparentT1D,BldPrSys,BldPrDia,SMBGperDayPtMeterCombo,WeightKg,HeightCm,DirectLDL,age,diabDur,TotalDailyInsPerKg,LDL,HDL,TotChol,Triglyc,BUN,AlbCreatRat_mggNew,UnitsInsBasalOrLongAct,BGTestAvgNumMeter,BGTestAvgNumPtRep,TSH,HbA1c,AutonomicNeuroCl,Pt_InsGov,NumPumpBolusOrShortAct,HbA1cImputeDtMnC,Pt_SHFlg,Pt_DKAFlg,bmi,bmiPerc,bmiZscore,GFR,diagAgeCombo,Pt_A1cGoalLev,Pt_A1cGoalLevelDsYr5
15602,0.0,0.0,0.0,0.0,0.0,0.0,0.0,105.0,64.0,7.0,50.5,158.0,0.0,13,2.0,1.1089108911,100.0,53.0,162.0,45.0,0.0,0.0,0.0,0.0,7.0,0.0,7.4,0.0,0.0,8.0,-4.88,0.0,0.0,20.229129947,0.6845794857999999,0.48054343130000005,0.0,10.0,0.0,0.0
15602,0.0,0.0,0.0,0.0,0.0,0.0,0.0,99.0,55.0,4.0,57.5,160.2,0.0,14,4.0,1.0434782609,100.0,52.0,166.0,71.0,0.0,6.0,0.0,0.0,4.0,0.0,7.7,0.0,0.0,0.0,15.535,0.0,0.0,22.404890267,0.8015452314,0.8471535554999999,0.0,10.0,7.6,0.0
15602,0.0,0.0,0.0,0.0,0.0,0.0,0.0,119.0,67.0,5.0,66.8,161.7,0.0,15,5.0,1.1826347305,141.0,51.0,214.0,108.0,0.0,2.0,28.0,5.0,0.0,2.61,7.7,0.0,0.0,0.0,27.353,0.0,0.0,25.54797148,0.9031615784,1.2997786551000001,0.0,10.0,0.0,0.0
15602,0.0,0.0,0.0,0.0,0.0,0.0,0.0,123.0,59.0,4.0,68.4,161.2,0.0,16,6.0,0.9064327484999999,136.0,47.0,210.0,134.0,0.0,2.0,27.0,4.0,0.0,2.0,7.2,0.0,0.0,0.0,39.236999999999995,0.0,0.0,26.32243287,0.9056884983,1.3146635454,0.0,10.0,0.0,0.0
