PtID,Pt_CGMUseNumDays,Pt_FatherT1D,Pt_MotherT1D,Pt_SiblingT1D,Pt_ChildT1D,Pt_GrandchildT1D,Pt_GrandparentT1D,BldPrSys,BldPrDia,SMBGperDayPtMeterCombo,WeightKg,HeightCm,DirectLDL,age,diabDur,TotalDailyInsPerKg,LDL,HDL,TotChol,Triglyc,BUN,AlbCreatRat_mggNew,UnitsInsBasalOrLongAct,BGTestAvgNumMeter,BGTestAvgNumPtRep,TSH,HbA1c,AutonomicNeuroCl,Pt_InsGov,NumPumpBolusOrShortAct,HbA1cImputeDtMnC,Pt_SHFlg,Pt_DKAFlg,bmi,bmiPerc,bmiZscore,GFR,diagAgeCombo,Pt_A1cGoalLev,Pt_A1cGoalLevelDsYr5
15639,5.0,1.0,0.0,0.0,0.0,0.0,0.0,108.0,77.0,6.0,38.2,150.0,0.0,10,6.0,1.4397905759,0.0,0.0,149.0,0.0,0.0,11.0,0.0,0.0,6.0,0.0,8.6,0.0,0.0,0.0,-6.141,0.0,1.0,16.977777778,0.5676752411,0.17045856489999997,0.0,4.0,0.0,0.0
15639,0.0,0.0,0.0,0.0,0.0,0.0,1.0,124.0,62.0,5.0,58.6,170.8,0.0,13,9.0,0.0,117.0,57.0,195.0,104.0,0.0,6.0,0.0,0.0,5.0,0.0,14.0,0.0,0.0,0.0,28.315,0.0,0.0,20.087314689,0.7181391009999999,0.577322232,0.0,4.0,0.0,0.0
15639,0.0,0.0,0.0,0.0,0.0,0.0,0.0,116.0,64.0,5.0,61.3,174.1,0.0,14,10.0,1.0603588907,0.0,0.0,0.0,0.0,0.0,0.0,45.0,0.0,5.0,0.0,9.8,0.0,0.0,2.0,39.469,0.0,0.0,20.223807942,0.6506758531,0.3871457714,0.0,4.0,0.0,0.0
15639,0.0,0.0,0.0,0.0,0.0,0.0,0.0,120.0,62.0,5.0,64.5,175.1,0.0,15,11.0,1.2403100775,0.0,0.0,0.0,0.0,0.0,9.9,49.0,5.0,0.0,0.0,10.4,0.0,0.0,4.0,53.61,0.0,0.0,21.037175135,0.6595950486,0.41135819549999997,0.0,4.0,0.0,0.0
15639,0.0,0.0,0.0,0.0,0.0,0.0,0.0,138.0,79.0,3.0,67.9,175.4,0.0,16,12.0,1.0898379970999998,108.0,49.0,175.0,88.0,0.0,14.0,36.0,3.0,0.0,1.03,13.0,0.0,0.0,0.0,74.456,0.0,0.0,22.070419917,0.6919656737000001,0.501429827,0.0,4.0,0.0,0.0
15639,0.0,0.0,0.0,0.0,0.0,0.0,0.0,144.0,71.0,4.0,70.6,176.3,0.0,17,13.0,1.5722379603,0.0,0.0,0.0,0.0,0.0,5.7,52.0,4.0,0.0,0.73,8.6,0.0,0.0,0.0,84.448,0.0,0.0,22.714337605,0.6845613128,0.48049230369999996,0.0,4.0,0.0,0.0
