PtID,Pt_CGMUseNumDays,Pt_FatherT1D,Pt_MotherT1D,Pt_SiblingT1D,Pt_ChildT1D,Pt_GrandchildT1D,Pt_GrandparentT1D,BldPrSys,BldPrDia,SMBGperDayPtMeterCombo,WeightKg,HeightCm,DirectLDL,age,diabDur,TotalDailyInsPerKg,LDL,HDL,TotChol,Triglyc,BUN,AlbCreatRat_mggNew,UnitsInsBasalOrLongAct,BGTestAvgNumMeter,BGTestAvgNumPtRep,TSH,HbA1c,AutonomicNeuroCl,Pt_InsGov,NumPumpBolusOrShortAct,HbA1cImputeDtMnC,Pt_SHFlg,Pt_DKAFlg,bmi,bmiPerc,bmiZscore,GFR,diagAgeCombo,Pt_A1cGoalLev,Pt_A1cGoalLevelDsYr5
1564,0.0,0.0,0.0,0.0,0.0,0.0,0.0,113.0,71.0,3.0,46.5,170.4,0.0,13,7.0,1.376344086,0.0,0.0,0.0,0.0,0.0,28.0,0.0,3.0,6.0,0.0,7.9,0.0,0.0,7.0,0.0,0.0,0.0,16.014514316,0.106037295,-1.247881136,0.0,5.0,0.0,0.0
1564,0.0,0.0,0.0,0.0,0.0,0.0,0.0,114.0,75.0,5.0,55.7,177.0,1.0,14,8.0,0.8976660682,89.0,0.0,0.0,0.0,0.0,12.0,0.0,5.0,8.0,0.0,9.2,0.0,0.0,0.0,9.627,1.0,0.0,17.77905455,0.278363387,-0.58771028,0.0,5.0,7.0,0.0
1564,0.0,0.0,0.0,0.0,0.0,0.0,0.0,118.0,61.0,4.0,65.8,181.0,0.0,15,9.0,1.4437689969999998,79.0,35.0,0.0,67.0,0.0,14.0,33.0,4.0,0.0,1.49,8.7,0.0,0.0,0.0,21.011999999999997,0.0,0.0,20.084856995,0.5373685217999999,0.09380638890000001,0.0,5.0,0.0,0.0
1564,0.0,0.0,0.0,0.0,0.0,0.0,0.0,114.0,67.0,7.0,65.7,183.4,0.0,16,10.0,1.2937595129000001,0.0,0.0,0.0,0.0,0.0,14.0,36.0,7.0,0.0,0.0,7.4,0.0,0.0,0.0,35.187,0.0,0.0,19.53289911,0.34832465009999997,-0.389847523,0.0,5.0,0.0,0.0
1564,0.0,0.0,0.0,0.0,0.0,0.0,0.0,125.0,70.0,7.0,73.0,182.9,0.0,17,11.0,1.3424657534,0.0,0.0,0.0,0.0,0.0,0.0,39.0,7.0,0.0,0.0,7.2,0.0,0.0,0.0,45.411,0.0,0.0,21.822045108,0.5817681249000001,0.2064188469,0.0,5.0,0.0,0.0
1564,0.0,0.0,0.0,0.0,0.0,0.0,0.0,127.0,73.0,9.0,80.7,183.9,1.0,19,13.0,0.9913258984000001,69.0,0.0,0.0,0.0,10.0,0.0,50.4,9.0,8.0,1.92,7.0,0.0,0.0,0.0,75.021,0.0,0.0,23.862177739,0.6654805733,0.4274674982,0.0,5.0,0.0,0.0
