PtID,Pt_CGMUseNumDays,Pt_FatherT1D,Pt_MotherT1D,Pt_SiblingT1D,Pt_ChildT1D,Pt_GrandchildT1D,Pt_GrandparentT1D,BldPrSys,BldPrDia,SMBGperDayPtMeterCombo,WeightKg,HeightCm,DirectLDL,age,diabDur,TotalDailyInsPerKg,LDL,HDL,TotChol,Triglyc,BUN,AlbCreatRat_mggNew,UnitsInsBasalOrLongAct,BGTestAvgNumMeter,BGTestAvgNumPtRep,TSH,HbA1c,AutonomicNeuroCl,Pt_InsGov,NumPumpBolusOrShortAct,HbA1cImputeDtMnC,Pt_SHFlg,Pt_DKAFlg,bmi,bmiPerc,bmiZscore,GFR,diagAgeCombo,Pt_A1cGoalLev,Pt_A1cGoalLevelDsYr5
15641,0.0,0.0,0.0,0.0,0.0,0.0,0.0,99.0,58.0,10.0,28.1,132.0,0.0,10,2.0,0.7117437722,81.0,75.0,173.0,85.0,18.0,13.2,0.0,10.0,10.0,0.0,6.4,0.0,0.0,5.0,0.266,0.0,0.0,16.127180900000003,0.39566782869999995,-0.264576588,0.0,8.0,0.0,0.0
15641,0.0,0.0,0.0,0.0,0.0,0.0,0.0,104.0,67.0,7.0,29.8,135.2,0.0,11,3.0,0.0,91.0,62.0,166.0,67.0,13.0,17.6,0.0,7.0,10.0,0.0,7.0,0.0,0.0,0.0,12.548,0.0,0.0,16.302825531,0.3292462616,-0.44199541600000003,0.0,8.0,6.1,0.0
15641,0.0,0.0,0.0,0.0,0.0,0.0,0.0,106.0,61.0,7.0,32.3,140.5,0.0,12,4.0,0.7120743034,79.0,62.0,157.0,80.0,0.0,12.0,10.0,7.0,0.0,2.66,6.3,0.0,0.0,0.0,25.56,0.0,0.0,16.362508074,0.2399447461,-0.706480312,0.0,8.0,0.0,0.0
15641,0.0,0.0,0.0,0.0,0.0,0.0,0.0,113.0,73.0,7.0,34.1,146.2,0.0,13,5.0,0.9677419355,0.0,0.0,0.0,0.0,0.0,12.0,10.0,7.0,0.0,2.38,7.8,0.0,0.0,0.0,35.12,0.0,0.0,15.953634340999999,0.09894930619999999,-1.2875616029999999,0.0,8.0,0.0,0.0
15641,0.0,0.0,0.0,0.0,0.0,0.0,0.0,118.0,65.0,10.0,40.8,154.2,0.0,14,6.0,0.9313725490000001,83.0,56.0,156.0,86.0,0.0,12.0,25.0,10.0,0.0,3.12,8.1,0.0,0.0,0.0,44.68,0.0,0.0,17.158977931,0.181583978,-0.909345167,0.0,8.0,0.0,0.0
15641,0.0,0.0,0.0,0.0,0.0,0.0,0.0,115.0,73.0,2.0,48.3,162.8,0.0,15,7.0,0.9730848861,76.0,62.0,147.0,46.0,0.0,12.0,19.0,2.0,0.0,11.5,8.9,0.0,0.0,0.0,57.858999999999995,0.0,0.0,18.223774366,0.24689199399999998,-0.6843027859999999,0.0,8.0,0.0,0.0
15641,30.0,0.0,0.0,0.0,0.0,0.0,0.0,132.0,62.0,8.0,53.0,167.1,0.0,16,7.0,0.9245283019,62.0,59.0,152.0,156.0,0.0,6.1,20.0,8.0,4.0,4.79,7.6,0.0,0.0,0.0,68.61399999999999,0.0,0.0,18.981169605,0.2633161004,-0.633155349,0.0,8.0,0.0,0.0
