PtID,Pt_CGMUseNumDays,Pt_FatherT1D,Pt_MotherT1D,Pt_SiblingT1D,Pt_ChildT1D,Pt_GrandchildT1D,Pt_GrandparentT1D,BldPrSys,BldPrDia,SMBGperDayPtMeterCombo,WeightKg,HeightCm,DirectLDL,age,diabDur,TotalDailyInsPerKg,LDL,HDL,TotChol,Triglyc,BUN,AlbCreatRat_mggNew,UnitsInsBasalOrLongAct,BGTestAvgNumMeter,BGTestAvgNumPtRep,TSH,HbA1c,AutonomicNeuroCl,Pt_InsGov,NumPumpBolusOrShortAct,HbA1cImputeDtMnC,Pt_SHFlg,Pt_DKAFlg,bmi,bmiPerc,bmiZscore,GFR,diagAgeCombo,Pt_A1cGoalLev,Pt_A1cGoalLevelDsYr5
15659,0.0,0.0,0.0,0.0,1.0,0.0,0.0,136.0,67.0,4.0,79.922975594,175.26,0.0,54,41.0,0.1376325133,73.0,45.0,140.0,110.0,16.0,0.0,0.0,4.0,4.0,0.0,9.6,0.0,0.0,3.0,0.0,0.0,0.0,26.019924371,0.0,-0.32702708,0.0,13.0,0.0,0.0
15659,30.0,0.0,0.0,0.0,1.0,0.0,0.0,145.0,67.0,4.0,81.555908126,174.752,0.0,55,42.0,0.0,77.0,46.0,134.0,55.0,17.0,4.0,0.0,0.0,4.0,0.0,8.6,0.0,0.0,0.0,11.419,0.0,0.0,26.706139809,0.0,-0.25645925199999997,0.0,13.0,8.0,0.0
15659,0.0,0.0,0.0,0.0,0.0,0.0,0.0,110.0,56.0,4.0,84.8,175.3,0.0,58,45.0,0.5424528302,94.0,60.0,166.0,58.0,22.0,5.2,26.0,4.0,0.0,1.28,9.6,0.0,0.0,20.0,37.61,0.0,0.0,27.595103040999998,0.0,-0.165041599,0.0,13.0,0.0,0.0
15659,0.0,0.0,0.0,0.0,0.0,0.0,0.0,110.0,56.0,0.0,85.9,170.2,0.0,58,45.0,0.5820721769,46.0,45.0,143.0,262.0,0.0,5.2,29.0,0.0,0.0,1.72,8.8,0.0,0.0,21.0,48.763000000000005,0.0,0.0,29.653369714,0.0,0.0466228452,0.0,13.0,0.0,0.0
15659,30.0,0.0,0.0,0.0,0.0,0.0,0.0,118.0,57.0,2.0,87.6,172.7,0.0,59,46.0,0.6164383562,98.0,57.0,183.0,138.0,15.0,9.0,31.0,2.0,2.0,0.56,10.2,0.0,0.0,4.0,61.07899999999999,0.0,0.0,29.371047188000002,0.0,0.0175898529,0.0,13.0,0.0,0.0
15659,0.0,0.0,0.0,0.0,0.0,0.0,0.0,138.0,63.0,2.0,88.6,172.7,0.0,60,47.0,0.6320541761,83.0,46.0,0.0,79.0,25.0,0.0,32.0,2.0,2.0,0.45,10.5,0.0,0.0,4.0,72.232,0.0,0.0,29.706333115,0.0,0.0132093374,53.0,13.0,0.0,0.0
