PtID,Pt_CGMUseNumDays,Pt_FatherT1D,Pt_MotherT1D,Pt_SiblingT1D,Pt_ChildT1D,Pt_GrandchildT1D,Pt_GrandparentT1D,BldPrSys,BldPrDia,SMBGperDayPtMeterCombo,WeightKg,HeightCm,DirectLDL,age,diabDur,TotalDailyInsPerKg,LDL,HDL,TotChol,Triglyc,BUN,AlbCreatRat_mggNew,UnitsInsBasalOrLongAct,BGTestAvgNumMeter,BGTestAvgNumPtRep,TSH,HbA1c,AutonomicNeuroCl,Pt_InsGov,NumPumpBolusOrShortAct,HbA1cImputeDtMnC,Pt_SHFlg,Pt_DKAFlg,bmi,bmiPerc,bmiZscore,GFR,diagAgeCombo,Pt_A1cGoalLev,Pt_A1cGoalLevelDsYr5
15660,0.0,0.0,0.0,0.0,0.0,0.0,0.0,106.0,72.0,0.0,0.0,0.0,0.0,44,42.0,0.0,117.0,34.0,165.0,71.0,12.0,18.4,0.0,0.0,0.0,0.0,7.9,0.0,0.0,0.0,0.43200000000000005,1.0,0.0,0.0,0.0,0.0,0.0,2.0,0.0,0.0
15660,0.0,0.0,0.0,0.0,0.0,0.0,0.0,120.0,82.0,3.0,0.0,0.0,0.0,46,44.0,0.0,133.0,38.0,191.0,102.0,11.0,30.4,0.0,3.0,4.0,0.0,6.3,0.0,0.0,0.0,19.618,1.0,0.0,0.0,0.0,0.0,0.0,2.0,6.0,0.0
15660,0.0,0.0,0.0,0.0,0.0,0.0,0.0,130.0,74.0,2.0,0.0,0.0,0.0,47,45.0,0.0,125.0,34.0,190.0,155.0,10.0,0.0,30.0,2.0,0.0,2.1959999999999997,6.9,0.0,0.0,0.0,32.763000000000005,0.0,0.0,0.0,0.0,0.0,0.0,2.0,0.0,0.0
15660,0.0,0.0,0.0,0.0,0.0,0.0,0.0,122.0,76.0,8.0,89.81128926,170.18,0.0,47,45.0,1.5588240761,139.0,37.0,192.0,79.0,14.0,0.0,50.0,8.0,0.0,0.307,0.0,0.0,0.0,0.0,0.0,0.0,0.0,31.010865843,0.0,0.37538253909999997,0.0,2.0,0.0,0.0
15660,0.0,0.0,0.0,0.0,0.0,0.0,0.0,109.0,69.0,0.0,84.82177319,172.7,0.0,48,46.0,0.0,0.0,0.0,0.0,0.0,16.0,0.0,0.0,0.0,0.0,0.11199999999999999,6.9,0.0,0.0,0.0,53.71,0.0,0.0,28.439546838000002,0.0,0.0056859269,0.0,2.0,0.0,0.0
15660,0.0,0.0,0.0,0.0,0.0,0.0,0.0,110.0,78.0,3.0,0.0,0.0,0.0,49,47.0,0.0,0.0,0.0,0.0,0.0,11.0,0.0,0.0,3.0,0.0,0.687,6.7,0.0,0.0,0.0,63.004,0.0,0.0,0.0,0.0,0.0,0.0,2.0,0.0,0.0
15660,0.0,0.0,0.0,0.0,0.0,0.0,0.0,133.0,81.0,3.0,0.0,0.0,0.0,50,48.0,0.0,0.0,0.0,0.0,0.0,14.0,0.0,50.0,3.0,0.0,3.5269999999999997,6.8,0.0,0.0,0.0,77.145,0.0,0.0,0.0,0.0,0.0,0.0,2.0,0.0,0.0
