PtID,Pt_CGMUseNumDays,Pt_FatherT1D,Pt_MotherT1D,Pt_SiblingT1D,Pt_ChildT1D,Pt_GrandchildT1D,Pt_GrandparentT1D,BldPrSys,BldPrDia,SMBGperDayPtMeterCombo,WeightKg,HeightCm,DirectLDL,age,diabDur,TotalDailyInsPerKg,LDL,HDL,TotChol,Triglyc,BUN,AlbCreatRat_mggNew,UnitsInsBasalOrLongAct,BGTestAvgNumMeter,BGTestAvgNumPtRep,TSH,HbA1c,AutonomicNeuroCl,Pt_InsGov,NumPumpBolusOrShortAct,HbA1cImputeDtMnC,Pt_SHFlg,Pt_DKAFlg,bmi,bmiPerc,bmiZscore,GFR,diagAgeCombo,Pt_A1cGoalLev,Pt_A1cGoalLevelDsYr5
15671,0.0,0.0,0.0,0.0,0.0,0.0,0.0,124.0,77.0,3.0,0.0,0.0,0.0,31,19.0,0.0,145.0,42.0,0.0,43.0,16.0,85.0,0.0,0.0,3.0,0.0,7.7,0.0,1.0,0.0,-0.8959999999999999,0.0,0.0,0.0,0.0,0.0,0.0,11.0,0.0,0.0
15671,0.0,0.0,0.0,0.0,0.0,0.0,0.0,138.0,74.0,3.0,123.8,160.0,0.0,32,21.0,1.0016155089,168.0,46.0,0.0,86.0,10.0,5.0,0.0,3.0,3.0,0.0,8.2,0.0,1.0,0.0,18.49,0.0,0.0,48.359375,0.0,2.3466629221,0.0,11.0,0.0,0.0
15671,0.0,0.0,0.0,0.0,0.0,0.0,0.0,122.0,82.0,3.0,121.4,160.0,0.0,34,22.0,0.9802306425,0.0,0.0,0.0,0.0,0.0,6.9,74.0,3.0,0.0,0.0,8.3,0.0,0.0,2.0,34.523,0.0,0.0,47.421875,0.0,2.2391329272,0.0,11.0,0.0,0.0
15671,0.0,0.0,0.0,0.0,0.0,0.0,0.0,126.0,66.0,4.0,0.0,0.0,0.0,35,23.0,0.0,165.0,0.0,0.0,0.0,13.0,6.9,58.0,4.0,0.0,1.77,7.3,0.0,0.0,3.0,47.934,0.0,0.0,0.0,0.0,0.0,0.0,11.0,0.0,0.0
15671,0.0,0.0,0.0,0.0,0.0,0.0,0.0,131.0,77.0,3.0,119.4,160.0,0.0,36,24.0,0.8961474037,146.0,0.0,0.0,0.0,17.0,11.9,60.0,3.0,0.0,2.4,7.8,0.0,0.0,2.0,60.548,0.0,0.0,46.640625,0.0,2.1495245981,0.0,11.0,0.0,0.0
15671,11.0,0.0,0.0,0.0,0.0,0.0,0.0,106.0,62.0,3.0,120.7,160.0,0.0,37,25.0,1.0770505385,152.0,52.0,0.0,158.0,16.0,0.0,67.0,3.0,6.0,1.53,8.1,0.0,1.0,3.0,77.477,0.0,0.0,47.1484375,0.0,2.2077700119999997,0.0,11.0,0.0,0.0
