PtID,Pt_CGMUseNumDays,Pt_FatherT1D,Pt_MotherT1D,Pt_SiblingT1D,Pt_ChildT1D,Pt_GrandchildT1D,Pt_GrandparentT1D,BldPrSys,BldPrDia,SMBGperDayPtMeterCombo,WeightKg,HeightCm,DirectLDL,age,diabDur,TotalDailyInsPerKg,LDL,HDL,TotChol,Triglyc,BUN,AlbCreatRat_mggNew,UnitsInsBasalOrLongAct,BGTestAvgNumMeter,BGTestAvgNumPtRep,TSH,HbA1c,AutonomicNeuroCl,Pt_InsGov,NumPumpBolusOrShortAct,HbA1cImputeDtMnC,Pt_SHFlg,Pt_DKAFlg,bmi,bmiPerc,bmiZscore,GFR,diagAgeCombo,Pt_A1cGoalLev,Pt_A1cGoalLevelDsYr5
15680,0.0,0.0,0.0,0.0,0.0,0.0,0.0,108.0,64.0,4.0,45.2,151.7,0.0,9,0.0,0.7300884956,0.0,0.0,0.0,0.0,0.0,0.0,0.0,0.0,4.0,0.0,10.6,0.0,0.0,0.0,0.299,0.0,0.0,19.64116632,0.8821888008,1.1859997498000001,0.0,9.0,0.0,0.0
15680,0.0,0.0,0.0,0.0,0.0,0.0,0.0,117.0,58.0,12.0,48.8,155.3,0.0,10,0.0,0.8196721311,0.0,0.0,0.0,0.0,0.0,0.0,0.0,0.0,12.0,0.0,7.6,0.0,0.0,0.0,7.369,0.0,0.0,20.233774731,0.8659467487000001,1.1074336071,0.0,9.0,6.0,0.0
15680,0.0,0.0,0.0,0.0,0.0,0.0,0.0,101.0,74.0,0.0,59.7,163.6,0.0,11,1.0,0.0,0.0,0.0,0.0,0.0,0.0,10.0,26.0,0.0,0.0,0.0,7.7,0.0,0.0,0.0,20.515,0.0,0.0,22.305282728,0.9106476395,1.3447539034,0.0,9.0,0.0,0.0
15680,0.0,0.0,0.0,0.0,0.0,0.0,0.0,129.0,74.0,0.0,67.8,165.9,0.0,12,2.0,0.0,0.0,0.0,0.0,0.0,0.0,10.0,28.0,0.0,0.0,0.8859999999999999,7.4,0.0,0.0,0.0,31.601999999999997,0.0,0.0,24.634112578000003,0.9408762759999999,1.5621721144,0.0,9.0,0.0,0.0
15680,0.0,0.0,0.0,0.0,0.0,0.0,0.0,121.0,61.0,0.0,74.8,167.8,0.0,13,3.0,0.0,0.0,0.0,0.0,0.0,0.0,4.0,0.0,0.0,0.0,0.0,7.1,0.0,0.0,0.0,42.722,0.0,0.0,26.56548107,0.9539466356999999,1.6843878955,0.0,9.0,0.0,0.0
15680,0.0,0.0,0.0,0.0,0.0,0.0,0.0,116.0,54.0,0.0,80.3,169.5,0.0,14,4.0,0.0,90.0,56.0,164.0,91.0,0.0,4.0,34.0,0.0,0.0,1.962,7.6,0.0,0.0,0.0,54.838,0.0,0.0,27.949634966999998,0.958341303,1.7317538735,0.0,9.0,0.0,0.0
15680,0.0,0.0,0.0,0.0,0.0,0.0,0.0,114.0,56.0,4.0,79.2,168.9,0.0,15,5.0,0.0,0.0,0.0,0.0,0.0,0.0,4.0,0.0,4.0,5.0,0.0,7.7,0.0,0.0,0.0,65.295,0.0,0.0,27.762967356,0.9458462401000001,1.6058470511,0.0,9.0,0.0,0.0
