PtID,Pt_CGMUseNumDays,Pt_FatherT1D,Pt_MotherT1D,Pt_SiblingT1D,Pt_ChildT1D,Pt_GrandchildT1D,Pt_GrandparentT1D,BldPrSys,BldPrDia,SMBGperDayPtMeterCombo,WeightKg,HeightCm,DirectLDL,age,diabDur,TotalDailyInsPerKg,LDL,HDL,TotChol,Triglyc,BUN,AlbCreatRat_mggNew,UnitsInsBasalOrLongAct,BGTestAvgNumMeter,BGTestAvgNumPtRep,TSH,HbA1c,AutonomicNeuroCl,Pt_InsGov,NumPumpBolusOrShortAct,HbA1cImputeDtMnC,Pt_SHFlg,Pt_DKAFlg,bmi,bmiPerc,bmiZscore,GFR,diagAgeCombo,Pt_A1cGoalLev,Pt_A1cGoalLevelDsYr5
15746,0.0,0.0,0.0,0.0,0.0,0.0,0.0,120.0,80.0,8.0,75.74992579,175.26,0.0,50,44.0,0.6204626541,74.0,56.0,0.0,52.0,0.0,9.9,0.0,0.0,8.0,0.0,7.9,0.0,0.0,0.0,0.0,0.0,0.0,24.661335811999997,0.0,-0.534543222,0.0,6.0,0.0,0.0
15746,0.0,0.0,0.0,0.0,0.0,0.0,0.0,104.0,62.0,7.0,0.0,0.0,0.0,52,46.0,0.0,80.0,52.0,0.0,58.0,0.0,0.0,0.0,0.0,7.0,0.0,7.6,0.0,0.0,0.0,13.61,0.0,0.0,0.0,0.0,0.0,0.0,6.0,6.8,0.0
15746,0.0,0.0,0.0,0.0,0.0,0.0,0.0,122.0,70.0,4.0,0.0,0.0,0.0,53,47.0,0.0,87.0,64.0,0.0,47.0,0.0,0.0,12.0,0.0,4.0,1.64,8.2,0.0,0.0,0.0,27.12,0.0,0.0,0.0,0.0,0.0,0.0,6.0,0.0,0.0
15746,0.0,0.0,0.0,0.0,0.0,0.0,0.0,132.0,78.0,4.0,0.0,0.0,0.0,54,48.0,0.0,0.0,0.0,0.0,0.0,0.0,0.0,14.0,4.0,4.0,1.64,7.8,0.0,0.0,4.0,38.008,0.0,0.0,0.0,0.0,0.0,0.0,6.0,0.0,0.0
15746,0.0,0.0,0.0,0.0,0.0,0.0,0.0,126.0,62.0,4.0,81.64662659999999,177.8,1.0,55,49.0,0.0,75.0,0.0,0.0,0.0,0.0,9.9,17.0,4.0,4.0,0.0,8.7,0.0,0.0,4.0,52.415,0.0,0.0,25.827045783000003,0.0,-0.380253998,0.0,6.0,0.0,0.0
15746,0.0,0.0,0.0,0.0,0.0,0.0,0.0,124.0,68.0,5.0,83.00740371,176.02200000000002,1.0,56,50.0,0.0,95.0,0.0,0.0,0.0,0.0,9.9,15.0,5.0,5.0,3.05,0.0,0.0,0.0,5.0,0.0,0.0,0.0,26.790630084,0.0,-0.25271740800000003,0.0,6.0,0.0,0.0
