PtID,Pt_CGMUseNumDays,Pt_FatherT1D,Pt_MotherT1D,Pt_SiblingT1D,Pt_ChildT1D,Pt_GrandchildT1D,Pt_GrandparentT1D,BldPrSys,BldPrDia,SMBGperDayPtMeterCombo,WeightKg,HeightCm,DirectLDL,age,diabDur,TotalDailyInsPerKg,LDL,HDL,TotChol,Triglyc,BUN,AlbCreatRat_mggNew,UnitsInsBasalOrLongAct,BGTestAvgNumMeter,BGTestAvgNumPtRep,TSH,HbA1c,AutonomicNeuroCl,Pt_InsGov,NumPumpBolusOrShortAct,HbA1cImputeDtMnC,Pt_SHFlg,Pt_DKAFlg,bmi,bmiPerc,bmiZscore,GFR,diagAgeCombo,Pt_A1cGoalLev,Pt_A1cGoalLevelDsYr5
15751,0.0,0.0,0.0,0.0,0.0,0.0,0.0,110.0,70.0,10.0,98.42954429,187.96,0.0,21,8.0,0.5587753189,84.0,50.0,0.0,91.0,24.0,3.0,0.0,0.0,10.0,0.0,6.7,0.0,0.0,0.0,0.0,0.0,0.0,27.860865373000003,0.0,0.2486996191,0.0,13.0,0.0,0.0
15751,0.0,0.0,0.0,0.0,0.0,0.0,0.0,110.0,70.0,5.0,93.44002822,187.96,0.0,24,11.0,0.5458046297,75.0,63.0,0.0,73.0,22.0,1.6,28.0,5.0,0.0,2.43,7.2,0.0,0.0,6.0,37.411,0.0,0.0,26.448563441999998,0.0,-0.029870131,116.0,13.0,0.0,0.0
15751,0.0,0.0,0.0,0.0,0.0,0.0,0.0,132.0,68.0,8.0,95.25439770000001,190.5,0.0,25,12.0,0.0,78.0,61.0,0.0,115.0,28.0,4.0,0.0,8.0,0.0,1.85,7.6,0.0,0.0,8.0,49.925,0.0,0.0,26.247930973000003,0.0,-0.069443919,0.0,13.0,0.0,0.0
15751,0.0,0.0,0.0,0.0,0.0,0.0,0.0,120.0,68.0,1.0,97.06876718,187.96,0.0,27,14.0,0.5150987434000001,80.0,60.0,159.0,96.0,22.0,6.1,33.0,1.0,0.0,1.29,7.8,0.0,0.0,0.0,68.979,0.0,0.0,27.475692119,0.0,0.17272605079999998,100.0,13.0,0.0,0.0
15751,30.0,0.0,0.0,0.0,0.0,0.0,0.0,100.0,60.0,2.0,95.70799007,189.23,0.0,28,15.0,0.6269069067,0.0,0.0,0.0,0.0,0.0,6.1,0.0,2.0,3.0,0.0,7.0,0.0,0.0,0.0,75.021,0.0,0.0,26.728107978,0.0,0.025268681299999998,0.0,13.0,0.0,0.0
15751,0.0,0.0,0.0,0.0,0.0,0.0,0.0,110.0,70.0,7.0,97.52235955,189.23,0.0,28,15.0,0.0,91.0,70.0,171.0,49.0,20.0,0.0,27.0,7.0,0.0,2.52,7.6,0.0,0.0,0.0,86.20700000000001,0.0,0.0,27.234801968000003,0.0,0.1252116293,110.0,13.0,0.0,0.0
