PtID,Pt_CGMUseNumDays,Pt_FatherT1D,Pt_MotherT1D,Pt_SiblingT1D,Pt_ChildT1D,Pt_GrandchildT1D,Pt_GrandparentT1D,BldPrSys,BldPrDia,SMBGperDayPtMeterCombo,WeightKg,HeightCm,DirectLDL,age,diabDur,TotalDailyInsPerKg,LDL,HDL,TotChol,Triglyc,BUN,AlbCreatRat_mggNew,UnitsInsBasalOrLongAct,BGTestAvgNumMeter,BGTestAvgNumPtRep,TSH,HbA1c,AutonomicNeuroCl,Pt_InsGov,NumPumpBolusOrShortAct,HbA1cImputeDtMnC,Pt_SHFlg,Pt_DKAFlg,bmi,bmiPerc,bmiZscore,GFR,diagAgeCombo,Pt_A1cGoalLev,Pt_A1cGoalLevelDsYr5
15792,0.0,0.0,0.0,0.0,0.0,0.0,0.0,123.0,69.0,6.0,30.0,134.0,1.0,11,2.0,1.3666666666999998,100.0,73.0,0.0,45.0,0.0,0.0,0.0,0.0,6.0,0.0,8.4,0.0,1.0,0.0,0.1,0.0,0.0,16.70750724,0.3768988388,-0.313635785,0.0,8.0,0.0,0.0
15792,0.0,0.0,0.0,0.0,0.0,0.0,0.0,129.0,81.0,4.0,39.8,143.4,0.0,12,4.0,1.2814070352,0.0,0.0,0.0,0.0,0.0,10.0,0.0,4.0,4.0,0.0,8.1,0.0,1.0,0.0,19.285999999999998,0.0,0.0,19.354625366,0.6670083215,0.43166713479999996,0.0,8.0,7.0,0.0
15792,0.0,0.0,0.0,0.0,0.0,0.0,0.0,115.0,65.0,0.0,46.3,148.9,1.0,13,5.0,0.0,88.0,74.0,177.0,75.0,0.0,5.0,27.0,0.0,0.0,2.112,9.0,0.0,0.0,0.0,31.401999999999997,0.0,0.0,20.882937828,0.7441814626000001,0.6562907393999999,0.0,8.0,0.0,0.0
15792,0.0,0.0,0.0,0.0,0.0,0.0,0.0,112.0,74.0,4.0,57.1,152.4,0.0,15,7.0,0.0,0.0,0.0,0.0,0.0,15.0,5.0,34.0,4.0,0.0,1.999,9.3,0.0,0.0,0.0,51.585,0.0,0.0,24.584771391999997,0.8728279084,1.1398610768000002,0.0,8.0,0.0,0.0
15792,0.0,0.0,0.0,0.0,0.0,0.0,0.0,108.0,68.0,0.0,57.3,152.4,0.0,16,8.0,0.0,0.0,0.0,0.0,0.0,14.0,5.0,30.0,0.0,0.0,1.5919999999999999,10.1,0.0,0.0,0.0,62.008,0.0,0.0,24.670882675,0.8513347309,1.0421750289,0.0,8.0,0.0,0.0
