PtID,Pt_CGMUseNumDays,Pt_FatherT1D,Pt_MotherT1D,Pt_SiblingT1D,Pt_ChildT1D,Pt_GrandchildT1D,Pt_GrandparentT1D,BldPrSys,BldPrDia,SMBGperDayPtMeterCombo,WeightKg,HeightCm,DirectLDL,age,diabDur,TotalDailyInsPerKg,LDL,HDL,TotChol,Triglyc,BUN,AlbCreatRat_mggNew,UnitsInsBasalOrLongAct,BGTestAvgNumMeter,BGTestAvgNumPtRep,TSH,HbA1c,AutonomicNeuroCl,Pt_InsGov,NumPumpBolusOrShortAct,HbA1cImputeDtMnC,Pt_SHFlg,Pt_DKAFlg,bmi,bmiPerc,bmiZscore,GFR,diagAgeCombo,Pt_A1cGoalLev,Pt_A1cGoalLevelDsYr5
15820,0.0,0.0,0.0,0.0,0.0,0.0,0.0,108.0,50.0,12.0,25.3,124.8,0.0,8,4.0,0.7509881423,0.0,0.0,157.0,0.0,17.0,0.0,0.0,12.0,15.0,0.0,7.8,0.0,1.0,5.0,0.0,0.0,0.0,16.24393902,0.5887765519,0.224398939,0.0,4.0,0.0,0.0
15820,0.0,0.0,0.0,0.0,0.0,0.0,0.0,103.0,77.0,12.0,27.1,129.0,0.0,9,5.0,0.7380073801,0.0,0.0,0.0,0.0,0.0,13.5,0.0,12.0,12.0,0.0,7.4,0.0,0.0,5.0,9.826,0.0,0.0,16.285079022,0.5001173191,0.0002940754,0.0,4.0,0.0,0.0
15820,0.0,0.0,0.0,0.0,0.0,0.0,0.0,112.0,66.0,11.0,31.1,133.7,0.0,10,6.0,0.8038585209,0.0,0.0,0.0,0.0,0.0,10.1,10.0,11.0,0.0,1.65,6.7,0.0,0.0,6.0,20.68,0.0,0.0,17.397929814,0.5913213046,0.23094518,0.0,4.0,0.0,0.0
15820,0.0,0.0,0.0,0.0,0.0,0.0,0.0,120.0,71.0,8.0,33.9,138.4,0.0,11,6.0,0.5014749263,0.0,53.0,152.0,0.0,0.0,15.8,10.0,8.0,0.0,3.82,8.2,0.0,0.0,6.0,31.436,0.0,0.0,17.698135588,0.5396534031,0.0995605764,0.0,4.0,0.0,0.0
15820,0.0,0.0,0.0,0.0,0.0,0.0,0.0,108.0,76.0,10.0,38.1,145.1,0.0,12,8.0,0.9711286089,0.0,0.0,0.0,0.0,0.0,15.8,12.0,10.0,0.0,3.01,7.7,0.0,0.0,10.0,44.946000000000005,0.0,0.0,18.096315144000002,0.5031781507,0.0079665267,0.0,4.0,0.0,0.0
15820,0.0,0.0,0.0,0.0,0.0,0.0,0.0,117.0,78.0,5.0,52.2,156.3,0.0,14,9.0,0.9961685824,0.0,0.0,0.0,0.0,0.0,29.9,0.0,5.0,0.0,3.75,8.4,0.0,0.0,6.0,65.759,0.0,0.0,21.367442649,0.7263282033,0.6017454468,0.0,4.0,0.0,0.0
