PtID,Pt_CGMUseNumDays,Pt_FatherT1D,Pt_MotherT1D,Pt_SiblingT1D,Pt_ChildT1D,Pt_GrandchildT1D,Pt_GrandparentT1D,BldPrSys,BldPrDia,SMBGperDayPtMeterCombo,WeightKg,HeightCm,DirectLDL,age,diabDur,TotalDailyInsPerKg,LDL,HDL,TotChol,Triglyc,BUN,AlbCreatRat_mggNew,UnitsInsBasalOrLongAct,BGTestAvgNumMeter,BGTestAvgNumPtRep,TSH,HbA1c,AutonomicNeuroCl,Pt_InsGov,NumPumpBolusOrShortAct,HbA1cImputeDtMnC,Pt_SHFlg,Pt_DKAFlg,bmi,bmiPerc,bmiZscore,GFR,diagAgeCombo,Pt_A1cGoalLev,Pt_A1cGoalLevelDsYr5
15864,0.0,0.0,0.0,0.0,0.0,0.0,0.0,120.0,63.0,6.0,73.5,164.0,0.0,17,2.0,0.5170068027,71.0,58.0,139.0,52.0,0.0,0.0,0.0,0.0,6.0,0.0,5.9,0.0,0.0,0.0,0.0,0.0,0.0,27.327483641,0.9147974016,1.3709029976,0.0,14.0,0.0,0.0
15864,0.0,0.0,0.0,0.0,0.0,0.0,0.0,125.0,67.0,6.0,71.8,164.1,0.0,18,3.0,0.5849582173,0.0,0.0,0.0,0.0,0.0,0.0,0.0,0.0,6.0,0.0,6.1,0.0,0.0,0.0,11.618,0.0,0.0,26.662893756,0.8845908956,1.1982538453,0.0,14.0,6.0,0.0
15864,0.0,0.0,0.0,0.0,0.0,0.0,0.0,120.0,60.0,6.0,70.0,163.6,0.0,19,4.0,0.0,53.0,54.0,119.0,58.0,0.0,11.6,24.0,0.0,6.0,0.0,6.1,0.0,0.0,0.0,32.066,0.0,0.0,26.153597838000003,0.8526763659000001,1.0479812013,0.0,14.0,0.0,0.0
15864,0.0,0.0,0.0,0.0,0.0,0.0,0.0,120.0,60.0,4.0,73.2,163.6,0.0,20,5.0,0.0,46.0,56.0,113.0,56.0,0.0,11.6,22.0,0.0,4.0,0.7,6.0,0.0,0.0,3.0,45.07899999999999,0.0,0.0,27.349190882,0.8783895876000001,0.074051941,0.0,14.0,0.0,0.0
15864,0.0,0.0,0.0,0.0,0.0,0.0,0.0,124.0,66.0,6.0,0.0,0.0,0.0,21,7.0,0.0,0.0,0.0,0.0,0.0,0.0,11.6,2.0,0.0,6.0,0.98,6.1,0.0,0.0,2.0,57.593,0.0,0.0,0.0,0.0,0.0,0.0,14.0,0.0,0.0
