PtID,Pt_CGMUseNumDays,Pt_FatherT1D,Pt_MotherT1D,Pt_SiblingT1D,Pt_ChildT1D,Pt_GrandchildT1D,Pt_GrandparentT1D,BldPrSys,BldPrDia,SMBGperDayPtMeterCombo,WeightKg,HeightCm,DirectLDL,age,diabDur,TotalDailyInsPerKg,LDL,HDL,TotChol,Triglyc,BUN,AlbCreatRat_mggNew,UnitsInsBasalOrLongAct,BGTestAvgNumMeter,BGTestAvgNumPtRep,TSH,HbA1c,AutonomicNeuroCl,Pt_InsGov,NumPumpBolusOrShortAct,HbA1cImputeDtMnC,Pt_SHFlg,Pt_DKAFlg,bmi,bmiPerc,bmiZscore,GFR,diagAgeCombo,Pt_A1cGoalLev,Pt_A1cGoalLevelDsYr5
15888,0.0,0.0,0.0,0.0,0.0,0.0,0.0,116.0,69.0,8.0,49.6,154.6,0.0,14,0.0,0.0,77.0,35.0,126.0,72.0,4.0,0.0,0.0,8.0,8.0,0.0,6.7,0.0,0.0,0.0,0.0,0.0,0.0,20.752130859,0.7091184256,0.5508111371,0.0,13.0,0.0,0.0
15888,0.0,0.0,0.0,0.0,0.0,0.0,0.0,123.0,71.0,5.0,61.0,163.4,0.0,15,1.0,0.49180327869999996,0.0,0.0,0.0,0.0,0.0,0.0,0.0,5.0,3.0,0.0,7.5,0.0,0.0,4.0,12.481,0.0,0.0,22.846818449,0.8171970349,0.9047347434999999,0.0,13.0,6.1,0.0
15888,0.0,0.0,0.0,0.0,0.0,0.0,0.0,118.0,75.0,2.0,54.3,167.3,0.0,16,2.0,0.1657458564,0.0,0.0,0.0,0.0,0.0,43.0,6.0,2.0,0.0,0.96,10.0,0.0,0.0,0.0,21.809,0.0,0.0,19.400277749,0.3276486919,-0.44641516,0.0,13.0,0.0,0.0
15888,0.0,0.0,0.0,0.0,0.0,0.0,0.0,0.0,0.0,0.0,53.52389966,170.18,0.0,17,3.0,0.0,0.0,0.0,0.0,0.0,7.0,26.0,46.0,0.0,0.0,0.0,9.4,0.0,0.0,0.0,34.755,0.0,0.0,18.481223078,0.1171777599,-1.189213865,0.0,13.0,0.0,0.0
