PtID,Pt_CGMUseNumDays,Pt_FatherT1D,Pt_MotherT1D,Pt_SiblingT1D,Pt_ChildT1D,Pt_GrandchildT1D,Pt_GrandparentT1D,BldPrSys,BldPrDia,SMBGperDayPtMeterCombo,WeightKg,HeightCm,DirectLDL,age,diabDur,TotalDailyInsPerKg,LDL,HDL,TotChol,Triglyc,BUN,AlbCreatRat_mggNew,UnitsInsBasalOrLongAct,BGTestAvgNumMeter,BGTestAvgNumPtRep,TSH,HbA1c,AutonomicNeuroCl,Pt_InsGov,NumPumpBolusOrShortAct,HbA1cImputeDtMnC,Pt_SHFlg,Pt_DKAFlg,bmi,bmiPerc,bmiZscore,GFR,diagAgeCombo,Pt_A1cGoalLev,Pt_A1cGoalLevelDsYr5
15880,0.0,0.0,0.0,0.0,0.0,0.0,1.0,98.0,64.0,4.0,61.3,166.9,0.0,15,3.0,1.2561174551,106.0,67.0,190.0,85.0,0.0,0.0,0.0,4.0,4.0,0.0,7.9,0.0,0.0,0.0,0.39799999999999996,0.0,0.0,22.006339118000003,0.7265270486,0.6023429109,0.0,12.0,0.0,0.0
15880,0.0,0.0,0.0,0.0,0.0,0.0,1.0,108.0,71.0,4.0,59.4,168.2,0.0,17,5.0,0.4377104377,106.0,72.0,193.0,73.0,13.0,7.2,0.0,4.0,5.0,0.0,7.8,0.0,0.0,0.0,23.004,0.0,0.0,20.995898377,0.5137762988,0.034538925899999996,0.0,12.0,6.5,0.0
15880,0.0,0.0,0.0,0.0,0.0,0.0,0.0,128.0,70.0,4.0,62.8,167.8,0.0,18,6.0,0.0,108.0,70.0,191.0,65.0,8.0,6.4,16.0,4.0,0.0,0.68,7.7,0.0,0.0,0.0,34.988,0.0,0.0,22.303639186999998,0.6208302942,0.30766216550000003,0.0,12.0,0.0,0.0
15880,0.0,0.0,0.0,0.0,0.0,0.0,0.0,118.0,77.0,3.0,62.2,168.5,0.0,19,7.0,1.1254019293000002,113.0,56.0,184.0,73.0,10.0,6.4,16.0,0.0,3.0,1.08,8.5,0.0,0.0,0.0,47.071000000000005,0.0,0.0,21.907386699,0.5442649009,0.11118430369999999,0.0,12.0,0.0,0.0
