PtID,Pt_CGMUseNumDays,Pt_FatherT1D,Pt_MotherT1D,Pt_SiblingT1D,Pt_ChildT1D,Pt_GrandchildT1D,Pt_GrandparentT1D,BldPrSys,BldPrDia,SMBGperDayPtMeterCombo,WeightKg,HeightCm,DirectLDL,age,diabDur,TotalDailyInsPerKg,LDL,HDL,TotChol,Triglyc,BUN,AlbCreatRat_mggNew,UnitsInsBasalOrLongAct,BGTestAvgNumMeter,BGTestAvgNumPtRep,TSH,HbA1c,AutonomicNeuroCl,Pt_InsGov,NumPumpBolusOrShortAct,HbA1cImputeDtMnC,Pt_SHFlg,Pt_DKAFlg,bmi,bmiPerc,bmiZscore,GFR,diagAgeCombo,Pt_A1cGoalLev,Pt_A1cGoalLevelDsYr5
158,0.0,0.0,0.0,0.0,0.0,0.0,1.0,125.0,70.0,7.0,31.0,130.7,0.0,7,2.0,0.8064516129000001,80.0,64.0,0.0,55.0,16.0,0.0,0.0,7.0,9.0,0.0,11.0,0.0,1.0,9.0,-0.033,0.0,0.0,18.147237317000002,0.9092039595999999,1.3358690435,0.0,4.0,0.0,0.0
158,0.0,1.0,0.0,0.0,0.0,0.0,1.0,106.0,82.0,8.0,33.0,136.0,0.0,8,3.0,1.0606060606,58.0,64.0,0.0,129.0,24.0,0.0,0.0,8.0,9.0,0.0,12.8,0.0,1.0,4.0,14.075,0.0,0.0,17.841695502,0.8422975309,1.0039453869,0.0,4.0,8.0,0.0
158,0.0,0.0,0.0,0.0,0.0,0.0,0.0,121.0,73.0,5.0,45.2,145.3,0.0,9,5.0,1.017699115,42.0,80.0,0.0,197.0,14.0,0.0,21.0,5.0,12.0,2.31,12.1,0.0,0.0,0.0,31.635,0.0,0.0,21.40953359,0.9566553151,1.7131259558,0.0,4.0,0.0,0.0
158,0.0,0.0,0.0,0.0,0.0,0.0,0.0,123.0,59.0,7.0,50.0,153.0,0.0,10,5.0,0.84,0.0,0.0,0.0,0.0,0.0,4.3,21.0,7.0,9.0,0.0,13.6,0.0,0.0,0.0,42.29,0.0,0.0,21.35930625,0.9341870563,1.5077212384999998,0.0,4.0,0.0,0.0
158,0.0,0.0,0.0,0.0,0.0,0.0,0.0,116.0,64.0,7.0,56.6,163.5,0.0,11,6.0,0.9717314488,0.0,0.0,0.0,0.0,12.0,4.3,21.0,7.0,8.0,1.73,13.1,0.0,0.0,6.0,54.108000000000004,0.0,0.0,21.172927831,0.8989946165,1.2758437263,0.0,4.0,0.0,0.0
158,7.0,0.0,0.0,0.0,0.0,0.0,0.0,120.0,72.0,9.0,68.8,170.5,0.0,12,7.0,0.9011627906999999,91.0,58.0,164.0,73.0,11.0,9.9,26.0,9.0,11.0,1.41,11.2,0.0,0.0,5.0,64.365,0.0,0.0,23.666807131,0.9411522845,1.5645202936000002,0.0,4.0,0.0,0.0
158,0.0,0.0,0.0,0.0,0.0,0.0,0.0,140.0,60.0,3.0,78.0,173.9,0.0,13,9.0,0.9371794872,72.0,58.0,168.0,191.0,12.0,9.9,33.1,3.0,4.0,1.26,8.9,0.0,0.0,4.0,82.29,0.0,0.0,25.792618748000002,0.9586208191,1.7349008886000001,0.0,4.0,0.0,0.0
