PtID,Pt_CGMUseNumDays,Pt_FatherT1D,Pt_MotherT1D,Pt_SiblingT1D,Pt_ChildT1D,Pt_GrandchildT1D,Pt_GrandparentT1D,BldPrSys,BldPrDia,SMBGperDayPtMeterCombo,WeightKg,HeightCm,DirectLDL,age,diabDur,TotalDailyInsPerKg,LDL,HDL,TotChol,Triglyc,BUN,AlbCreatRat_mggNew,UnitsInsBasalOrLongAct,BGTestAvgNumMeter,BGTestAvgNumPtRep,TSH,HbA1c,AutonomicNeuroCl,Pt_InsGov,NumPumpBolusOrShortAct,HbA1cImputeDtMnC,Pt_SHFlg,Pt_DKAFlg,bmi,bmiPerc,bmiZscore,GFR,diagAgeCombo,Pt_A1cGoalLev,Pt_A1cGoalLevelDsYr5
15912,0.0,0.0,0.0,0.0,0.0,0.0,0.0,113.0,53.0,6.0,29.5,129.7,0.0,8,5.0,0.9152542373,119.0,69.0,0.0,47.0,17.0,29.7,0.0,6.0,8.0,0.0,7.7,0.0,0.0,6.0,0.0,1.0,0.0,17.536465445,0.7816702412000001,0.7778464890000001,0.0,2.0,0.0,0.0
15912,0.0,0.0,0.0,0.0,0.0,0.0,0.0,121.0,55.0,6.0,35.0,141.1,0.0,10,7.0,1.0285714286,95.0,78.0,0.0,47.0,0.0,5.8,11.0,6.0,0.0,2.05,9.2,0.0,0.0,11.0,24.199,0.0,0.0,17.579803518,0.6182858097999999,0.3009817902,0.0,2.0,0.0,0.0
15912,0.0,0.0,0.0,0.0,0.0,0.0,0.0,120.0,57.0,3.0,37.8,147.9,0.0,11,8.0,1.0582010581999999,0.0,0.0,0.0,0.0,0.0,5.8,13.0,3.0,0.0,0.0,11.8,0.0,0.0,6.0,36.481,0.0,0.0,17.280466079,0.47374421619999996,-0.06586107299999999,0.0,2.0,0.0,0.0
15912,0.0,0.0,0.0,0.0,0.0,0.0,0.0,137.0,68.0,0.0,45.9,154.3,0.0,12,9.0,0.0,0.0,0.0,0.0,0.0,0.0,17.3,0.0,0.0,0.0,0.0,11.0,0.0,0.0,0.0,48.232,0.0,0.0,19.278837087,0.6585302621,0.4084552529,0.0,2.0,0.0,0.0
15912,0.0,0.0,0.0,0.0,0.0,0.0,0.0,140.0,70.0,5.0,51.0,157.9,0.0,12,10.0,1.1960784314,104.0,67.0,0.0,81.0,0.0,17.3,27.0,5.0,0.0,2.43,9.4,0.0,0.0,6.0,58.456,0.0,0.0,20.455302957,0.7704817766,0.7404344088,0.0,2.0,0.0,0.0
15912,0.0,0.0,0.0,0.0,0.0,0.0,0.0,139.0,56.0,3.0,58.3,159.4,0.0,13,11.0,0.0,109.0,57.0,0.0,72.0,8.0,17.3,0.0,3.0,0.0,1.57,10.2,0.0,0.0,0.0,70.905,0.0,0.0,22.945203862,0.8679840217,1.1169119924,0.0,2.0,0.0,0.0
