PtID,Pt_CGMUseNumDays,Pt_FatherT1D,Pt_MotherT1D,Pt_SiblingT1D,Pt_ChildT1D,Pt_GrandchildT1D,Pt_GrandparentT1D,BldPrSys,BldPrDia,SMBGperDayPtMeterCombo,WeightKg,HeightCm,DirectLDL,age,diabDur,TotalDailyInsPerKg,LDL,HDL,TotChol,Triglyc,BUN,AlbCreatRat_mggNew,UnitsInsBasalOrLongAct,BGTestAvgNumMeter,BGTestAvgNumPtRep,TSH,HbA1c,AutonomicNeuroCl,Pt_InsGov,NumPumpBolusOrShortAct,HbA1cImputeDtMnC,Pt_SHFlg,Pt_DKAFlg,bmi,bmiPerc,bmiZscore,GFR,diagAgeCombo,Pt_A1cGoalLev,Pt_A1cGoalLevelDsYr5
15921,0.0,0.0,0.0,0.0,0.0,0.0,0.0,119.0,54.0,5.0,32.2,133.6,0.0,9,0.0,1.2732919255,0.0,0.0,0.0,0.0,8.0,0.0,0.0,0.0,5.0,0.0,7.2,0.0,1.0,0.0,0.19899999999999998,0.0,0.0,18.040266772,0.7619385253000001,0.7125521189,0.0,9.0,0.0,0.0
15921,0.0,0.0,0.0,0.0,0.0,0.0,0.0,114.0,60.0,5.0,49.0,148.3,0.0,11,2.0,1.8163265306,0.0,0.0,0.0,0.0,0.0,0.0,0.0,0.0,5.0,0.0,8.9,0.0,1.0,0.0,22.373,0.0,0.0,22.27992774,0.9098714718,1.3399639779,0.0,9.0,0.0,0.0
15921,0.0,0.0,0.0,0.0,0.0,0.0,0.0,124.0,69.0,4.0,60.6,151.6,0.0,12,3.0,0.0,0.0,0.0,0.0,0.0,0.0,0.0,30.0,0.0,4.0,2.28,9.2,0.0,0.0,0.0,36.183,0.0,0.0,26.367819773,0.9636684137999999,1.7949405501,0.0,9.0,0.0,0.0
15921,0.0,0.0,0.0,0.0,0.0,0.0,0.0,134.0,71.0,4.0,68.1,153.8,0.0,13,4.0,0.0,0.0,0.0,0.0,0.0,0.0,0.0,34.0,0.0,4.0,0.0,9.8,0.0,0.0,4.0,50.357,0.0,0.0,28.789521121999996,0.9733983187,1.9332666127,0.0,9.0,0.0,0.0
