PtID,Pt_CGMUseNumDays,Pt_FatherT1D,Pt_MotherT1D,Pt_SiblingT1D,Pt_ChildT1D,Pt_GrandchildT1D,Pt_GrandparentT1D,BldPrSys,BldPrDia,SMBGperDayPtMeterCombo,WeightKg,HeightCm,DirectLDL,age,diabDur,TotalDailyInsPerKg,LDL,HDL,TotChol,Triglyc,BUN,AlbCreatRat_mggNew,UnitsInsBasalOrLongAct,BGTestAvgNumMeter,BGTestAvgNumPtRep,TSH,HbA1c,AutonomicNeuroCl,Pt_InsGov,NumPumpBolusOrShortAct,HbA1cImputeDtMnC,Pt_SHFlg,Pt_DKAFlg,bmi,bmiPerc,bmiZscore,GFR,diagAgeCombo,Pt_A1cGoalLev,Pt_A1cGoalLevelDsYr5
15936,0.0,0.0,0.0,0.0,0.0,0.0,0.0,110.0,68.0,4.0,100.2,182.9,0.0,34,6.0,0.0,116.0,47.0,0.0,131.0,0.0,5.0,0.0,4.0,4.0,0.0,6.2,0.0,0.0,0.0,0.0,0.0,0.0,29.952998901999997,0.0,0.3555802871,0.0,28.0,0.0,0.0
15936,0.0,0.0,0.0,0.0,0.0,0.0,0.0,110.0,80.0,2.0,99.1,182.9,0.0,35,7.0,0.6357214934000001,106.0,44.0,0.0,296.0,0.0,2.0,0.0,2.0,3.0,0.0,7.8,0.0,0.0,0.0,11.784,0.0,0.0,29.624173565,0.0,0.3079146287,0.0,28.0,6.0,0.0
15936,0.0,0.0,0.0,0.0,0.0,0.0,0.0,102.0,70.0,2.0,99.2,181.6,0.0,36,8.0,0.0,103.0,48.0,0.0,144.0,0.0,0.0,0.0,0.0,2.0,1.15,7.7,0.0,0.0,0.0,24.83,0.0,0.0,30.080149042,0.0,0.374011638,80.0,28.0,0.0,0.0
15936,0.0,0.0,0.0,0.0,0.0,0.0,0.0,118.0,74.0,4.0,100.7,181.6,0.0,37,9.0,0.0,125.0,52.0,0.0,180.0,0.0,3.0,40.0,0.0,4.0,2.22,8.1,0.0,0.0,0.0,36.846,0.0,0.0,30.534990005999997,0.0,0.43994419100000004,90.1,28.0,0.0,0.0
15936,0.0,0.0,0.0,0.0,0.0,0.0,0.0,108.0,70.0,4.0,99.9,182.9,0.0,38,10.0,0.0,96.0,53.0,0.0,128.0,0.0,3.0,40.0,4.0,0.0,1.49,8.7,0.0,0.0,0.0,46.573,0.0,0.0,29.863319265,0.0,0.3425805621,0.0,28.0,0.0,0.0
15936,0.0,0.0,0.0,0.0,0.0,0.0,0.0,116.0,78.0,4.0,98.4,182.9,0.0,40,12.0,0.7113821137999999,86.0,56.0,173.0,154.0,0.0,0.0,44.0,0.0,4.0,0.0,8.4,0.0,0.0,4.0,70.77199999999999,0.0,0.0,29.414921077,0.0,0.1459223391,81.0,28.0,0.0,0.0
