PtID,Pt_CGMUseNumDays,Pt_FatherT1D,Pt_MotherT1D,Pt_SiblingT1D,Pt_ChildT1D,Pt_GrandchildT1D,Pt_GrandparentT1D,BldPrSys,BldPrDia,SMBGperDayPtMeterCombo,WeightKg,HeightCm,DirectLDL,age,diabDur,TotalDailyInsPerKg,LDL,HDL,TotChol,Triglyc,BUN,AlbCreatRat_mggNew,UnitsInsBasalOrLongAct,BGTestAvgNumMeter,BGTestAvgNumPtRep,TSH,HbA1c,AutonomicNeuroCl,Pt_InsGov,NumPumpBolusOrShortAct,HbA1cImputeDtMnC,Pt_SHFlg,Pt_DKAFlg,bmi,bmiPerc,bmiZscore,GFR,diagAgeCombo,Pt_A1cGoalLev,Pt_A1cGoalLevelDsYr5
15934,0.0,0.0,0.0,0.0,0.0,0.0,0.0,102.0,65.0,10.0,76.0,165.0,0.0,18,15.0,0.7894736842,87.0,66.0,164.0,57.0,0.0,2.0,0.0,0.0,10.0,0.0,6.9,0.0,0.0,10.0,-1.7590000000000001,0.0,0.0,27.915518825,0.9152819178,1.3740177742,0.0,2.0,0.0,0.0
15934,0.0,0.0,0.0,0.0,0.0,0.0,0.0,109.0,65.0,10.0,77.1,165.0,0.0,19,16.0,1.102464332,100.0,64.0,172.0,42.0,11.0,0.0,0.0,10.0,10.0,0.0,6.7,0.0,0.0,0.0,14.307,0.0,0.0,28.319559229,0.9126369495000001,1.3571734617,0.0,2.0,6.5,0.0
15934,0.0,0.0,0.0,0.0,0.0,0.0,0.0,132.0,60.0,9.0,0.0,0.0,0.0,20,17.0,0.0,0.0,0.0,0.0,0.0,0.0,0.0,24.0,9.0,0.0,1.38,7.4,0.0,0.0,0.0,26.39,0.0,0.0,0.0,0.0,0.0,0.0,2.0,0.0,0.0
15934,0.0,0.0,0.0,0.0,0.0,0.0,0.0,111.0,64.0,3.0,77.5,165.3,0.0,21,18.0,0.9935483870999999,106.0,61.0,176.0,47.0,0.0,0.0,21.0,0.0,3.0,1.66,6.9,0.0,0.0,0.0,41.062,0.0,0.0,28.363250158000003,0.0,0.2107859255,0.0,2.0,0.0,0.0
15934,0.0,0.0,0.0,0.0,0.0,0.0,0.0,0.0,0.0,0.0,0.0,0.0,0.0,22,19.0,0.0,73.0,75.0,159.0,56.0,13.0,5.0,0.0,0.0,0.0,1.91,6.7,0.0,0.0,0.0,50.622,0.0,0.0,0.0,0.0,0.0,127.0,2.0,0.0,0.0
