PtID,Pt_CGMUseNumDays,Pt_FatherT1D,Pt_MotherT1D,Pt_SiblingT1D,Pt_ChildT1D,Pt_GrandchildT1D,Pt_GrandparentT1D,BldPrSys,BldPrDia,SMBGperDayPtMeterCombo,WeightKg,HeightCm,DirectLDL,age,diabDur,TotalDailyInsPerKg,LDL,HDL,TotChol,Triglyc,BUN,AlbCreatRat_mggNew,UnitsInsBasalOrLongAct,BGTestAvgNumMeter,BGTestAvgNumPtRep,TSH,HbA1c,AutonomicNeuroCl,Pt_InsGov,NumPumpBolusOrShortAct,HbA1cImputeDtMnC,Pt_SHFlg,Pt_DKAFlg,bmi,bmiPerc,bmiZscore,GFR,diagAgeCombo,Pt_A1cGoalLev,Pt_A1cGoalLevelDsYr5
15941,0.0,0.0,0.0,0.0,0.0,0.0,0.0,128.0,60.0,6.0,48.0,157.5,0.0,13,12.0,1.0416666667,0.0,0.0,0.0,0.0,0.0,0.0,0.0,0.0,6.0,0.0,6.7,0.0,0.0,8.0,0.0,0.0,0.0,19.349962207,0.6324987651,0.33847870799999996,0.0,1.0,0.0,0.0
15941,0.0,0.0,0.0,0.0,0.0,0.0,0.0,108.0,57.0,7.0,54.5,165.5,0.0,15,13.0,0.880733945,0.0,0.0,0.0,0.0,7.0,0.0,0.0,0.0,7.0,0.0,7.1,0.0,0.0,0.0,14.407,0.0,0.0,19.897591295999998,0.5102455371,0.0256845767,0.0,1.0,7.0,0.0
15941,0.0,0.0,0.0,0.0,0.0,0.0,0.0,117.0,58.0,4.0,56.4,167.3,0.0,16,14.0,0.0,0.0,0.0,0.0,0.0,0.0,0.0,15.0,4.0,0.0,1.88,6.2,0.0,0.0,4.0,28.581,0.0,0.0,20.150564734,0.44387963020000004,-0.141140106,0.0,1.0,0.0,0.0
15941,0.0,0.0,0.0,0.0,0.0,0.0,0.0,126.0,62.0,7.0,56.1,167.5,0.0,17,15.0,0.0,0.0,0.0,115.0,121.0,0.0,0.0,18.0,7.0,0.0,2.39,6.4,0.0,0.0,0.0,38.34,0.0,0.0,19.995544665,0.3187255481,-0.47126557399999996,0.0,1.0,0.0,0.0
15941,0.0,0.0,0.0,0.0,0.0,0.0,0.0,111.0,58.0,7.0,59.9,168.7,0.0,19,17.0,0.0,0.0,0.0,126.0,0.0,12.0,3.0,62.0,7.0,0.0,2.63,6.6,0.0,0.0,0.0,65.527,0.0,0.0,21.047312884,0.2991230744,-0.526924314,0.0,1.0,0.0,0.0
15941,0.0,0.0,0.0,0.0,0.0,0.0,0.0,128.0,51.0,4.0,59.7,168.6,0.0,19,18.0,0.0,0.0,44.0,114.0,0.0,0.0,3.0,22.0,4.0,8.0,2.5,6.9,0.0,0.0,4.0,69.71,0.0,0.0,21.001929222,0.2927608403,-0.545337117,0.0,1.0,0.0,0.0
15941,0.0,0.0,0.0,0.0,0.0,0.0,0.0,113.0,57.0,0.0,60.0,168.9,0.0,20,18.0,0.0,0.0,0.0,0.0,0.0,0.0,3.0,24.0,0.0,0.0,0.0,6.9,0.0,0.0,4.0,77.842,0.0,0.0,21.032551028,0.2348832488,-1.098152482,0.0,1.0,0.0,0.0
