PtID,Pt_CGMUseNumDays,Pt_FatherT1D,Pt_MotherT1D,Pt_SiblingT1D,Pt_ChildT1D,Pt_GrandchildT1D,Pt_GrandparentT1D,BldPrSys,BldPrDia,SMBGperDayPtMeterCombo,WeightKg,HeightCm,DirectLDL,age,diabDur,TotalDailyInsPerKg,LDL,HDL,TotChol,Triglyc,BUN,AlbCreatRat_mggNew,UnitsInsBasalOrLongAct,BGTestAvgNumMeter,BGTestAvgNumPtRep,TSH,HbA1c,AutonomicNeuroCl,Pt_InsGov,NumPumpBolusOrShortAct,HbA1cImputeDtMnC,Pt_SHFlg,Pt_DKAFlg,bmi,bmiPerc,bmiZscore,GFR,diagAgeCombo,Pt_A1cGoalLev,Pt_A1cGoalLevelDsYr5
15973,21.0,0.0,0.0,0.0,0.0,0.0,0.0,0.0,0.0,5.0,0.0,0.0,0.0,8,6.0,0.0,159.0,0.0,0.0,35.0,0.0,5.0,0.0,5.0,5.0,0.0,7.1,0.0,0.0,5.0,0.0,0.0,0.0,0.0,0.0,0.0,0.0,2.0,0.0,0.0
15973,3.0,0.0,0.0,0.0,0.0,0.0,0.0,105.0,76.0,4.0,30.6,140.0,0.0,9,7.0,0.39215686270000005,0.0,0.0,0.0,0.0,0.0,0.0,0.0,0.0,4.0,0.0,6.9,0.0,0.0,0.0,12.548,0.0,0.0,15.612244898,0.36411863450000004,-0.34747131,0.0,2.0,0.0,0.0
15973,0.0,0.0,0.0,0.0,0.0,0.0,0.0,118.0,60.0,8.0,37.0,148.0,0.0,10,8.0,1.1891891892,0.0,0.0,0.0,0.0,0.0,24.0,18.0,8.0,0.0,6.51,7.5,0.0,0.0,0.0,24.631,0.0,0.0,16.891891892,0.5092918372,0.023293288,0.0,2.0,0.0,0.0
15973,0.0,0.0,0.0,0.0,0.0,0.0,0.0,102.0,68.0,7.0,47.4,157.5,1.0,11,9.0,1.0759493671,85.0,0.0,0.0,0.0,13.0,24.0,20.0,7.0,0.0,5.58,6.9,0.0,0.0,0.0,36.714,0.0,0.0,19.10808768,0.7186931490999999,0.5789636483,0.0,2.0,0.0,0.0
15973,0.0,0.0,0.0,0.0,0.0,0.0,0.0,112.0,71.0,5.0,54.4,161.3,0.0,12,10.0,0.9926470587999999,0.0,0.0,0.0,0.0,19.0,24.0,22.0,5.0,0.0,6.25,7.2,0.0,0.0,10.0,48.498000000000005,0.0,0.0,20.908850862999998,0.8033948111,0.8538098104,0.0,2.0,0.0,0.0
15973,0.0,0.0,0.0,0.0,0.0,0.0,0.0,106.0,71.0,8.0,65.6,162.6,0.0,14,12.0,1.0,0.0,0.0,0.0,0.0,0.0,24.0,32.1,8.0,0.0,6.37,7.7,0.0,0.0,5.0,73.82600000000001,0.0,0.0,24.812056239,0.9037970899,1.3034950059000001,0.0,2.0,0.0,0.0
15973,21.0,0.0,0.0,0.0,0.0,0.0,0.0,106.0,71.0,1.0,65.6,162.6,0.0,14,12.0,0.9908536585,0.0,0.0,0.0,0.0,0.0,24.0,31.0,1.0,2.0,0.0,7.7,0.0,0.0,5.0,73.82600000000001,0.0,0.0,24.812056239,0.9037970899,1.3034950059000001,0.0,2.0,0.0,0.0
