PtID,Pt_CGMUseNumDays,Pt_FatherT1D,Pt_MotherT1D,Pt_SiblingT1D,Pt_ChildT1D,Pt_GrandchildT1D,Pt_GrandparentT1D,BldPrSys,BldPrDia,SMBGperDayPtMeterCombo,WeightKg,HeightCm,DirectLDL,age,diabDur,TotalDailyInsPerKg,LDL,HDL,TotChol,Triglyc,BUN,AlbCreatRat_mggNew,UnitsInsBasalOrLongAct,BGTestAvgNumMeter,BGTestAvgNumPtRep,TSH,HbA1c,AutonomicNeuroCl,Pt_InsGov,NumPumpBolusOrShortAct,HbA1cImputeDtMnC,Pt_SHFlg,Pt_DKAFlg,bmi,bmiPerc,bmiZscore,GFR,diagAgeCombo,Pt_A1cGoalLev,Pt_A1cGoalLevelDsYr5
16000,0.0,0.0,0.0,0.0,0.0,0.0,0.0,104.0,70.0,4.0,40.7,136.9,0.0,12,5.0,0.9336609337,35.0,39.0,86.0,61.0,0.0,3.2,0.0,0.0,4.0,0.0,9.1,0.0,1.0,0.0,0.299,0.0,0.0,21.716384025,0.8853836099,1.2023375341,0.0,7.0,0.0,0.0
16000,0.0,0.0,0.0,0.0,0.0,0.0,0.0,109.0,75.0,5.0,46.4,142.3,0.0,13,6.0,1.7672413793000001,35.0,35.0,81.0,53.0,0.0,39.2,0.0,0.0,5.0,0.0,7.6,0.0,1.0,0.0,10.423,0.0,0.0,22.914383665,0.8979918788,1.270192012,0.0,7.0,7.3,0.0
16000,0.0,0.0,0.0,0.0,0.0,0.0,0.0,110.0,74.0,5.0,57.7,154.6,0.0,16,9.0,0.0,26.0,37.0,68.0,49.0,0.0,113.2,40.0,0.0,5.0,0.42,8.7,0.0,0.0,4.0,46.075,0.0,0.0,24.141087713,0.8479981245999999,1.0278853728,0.0,7.0,0.0,0.0
16000,0.0,0.0,0.0,0.0,0.0,0.0,0.0,121.0,67.0,0.0,55.9,155.2,0.0,18,11.0,0.0,27.0,58.0,95.0,80.0,0.0,113.2,40.0,0.0,4.0,0.79,14.0,0.0,1.0,0.0,68.61399999999999,0.0,0.0,23.207500796999998,0.6644860749,0.4247377652,0.0,7.0,0.0,0.0
