PtID,Pt_CGMUseNumDays,Pt_FatherT1D,Pt_MotherT1D,Pt_SiblingT1D,Pt_ChildT1D,Pt_GrandchildT1D,Pt_GrandparentT1D,BldPrSys,BldPrDia,SMBGperDayPtMeterCombo,WeightKg,HeightCm,DirectLDL,age,diabDur,TotalDailyInsPerKg,LDL,HDL,TotChol,Triglyc,BUN,AlbCreatRat_mggNew,UnitsInsBasalOrLongAct,BGTestAvgNumMeter,BGTestAvgNumPtRep,TSH,HbA1c,AutonomicNeuroCl,Pt_InsGov,NumPumpBolusOrShortAct,HbA1cImputeDtMnC,Pt_SHFlg,Pt_DKAFlg,bmi,bmiPerc,bmiZscore,GFR,diagAgeCombo,Pt_A1cGoalLev,Pt_A1cGoalLevelDsYr5
16004,0.0,0.0,0.0,0.0,0.0,0.0,0.0,105.0,63.0,5.0,45.4,160.3,0.0,12,5.0,0.8810572687,61.0,60.0,137.0,84.0,0.0,63.1,0.0,5.0,5.0,0.0,7.3,0.0,0.0,15.0,-0.166,0.0,0.0,17.668057669,0.4375745006,-0.157121617,0.0,7.0,0.0,0.0
16004,0.0,0.0,0.0,0.0,0.0,0.0,0.0,104.0,68.0,7.0,50.9,164.0,0.0,13,6.0,0.7858546169,73.0,65.0,0.0,62.0,0.0,22.3,0.0,7.0,4.0,0.0,8.2,0.0,0.0,9.0,12.548,0.0,0.0,18.924747174,0.5298328326,0.0748496535,0.0,7.0,7.0,0.0
16004,0.0,0.0,0.0,0.0,0.0,0.0,0.0,90.0,47.0,7.0,54.2,165.0,0.0,15,8.0,0.7564575645999999,51.0,58.0,138.0,145.0,0.0,9.3,23.0,7.0,0.0,1.25,8.1,0.0,0.0,7.0,30.671999999999997,0.0,0.0,19.908172635,0.5000990496,0.0002482806,0.0,7.0,0.0,0.0
16004,0.0,0.0,0.0,0.0,0.0,0.0,0.0,102.0,58.0,7.0,57.15263862,162.0,0.0,16,9.0,0.822359232,56.0,68.0,0.0,60.0,0.0,10.9,24.0,7.0,0.0,1.94,9.0,0.0,0.0,9.0,44.148999999999994,0.0,0.0,21.777411454,0.6553339949,0.3997617441,0.0,7.0,0.0,0.0
16004,0.0,0.0,0.0,0.0,0.0,0.0,0.0,113.0,74.0,15.0,56.69904625,165.0,0.0,16,9.0,1.7636980975,0.0,0.0,0.0,0.0,0.0,10.9,0.0,15.0,0.0,0.0,9.0,0.0,0.0,0.0,44.148999999999994,0.0,0.0,20.82609596,0.5498588706,0.1253047918,0.0,7.0,0.0,0.0
