PtID,Pt_CGMUseNumDays,Pt_FatherT1D,Pt_MotherT1D,Pt_SiblingT1D,Pt_ChildT1D,Pt_GrandchildT1D,Pt_GrandparentT1D,BldPrSys,BldPrDia,SMBGperDayPtMeterCombo,WeightKg,HeightCm,DirectLDL,age,diabDur,TotalDailyInsPerKg,LDL,HDL,TotChol,Triglyc,BUN,AlbCreatRat_mggNew,UnitsInsBasalOrLongAct,BGTestAvgNumMeter,BGTestAvgNumPtRep,TSH,HbA1c,AutonomicNeuroCl,Pt_InsGov,NumPumpBolusOrShortAct,HbA1cImputeDtMnC,Pt_SHFlg,Pt_DKAFlg,bmi,bmiPerc,bmiZscore,GFR,diagAgeCombo,Pt_A1cGoalLev,Pt_A1cGoalLevelDsYr5
16022,0.0,0.0,0.0,1.0,0.0,0.0,0.0,102.0,58.0,5.0,39.0,142.4,0.0,11,1.0,0.5897435897,0.0,0.0,0.0,0.0,0.0,0.0,0.0,0.0,5.0,0.0,10.2,0.0,0.0,0.0,0.0,0.0,0.0,19.232893574000002,0.7807170956,0.7746173386,0.0,10.0,0.0,0.0
16022,0.0,0.0,0.0,0.0,0.0,0.0,0.0,117.0,65.0,4.0,48.4,152.0,0.0,12,2.0,0.0,78.0,48.0,156.0,152.0,0.0,8.0,28.0,4.0,0.0,2.64,10.9,0.0,0.0,0.0,21.278000000000002,0.0,0.0,20.948753463,0.8476954223000001,1.0265993605,0.0,10.0,0.0,0.0
16022,0.0,0.0,0.0,0.0,0.0,0.0,0.0,130.0,66.0,3.0,56.2,162.6,0.0,14,4.0,1.0676156584,0.0,0.0,0.0,0.0,0.0,8.0,30.0,3.0,3.0,0.0,10.2,0.0,0.0,3.0,37.344,0.0,0.0,21.256670131,0.7564788681999999,0.6950208045999999,0.0,10.0,0.0,0.0
16022,0.0,0.0,0.0,0.0,0.0,0.0,0.0,130.0,72.0,0.0,60.1,166.1,0.0,15,5.0,0.0,90.0,56.0,192.0,232.0,15.0,10.0,38.0,0.0,0.0,0.865,10.6,0.0,0.0,0.0,48.928999999999995,0.0,0.0,21.783878553,0.7358316362999999,0.6305470536,0.0,10.0,0.0,0.0
16022,0.0,0.0,0.0,0.0,0.0,0.0,0.0,139.0,80.0,3.0,67.4,167.6,0.0,16,6.0,1.2759643917,0.0,0.0,0.0,0.0,0.0,10.0,46.0,3.0,0.0,0.0,10.8,0.0,0.0,0.0,63.635,0.0,0.0,23.994509031,0.8401570619,0.9951036075,0.0,10.0,0.0,0.0
