PtID,Pt_CGMUseNumDays,Pt_FatherT1D,Pt_MotherT1D,Pt_SiblingT1D,Pt_ChildT1D,Pt_GrandchildT1D,Pt_GrandparentT1D,BldPrSys,BldPrDia,SMBGperDayPtMeterCombo,WeightKg,HeightCm,DirectLDL,age,diabDur,TotalDailyInsPerKg,LDL,HDL,TotChol,Triglyc,BUN,AlbCreatRat_mggNew,UnitsInsBasalOrLongAct,BGTestAvgNumMeter,BGTestAvgNumPtRep,TSH,HbA1c,AutonomicNeuroCl,Pt_InsGov,NumPumpBolusOrShortAct,HbA1cImputeDtMnC,Pt_SHFlg,Pt_DKAFlg,bmi,bmiPerc,bmiZscore,GFR,diagAgeCombo,Pt_A1cGoalLev,Pt_A1cGoalLevelDsYr5
1604,0.0,0.0,0.0,0.0,0.0,0.0,0.0,115.0,69.0,4.0,62.368950875,155.44799999999998,0.0,13,7.0,0.0,0.0,0.0,0.0,0.0,0.0,0.0,0.0,4.0,0.0,0.0,8.2,0.0,0.0,4.0,-4.249,0.0,0.0,25.810603614,0.9588307598,1.7372759166,0.0,6.0,0.0,0.0
1604,0.0,0.0,1.0,0.0,0.0,0.0,0.0,0.0,0.0,6.0,60.6,153.0,0.0,13,7.0,1.1881188119,97.0,59.0,190.0,170.0,0.0,5.0,0.0,6.0,10.0,0.0,6.6,0.0,0.0,5.0,0.0,0.0,0.0,25.887479175,0.9597130604,1.7473659536000001,0.0,6.0,0.0,0.0
1604,0.0,0.0,0.0,0.0,0.0,0.0,0.0,137.0,62.0,5.0,64.86370891,158.496,0.0,14,8.0,1.31044002,0.0,0.0,0.0,0.0,0.0,0.0,37.0,5.0,0.0,0.0,7.1,0.0,0.0,5.0,11.718,0.0,0.0,25.820530769,0.94707296,1.6171121256,0.0,6.0,0.0,0.0
1604,0.0,0.0,0.0,0.0,0.0,0.0,0.0,145.0,80.0,6.0,74.11699325800001,170.43400000000003,0.0,16,10.0,1.1603276957,69.0,43.0,165.0,267.0,21.0,0.0,0.0,6.0,0.0,2.42,7.1,0.0,0.0,4.0,32.929,0.0,0.0,25.515572618,0.9045553745999999,1.3079530016,0.0,6.0,0.0,0.0
1604,0.0,0.0,0.0,0.0,0.0,0.0,0.0,134.0,78.0,3.0,79.7,172.0,0.0,17,11.0,0.878293601,0.0,0.0,0.0,0.0,13.0,0.0,39.0,3.0,0.0,0.0,8.0,0.0,0.0,4.0,45.245,0.0,0.0,26.940237965999998,0.9242947708,1.4345672302,0.0,6.0,0.0,0.0
