PtID,Pt_CGMUseNumDays,Pt_FatherT1D,Pt_MotherT1D,Pt_SiblingT1D,Pt_ChildT1D,Pt_GrandchildT1D,Pt_GrandparentT1D,BldPrSys,BldPrDia,SMBGperDayPtMeterCombo,WeightKg,HeightCm,DirectLDL,age,diabDur,TotalDailyInsPerKg,LDL,HDL,TotChol,Triglyc,BUN,AlbCreatRat_mggNew,UnitsInsBasalOrLongAct,BGTestAvgNumMeter,BGTestAvgNumPtRep,TSH,HbA1c,AutonomicNeuroCl,Pt_InsGov,NumPumpBolusOrShortAct,HbA1cImputeDtMnC,Pt_SHFlg,Pt_DKAFlg,bmi,bmiPerc,bmiZscore,GFR,diagAgeCombo,Pt_A1cGoalLev,Pt_A1cGoalLevelDsYr5
16048,30.0,0.0,0.0,0.0,0.0,0.0,1.0,121.0,80.0,4.0,10.7,80.9,0.0,1,0.0,0.7476635514,0.0,0.0,0.0,0.0,8.0,0.0,0.0,0.0,4.0,0.0,8.4,0.0,0.0,0.0,-0.332,0.0,0.0,0.0,0.0,0.0,0.0,0.0,0.0,0.0
16048,27.0,0.0,0.0,0.0,0.0,0.0,1.0,0.0,0.0,5.0,14.7,94.0,0.0,2,2.0,0.7482993197,0.0,0.0,0.0,0.0,0.0,0.0,0.0,5.0,5.0,0.0,7.7,0.0,0.0,0.0,15.568,0.0,0.0,16.636487098,0.5595805604,0.1499058715,0.0,0.0,0.0,0.0
16048,0.0,0.0,0.0,0.0,0.0,0.0,0.0,106.0,69.0,6.0,17.8,101.9,0.0,4,3.0,0.0,0.0,0.0,0.0,0.0,0.0,0.0,0.0,0.0,6.0,11.21,7.6,0.0,0.0,0.0,30.971,0.0,0.0,17.142400379,0.8888396118999999,1.2203802091,0.0,0.0,0.0,0.0
16048,0.0,0.0,0.0,0.0,0.0,0.0,0.0,113.0,77.0,4.0,20.2,108.2,0.0,5,4.0,0.0,0.0,0.0,0.0,0.0,0.0,0.0,7.0,4.0,0.0,1.57,7.7,0.0,0.0,0.0,43.187,0.0,0.0,17.254280257,0.8950380514,1.2537747283,0.0,0.0,0.0,0.0
16048,0.0,0.0,0.0,0.0,0.0,0.0,0.0,110.0,65.0,6.0,23.1,116.6,0.0,6,5.0,0.0,0.0,0.0,0.0,0.0,0.0,0.0,9.0,6.0,0.0,3.41,7.5,0.0,0.0,4.0,60.614,0.0,0.0,16.990841128,0.8404940472,0.9964904486,0.0,0.0,0.0,0.0
16048,30.0,0.0,0.0,0.0,0.0,0.0,0.0,105.0,65.0,5.0,26.8,122.3,0.0,7,6.0,0.5970149254,0.0,0.0,0.0,0.0,0.0,0.0,10.0,5.0,5.0,12.99,7.4,0.0,0.0,4.0,72.266,0.0,0.0,17.917684286,0.8748360132999999,1.1495531268999999,0.0,0.0,0.0,0.0
16048,0.0,0.0,0.0,0.0,0.0,0.0,0.0,113.0,66.0,5.0,29.6,127.5,0.0,8,7.0,0.0,0.0,0.0,0.0,0.0,0.0,0.0,10.5,5.0,0.0,2.79,7.8,0.0,0.0,4.0,82.22399999999999,0.0,0.0,18.208381392,0.8441029711,1.0114647216,0.0,0.0,0.0,0.0
