PtID,Pt_CGMUseNumDays,Pt_FatherT1D,Pt_MotherT1D,Pt_SiblingT1D,Pt_ChildT1D,Pt_GrandchildT1D,Pt_GrandparentT1D,BldPrSys,BldPrDia,SMBGperDayPtMeterCombo,WeightKg,HeightCm,DirectLDL,age,diabDur,TotalDailyInsPerKg,LDL,HDL,TotChol,Triglyc,BUN,AlbCreatRat_mggNew,UnitsInsBasalOrLongAct,BGTestAvgNumMeter,BGTestAvgNumPtRep,TSH,HbA1c,AutonomicNeuroCl,Pt_InsGov,NumPumpBolusOrShortAct,HbA1cImputeDtMnC,Pt_SHFlg,Pt_DKAFlg,bmi,bmiPerc,bmiZscore,GFR,diagAgeCombo,Pt_A1cGoalLev,Pt_A1cGoalLevelDsYr5
16055,0.0,0.0,0.0,0.0,0.0,0.0,0.0,112.0,80.0,3.0,74.20771173199999,157.48,0.0,36,12.0,0.4986004707,119.0,56.0,212.0,183.0,17.0,3.0,0.0,3.0,3.0,0.0,7.0,0.0,0.0,0.0,-1.328,0.0,0.0,29.922524253000002,0.0,0.2319808241,0.0,24.0,0.0,0.0
16055,0.0,1.0,0.0,0.0,0.0,0.0,1.0,130.0,68.0,3.0,65.4,154.9,0.0,38,14.0,0.3363914373,105.0,53.0,0.0,118.0,17.0,6.0,0.0,0.0,3.0,0.0,10.0,0.0,0.0,0.0,19.485,0.0,0.0,27.256802844,0.0,-0.073773853,0.0,24.0,6.5,0.0
16055,0.0,0.0,0.0,0.0,0.0,0.0,0.0,118.0,62.0,3.0,65.4,156.2,0.0,39,15.0,0.6574923547,100.0,49.0,0.0,120.0,22.0,7.0,30.0,0.0,3.0,1.68,8.1,0.0,0.0,3.0,31.469,0.0,0.0,26.80499245,0.0,-0.12559589999999998,0.0,24.0,0.0,0.0
16055,0.0,0.0,0.0,0.0,0.0,0.0,0.0,124.0,80.0,2.0,0.0,0.0,0.0,40,16.0,0.0,156.0,54.0,0.0,130.0,21.0,0.0,28.0,2.0,4.0,2.03,8.0,0.0,0.0,0.0,43.519,0.0,0.0,0.0,0.0,0.0,0.0,24.0,0.0,0.0
16055,0.0,0.0,0.0,0.0,0.0,0.0,0.0,110.0,64.0,4.0,0.0,0.0,0.0,41,17.0,0.0,52.0,51.0,0.0,77.0,18.0,0.0,0.0,4.0,4.0,1.56,0.0,0.0,0.0,0.0,0.0,0.0,0.0,0.0,0.0,0.0,0.0,24.0,0.0,0.0
16055,0.0,0.0,0.0,0.0,0.0,0.0,0.0,122.0,74.0,0.0,0.0,0.0,0.0,42,18.0,0.0,146.0,53.0,219.0,102.0,11.0,0.0,0.0,0.0,0.0,1.7,8.5,0.0,0.0,0.0,69.77600000000001,0.0,0.0,0.0,0.0,0.0,82.0,24.0,0.0,0.0
