PtID,Pt_CGMUseNumDays,Pt_FatherT1D,Pt_MotherT1D,Pt_SiblingT1D,Pt_ChildT1D,Pt_GrandchildT1D,Pt_GrandparentT1D,BldPrSys,BldPrDia,SMBGperDayPtMeterCombo,WeightKg,HeightCm,DirectLDL,age,diabDur,TotalDailyInsPerKg,LDL,HDL,TotChol,Triglyc,BUN,AlbCreatRat_mggNew,UnitsInsBasalOrLongAct,BGTestAvgNumMeter,BGTestAvgNumPtRep,TSH,HbA1c,AutonomicNeuroCl,Pt_InsGov,NumPumpBolusOrShortAct,HbA1cImputeDtMnC,Pt_SHFlg,Pt_DKAFlg,bmi,bmiPerc,bmiZscore,GFR,diagAgeCombo,Pt_A1cGoalLev,Pt_A1cGoalLevelDsYr5
16076,0.0,0.0,0.0,0.0,0.0,0.0,0.0,0.0,0.0,8.0,0.0,0.0,0.0,17,10.0,0.0,159.0,53.0,235.0,114.0,0.0,0.0,0.0,8.0,8.0,0.0,7.6,0.0,0.0,8.0,-0.19899999999999998,0.0,0.0,0.0,0.0,0.0,0.0,7.0,0.0,0.0
16076,0.0,0.0,0.0,0.0,0.0,0.0,0.0,109.0,65.0,0.0,60.0,160.0,0.0,18,11.0,0.0,0.0,0.0,0.0,0.0,0.0,3.0,23.0,0.0,0.0,0.0,7.6,0.0,0.0,0.0,10.921,0.0,0.0,23.4375,0.7233201974,0.5927333700999999,0.0,7.0,0.0,0.0
16076,0.0,0.0,0.0,0.0,0.0,0.0,0.0,110.0,68.0,10.0,58.0,160.0,0.0,19,12.0,0.8103448276,0.0,0.0,0.0,0.0,0.0,3.0,23.0,10.0,0.0,1.35,7.3,0.0,0.0,0.0,26.058000000000003,0.0,0.0,22.65625,0.625582775,0.32017661420000004,0.0,7.0,0.0,0.0
16076,0.0,0.0,0.0,0.0,0.0,0.0,0.0,109.0,54.0,0.0,0.0,0.0,0.0,20,13.0,0.0,166.0,63.0,0.0,75.0,0.0,3.0,21.0,0.0,0.0,1.78,7.5,0.0,0.0,0.0,37.278,0.0,0.0,0.0,0.0,0.0,0.0,7.0,0.0,0.0
16076,0.0,0.0,0.0,0.0,0.0,0.0,0.0,114.0,71.0,13.0,60.2,160.0,0.0,21,14.0,0.7641196013,0.0,0.0,0.0,0.0,0.0,3.0,21.0,13.0,0.0,0.0,7.8,0.0,0.0,7.0,49.56,0.0,0.0,23.515625,0.0,-0.44285939799999996,0.0,7.0,0.0,0.0
16076,0.0,0.0,0.0,0.0,0.0,0.0,0.0,113.0,67.0,10.0,62.1,160.8,0.0,22,15.0,0.7568438003,196.0,64.0,273.0,66.0,0.0,3.0,24.0,0.0,10.0,2.65,8.0,0.0,0.0,0.0,61.909,0.0,0.0,24.017041656999996,0.0,-0.37524925,0.0,7.0,0.0,0.0
