PtID,Pt_CGMUseNumDays,Pt_FatherT1D,Pt_MotherT1D,Pt_SiblingT1D,Pt_ChildT1D,Pt_GrandchildT1D,Pt_GrandparentT1D,BldPrSys,BldPrDia,SMBGperDayPtMeterCombo,WeightKg,HeightCm,DirectLDL,age,diabDur,TotalDailyInsPerKg,LDL,HDL,TotChol,Triglyc,BUN,AlbCreatRat_mggNew,UnitsInsBasalOrLongAct,BGTestAvgNumMeter,BGTestAvgNumPtRep,TSH,HbA1c,AutonomicNeuroCl,Pt_InsGov,NumPumpBolusOrShortAct,HbA1cImputeDtMnC,Pt_SHFlg,Pt_DKAFlg,bmi,bmiPerc,bmiZscore,GFR,diagAgeCombo,Pt_A1cGoalLev,Pt_A1cGoalLevelDsYr5
16081,0.0,0.0,0.0,0.0,0.0,0.0,0.0,0.0,0.0,7.0,100.69750614,185.42,0.0,45,9.0,0.8242508001000001,79.0,56.0,0.0,92.0,14.0,4.0,0.0,7.0,7.0,0.0,7.3,0.0,0.0,4.0,0.133,0.0,0.0,29.289068621,0.0,0.1278276466,0.0,36.0,0.0,0.0
16081,0.0,0.0,0.0,0.0,0.0,0.0,0.0,0.0,0.0,6.0,101.15109851,185.42,0.0,47,10.0,0.7612374075,94.0,61.0,0.0,53.0,20.0,4.0,0.0,6.0,10.0,0.0,6.8,0.0,0.0,0.0,14.207,0.0,0.0,29.421001362,0.0,0.1467965445,0.0,36.0,6.5,0.0
16081,0.0,0.0,0.0,0.0,0.0,0.0,0.0,120.0,80.0,6.0,0.0,0.0,0.0,48,11.0,0.0,0.0,0.0,0.0,0.0,0.0,0.0,33.0,6.0,6.0,0.0,7.6,0.0,0.0,0.0,33.925,0.0,0.0,0.0,0.0,0.0,0.0,36.0,0.0,0.0
16081,0.0,0.0,0.0,0.0,0.0,0.0,0.0,120.0,80.0,4.0,0.0,0.0,0.0,50,13.0,0.0,0.0,0.0,0.0,0.0,0.0,0.0,0.0,4.0,0.0,0.0,7.0,0.0,0.0,5.0,49.527,0.0,0.0,0.0,0.0,0.0,0.0,36.0,0.0,0.0
16081,0.0,0.0,0.0,0.0,0.0,0.0,0.0,120.0,80.0,0.0,105.0,185.0,0.0,51,14.0,0.0,0.0,0.0,0.0,0.0,0.0,0.0,0.0,0.0,0.0,0.0,7.5,0.0,0.0,0.0,62.306999999999995,0.0,0.0,30.679327977,0.0,0.2619768084,0.0,36.0,0.0,0.0
16081,0.0,0.0,0.0,0.0,0.0,0.0,0.0,120.0,80.0,0.0,107.0,185.0,0.0,51,15.0,0.0,96.0,57.0,167.0,70.0,17.0,0.0,0.0,0.0,0.0,2.41,7.2,0.0,0.0,0.0,72.564,0.0,0.0,31.263696129,0.0,0.33932169770000004,105.0,36.0,0.0,0.0
16081,30.0,0.0,0.0,0.0,0.0,0.0,0.0,120.0,80.0,5.0,109.0,185.0,0.0,53,16.0,0.0,0.0,0.0,0.0,0.0,0.0,0.0,0.0,0.0,5.0,0.0,7.1,0.0,0.0,0.0,86.10799999999999,0.0,0.0,31.84806428,0.0,0.4166665871,0.0,36.0,0.0,0.0
