PtID,Pt_CGMUseNumDays,Pt_FatherT1D,Pt_MotherT1D,Pt_SiblingT1D,Pt_ChildT1D,Pt_GrandchildT1D,Pt_GrandparentT1D,BldPrSys,BldPrDia,SMBGperDayPtMeterCombo,WeightKg,HeightCm,DirectLDL,age,diabDur,TotalDailyInsPerKg,LDL,HDL,TotChol,Triglyc,BUN,AlbCreatRat_mggNew,UnitsInsBasalOrLongAct,BGTestAvgNumMeter,BGTestAvgNumPtRep,TSH,HbA1c,AutonomicNeuroCl,Pt_InsGov,NumPumpBolusOrShortAct,HbA1cImputeDtMnC,Pt_SHFlg,Pt_DKAFlg,bmi,bmiPerc,bmiZscore,GFR,diagAgeCombo,Pt_A1cGoalLev,Pt_A1cGoalLevelDsYr5
16111,0.0,0.0,0.0,0.0,0.0,0.0,0.0,120.0,67.0,3.0,73.0,170.6,0.0,15,5.0,1.0,0.0,0.0,0.0,0.0,18.0,4.0,0.0,3.0,4.0,0.0,9.8,0.0,0.0,0.0,0.0,0.0,0.0,25.08215264,0.9142524165000001,1.3674153074000002,0.0,10.0,0.0,0.0
16111,0.0,0.0,0.0,0.0,0.0,0.0,0.0,117.0,74.0,2.0,73.2,172.2,0.0,16,6.0,0.9699453551999999,0.0,0.0,196.0,0.0,0.0,3.4,0.0,2.0,4.0,0.0,11.4,0.0,0.0,0.0,16.266,0.0,0.0,24.685662486,0.8737989912,1.1445345506,0.0,10.0,7.0,0.0
16111,0.0,0.0,0.0,0.0,0.0,0.0,0.0,122.0,75.0,1.0,70.7,172.9,0.0,18,8.0,0.0,105.0,42.0,171.0,120.0,0.0,9.8,0.0,1.0,2.0,3.36,12.4,0.0,0.0,0.0,32.763000000000005,0.0,0.0,23.649906454,0.7089001105,0.5501743729999999,0.0,10.0,0.0,0.0
16111,0.0,0.0,0.0,0.0,0.0,0.0,0.0,134.0,72.0,2.0,71.0,173.4,0.0,19,8.0,0.0,0.0,0.0,0.0,0.0,0.0,9.8,38.0,2.0,2.0,0.0,9.7,0.0,0.0,0.0,43.22,0.0,0.0,23.613489089,0.6390612188,0.3559505979,0.0,10.0,0.0,0.0
16111,0.0,0.0,0.0,0.0,0.0,0.0,0.0,131.0,73.0,4.0,67.5,173.3,0.0,19,9.0,0.0,0.0,0.0,0.0,0.0,0.0,9.8,30.0,4.0,2.0,0.0,12.6,0.0,0.0,0.0,53.909,0.0,0.0,22.475359514,0.4998278472,-0.000431523,0.0,10.0,0.0,0.0
