PtID,Pt_CGMUseNumDays,Pt_FatherT1D,Pt_MotherT1D,Pt_SiblingT1D,Pt_ChildT1D,Pt_GrandchildT1D,Pt_GrandparentT1D,BldPrSys,BldPrDia,SMBGperDayPtMeterCombo,WeightKg,HeightCm,DirectLDL,age,diabDur,TotalDailyInsPerKg,LDL,HDL,TotChol,Triglyc,BUN,AlbCreatRat_mggNew,UnitsInsBasalOrLongAct,BGTestAvgNumMeter,BGTestAvgNumPtRep,TSH,HbA1c,AutonomicNeuroCl,Pt_InsGov,NumPumpBolusOrShortAct,HbA1cImputeDtMnC,Pt_SHFlg,Pt_DKAFlg,bmi,bmiPerc,bmiZscore,GFR,diagAgeCombo,Pt_A1cGoalLev,Pt_A1cGoalLevelDsYr5
16157,0.0,0.0,0.0,0.0,1.0,0.0,0.0,120.0,70.0,3.0,70.987205905,176.53,0.0,58,46.0,0.5353077293,65.0,89.0,167.0,64.0,12.0,1.3,0.0,3.0,6.0,0.0,7.9,0.0,0.0,3.0,0.43200000000000005,0.0,0.0,22.779439825,0.0,-0.7836242790000001,0.0,12.0,0.0,0.0
16157,0.0,0.0,0.0,0.0,0.0,0.0,0.0,120.0,70.0,1.0,74.38914868,176.53,0.0,61,49.0,0.0,50.0,93.0,0.0,57.0,8.0,1.5,0.0,1.0,0.0,0.0,7.5,0.0,0.0,3.0,31.303,0.0,0.0,23.87110627,0.0,-0.95862388,0.0,12.0,0.0,0.0
16157,0.0,0.0,0.0,0.0,0.0,0.0,0.0,122.0,58.0,6.0,0.0,0.0,0.0,62,50.0,0.0,0.0,0.0,154.0,72.0,11.0,3.3,16.0,6.0,0.0,1.83,8.1,0.0,0.0,4.0,42.755,0.0,0.0,0.0,0.0,0.0,72.0,12.0,0.0,0.0
16157,0.0,0.0,0.0,0.0,0.0,0.0,0.0,120.0,60.0,4.0,78.92507238,180.34,0.0,62,50.0,0.44345857340000006,75.0,91.0,0.0,88.0,15.0,3.3,20.0,4.0,0.0,2.75,7.8,0.0,0.0,3.0,53.343999999999994,0.0,0.0,24.267825205,0.0,-0.883000042,0.0,12.0,0.0,0.0
16157,0.0,0.0,0.0,0.0,0.0,0.0,0.0,132.0,70.0,6.0,75.74992579,180.34,0.0,64,52.0,0.4356439911,65.0,92.0,178.0,104.0,10.0,5.4,16.0,6.0,0.0,3.25,7.6,0.0,0.0,4.0,67.054,0.0,0.0,23.291533385999998,0.0,-1.069103925,82.0,12.0,0.0,0.0
16157,0.0,0.0,0.0,0.0,0.0,0.0,0.0,112.0,60.0,4.0,75.29633342,180.34,0.0,64,52.0,0.4528772976,0.0,0.0,0.0,0.0,0.0,5.4,15.1,4.0,8.0,0.0,7.5,0.0,0.0,4.0,76.64699999999999,0.0,0.0,23.152063125999998,0.0,-1.0956901940000001,0.0,12.0,0.0,0.0
