PtID,Pt_CGMUseNumDays,Pt_FatherT1D,Pt_MotherT1D,Pt_SiblingT1D,Pt_ChildT1D,Pt_GrandchildT1D,Pt_GrandparentT1D,BldPrSys,BldPrDia,SMBGperDayPtMeterCombo,WeightKg,HeightCm,DirectLDL,age,diabDur,TotalDailyInsPerKg,LDL,HDL,TotChol,Triglyc,BUN,AlbCreatRat_mggNew,UnitsInsBasalOrLongAct,BGTestAvgNumMeter,BGTestAvgNumPtRep,TSH,HbA1c,AutonomicNeuroCl,Pt_InsGov,NumPumpBolusOrShortAct,HbA1cImputeDtMnC,Pt_SHFlg,Pt_DKAFlg,bmi,bmiPerc,bmiZscore,GFR,diagAgeCombo,Pt_A1cGoalLev,Pt_A1cGoalLevelDsYr5
1616,0.0,0.0,0.0,0.0,0.0,0.0,1.0,116.0,62.0,14.0,72.7,159.3,0.0,12,7.0,0.8253094911,119.0,56.0,189.0,69.0,0.0,7.0,0.0,14.0,6.0,0.0,9.3,0.0,1.0,0.0,-2.755,0.0,0.0,28.648564084,0.979304134,2.0395844504,0.0,5.0,0.0,0.0
1616,0.0,0.0,0.0,0.0,0.0,0.0,0.0,114.0,74.0,3.0,81.64662659999999,163.06799999999998,0.0,15,9.0,0.7593700142,121.0,68.0,0.0,63.0,0.0,8.0,32.0,3.0,0.0,0.76,8.9,0.0,0.0,3.0,26.224,0.0,0.0,30.704409975999997,0.9721619214,1.913561899,0.0,5.0,0.0,0.0
1616,0.0,0.0,0.0,0.0,0.0,0.0,0.0,115.0,70.0,2.0,79.922975594,164.338,0.0,16,11.0,0.7006746131,119.0,62.0,190.0,45.0,0.0,8.0,41.0,2.0,0.0,0.45299999999999996,9.3,0.0,0.0,1.0,43.519,0.0,0.0,29.593453541,0.9574408981999999,1.7217313056,0.0,5.0,0.0,0.0
1616,0.0,0.0,0.0,0.0,0.0,0.0,0.0,117.0,74.0,2.0,86.2,164.7,0.0,17,12.0,0.626450116,119.0,62.0,190.0,45.0,0.0,8.0,0.0,2.0,0.0,0.0,9.2,0.0,0.0,2.0,53.378,0.0,0.0,31.777524885,0.9678470273,1.8500527616,0.0,5.0,0.0,0.0
