PtID,Pt_CGMUseNumDays,Pt_FatherT1D,Pt_MotherT1D,Pt_SiblingT1D,Pt_ChildT1D,Pt_GrandchildT1D,Pt_GrandparentT1D,BldPrSys,BldPrDia,SMBGperDayPtMeterCombo,WeightKg,HeightCm,DirectLDL,age,diabDur,TotalDailyInsPerKg,LDL,HDL,TotChol,Triglyc,BUN,AlbCreatRat_mggNew,UnitsInsBasalOrLongAct,BGTestAvgNumMeter,BGTestAvgNumPtRep,TSH,HbA1c,AutonomicNeuroCl,Pt_InsGov,NumPumpBolusOrShortAct,HbA1cImputeDtMnC,Pt_SHFlg,Pt_DKAFlg,bmi,bmiPerc,bmiZscore,GFR,diagAgeCombo,Pt_A1cGoalLev,Pt_A1cGoalLevelDsYr5
16162,0.0,0.0,0.0,0.0,0.0,0.0,0.0,107.0,72.0,5.0,59.42060047,172.72,0.0,39,14.0,0.6731672128,135.0,90.0,233.0,37.0,17.0,4.0,0.0,5.0,6.0,0.0,6.3,0.0,0.0,6.0,0.0,0.0,0.0,19.918277450999998,0.0,-0.915492891,0.0,25.0,0.0,0.0
16162,0.0,0.0,0.0,0.0,0.0,0.0,0.0,100.0,68.0,4.0,0.0,0.0,0.0,40,15.0,0.0,0.0,0.0,0.0,0.0,0.0,0.0,0.0,4.0,5.0,0.0,5.9,0.0,0.0,7.0,16.133,0.0,0.0,0.0,0.0,0.0,0.0,25.0,6.0,0.0
16162,0.0,0.0,0.0,0.0,0.0,0.0,0.0,110.0,73.0,4.0,0.0,0.0,0.0,41,16.0,0.0,127.0,78.0,218.0,66.0,13.0,0.0,16.0,4.0,0.0,0.64,6.3,0.0,0.0,8.0,29.245,0.0,0.0,0.0,0.0,0.0,0.0,25.0,0.0,0.0
16162,0.0,0.0,0.0,0.0,0.0,0.0,0.0,105.0,69.0,2.0,0.0,0.0,0.0,42,17.0,0.0,116.0,86.0,213.0,54.0,11.0,0.0,15.0,2.0,0.0,1.75,6.9,0.0,0.0,8.0,41.361000000000004,0.0,0.0,0.0,0.0,0.0,0.0,25.0,0.0,0.0
16162,0.0,0.0,0.0,0.0,0.0,0.0,0.0,108.0,66.0,5.0,0.0,0.0,0.0,43,18.0,0.0,0.0,0.0,0.0,0.0,0.0,0.0,13.0,5.0,0.0,0.0,6.5,0.0,0.0,23.0,53.477,0.0,0.0,0.0,0.0,0.0,0.0,25.0,0.0,0.0
16162,0.0,0.0,0.0,0.0,0.0,0.0,0.0,98.0,65.0,7.0,59.0,158.0,0.0,44,19.0,1.0,0.0,0.0,0.0,0.0,0.0,0.0,15.0,7.0,3.0,0.0,6.5,0.0,0.0,5.0,66.656,0.0,0.0,23.634033008000003,0.0,-0.443672955,0.0,25.0,0.0,0.0
16162,0.0,0.0,0.0,0.0,0.0,0.0,0.0,105.0,70.0,2.0,61.0,158.0,0.0,45,20.0,0.606557377,0.0,0.0,0.0,0.0,0.0,0.0,14.0,2.0,0.0,0.0,6.8,0.0,0.0,8.0,82.822,0.0,0.0,24.435186669,0.0,-0.372095715,0.0,25.0,0.0,0.0
