PtID,Pt_CGMUseNumDays,Pt_FatherT1D,Pt_MotherT1D,Pt_SiblingT1D,Pt_ChildT1D,Pt_GrandchildT1D,Pt_GrandparentT1D,BldPrSys,BldPrDia,SMBGperDayPtMeterCombo,WeightKg,HeightCm,DirectLDL,age,diabDur,TotalDailyInsPerKg,LDL,HDL,TotChol,Triglyc,BUN,AlbCreatRat_mggNew,UnitsInsBasalOrLongAct,BGTestAvgNumMeter,BGTestAvgNumPtRep,TSH,HbA1c,AutonomicNeuroCl,Pt_InsGov,NumPumpBolusOrShortAct,HbA1cImputeDtMnC,Pt_SHFlg,Pt_DKAFlg,bmi,bmiPerc,bmiZscore,GFR,diagAgeCombo,Pt_A1cGoalLev,Pt_A1cGoalLevelDsYr5
16186,25.0,0.0,0.0,1.0,1.0,1.0,0.0,129.0,82.0,6.0,76.20351816,185.42,0.0,65,42.0,0.5511556555,121.0,50.0,179.0,42.0,17.0,4.8,0.0,6.0,8.0,0.0,6.9,1.0,1.0,4.0,-0.19899999999999998,0.0,0.0,22.164700578,0.0,-1.283904416,0.0,23.0,0.0,0.0
16186,26.0,0.0,0.0,1.0,1.0,1.0,0.0,112.0,68.0,7.0,74.84274105,185.42,0.0,66,43.0,0.44092452439999996,137.0,40.0,194.0,86.0,27.0,4.9,0.0,7.0,7.0,0.0,6.2,1.0,1.0,7.0,16.498,0.0,0.0,21.768902353,0.0,-1.359352745,0.0,23.0,6.7,0.0
16186,0.0,0.0,0.0,0.0,0.0,0.0,0.0,132.0,76.0,9.0,76.20351816,182.88,0.0,67,44.0,0.393682611,121.0,50.0,185.0,71.0,20.0,0.0,10.0,9.0,8.0,0.0,6.8,1.0,0.0,7.0,30.206999999999997,0.0,0.0,22.784662303,0.0,-1.16572532,60.0,23.0,0.0,0.0
16186,0.0,0.0,0.0,0.0,0.0,0.0,0.0,132.0,76.0,9.0,76.20351816,182.88,0.0,68,45.0,0.393682611,0.0,0.0,0.0,0.0,20.0,6.2,10.0,9.0,0.0,0.0,6.8,1.0,0.0,7.0,41.626999999999995,0.0,0.0,22.784662303,0.0,-1.16572532,0.0,23.0,0.0,0.0
16186,0.0,0.0,0.0,0.0,0.0,0.0,0.0,118.0,69.0,7.0,76.20351816,185.42,0.0,69,46.0,0.393682611,113.0,57.0,182.0,58.0,20.0,6.2,10.0,7.0,0.0,0.0,6.5,1.0,0.0,7.0,54.141000000000005,0.0,0.0,22.164700578,0.0,-1.283904416,68.0,23.0,0.0,0.0
