PtID,Pt_CGMUseNumDays,Pt_FatherT1D,Pt_MotherT1D,Pt_SiblingT1D,Pt_ChildT1D,Pt_GrandchildT1D,Pt_GrandparentT1D,BldPrSys,BldPrDia,SMBGperDayPtMeterCombo,WeightKg,HeightCm,DirectLDL,age,diabDur,TotalDailyInsPerKg,LDL,HDL,TotChol,Triglyc,BUN,AlbCreatRat_mggNew,UnitsInsBasalOrLongAct,BGTestAvgNumMeter,BGTestAvgNumPtRep,TSH,HbA1c,AutonomicNeuroCl,Pt_InsGov,NumPumpBolusOrShortAct,HbA1cImputeDtMnC,Pt_SHFlg,Pt_DKAFlg,bmi,bmiPerc,bmiZscore,GFR,diagAgeCombo,Pt_A1cGoalLev,Pt_A1cGoalLevelDsYr5
16193,4.0,0.0,0.0,0.0,0.0,0.0,0.0,113.0,76.0,30.0,82.508452103,166.11599999999999,0.0,28,21.0,0.6302384625,96.0,56.0,174.0,112.0,14.0,3.4,0.0,30.0,5.0,0.0,8.1,0.0,0.0,0.0,0.0,0.0,0.0,29.900297519000002,0.0,0.4180387117,0.0,7.0,0.0,0.0
16193,14.0,0.0,0.0,0.0,0.0,0.0,0.0,126.0,82.0,7.0,78.5,165.0,0.0,29,22.0,0.6751592356999999,0.0,0.0,0.0,0.0,0.0,11.7,0.0,0.0,7.0,0.0,7.6,0.0,0.0,0.0,12.315,0.0,0.0,28.83379247,0.0,0.27423303050000003,0.0,7.0,5.9,0.0
16193,0.0,0.0,0.0,0.0,0.0,0.0,0.0,117.0,73.0,3.0,86.0,166.0,0.0,31,24.0,0.6744186047,68.0,55.0,134.0,53.0,13.0,6.5,22.0,3.0,0.0,0.31,7.5,0.0,0.0,0.0,34.622,0.0,0.0,31.209174045999998,0.0,0.3795578328,85.0,7.0,0.0,0.0
16193,0.0,0.0,0.0,0.0,0.0,0.0,0.0,110.0,75.0,2.0,78.0,166.0,0.0,32,25.0,0.5641025640999999,0.0,0.0,0.0,0.0,0.0,6.5,26.0,2.0,0.0,0.0,9.2,0.0,0.0,0.0,51.552,0.0,0.0,28.305995065,0.0,0.046567090400000004,0.0,7.0,0.0,0.0
16193,30.0,0.0,0.0,0.0,0.0,0.0,0.0,103.0,74.0,8.0,86.0,166.0,0.0,34,27.0,0.3604651163,53.0,55.0,121.0,63.0,15.0,6.5,15.0,8.0,10.0,0.579,7.2,0.0,0.0,6.0,71.834,0.0,0.0,31.209174045999998,0.0,0.3795578328,94.0,7.0,0.0,0.0
16193,0.0,0.0,0.0,0.0,0.0,0.0,0.0,124.0,85.0,11.0,96.5,165.1,0.0,34,27.0,0.2196891192,0.0,0.0,0.0,0.0,0.0,6.5,21.2,11.0,0.0,0.408,6.6,0.0,0.0,0.0,78.87100000000001,0.0,0.0,35.402437669,0.0,0.8605195566,0.0,7.0,0.0,0.0
