PtID,Pt_CGMUseNumDays,Pt_FatherT1D,Pt_MotherT1D,Pt_SiblingT1D,Pt_ChildT1D,Pt_GrandchildT1D,Pt_GrandparentT1D,BldPrSys,BldPrDia,SMBGperDayPtMeterCombo,WeightKg,HeightCm,DirectLDL,age,diabDur,TotalDailyInsPerKg,LDL,HDL,TotChol,Triglyc,BUN,AlbCreatRat_mggNew,UnitsInsBasalOrLongAct,BGTestAvgNumMeter,BGTestAvgNumPtRep,TSH,HbA1c,AutonomicNeuroCl,Pt_InsGov,NumPumpBolusOrShortAct,HbA1cImputeDtMnC,Pt_SHFlg,Pt_DKAFlg,bmi,bmiPerc,bmiZscore,GFR,diagAgeCombo,Pt_A1cGoalLev,Pt_A1cGoalLevelDsYr5
16196,0.0,0.0,0.0,0.0,0.0,0.0,0.0,146.0,64.0,1.0,66.2,165.6,0.0,17,10.0,1.5709969788999998,0.0,0.0,0.0,0.0,0.0,0.0,0.0,1.0,6.0,0.0,7.8,0.0,1.0,6.0,-0.266,0.0,0.0,24.140003266999997,0.7989504359999999,0.8378781742,0.0,6.0,0.0,0.0
16196,0.0,0.0,0.0,1.0,0.0,0.0,0.0,132.0,81.0,8.0,65.5,166.5,0.0,18,12.0,0.9160305343999999,0.0,0.0,0.0,0.0,0.0,0.0,0.0,0.0,8.0,0.0,7.8,0.0,1.0,0.0,14.870999999999999,0.0,0.0,23.627230834000002,0.7376402255,0.6360872597,0.0,6.0,7.0,0.0
16196,0.0,0.0,0.0,0.0,0.0,0.0,0.0,126.0,80.0,0.0,64.4,166.5,0.0,19,13.0,0.0,0.0,0.0,0.0,0.0,0.0,0.0,35.0,0.0,0.0,0.0,8.5,0.0,0.0,0.0,24.0,0.0,0.0,23.230437645,0.6791761253,0.4653962078,0.0,6.0,0.0,0.0
16196,0.0,0.0,0.0,0.0,0.0,0.0,0.0,132.0,73.0,0.0,64.6,166.5,0.0,20,14.0,0.0,0.0,0.0,0.0,0.0,0.0,0.0,35.0,0.0,0.0,0.0,0.0,0.0,0.0,0.0,0.0,0.0,0.0,23.302581861,0.6651657156,-0.47158576399999996,0.0,6.0,0.0,0.0
16196,0.0,0.0,0.0,0.0,0.0,0.0,0.0,131.0,82.0,0.0,68.3,166.5,0.0,21,15.0,0.5856515373,0.0,0.0,0.0,0.0,0.0,0.0,25.0,0.0,0.0,0.0,0.0,0.0,0.0,0.0,0.0,0.0,0.0,24.637249861999997,0.0,-0.291621458,0.0,6.0,0.0,0.0
