PtID,Pt_CGMUseNumDays,Pt_FatherT1D,Pt_MotherT1D,Pt_SiblingT1D,Pt_ChildT1D,Pt_GrandchildT1D,Pt_GrandparentT1D,BldPrSys,BldPrDia,SMBGperDayPtMeterCombo,WeightKg,HeightCm,DirectLDL,age,diabDur,TotalDailyInsPerKg,LDL,HDL,TotChol,Triglyc,BUN,AlbCreatRat_mggNew,UnitsInsBasalOrLongAct,BGTestAvgNumMeter,BGTestAvgNumPtRep,TSH,HbA1c,AutonomicNeuroCl,Pt_InsGov,NumPumpBolusOrShortAct,HbA1cImputeDtMnC,Pt_SHFlg,Pt_DKAFlg,bmi,bmiPerc,bmiZscore,GFR,diagAgeCombo,Pt_A1cGoalLev,Pt_A1cGoalLevelDsYr5
16227,30.0,0.0,0.0,0.0,0.0,0.0,0.0,108.0,72.0,6.0,86.1825503,182.88,0.0,58,37.0,0.6845933405,47.0,41.0,0.0,78.0,21.0,2.7,0.0,6.0,7.0,0.0,7.3,0.0,0.0,8.0,0.0,1.0,0.0,25.768368081,0.0,-0.38802037,0.0,21.0,0.0,0.0
16227,30.0,0.0,0.0,0.0,0.0,0.0,0.0,108.0,72.0,5.0,83.46099608,182.88,0.0,60,39.0,0.4193575639,84.0,46.0,0.0,69.0,16.0,0.0,0.0,5.0,6.0,0.0,7.4,0.0,0.0,9.0,14.407,0.0,0.0,24.954630142,0.0,-0.752079079,0.0,21.0,7.5,0.0
16227,0.0,0.0,0.0,0.0,0.0,0.0,0.0,0.0,0.0,6.0,0.0,0.0,0.0,61,40.0,0.0,62.0,47.0,127.0,88.0,17.0,2.8,34.0,6.0,0.0,1.04,7.6,0.0,0.0,5.0,33.693000000000005,0.0,0.0,0.0,0.0,0.0,0.0,21.0,0.0,0.0
16227,0.0,0.0,0.0,0.0,0.0,0.0,0.0,124.0,66.0,3.0,0.0,0.0,0.0,62,41.0,0.0,0.0,0.0,0.0,0.0,0.0,2.8,0.0,0.0,3.0,0.0,0.0,0.0,0.0,0.0,0.0,0.0,0.0,0.0,0.0,0.0,0.0,21.0,0.0,0.0
16227,0.0,0.0,0.0,0.0,0.0,0.0,0.0,118.0,62.0,10.0,85.0,183.0,0.0,63,42.0,0.0,0.0,0.0,0.0,0.0,19.0,2.8,16.0,0.0,10.0,0.0,0.0,0.0,0.0,0.0,0.0,0.0,0.0,25.381468541999997,0.0,-0.6707137710000001,0.0,21.0,0.0,0.0
16227,0.0,0.0,0.0,0.0,0.0,0.0,0.0,128.0,81.0,0.0,85.0,182.0,0.0,64,43.0,0.0,86.0,58.0,157.0,63.0,17.0,2.8,15.0,0.0,0.0,1.2,8.4,0.0,0.0,0.0,70.905,0.0,0.0,25.661152035,0.0,-0.617399605,0.0,21.0,0.0,0.0
