PtID,Pt_CGMUseNumDays,Pt_FatherT1D,Pt_MotherT1D,Pt_SiblingT1D,Pt_ChildT1D,Pt_GrandchildT1D,Pt_GrandparentT1D,BldPrSys,BldPrDia,SMBGperDayPtMeterCombo,WeightKg,HeightCm,DirectLDL,age,diabDur,TotalDailyInsPerKg,LDL,HDL,TotChol,Triglyc,BUN,AlbCreatRat_mggNew,UnitsInsBasalOrLongAct,BGTestAvgNumMeter,BGTestAvgNumPtRep,TSH,HbA1c,AutonomicNeuroCl,Pt_InsGov,NumPumpBolusOrShortAct,HbA1cImputeDtMnC,Pt_SHFlg,Pt_DKAFlg,bmi,bmiPerc,bmiZscore,GFR,diagAgeCombo,Pt_A1cGoalLev,Pt_A1cGoalLevelDsYr5
16249,0.0,0.0,0.0,0.0,0.0,0.0,0.0,102.0,69.0,13.0,0.0,0.0,0.0,25,19.0,0.0,86.0,90.0,192.0,79.0,0.0,5.6,0.0,13.0,14.0,0.0,0.0,0.0,0.0,7.0,0.0,0.0,0.0,0.0,0.0,0.0,0.0,6.0,0.0,0.0
16249,0.0,0.0,0.0,0.0,0.0,0.0,0.0,105.0,67.0,12.0,0.0,0.0,0.0,27,21.0,0.0,0.0,0.0,0.0,0.0,7.0,0.0,0.0,12.0,14.0,0.0,7.6,0.0,0.0,7.0,22.274,0.0,0.0,0.0,0.0,0.0,0.0,6.0,6.5,0.0
16249,0.0,0.0,0.0,0.0,0.0,0.0,0.0,128.0,74.0,12.0,0.0,0.0,0.0,28,22.0,0.0,0.0,0.0,0.0,0.0,0.0,2.3,20.0,12.0,0.0,0.0,7.1,0.0,0.0,8.0,33.361,0.0,0.0,0.0,0.0,0.0,0.0,6.0,0.0,0.0
16249,0.0,0.0,0.0,0.0,0.0,0.0,0.0,123.0,81.0,12.0,85.72895793,177.8,0.0,29,23.0,0.41992811840000005,0.0,0.0,0.0,0.0,0.0,2.3,18.0,12.0,0.0,0.0,7.7,0.0,0.0,8.0,45.07899999999999,0.0,0.0,27.118398071999998,0.0,0.0429322408,0.0,6.0,0.0,0.0
16249,0.0,0.0,0.0,0.0,0.0,0.0,0.0,118.0,81.0,16.0,0.0,0.0,0.0,30,24.0,0.0,64.0,77.0,0.0,197.0,9.0,7.0,21.0,16.0,15.0,1.307,8.4,0.0,0.0,8.0,60.216,0.0,0.0,0.0,0.0,0.0,0.0,6.0,0.0,0.0
16249,0.0,0.0,0.0,0.0,0.0,0.0,0.0,118.0,72.0,9.0,0.0,0.0,0.0,31,25.0,0.0,0.0,0.0,0.0,0.0,0.0,7.9,20.0,9.0,0.0,0.0,9.5,0.0,0.0,8.0,70.639,0.0,0.0,0.0,0.0,0.0,0.0,6.0,0.0,0.0
16249,0.0,0.0,0.0,0.0,0.0,0.0,0.0,121.0,70.0,14.0,0.0,0.0,0.0,32,26.0,0.0,55.0,72.0,170.0,214.0,0.0,7.9,31.0,14.0,0.0,0.0,6.9,0.0,0.0,3.0,83.81700000000001,0.0,0.0,0.0,0.0,0.0,0.0,6.0,0.0,0.0
