PtID,Pt_CGMUseNumDays,Pt_FatherT1D,Pt_MotherT1D,Pt_SiblingT1D,Pt_ChildT1D,Pt_GrandchildT1D,Pt_GrandparentT1D,BldPrSys,BldPrDia,SMBGperDayPtMeterCombo,WeightKg,HeightCm,DirectLDL,age,diabDur,TotalDailyInsPerKg,LDL,HDL,TotChol,Triglyc,BUN,AlbCreatRat_mggNew,UnitsInsBasalOrLongAct,BGTestAvgNumMeter,BGTestAvgNumPtRep,TSH,HbA1c,AutonomicNeuroCl,Pt_InsGov,NumPumpBolusOrShortAct,HbA1cImputeDtMnC,Pt_SHFlg,Pt_DKAFlg,bmi,bmiPerc,bmiZscore,GFR,diagAgeCombo,Pt_A1cGoalLev,Pt_A1cGoalLevelDsYr5
16276,0.0,1.0,0.0,0.0,0.0,0.0,0.0,102.0,62.0,4.0,36.5,134.9,0.0,9,3.0,1.0136986301000002,0.0,0.0,0.0,0.0,13.0,0.0,0.0,4.0,5.0,0.0,9.5,0.0,1.0,4.0,0.0,0.0,0.0,20.057138115999997,0.9012599640000001,1.2887642101999999,0.0,5.0,0.0,0.0
16276,0.0,1.0,0.0,0.0,0.0,0.0,0.0,118.0,69.0,4.0,42.7,142.0,0.0,10,5.0,0.0,69.0,43.0,127.0,75.0,0.0,0.0,0.0,4.0,7.0,0.0,8.4,0.0,1.0,4.0,13.411,0.0,0.0,21.176353898,0.9065710715,1.3199315968,0.0,5.0,7.0,0.0
16276,0.0,0.0,0.0,0.0,0.0,0.0,0.0,113.0,71.0,2.0,51.3,149.6,0.0,12,6.0,0.8187134503,0.0,0.0,0.0,0.0,0.0,9.8,27.0,2.0,0.0,2.32,12.5,0.0,0.0,0.0,27.851,0.0,0.0,22.922088135,0.8995536004000001,1.2790120878,0.0,5.0,0.0,0.0
16276,0.0,0.0,0.0,0.0,0.0,0.0,0.0,112.0,70.0,3.0,55.0,153.0,0.0,13,7.0,1.0,0.0,0.0,0.0,0.0,0.0,29.6,30.0,3.0,0.0,2.41,12.5,0.0,0.0,25.0,38.34,0.0,0.0,23.495236875,0.8887732242,1.2200298706000001,0.0,5.0,0.0,0.0
16276,0.0,0.0,0.0,0.0,0.0,0.0,0.0,102.0,66.0,1.0,68.6,156.5,0.0,14,8.0,0.4956268222,139.0,38.0,0.0,154.0,0.0,29.6,0.0,1.0,0.0,1.49,11.0,0.0,0.0,0.0,52.05,0.0,0.0,28.008859945,0.9589379635999999,1.7384924869999998,0.0,5.0,0.0,0.0
16276,0.0,0.0,0.0,0.0,0.0,0.0,0.0,121.0,62.0,1.0,71.6,157.5,0.0,15,9.0,0.9497206704000001,0.0,0.0,0.0,0.0,0.0,41.9,24.0,1.0,0.0,2.33,11.6,0.0,0.0,34.0,64.1,0.0,0.0,28.863693626,0.9583783090000001,1.7321695319,0.0,5.0,0.0,0.0
16276,0.0,0.0,0.0,0.0,0.0,0.0,0.0,119.0,64.0,2.0,77.5,158.1,0.0,15,9.0,0.9806451612999999,124.0,36.0,181.0,104.0,0.0,41.9,33.0,2.0,2.0,3.67,13.1,0.0,1.0,0.0,70.639,0.0,0.0,31.005444556,0.9738201066,1.9401637972,0.0,5.0,0.0,0.0
