PtID,Pt_CGMUseNumDays,Pt_FatherT1D,Pt_MotherT1D,Pt_SiblingT1D,Pt_ChildT1D,Pt_GrandchildT1D,Pt_GrandparentT1D,BldPrSys,BldPrDia,SMBGperDayPtMeterCombo,WeightKg,HeightCm,DirectLDL,age,diabDur,TotalDailyInsPerKg,LDL,HDL,TotChol,Triglyc,BUN,AlbCreatRat_mggNew,UnitsInsBasalOrLongAct,BGTestAvgNumMeter,BGTestAvgNumPtRep,TSH,HbA1c,AutonomicNeuroCl,Pt_InsGov,NumPumpBolusOrShortAct,HbA1cImputeDtMnC,Pt_SHFlg,Pt_DKAFlg,bmi,bmiPerc,bmiZscore,GFR,diagAgeCombo,Pt_A1cGoalLev,Pt_A1cGoalLevelDsYr5
16285,0.0,0.0,0.0,0.0,0.0,0.0,0.0,116.0,63.0,4.0,53.7,162.2,0.0,11,4.0,0.9497206704000001,79.0,42.0,144.0,115.0,0.0,3.0,0.0,0.0,4.0,0.0,9.8,0.0,0.0,5.0,-3.485,0.0,0.0,20.41139024,0.8252142348999999,0.9354207058,0.0,7.0,0.0,0.0
16285,0.0,0.0,0.0,0.0,0.0,0.0,0.0,121.0,67.0,0.0,68.7,169.5,0.0,13,6.0,0.0,99.0,51.0,163.0,64.0,0.0,8.0,0.0,0.0,0.0,0.0,8.8,0.0,0.0,0.0,20.515,0.0,0.0,23.912078731999998,0.9020899241,1.2935521726,0.0,7.0,0.0,0.0
16285,0.0,0.0,0.0,0.0,0.0,0.0,0.0,114.0,69.0,2.0,68.3,169.1,0.0,14,7.0,0.8345534406999999,98.0,40.0,155.0,87.0,0.0,6.0,27.0,2.0,0.0,2.72,8.3,0.0,0.0,0.0,34.622,0.0,0.0,23.885453339,0.8736793937,1.1439576215,0.0,7.0,0.0,0.0
16285,0.0,0.0,0.0,0.0,0.0,0.0,0.0,118.0,72.0,0.0,66.2,169.3,0.0,15,8.0,0.0,80.0,43.0,138.0,73.0,8.0,30.0,0.0,0.0,0.0,1.72,8.7,0.0,0.0,0.0,46.971000000000004,0.0,0.0,23.096388345999998,0.8028440067,0.8518236345,0.0,7.0,0.0,0.0
16285,0.0,0.0,0.0,0.0,0.0,0.0,0.0,0.0,0.0,0.0,0.0,0.0,0.0,16,9.0,0.0,0.0,0.0,0.0,0.0,0.0,30.0,0.0,0.0,0.0,0.0,0.0,0.0,0.0,0.0,0.0,0.0,0.0,0.0,0.0,0.0,0.0,7.0,0.0,0.0
