PtID,Pt_CGMUseNumDays,Pt_FatherT1D,Pt_MotherT1D,Pt_SiblingT1D,Pt_ChildT1D,Pt_GrandchildT1D,Pt_GrandparentT1D,BldPrSys,BldPrDia,SMBGperDayPtMeterCombo,WeightKg,HeightCm,DirectLDL,age,diabDur,TotalDailyInsPerKg,LDL,HDL,TotChol,Triglyc,BUN,AlbCreatRat_mggNew,UnitsInsBasalOrLongAct,BGTestAvgNumMeter,BGTestAvgNumPtRep,TSH,HbA1c,AutonomicNeuroCl,Pt_InsGov,NumPumpBolusOrShortAct,HbA1cImputeDtMnC,Pt_SHFlg,Pt_DKAFlg,bmi,bmiPerc,bmiZscore,GFR,diagAgeCombo,Pt_A1cGoalLev,Pt_A1cGoalLevelDsYr5
1628,0.0,0.0,0.0,0.0,0.0,0.0,0.0,128.0,73.0,4.0,59.8,161.5,0.0,17,16.0,1.1204013378,117.0,56.0,193.0,98.0,15.0,9.0,0.0,4.0,5.0,0.0,10.0,0.0,1.0,0.0,0.0,0.0,0.0,22.927469831,0.715536187,0.5696315487,0.0,1.0,0.0,0.0
1628,0.0,0.0,0.0,0.0,0.0,0.0,1.0,119.0,76.0,2.0,58.4,161.1,0.0,18,17.0,1.0273972603000001,129.0,49.0,198.0,102.0,0.0,18.0,0.0,2.0,3.0,0.0,9.5,0.0,1.0,0.0,14.407,0.0,0.0,22.502033466999997,0.6409454424000001,0.3609870669,0.0,1.0,6.0,0.0
1628,0.0,0.0,0.0,0.0,0.0,0.0,0.0,121.0,80.0,3.0,58.2,161.9,0.0,19,18.0,0.0,91.0,50.0,158.0,87.0,0.0,15.0,54.0,3.0,3.0,1.84,10.3,0.0,0.0,0.0,25.095,0.0,0.0,22.203901248,0.5779951113,0.19676712649999997,0.0,1.0,0.0,0.0
1628,0.0,0.0,0.0,0.0,0.0,0.0,0.0,121.0,79.0,1.0,52.2,162.0,0.0,20,19.0,0.0,115.0,60.0,194.0,96.0,0.0,15.0,56.0,1.0,0.0,0.0,11.1,0.0,0.0,0.0,36.249,0.0,0.0,19.890260631,0.2620373339,-0.9316972090000001,0.0,1.0,0.0,0.0
1628,0.0,0.0,0.0,0.0,0.0,0.0,0.0,119.0,76.0,1.0,54.6,162.6,0.0,21,20.0,0.7326007326,0.0,0.0,0.0,0.0,11.0,14.0,18.0,1.0,0.0,1.84,9.7,0.0,0.0,0.0,44.548,0.0,0.0,20.651498028,0.0,-0.829053285,0.0,1.0,0.0,0.0
1628,0.0,0.0,0.0,0.0,0.0,0.0,0.0,118.0,83.0,0.0,54.6,161.0,0.0,22,21.0,0.0,110.0,63.0,0.0,66.0,0.0,14.0,20.0,0.0,0.0,2.57,11.1,0.0,0.0,0.0,58.123999999999995,0.0,0.0,21.06400216,0.0,-0.7734319470000001,0.0,1.0,0.0,0.0
