PtID,Pt_CGMUseNumDays,Pt_FatherT1D,Pt_MotherT1D,Pt_SiblingT1D,Pt_ChildT1D,Pt_GrandchildT1D,Pt_GrandparentT1D,BldPrSys,BldPrDia,SMBGperDayPtMeterCombo,WeightKg,HeightCm,DirectLDL,age,diabDur,TotalDailyInsPerKg,LDL,HDL,TotChol,Triglyc,BUN,AlbCreatRat_mggNew,UnitsInsBasalOrLongAct,BGTestAvgNumMeter,BGTestAvgNumPtRep,TSH,HbA1c,AutonomicNeuroCl,Pt_InsGov,NumPumpBolusOrShortAct,HbA1cImputeDtMnC,Pt_SHFlg,Pt_DKAFlg,bmi,bmiPerc,bmiZscore,GFR,diagAgeCombo,Pt_A1cGoalLev,Pt_A1cGoalLevelDsYr5
16329,0.0,0.0,0.0,0.0,0.0,0.0,0.0,124.0,69.0,7.0,30.5,131.7,0.0,7,0.0,0.09836065570000001,0.0,0.0,0.0,0.0,20.0,0.0,0.0,0.0,7.0,0.0,6.8,0.0,0.0,0.0,1.3940000000000001,0.0,0.0,17.584429766,0.8689210542,1.121305391,0.0,7.0,0.0,0.0
16329,0.0,1.0,0.0,0.0,0.0,0.0,0.0,109.0,69.0,6.0,34.8,140.5,0.0,9,1.0,0.6896551724,0.0,0.0,0.0,0.0,0.0,0.0,0.0,0.0,6.0,0.0,9.4,0.0,0.0,0.0,20.183,0.0,0.0,17.628956067,0.7558435557,0.6929946824,0.0,7.0,7.1,0.0
16329,0.0,0.0,0.0,0.0,0.0,0.0,0.0,108.0,65.0,3.0,37.5,144.6,0.0,10,2.0,0.9333333333,0.0,0.0,0.0,0.0,9.0,14.6,14.0,0.0,3.0,0.53,12.4,0.0,0.0,3.0,29.71,0.0,0.0,17.934723346,0.7160103577,0.5710300332,0.0,7.0,0.0,0.0
16329,0.0,0.0,0.0,0.0,0.0,0.0,0.0,118.0,70.0,4.0,45.0,150.7,0.0,11,3.0,1.0666666667,83.0,77.0,0.0,62.0,0.0,4.2,21.0,4.0,0.0,0.77,8.9,0.0,0.0,3.0,42.025,0.0,0.0,19.814631917,0.827316287,0.9436130401999999,0.0,7.0,0.0,0.0
16329,0.0,0.0,0.0,0.0,0.0,0.0,0.0,136.0,74.0,5.0,52.4,158.5,0.0,12,4.0,1.2022900763,0.0,0.0,0.0,0.0,13.0,4.5,25.0,5.0,0.0,0.0,10.7,0.0,0.0,4.0,51.552,0.0,0.0,20.858004359000002,0.8423905751999999,1.0043315117,0.0,7.0,0.0,0.0
16329,0.0,0.0,0.0,0.0,0.0,0.0,0.0,138.0,70.0,0.0,64.8,165.1,0.0,13,5.0,0.787037037,71.0,91.0,0.0,175.0,0.0,4.5,22.0,0.0,0.0,0.531,10.2,0.0,0.0,0.0,63.535,0.0,0.0,23.772828610999998,0.9234408635,1.4286033423,0.0,7.0,0.0,0.0
