PtID,Pt_CGMUseNumDays,Pt_FatherT1D,Pt_MotherT1D,Pt_SiblingT1D,Pt_ChildT1D,Pt_GrandchildT1D,Pt_GrandparentT1D,BldPrSys,BldPrDia,SMBGperDayPtMeterCombo,WeightKg,HeightCm,DirectLDL,age,diabDur,TotalDailyInsPerKg,LDL,HDL,TotChol,Triglyc,BUN,AlbCreatRat_mggNew,UnitsInsBasalOrLongAct,BGTestAvgNumMeter,BGTestAvgNumPtRep,TSH,HbA1c,AutonomicNeuroCl,Pt_InsGov,NumPumpBolusOrShortAct,HbA1cImputeDtMnC,Pt_SHFlg,Pt_DKAFlg,bmi,bmiPerc,bmiZscore,GFR,diagAgeCombo,Pt_A1cGoalLev,Pt_A1cGoalLevelDsYr5
16335,0.0,0.0,0.0,0.0,0.0,0.0,0.0,92.0,59.0,4.0,32.6,131.3,0.0,9,5.0,0.6441717791,0.0,0.0,113.0,0.0,0.0,0.0,0.0,0.0,4.0,0.0,7.9,0.0,1.0,13.0,0.19899999999999998,0.0,0.0,18.909852787000002,0.8709236386,1.1307680690000002,0.0,4.0,0.0,0.0
16335,14.0,0.0,0.0,0.0,0.0,0.0,0.0,108.0,50.0,2.0,44.0,142.2,0.0,11,7.0,0.0,27.0,67.0,120.0,128.0,0.0,0.0,0.0,2.0,6.0,0.0,7.7,0.0,0.0,6.0,27.851,0.0,0.0,21.759729072,0.9187959993000001,1.3970185219,0.0,4.0,6.5,0.0
16335,0.0,0.0,0.0,0.0,0.0,0.0,0.0,111.0,54.0,0.0,51.0,150.5,0.0,12,8.0,1.0,0.0,0.0,0.0,0.0,0.0,6.3,25.0,0.0,0.0,0.0,8.8,0.0,0.0,0.0,40.0,0.0,0.0,22.516307766999997,0.9137191487999999,1.3640186297,0.0,4.0,0.0,0.0
16335,0.0,0.0,0.0,0.0,0.0,0.0,0.0,0.0,0.0,1.0,0.0,0.0,0.0,13,9.0,0.0,0.0,0.0,0.0,0.0,0.0,6.3,30.0,1.0,0.0,0.0,9.6,0.0,0.0,0.0,50.123999999999995,0.0,0.0,0.0,0.0,0.0,0.0,4.0,0.0,0.0
16335,0.0,0.0,0.0,0.0,0.0,0.0,0.0,120.0,74.0,5.0,67.5,160.4,0.0,14,10.0,0.8740740740999999,40.0,61.0,110.0,44.0,0.0,6.3,30.0,5.0,0.0,3.91,8.0,0.0,0.0,0.0,61.643,0.0,0.0,26.235844304,0.9531764189,1.6764649183000002,0.0,4.0,0.0,0.0
16335,0.0,0.0,0.0,0.0,0.0,0.0,0.0,0.0,0.0,4.0,68.9,159.6,0.0,15,11.0,0.8272859215999999,49.0,47.0,110.0,70.0,0.0,6.3,29.0,4.0,4.0,2.63,8.3,0.0,1.0,0.0,72.664,0.0,0.0,27.049139139,0.9534927225,1.6797058808,0.0,4.0,0.0,0.0
