PtID,Pt_CGMUseNumDays,Pt_FatherT1D,Pt_MotherT1D,Pt_SiblingT1D,Pt_ChildT1D,Pt_GrandchildT1D,Pt_GrandparentT1D,BldPrSys,BldPrDia,SMBGperDayPtMeterCombo,WeightKg,HeightCm,DirectLDL,age,diabDur,TotalDailyInsPerKg,LDL,HDL,TotChol,Triglyc,BUN,AlbCreatRat_mggNew,UnitsInsBasalOrLongAct,BGTestAvgNumMeter,BGTestAvgNumPtRep,TSH,HbA1c,AutonomicNeuroCl,Pt_InsGov,NumPumpBolusOrShortAct,HbA1cImputeDtMnC,Pt_SHFlg,Pt_DKAFlg,bmi,bmiPerc,bmiZscore,GFR,diagAgeCombo,Pt_A1cGoalLev,Pt_A1cGoalLevelDsYr5
16363,0.0,0.0,0.0,1.0,0.0,0.0,0.0,128.0,81.0,2.0,0.0,0.0,0.0,59,4.0,0.0,65.0,86.0,157.0,29.0,13.0,4.3,0.0,2.0,3.0,0.0,7.7,0.0,0.0,4.0,-0.39799999999999996,0.0,0.0,0.0,0.0,0.0,0.0,55.0,0.0,0.0
16363,0.0,0.0,0.0,1.0,0.0,0.0,0.0,131.0,84.0,1.0,72.5747792,170.18,0.0,61,5.0,0.3582511761,83.0,89.0,179.0,35.0,14.0,5.0,0.0,1.0,2.0,0.0,8.6,0.0,0.0,5.0,17.826,0.0,0.0,25.05928553,0.0,-0.56407479,0.0,55.0,7.0,0.0
16363,0.0,0.0,0.0,0.0,0.0,0.0,0.0,143.0,87.0,3.0,73.48196394,170.18,0.0,63,8.0,0.3266107588,86.0,81.0,176.0,44.0,17.0,0.0,13.0,3.0,0.0,0.0,8.5,0.0,0.0,5.0,49.626999999999995,0.0,0.0,25.372526599,0.0,-0.525162105,60.0,55.0,0.0,0.0
16363,2.0,0.0,0.0,0.0,0.0,0.0,0.0,132.0,67.0,4.0,74.84274105,170.18,0.0,65,10.0,0.3206723814,92.0,85.0,186.0,47.0,13.0,0.0,13.0,4.0,3.0,1.76,8.2,0.0,1.0,6.0,67.35300000000001,0.0,0.0,25.842388202,0.0,-0.466793078,88.0,55.0,0.0,0.0
