PtID,Pt_CGMUseNumDays,Pt_FatherT1D,Pt_MotherT1D,Pt_SiblingT1D,Pt_ChildT1D,Pt_GrandchildT1D,Pt_GrandparentT1D,BldPrSys,BldPrDia,SMBGperDayPtMeterCombo,WeightKg,HeightCm,DirectLDL,age,diabDur,TotalDailyInsPerKg,LDL,HDL,TotChol,Triglyc,BUN,AlbCreatRat_mggNew,UnitsInsBasalOrLongAct,BGTestAvgNumMeter,BGTestAvgNumPtRep,TSH,HbA1c,AutonomicNeuroCl,Pt_InsGov,NumPumpBolusOrShortAct,HbA1cImputeDtMnC,Pt_SHFlg,Pt_DKAFlg,bmi,bmiPerc,bmiZscore,GFR,diagAgeCombo,Pt_A1cGoalLev,Pt_A1cGoalLevelDsYr5
16425,0.0,0.0,0.0,0.0,0.0,0.0,0.0,134.0,66.0,5.0,63.04933943,165.1,0.0,40,30.0,0.6344237761,135.0,58.0,202.0,45.0,18.0,15.0,0.0,5.0,8.0,0.0,7.8,0.0,0.0,10.0,9.66,0.0,0.0,23.130573153,0.0,-0.488653423,0.0,10.0,0.0,0.0
16425,0.0,0.0,0.0,0.0,0.0,0.0,0.0,130.0,58.0,3.0,58.51341573,163.83,0.0,44,34.0,0.4956128375,90.0,61.0,176.0,125.0,17.0,0.0,15.0,3.0,0.0,1.22,9.0,0.0,0.0,4.0,40.564,0.0,0.0,21.800607121,0.0,-0.607476195,78.0,10.0,0.0,0.0
16425,0.0,0.0,0.0,0.0,0.0,0.0,0.0,124.0,72.0,3.0,60.100989025,163.83,0.0,45,35.0,0.46588251630000005,151.0,61.0,225.0,63.0,18.0,0.0,15.0,3.0,0.0,0.0,8.7,0.0,0.0,4.0,53.577,0.0,0.0,22.392096460999998,0.0,-0.554630933,78.0,10.0,0.0,0.0
16425,0.0,0.0,0.0,0.0,0.0,0.0,0.0,116.0,64.0,3.0,61.008173765,161.29,0.0,46,36.0,0.5409111266,97.0,60.0,168.0,56.0,19.0,8.0,15.0,3.0,10.0,0.0,8.1,0.0,0.0,4.0,65.39399999999999,0.0,0.0,23.451635802,0.0,-0.459968816,77.0,10.0,0.0,0.0
16425,0.0,0.0,0.0,0.0,0.0,0.0,0.0,132.0,62.0,3.0,61.23496995,161.29,0.0,47,37.0,0.5062466761,106.0,65.0,181.0,52.0,15.0,18.0,16.0,3.0,0.0,0.0,7.9,0.0,0.0,4.0,76.581,0.0,0.0,23.538816604,0.0,-0.452179847,77.0,10.0,0.0,0.0
