PtID,Pt_CGMUseNumDays,Pt_FatherT1D,Pt_MotherT1D,Pt_SiblingT1D,Pt_ChildT1D,Pt_GrandchildT1D,Pt_GrandparentT1D,BldPrSys,BldPrDia,SMBGperDayPtMeterCombo,WeightKg,HeightCm,DirectLDL,age,diabDur,TotalDailyInsPerKg,LDL,HDL,TotChol,Triglyc,BUN,AlbCreatRat_mggNew,UnitsInsBasalOrLongAct,BGTestAvgNumMeter,BGTestAvgNumPtRep,TSH,HbA1c,AutonomicNeuroCl,Pt_InsGov,NumPumpBolusOrShortAct,HbA1cImputeDtMnC,Pt_SHFlg,Pt_DKAFlg,bmi,bmiPerc,bmiZscore,GFR,diagAgeCombo,Pt_A1cGoalLev,Pt_A1cGoalLevelDsYr5
16434,0.0,0.0,0.0,1.0,0.0,0.0,0.0,108.0,57.0,7.0,28.8,126.8,0.0,9,6.0,0.7986111111,97.0,67.0,186.0,108.0,14.0,4.0,0.0,7.0,6.0,0.0,6.8,0.0,1.0,5.0,0.0,0.0,0.0,17.912408323,0.7883579421,0.8007366578,0.0,2.0,0.0,0.0
16434,0.0,0.0,0.0,0.0,0.0,0.0,0.0,121.0,61.0,9.0,29.1,129.2,0.0,10,7.0,0.8591065292,91.0,71.0,175.0,64.0,10.0,3.0,10.0,9.0,5.0,0.0,7.1,0.0,0.0,6.0,11.286,0.0,0.0,17.432832674,0.6447899402,0.37129191450000004,0.0,2.0,0.0,0.0
16434,0.0,0.0,0.0,0.0,0.0,0.0,0.0,107.0,66.0,10.0,35.9,134.1,0.0,11,8.0,0.8077994429,106.0,68.0,191.0,83.0,10.0,3.0,11.0,10.0,0.0,1.19,7.4,0.0,0.0,5.0,23.369,0.0,0.0,19.963509595999998,0.8374542844,0.9840489791,0.0,2.0,0.0,0.0
16434,0.0,0.0,0.0,0.0,0.0,0.0,0.0,108.0,66.0,7.0,38.5,139.0,0.0,11,9.0,0.8311688312000001,0.0,0.0,0.0,0.0,0.0,3.0,12.0,7.0,7.0,0.0,6.9,0.0,0.0,5.0,33.826,0.0,0.0,19.926504839,0.8349964773999999,0.9740996863,0.0,2.0,0.0,0.0
16434,0.0,0.0,0.0,0.0,0.0,0.0,0.0,110.0,68.0,6.0,42.7,142.5,0.0,12,10.0,0.7259953162,101.0,64.0,0.0,101.0,11.0,3.0,14.0,6.0,5.0,1.59,6.9,0.0,0.0,7.0,44.979,0.0,0.0,21.028008618,0.8521678106,1.0457761852,0.0,2.0,0.0,0.0
