PtID,Pt_CGMUseNumDays,Pt_FatherT1D,Pt_MotherT1D,Pt_SiblingT1D,Pt_ChildT1D,Pt_GrandchildT1D,Pt_GrandparentT1D,BldPrSys,BldPrDia,SMBGperDayPtMeterCombo,WeightKg,HeightCm,DirectLDL,age,diabDur,TotalDailyInsPerKg,LDL,HDL,TotChol,Triglyc,BUN,AlbCreatRat_mggNew,UnitsInsBasalOrLongAct,BGTestAvgNumMeter,BGTestAvgNumPtRep,TSH,HbA1c,AutonomicNeuroCl,Pt_InsGov,NumPumpBolusOrShortAct,HbA1cImputeDtMnC,Pt_SHFlg,Pt_DKAFlg,bmi,bmiPerc,bmiZscore,GFR,diagAgeCombo,Pt_A1cGoalLev,Pt_A1cGoalLevelDsYr5
16439,0.0,0.0,0.0,0.0,0.0,0.0,0.0,163.0,72.0,11.0,0.0,0.0,0.0,54,43.0,0.0,80.0,84.0,0.0,51.0,26.0,0.0,0.0,11.0,7.0,0.0,7.0,0.0,0.0,3.0,0.0,0.0,0.0,0.0,0.0,0.0,0.0,11.0,0.0,0.0
16439,0.0,0.0,1.0,0.0,0.0,0.0,0.0,146.0,70.0,5.0,67.3,157.5,0.0,56,45.0,0.37147102530000004,73.0,97.0,0.0,50.0,23.0,135.0,0.0,5.0,7.0,0.0,6.2,0.0,0.0,0.0,19.917,0.0,0.0,27.130259511,0.0,-0.212844368,0.0,11.0,5.6,0.0
16439,0.0,0.0,0.0,0.0,0.0,0.0,0.0,140.0,52.0,8.0,68.6,157.5,0.0,57,46.0,0.3644314869,46.0,120.0,0.0,59.0,26.0,0.0,17.0,8.0,0.0,0.88,5.8,0.0,0.0,0.0,32.73,0.0,0.0,27.654320988000002,0.0,-0.15895184699999998,0.0,11.0,0.0,0.0
16439,0.0,0.0,0.0,0.0,0.0,0.0,0.0,136.0,62.0,1.0,65.7,158.8,0.0,58,47.0,0.36529680369999995,0.0,0.0,0.0,0.0,0.0,0.0,17.0,1.0,0.0,0.0,6.3,0.0,0.0,0.0,47.402,0.0,0.0,26.053397966,0.0,-0.323584781,0.0,11.0,0.0,0.0
16439,0.0,0.0,0.0,0.0,0.0,0.0,0.0,132.0,56.0,9.0,59.8,157.5,0.0,60,49.0,0.3846153846,0.0,0.0,0.0,0.0,23.0,0.0,17.0,9.0,0.0,1.19,6.4,0.0,0.0,0.0,62.24100000000001,0.0,0.0,24.106827916,0.0,-0.682394788,57.0,11.0,0.0,0.0
16439,1.0,0.0,0.0,0.0,0.0,0.0,0.0,120.0,64.0,5.0,61.1,160.0,0.0,61,50.0,0.3927986907,84.0,83.0,178.0,83.0,27.0,0.0,16.0,5.0,0.0,0.0,0.0,0.0,0.0,5.0,0.0,0.0,0.0,23.8671875,0.0,-0.712164358,57.0,11.0,0.0,0.0
