PtID,Pt_CGMUseNumDays,Pt_FatherT1D,Pt_MotherT1D,Pt_SiblingT1D,Pt_ChildT1D,Pt_GrandchildT1D,Pt_GrandparentT1D,BldPrSys,BldPrDia,SMBGperDayPtMeterCombo,WeightKg,HeightCm,DirectLDL,age,diabDur,TotalDailyInsPerKg,LDL,HDL,TotChol,Triglyc,BUN,AlbCreatRat_mggNew,UnitsInsBasalOrLongAct,BGTestAvgNumMeter,BGTestAvgNumPtRep,TSH,HbA1c,AutonomicNeuroCl,Pt_InsGov,NumPumpBolusOrShortAct,HbA1cImputeDtMnC,Pt_SHFlg,Pt_DKAFlg,bmi,bmiPerc,bmiZscore,GFR,diagAgeCombo,Pt_A1cGoalLev,Pt_A1cGoalLevelDsYr5
16450,0.0,0.0,0.0,0.0,0.0,0.0,0.0,92.0,77.0,8.0,23.0,122.6,0.0,7,3.0,1.5652173913,0.0,0.0,0.0,0.0,16.0,0.0,0.0,8.0,8.0,0.0,7.7,0.0,0.0,6.0,0.0,0.0,0.0,15.301954125999998,0.44171319020000005,-0.146627077,0.0,3.0,0.0,0.0
16450,0.0,0.0,0.0,0.0,0.0,0.0,0.0,92.0,66.0,9.0,26.8,129.4,0.0,8,4.0,0.7462686567,0.0,0.0,0.0,0.0,0.0,0.0,0.0,9.0,9.0,0.0,8.5,0.0,0.0,0.0,15.800999999999998,0.0,0.0,16.005389277,0.5568902152,0.1430894087,0.0,3.0,7.0,0.0
16450,0.0,0.0,0.0,0.0,0.0,0.0,0.0,0.0,0.0,8.0,29.0,137.0,0.0,9,5.0,1.724137931,0.0,0.0,0.0,0.0,0.0,0.0,0.0,8.0,0.0,1.65,8.5,0.0,0.0,0.0,33.593,0.0,0.0,15.451009644,0.33569045340000003,-0.42425355600000003,0.0,3.0,0.0,0.0
16450,0.0,0.0,0.0,0.0,0.0,0.0,0.0,100.0,72.0,6.0,33.0,144.0,0.0,11,7.0,0.6363636364,0.0,0.0,0.0,0.0,21.0,0.0,12.0,6.0,8.0,0.0,8.3,0.0,0.0,7.0,48.763000000000005,0.0,0.0,15.914351852000001,0.2522841131,-0.667319261,0.0,3.0,0.0,0.0
16450,0.0,0.0,0.0,0.0,0.0,0.0,0.0,100.0,70.0,6.0,34.7,147.9,0.0,11,7.0,0.1729106628,0.0,0.0,0.0,0.0,0.0,21.3,5.0,6.0,10.0,0.0,8.8,0.0,0.0,8.0,59.053999999999995,0.0,0.0,15.863284998,0.24245496719999998,-0.698427418,0.0,3.0,0.0,0.0
16450,0.0,0.0,0.0,0.0,0.0,0.0,0.0,102.0,72.0,4.0,45.404596237,162.05200000000002,0.0,13,9.0,0.9360285856999999,0.0,0.0,0.0,0.0,17.0,21.3,18.7,4.0,6.0,1.53,0.0,0.0,0.0,8.0,0.0,0.0,0.0,17.289842111,0.3014758362,-0.520160559,0.0,3.0,0.0,0.0
