PtID,Pt_CGMUseNumDays,Pt_FatherT1D,Pt_MotherT1D,Pt_SiblingT1D,Pt_ChildT1D,Pt_GrandchildT1D,Pt_GrandparentT1D,BldPrSys,BldPrDia,SMBGperDayPtMeterCombo,WeightKg,HeightCm,DirectLDL,age,diabDur,TotalDailyInsPerKg,LDL,HDL,TotChol,Triglyc,BUN,AlbCreatRat_mggNew,UnitsInsBasalOrLongAct,BGTestAvgNumMeter,BGTestAvgNumPtRep,TSH,HbA1c,AutonomicNeuroCl,Pt_InsGov,NumPumpBolusOrShortAct,HbA1cImputeDtMnC,Pt_SHFlg,Pt_DKAFlg,bmi,bmiPerc,bmiZscore,GFR,diagAgeCombo,Pt_A1cGoalLev,Pt_A1cGoalLevelDsYr5
16459,0.0,0.0,0.0,0.0,0.0,0.0,0.0,96.0,59.0,5.0,24.7,121.2,0.0,7,1.0,0.4858299595,0.0,0.0,0.0,0.0,14.0,0.0,0.0,0.0,5.0,0.0,8.8,0.0,1.0,0.0,-0.332,0.0,0.0,16.814800292,0.7640150651000001,0.7192776403,0.0,6.0,0.0,0.0
16459,0.0,0.0,0.0,0.0,0.0,0.0,0.0,108.0,58.0,4.0,29.7,131.5,0.0,9,2.0,0.9090909091,0.0,0.0,0.0,0.0,0.0,0.0,0.0,4.0,5.0,0.0,9.7,0.0,1.0,0.0,23.369,0.0,0.0,17.175324206,0.6525318992,0.3921651371,0.0,6.0,8.0,0.0
16459,0.0,0.0,0.0,0.0,0.0,0.0,0.0,107.0,55.0,4.0,34.7,139.0,0.0,10,4.0,0.0,97.0,61.0,0.0,98.0,0.0,3.0,12.0,4.0,4.0,3.83,8.7,0.0,0.0,0.0,38.041,0.0,0.0,17.959732932999998,0.6700637568,0.4400892239,0.0,6.0,0.0,0.0
16459,0.0,0.0,0.0,0.0,0.0,0.0,0.0,100.0,55.0,3.0,40.6,145.8,0.0,11,5.0,0.0,0.0,0.0,0.0,0.0,0.0,16.0,17.0,3.0,4.0,0.0,9.5,0.0,0.0,3.0,52.282,0.0,0.0,19.099015695,0.7177665668000001,0.5762194409,0.0,6.0,0.0,0.0
16459,0.0,0.0,0.0,0.0,0.0,0.0,0.0,112.0,60.0,3.0,53.0,155.5,0.0,13,7.0,0.8188679245,0.0,0.0,0.0,0.0,0.0,9.0,25.4,3.0,2.0,3.64,11.1,0.0,1.0,2.0,78.241,0.0,0.0,21.918714653000002,0.8169052599,0.9036340495999999,0.0,6.0,0.0,0.0
