PtID,Pt_CGMUseNumDays,Pt_FatherT1D,Pt_MotherT1D,Pt_SiblingT1D,Pt_ChildT1D,Pt_GrandchildT1D,Pt_GrandparentT1D,BldPrSys,BldPrDia,SMBGperDayPtMeterCombo,WeightKg,HeightCm,DirectLDL,age,diabDur,TotalDailyInsPerKg,LDL,HDL,TotChol,Triglyc,BUN,AlbCreatRat_mggNew,UnitsInsBasalOrLongAct,BGTestAvgNumMeter,BGTestAvgNumPtRep,TSH,HbA1c,AutonomicNeuroCl,Pt_InsGov,NumPumpBolusOrShortAct,HbA1cImputeDtMnC,Pt_SHFlg,Pt_DKAFlg,bmi,bmiPerc,bmiZscore,GFR,diagAgeCombo,Pt_A1cGoalLev,Pt_A1cGoalLevelDsYr5
16454,0.0,0.0,0.0,0.0,0.0,0.0,0.0,85.0,54.0,8.0,32.0,138.7,0.0,10,0.0,0.8125,77.0,70.0,156.0,47.0,0.0,7.0,0.0,0.0,8.0,0.0,6.7,0.0,1.0,0.0,-2.523,0.0,0.0,16.634013750999998,0.4640080472,-0.090341183,0.0,9.0,0.0,0.0
16454,0.0,0.0,0.0,0.0,0.0,0.0,0.0,95.0,54.0,7.0,39.1,146.8,0.0,11,1.0,0.895140665,60.0,58.0,126.0,42.0,0.0,4.0,0.0,0.0,7.0,0.0,6.2,0.0,1.0,0.0,12.548,0.0,0.0,18.143649444,0.6038685195,0.26337317920000003,0.0,9.0,0.0,0.0
16454,0.0,0.0,0.0,0.0,0.0,0.0,0.0,82.0,50.0,5.0,44.3,151.4,0.0,12,2.0,0.9029345371999999,60.0,59.0,131.0,62.0,0.0,6.0,13.0,5.0,0.0,3.59,7.0,0.0,0.0,0.0,22.041,0.0,0.0,19.326445033,0.6638771443,0.4230679142,0.0,9.0,0.0,0.0
16454,0.0,0.0,0.0,0.0,0.0,0.0,0.0,103.0,55.0,4.0,49.0,154.8,0.0,13,3.0,0.9795918367,0.0,0.0,0.0,0.0,0.0,85.0,15.0,4.0,0.0,2.79,6.3,0.0,0.0,0.0,31.601999999999997,0.0,0.0,20.448156828,0.7058398259,0.5412716643,0.0,9.0,0.0,0.0
16454,0.0,0.0,0.0,0.0,0.0,0.0,0.0,99.0,66.0,4.0,51.8,157.8,0.0,14,4.0,0.7915057915000001,53.0,55.0,122.0,71.0,0.0,7.0,14.0,4.0,0.0,2.43,6.7,0.0,0.0,0.0,43.917,0.0,0.0,20.80251108,0.6745602347,0.45254066810000004,0.0,9.0,0.0,0.0
16454,0.0,0.0,0.0,0.0,0.0,0.0,0.0,111.0,59.0,5.0,60.5,160.8,0.0,16,6.0,0.8429752065999999,65.0,50.0,126.0,54.0,0.0,3.0,17.0,5.0,7.0,1.28,7.8,0.0,0.0,0.0,69.51,0.0,0.0,23.398245093000003,0.7852303856,0.7899803763,0.0,9.0,0.0,0.0
