PtID,Pt_CGMUseNumDays,Pt_FatherT1D,Pt_MotherT1D,Pt_SiblingT1D,Pt_ChildT1D,Pt_GrandchildT1D,Pt_GrandparentT1D,BldPrSys,BldPrDia,SMBGperDayPtMeterCombo,WeightKg,HeightCm,DirectLDL,age,diabDur,TotalDailyInsPerKg,LDL,HDL,TotChol,Triglyc,BUN,AlbCreatRat_mggNew,UnitsInsBasalOrLongAct,BGTestAvgNumMeter,BGTestAvgNumPtRep,TSH,HbA1c,AutonomicNeuroCl,Pt_InsGov,NumPumpBolusOrShortAct,HbA1cImputeDtMnC,Pt_SHFlg,Pt_DKAFlg,bmi,bmiPerc,bmiZscore,GFR,diagAgeCombo,Pt_A1cGoalLev,Pt_A1cGoalLevelDsYr5
16468,30.0,0.0,0.0,0.0,0.0,0.0,0.0,108.0,60.0,5.0,0.0,0.0,0.0,20,9.0,0.0,94.0,56.0,161.0,53.0,17.0,3.9,0.0,5.0,5.0,0.0,7.5,0.0,0.0,6.0,-0.19899999999999998,0.0,0.0,0.0,0.0,0.0,0.0,11.0,0.0,0.0
16468,0.0,0.0,0.0,0.0,0.0,0.0,0.0,128.0,70.0,4.0,77.3,174.6,0.0,21,10.0,0.7761966365,106.0,63.0,0.0,55.0,14.0,4.2,0.0,4.0,5.0,0.0,8.3,0.0,0.0,6.0,18.39,0.0,0.0,25.356599736,0.0,-0.24525471100000001,0.0,11.0,7.0,0.0
16468,0.0,0.0,0.0,0.0,0.0,0.0,0.0,132.0,82.0,3.0,79.0,175.4,0.0,22,11.0,0.7341772152,0.0,0.0,0.0,0.0,0.0,2.8,24.0,3.0,5.0,0.0,7.9,0.0,0.0,6.0,30.241,0.0,0.0,25.678397251999996,0.0,-0.18178170100000002,0.0,11.0,0.0,0.0
16468,0.0,0.0,0.0,0.0,0.0,0.0,0.0,129.0,77.0,5.0,77.8,175.3,0.0,24,13.0,0.822622108,110.0,67.0,0.0,76.0,16.0,2.8,24.0,5.0,4.0,3.62,8.6,0.0,0.0,6.0,43.253,0.0,0.0,25.317205384,0.0,-0.253025057,0.0,11.0,0.0,0.0
16468,0.0,0.0,0.0,0.0,0.0,0.0,0.0,260.0,72.0,5.0,78.4,175.1,0.0,25,14.0,0.5867346939,105.0,67.0,183.0,57.0,15.0,2.8,24.0,5.0,5.0,0.0,8.1,0.0,0.0,5.0,56.73,0.0,0.0,25.570767915999998,0.0,-0.203011069,0.0,11.0,0.0,0.0
16468,0.0,0.0,0.0,0.0,0.0,0.0,0.0,116.0,84.0,4.0,78.8,174.5,0.0,25,14.0,0.7157360406000001,0.0,0.0,0.0,0.0,0.0,0.0,26.0,4.0,5.0,0.0,7.5,0.0,0.0,5.0,63.17,0.0,0.0,25.878276861,0.0,-0.142356411,0.0,11.0,0.0,0.0
16468,0.0,0.0,0.0,0.0,0.0,0.0,0.0,142.0,80.0,2.0,78.2,176.0,0.0,27,16.0,0.6278772378999999,92.0,85.0,183.0,32.0,13.0,0.0,23.4,2.0,4.0,2.81,7.7,0.0,0.0,4.0,87.934,0.0,0.0,25.24535124,0.0,-0.26719794,90.1,11.0,0.0,0.0
