PtID,Pt_CGMUseNumDays,Pt_FatherT1D,Pt_MotherT1D,Pt_SiblingT1D,Pt_ChildT1D,Pt_GrandchildT1D,Pt_GrandparentT1D,BldPrSys,BldPrDia,SMBGperDayPtMeterCombo,WeightKg,HeightCm,DirectLDL,age,diabDur,TotalDailyInsPerKg,LDL,HDL,TotChol,Triglyc,BUN,AlbCreatRat_mggNew,UnitsInsBasalOrLongAct,BGTestAvgNumMeter,BGTestAvgNumPtRep,TSH,HbA1c,AutonomicNeuroCl,Pt_InsGov,NumPumpBolusOrShortAct,HbA1cImputeDtMnC,Pt_SHFlg,Pt_DKAFlg,bmi,bmiPerc,bmiZscore,GFR,diagAgeCombo,Pt_A1cGoalLev,Pt_A1cGoalLevelDsYr5
16477,0.0,0.0,0.0,0.0,0.0,0.0,0.0,120.0,60.0,2.0,64.1,162.7,0.0,21,3.0,0.5616224649,61.0,52.0,137.0,100.0,12.0,6.0,0.0,2.0,1.0,0.0,11.3,0.0,0.0,0.0,0.0,0.0,0.0,24.214913591,0.0,-0.348568544,0.0,18.0,0.0,0.0
16477,0.0,0.0,0.0,0.0,0.0,0.0,0.0,118.0,62.0,1.0,70.5,162.5,0.0,22,4.0,0.6524822695,0.0,0.0,0.0,0.0,0.0,27.6,0.0,1.0,2.0,0.0,11.7,0.0,0.0,0.0,10.722000000000001,0.0,0.0,26.698224852,0.0,-0.013723183,0.0,18.0,7.0,0.0
16477,0.0,0.0,0.0,0.0,0.0,0.0,0.0,118.0,64.0,1.0,75.5,162.9,0.0,23,5.0,0.6754966887,63.0,62.0,142.0,89.0,18.0,5.2,26.0,1.0,0.0,0.0,10.0,0.0,0.0,2.0,23.701,0.0,0.0,28.451474785,0.0,0.22268198050000002,0.0,18.0,0.0,0.0
16477,0.0,0.0,0.0,0.0,0.0,0.0,0.0,122.0,70.0,2.0,0.0,0.0,0.0,24,6.0,0.0,74.0,79.0,175.0,112.0,14.0,10.6,30.0,2.0,0.0,1.6,9.2,0.0,0.0,2.0,35.021,0.0,0.0,0.0,0.0,0.0,109.3,18.0,0.0,0.0
16477,0.0,0.0,0.0,0.0,0.0,0.0,0.0,116.0,66.0,1.0,87.7,161.3,0.0,25,7.0,1.1744583808,0.0,0.0,0.0,0.0,0.0,16.4,33.0,1.0,0.0,1.69,8.1,0.0,0.0,0.0,47.867,0.0,0.0,33.707834938000005,0.0,0.9314404184999999,0.0,18.0,0.0,0.0
16477,0.0,0.0,0.0,0.0,0.0,0.0,0.0,110.0,70.0,3.0,80.3,161.8,0.0,27,9.0,0.8468244085,45.0,51.0,118.0,111.0,8.0,14.7,36.0,3.0,3.0,1.29,8.5,0.0,0.0,2.0,68.282,0.0,0.0,30.673159343000002,0.0,0.5222500525,113.5,18.0,0.0,0.0
