PtID,Pt_CGMUseNumDays,Pt_FatherT1D,Pt_MotherT1D,Pt_SiblingT1D,Pt_ChildT1D,Pt_GrandchildT1D,Pt_GrandparentT1D,BldPrSys,BldPrDia,SMBGperDayPtMeterCombo,WeightKg,HeightCm,DirectLDL,age,diabDur,TotalDailyInsPerKg,LDL,HDL,TotChol,Triglyc,BUN,AlbCreatRat_mggNew,UnitsInsBasalOrLongAct,BGTestAvgNumMeter,BGTestAvgNumPtRep,TSH,HbA1c,AutonomicNeuroCl,Pt_InsGov,NumPumpBolusOrShortAct,HbA1cImputeDtMnC,Pt_SHFlg,Pt_DKAFlg,bmi,bmiPerc,bmiZscore,GFR,diagAgeCombo,Pt_A1cGoalLev,Pt_A1cGoalLevelDsYr5
16471,0.0,0.0,0.0,0.0,0.0,0.0,0.0,130.0,61.0,7.0,91.0,177.0,0.0,68,48.0,0.5494505495,51.0,44.0,126.0,0.0,16.0,0.0,0.0,7.0,8.0,0.0,7.8,0.0,1.0,6.0,0.0,0.0,0.0,29.04657027,0.0,0.0279396959,0.0,20.0,0.0,0.0
16471,0.0,0.0,0.0,0.0,0.0,0.0,0.0,128.0,59.0,8.0,90.0,175.0,1.0,69,49.0,0.5555555556,56.0,70.0,139.0,0.0,13.0,0.0,0.0,0.0,8.0,0.0,6.5,1.0,1.0,0.0,13.145,0.0,0.0,29.387755102,0.0,0.09297744470000001,0.0,20.0,0.0,0.0
16471,0.0,0.0,0.0,0.0,0.0,0.0,0.0,160.0,80.0,5.0,87.3,175.3,0.0,71,51.0,0.4352806415,0.0,0.0,0.0,0.0,22.0,0.0,17.0,5.0,0.0,0.0,8.3,1.0,0.0,0.0,30.041,0.0,0.0,28.408637918,0.0,0.174327858,0.0,20.0,0.0,0.0
16471,0.0,0.0,0.0,0.0,0.0,0.0,0.0,125.0,75.0,8.0,87.5,175.3,1.0,72,52.0,0.5257142857,84.0,61.0,0.0,0.0,26.0,0.0,18.0,8.0,0.0,0.0,8.0,1.0,0.0,0.0,41.858999999999995,0.0,0.0,28.473720708000002,0.0,0.1903384935,58.0,20.0,0.0,0.0
16471,0.0,0.0,0.0,0.0,0.0,0.0,0.0,0.0,0.0,9.0,88.9,175.3,1.0,73,53.0,0.5061867267,53.0,64.0,121.0,52.0,16.0,30.5,17.0,9.0,0.0,0.0,7.5,1.0,0.0,0.0,58.656000000000006,0.0,0.0,28.92930024,0.0,0.3024129419,0.0,20.0,0.0,0.0
