PtID,Pt_CGMUseNumDays,Pt_FatherT1D,Pt_MotherT1D,Pt_SiblingT1D,Pt_ChildT1D,Pt_GrandchildT1D,Pt_GrandparentT1D,BldPrSys,BldPrDia,SMBGperDayPtMeterCombo,WeightKg,HeightCm,DirectLDL,age,diabDur,TotalDailyInsPerKg,LDL,HDL,TotChol,Triglyc,BUN,AlbCreatRat_mggNew,UnitsInsBasalOrLongAct,BGTestAvgNumMeter,BGTestAvgNumPtRep,TSH,HbA1c,AutonomicNeuroCl,Pt_InsGov,NumPumpBolusOrShortAct,HbA1cImputeDtMnC,Pt_SHFlg,Pt_DKAFlg,bmi,bmiPerc,bmiZscore,GFR,diagAgeCombo,Pt_A1cGoalLev,Pt_A1cGoalLevelDsYr5
16518,0.0,0.0,0.0,1.0,0.0,0.0,1.0,71.0,49.0,7.0,35.2,129.0,0.0,7,3.0,0.45454545450000006,0.0,0.0,0.0,0.0,0.0,0.0,0.0,7.0,8.0,0.0,7.8,0.0,0.0,0.0,0.0,0.0,0.0,21.152574965,0.9826359098,2.1115137138,0.0,4.0,0.0,0.0
16518,0.0,0.0,0.0,1.0,0.0,0.0,1.0,107.0,55.0,7.0,41.8,137.5,0.0,8,4.0,1.2918660287000001,0.0,0.0,0.0,0.0,0.0,0.0,0.0,7.0,9.0,0.0,8.7,0.0,0.0,0.0,17.461,0.0,0.0,22.109090909000003,0.9790150697,2.033818877,0.0,4.0,7.5,0.0
16518,0.0,0.0,0.0,0.0,0.0,0.0,0.0,122.0,54.0,7.0,53.1,146.7,0.0,9,5.0,0.0,0.0,0.0,0.0,0.0,0.0,5.0,27.0,7.0,5.0,0.0,9.0,0.0,0.0,0.0,34.656,0.0,0.0,24.673700762,0.9846781223000001,2.1616682663,0.0,4.0,0.0,0.0
16518,0.0,0.0,0.0,0.0,0.0,0.0,0.0,131.0,61.0,7.0,64.8,152.0,0.0,10,6.0,0.8333333333,0.0,0.0,0.0,0.0,0.0,6.0,28.0,7.0,0.0,3.05,8.4,0.0,0.0,3.0,46.273999999999994,0.0,0.0,28.047091413,0.9893908459,2.3040772369,0.0,4.0,0.0,0.0
16518,0.0,0.0,0.0,0.0,0.0,0.0,0.0,120.0,62.0,3.0,66.9,159.8,0.0,12,8.0,1.0164424514000001,0.0,0.0,0.0,0.0,0.0,6.0,26.0,3.0,3.0,0.0,9.3,0.0,0.0,4.0,59.12,0.0,0.0,26.198267233000003,0.9715929801000001,1.9047387463,0.0,4.0,0.0,0.0
16518,0.0,0.0,0.0,0.0,0.0,0.0,0.0,123.0,61.0,2.0,70.9,167.9,0.0,13,9.0,0.0,0.0,0.0,0.0,0.0,0.0,9.9,35.0,2.0,3.0,1.47,12.0,0.0,0.0,3.0,75.087,0.0,1.0,25.15039689,0.9501527945,1.646336926,0.0,4.0,0.0,0.0
