PtID,Pt_CGMUseNumDays,Pt_FatherT1D,Pt_MotherT1D,Pt_SiblingT1D,Pt_ChildT1D,Pt_GrandchildT1D,Pt_GrandparentT1D,BldPrSys,BldPrDia,SMBGperDayPtMeterCombo,WeightKg,HeightCm,DirectLDL,age,diabDur,TotalDailyInsPerKg,LDL,HDL,TotChol,Triglyc,BUN,AlbCreatRat_mggNew,UnitsInsBasalOrLongAct,BGTestAvgNumMeter,BGTestAvgNumPtRep,TSH,HbA1c,AutonomicNeuroCl,Pt_InsGov,NumPumpBolusOrShortAct,HbA1cImputeDtMnC,Pt_SHFlg,Pt_DKAFlg,bmi,bmiPerc,bmiZscore,GFR,diagAgeCombo,Pt_A1cGoalLev,Pt_A1cGoalLevelDsYr5
16545,0.0,0.0,0.0,0.0,0.0,0.0,0.0,134.0,78.0,8.0,47.17360648,162.56,0.0,62,39.0,0.2119829444,95.0,85.0,0.0,76.0,34.0,5.3,0.0,0.0,8.0,0.0,6.8,0.0,0.0,0.0,0.0,1.0,0.0,17.851376046,0.0,-1.459484545,0.0,23.0,0.0,0.0
16545,0.0,0.0,0.0,0.0,0.0,0.0,0.0,121.0,65.0,8.0,48.98797596,154.94,0.0,64,41.0,0.0,106.0,85.0,206.0,77.0,16.0,0.0,10.0,0.0,8.0,1.99,6.8,0.0,0.0,0.0,26.755,0.0,0.0,20.406211932999998,0.0,-1.142107505,0.0,23.0,0.0,0.0
16545,0.0,0.0,0.0,0.0,0.0,0.0,0.0,116.0,67.0,0.0,48.08079122,154.94,0.0,65,42.0,0.0,97.0,91.0,206.0,88.0,16.0,37.5,12.0,0.0,0.0,2.47,6.5,0.0,0.0,0.0,41.394,0.0,0.0,20.028319119000003,0.0,-1.189051617,85.0,23.0,0.0,0.0
16545,0.0,0.0,0.0,0.0,0.0,0.0,0.0,102.0,56.0,0.0,49.4,153.1,0.0,66,43.0,0.0,65.0,72.0,149.0,60.0,17.0,5.0,6.0,0.0,0.0,1.93,6.5,0.0,0.0,0.0,55.17,0.0,0.0,21.075435982000002,0.0,-1.0589724790000001,85.0,23.0,0.0,0.0
16545,0.0,0.0,0.0,0.0,0.0,0.0,0.0,107.0,76.0,5.0,0.0,0.0,0.0,67,44.0,0.0,68.0,70.0,0.0,62.0,19.0,5.0,14.0,0.0,5.0,1.29,6.0,0.0,0.0,0.0,64.465,0.0,0.0,0.0,0.0,0.0,87.0,23.0,0.0,0.0
