PtID,Pt_CGMUseNumDays,Pt_FatherT1D,Pt_MotherT1D,Pt_SiblingT1D,Pt_ChildT1D,Pt_GrandchildT1D,Pt_GrandparentT1D,BldPrSys,BldPrDia,SMBGperDayPtMeterCombo,WeightKg,HeightCm,DirectLDL,age,diabDur,TotalDailyInsPerKg,LDL,HDL,TotChol,Triglyc,BUN,AlbCreatRat_mggNew,UnitsInsBasalOrLongAct,BGTestAvgNumMeter,BGTestAvgNumPtRep,TSH,HbA1c,AutonomicNeuroCl,Pt_InsGov,NumPumpBolusOrShortAct,HbA1cImputeDtMnC,Pt_SHFlg,Pt_DKAFlg,bmi,bmiPerc,bmiZscore,GFR,diagAgeCombo,Pt_A1cGoalLev,Pt_A1cGoalLevelDsYr5
16601,0.0,0.0,0.0,0.0,0.0,0.0,0.0,90.0,55.0,5.0,17.6,108.3,0.0,3,0.0,0.34090909090000004,0.0,0.0,0.0,0.0,16.0,0.0,0.0,5.0,6.0,0.0,9.0,0.0,0.0,0.0,0.19899999999999998,0.0,0.0,15.00568255,0.1732805948,-0.9412803890000001,0.0,3.0,0.0,0.0
16601,0.0,0.0,0.0,0.0,0.0,0.0,0.0,88.0,57.0,6.0,18.6,115.9,0.0,4,1.0,0.48387096770000004,0.0,0.0,0.0,0.0,0.0,0.0,0.0,0.0,6.0,0.0,8.0,0.0,0.0,0.0,12.315,0.0,0.0,13.846693282999999,0.0298446469,-1.8830817219999998,0.0,3.0,8.0,0.0
16601,0.0,0.0,0.0,0.0,0.0,0.0,0.0,90.0,55.0,11.0,21.3,123.3,0.0,6,2.0,0.7042253520999999,0.0,0.0,0.0,0.0,0.0,0.0,5.0,11.0,8.0,0.0,8.2,0.0,0.0,4.0,26.256999999999998,0.0,0.0,14.010494057,0.09416178539999999,-1.315554628,0.0,3.0,0.0,0.0
16601,0.0,0.0,0.0,0.0,0.0,0.0,0.0,101.0,64.0,10.0,23.8,130.5,0.0,7,3.0,0.6722689076,64.0,118.0,0.0,38.0,15.0,0.0,4.0,10.0,8.0,4.14,8.5,0.0,0.0,0.0,38.805,0.0,0.0,13.975132485,0.0881320033,-1.352348029,0.0,3.0,0.0,0.0
16601,0.0,0.0,0.0,0.0,0.0,0.0,0.0,114.0,70.0,8.0,27.0,137.0,1.0,8,4.0,0.7407407407,78.0,0.0,0.0,0.0,14.0,0.0,5.0,8.0,9.0,4.54,8.5,0.0,0.0,7.0,50.821999999999996,0.0,0.0,14.385422772,0.1470402656,-1.049212056,0.0,3.0,0.0,0.0
16601,0.0,0.0,0.0,0.0,0.0,0.0,0.0,100.0,68.0,8.0,29.3,143.2,0.0,8,5.0,0.8532423208,0.0,0.0,0.0,0.0,0.0,0.0,6.0,8.0,8.0,0.0,8.4,0.0,0.0,8.0,60.647,0.0,0.0,14.288333697,0.127255276,-1.1394618970000001,0.0,3.0,0.0,0.0
16601,0.0,0.0,0.0,0.0,0.0,0.0,0.0,96.0,66.0,7.0,31.8,146.2,0.0,9,5.0,0.7232704403,0.0,0.0,0.0,0.0,0.0,0.0,6.0,7.0,9.0,0.0,8.1,0.0,0.0,7.0,66.855,0.0,0.0,14.877582757999999,0.202020804,-0.834424869,0.0,3.0,0.0,0.0
16601,0.0,0.0,0.0,0.0,0.0,0.0,0.0,102.0,62.0,6.0,36.2,155.0,0.0,10,7.0,0.7375690608,0.0,0.0,0.0,0.0,15.0,0.0,6.8,6.0,0.0,2.79,8.6,0.0,0.0,11.0,85.444,0.0,0.0,15.067637877000001,0.17265523649999998,-0.9437244570000001,0.0,3.0,0.0,0.0
