PtID,Pt_CGMUseNumDays,Pt_FatherT1D,Pt_MotherT1D,Pt_SiblingT1D,Pt_ChildT1D,Pt_GrandchildT1D,Pt_GrandparentT1D,BldPrSys,BldPrDia,SMBGperDayPtMeterCombo,WeightKg,HeightCm,DirectLDL,age,diabDur,TotalDailyInsPerKg,LDL,HDL,TotChol,Triglyc,BUN,AlbCreatRat_mggNew,UnitsInsBasalOrLongAct,BGTestAvgNumMeter,BGTestAvgNumPtRep,TSH,HbA1c,AutonomicNeuroCl,Pt_InsGov,NumPumpBolusOrShortAct,HbA1cImputeDtMnC,Pt_SHFlg,Pt_DKAFlg,bmi,bmiPerc,bmiZscore,GFR,diagAgeCombo,Pt_A1cGoalLev,Pt_A1cGoalLevelDsYr5
16617,0.0,0.0,0.0,0.0,0.0,0.0,0.0,100.0,66.0,4.0,47.9,150.0,0.0,12,8.0,0.7724425887,85.0,51.0,0.0,136.0,0.0,5.7,0.0,0.0,4.0,0.0,10.9,0.0,1.0,25.0,-0.166,0.0,0.0,21.288888889000003,0.8272422747,0.9433235171,0.0,3.0,0.0,0.0
16617,0.0,0.0,0.0,0.0,0.0,0.0,0.0,122.0,76.0,4.0,55.2,152.0,0.0,13,9.0,0.9057971014,91.0,60.0,190.0,194.0,0.0,12.2,0.0,0.0,4.0,0.0,10.6,0.0,1.0,0.0,18.058,0.0,1.0,23.891966759000002,0.9014905798,1.2900916452,0.0,3.0,7.0,0.0
16617,0.0,0.0,0.0,0.0,0.0,0.0,0.0,112.0,80.0,0.0,65.6,153.8,0.0,17,13.0,0.0,91.0,50.0,152.0,147.0,0.0,12.0,34.0,0.0,0.0,1.59,11.4,0.0,0.0,0.0,60.481,0.0,0.0,27.732637086,0.9229199628,1.4249900603,0.0,3.0,0.0,0.0
16617,0.0,0.0,0.0,0.0,0.0,0.0,0.0,122.0,77.0,2.0,69.5,153.6,0.0,18,14.0,0.8057553956999999,103.0,52.0,173.0,102.0,0.0,5.1,34.0,0.0,2.0,1.42,10.5,0.0,1.0,0.0,73.42699999999999,0.0,0.0,29.457939996,0.9403406673,1.5576397707,0.0,3.0,0.0,0.0
