PtID,Pt_CGMUseNumDays,Pt_FatherT1D,Pt_MotherT1D,Pt_SiblingT1D,Pt_ChildT1D,Pt_GrandchildT1D,Pt_GrandparentT1D,BldPrSys,BldPrDia,SMBGperDayPtMeterCombo,WeightKg,HeightCm,DirectLDL,age,diabDur,TotalDailyInsPerKg,LDL,HDL,TotChol,Triglyc,BUN,AlbCreatRat_mggNew,UnitsInsBasalOrLongAct,BGTestAvgNumMeter,BGTestAvgNumPtRep,TSH,HbA1c,AutonomicNeuroCl,Pt_InsGov,NumPumpBolusOrShortAct,HbA1cImputeDtMnC,Pt_SHFlg,Pt_DKAFlg,bmi,bmiPerc,bmiZscore,GFR,diagAgeCombo,Pt_A1cGoalLev,Pt_A1cGoalLevelDsYr5
16635,0.0,0.0,0.0,0.0,0.0,0.0,0.0,114.0,65.0,3.0,59.87419284,162.56,0.0,20,5.0,0.7348742073000001,0.0,0.0,0.0,0.0,0.0,0.0,0.0,3.0,3.0,0.0,7.0,0.0,0.0,4.0,0.266,0.0,0.0,22.65751575,0.6047432635,-0.558565353,0.0,15.0,0.0,0.0
16635,0.0,0.0,0.0,0.0,0.0,0.0,0.0,113.0,65.0,4.0,0.0,0.0,0.0,22,7.0,0.0,70.0,32.0,147.0,227.0,10.0,8.0,0.0,4.0,4.0,0.0,7.2,0.0,0.0,5.0,24.531,0.0,0.0,0.0,0.0,0.0,0.0,15.0,6.0,0.0
16635,0.0,0.0,0.0,0.0,0.0,0.0,0.0,100.0,67.0,4.0,0.0,0.0,0.0,23,8.0,0.0,77.0,34.0,0.0,217.0,7.0,0.0,19.0,4.0,0.0,0.49,7.5,0.0,0.0,4.0,36.415,0.0,0.0,0.0,0.0,0.0,0.0,15.0,0.0,0.0
16635,0.0,0.0,0.0,0.0,0.0,0.0,0.0,104.0,65.0,6.0,0.0,0.0,0.0,24,9.0,0.0,68.0,32.0,122.0,114.0,12.0,0.0,19.0,6.0,0.0,0.01,6.5,0.0,0.0,9.0,49.793,0.0,0.0,0.0,0.0,0.0,90.1,15.0,0.0,0.0
16635,5.0,0.0,0.0,0.0,0.0,0.0,0.0,101.0,67.0,4.0,68.0,162.0,0.0,25,10.0,0.7352941176000001,0.0,0.0,0.0,0.0,0.0,0.0,19.0,4.0,4.0,0.0,6.9,0.0,0.0,5.0,62.971000000000004,0.0,0.0,25.910684346999997,0.0,-0.11991377199999999,0.0,15.0,0.0,0.0
16635,0.0,0.0,0.0,0.0,0.0,0.0,0.0,97.0,67.0,4.0,68.0,162.0,0.0,25,10.0,0.8823529412000001,0.0,0.0,0.0,0.0,0.0,0.0,19.0,4.0,0.0,0.0,7.2,0.0,0.0,7.0,68.05,0.0,0.0,25.910684346999997,0.0,-0.11991377199999999,0.0,15.0,0.0,0.0
