PtID,Pt_CGMUseNumDays,Pt_FatherT1D,Pt_MotherT1D,Pt_SiblingT1D,Pt_ChildT1D,Pt_GrandchildT1D,Pt_GrandparentT1D,BldPrSys,BldPrDia,SMBGperDayPtMeterCombo,WeightKg,HeightCm,DirectLDL,age,diabDur,TotalDailyInsPerKg,LDL,HDL,TotChol,Triglyc,BUN,AlbCreatRat_mggNew,UnitsInsBasalOrLongAct,BGTestAvgNumMeter,BGTestAvgNumPtRep,TSH,HbA1c,AutonomicNeuroCl,Pt_InsGov,NumPumpBolusOrShortAct,HbA1cImputeDtMnC,Pt_SHFlg,Pt_DKAFlg,bmi,bmiPerc,bmiZscore,GFR,diagAgeCombo,Pt_A1cGoalLev,Pt_A1cGoalLevelDsYr5
16674,0.0,0.0,0.0,0.0,0.0,0.0,0.0,102.0,57.0,0.0,82.5,177.6,0.0,23,12.0,0.6060606061,115.0,64.0,0.0,57.0,13.0,0.0,0.0,0.0,0.0,0.0,10.0,0.0,1.0,2.0,0.0,0.0,0.0,26.155801071,0.0,-0.087616098,0.0,11.0,0.0,0.0
16674,0.0,0.0,0.0,0.0,0.0,0.0,0.0,98.0,68.0,1.0,90.3,177.8,0.0,24,13.0,0.8305647841,122.0,55.0,0.0,70.0,14.0,3.6,0.0,0.0,1.0,0.0,8.2,0.0,0.0,0.0,12.812999999999999,0.0,0.0,28.564342843000002,0.0,0.38745716020000004,0.0,11.0,7.0,0.0
16674,0.0,0.0,0.0,0.0,0.0,0.0,0.0,131.0,68.0,0.0,90.1,176.6,0.0,25,14.0,0.6326304107,0.0,0.0,0.0,0.0,0.0,3.6,44.0,0.0,2.0,0.0,7.4,0.0,0.0,3.0,22.206999999999997,0.0,0.0,28.88972398,0.0,0.45163702149999996,0.0,11.0,0.0,0.0
16674,0.0,0.0,0.0,0.0,0.0,0.0,0.0,120.0,76.0,0.0,87.9,176.5,0.0,26,15.0,0.5802047782,0.0,0.0,0.0,0.0,0.0,0.0,40.0,0.0,0.0,0.0,7.9,0.0,0.0,3.0,31.668000000000003,0.0,0.0,28.216260463,0.0,0.318799588,0.0,11.0,0.0,0.0
16674,0.0,0.0,0.0,0.0,0.0,0.0,0.0,120.0,82.0,0.0,86.4,176.3,0.0,27,16.0,0.5555555556,110.0,69.0,195.0,82.0,11.0,0.0,42.0,0.0,2.0,0.758,8.8,0.0,0.0,1.0,38.838,0.0,0.0,27.797716276,0.0,0.236243764,90.1,11.0,0.0,0.0
16674,0.0,0.0,0.0,0.0,0.0,0.0,0.0,108.0,74.0,0.0,91.8,177.0,0.0,28,17.0,0.5664488017,0.0,0.0,0.0,0.0,0.0,3.4,47.0,0.0,2.0,0.0,8.3,0.0,0.0,2.0,52.315,0.0,0.0,29.301924734,0.0,0.5329416341,0.0,11.0,0.0,0.0
16674,0.0,0.0,0.0,0.0,0.0,0.0,0.0,110.0,78.0,0.0,93.8,177.6,0.0,29,18.0,0.5650319829,114.0,51.0,179.0,68.0,16.0,3.4,47.0,0.0,2.0,0.768,8.3,0.0,0.0,1.0,66.456,0.0,0.0,29.738353218,0.0,0.6190250495,90.1,11.0,0.0,0.0
