PtID,Pt_CGMUseNumDays,Pt_FatherT1D,Pt_MotherT1D,Pt_SiblingT1D,Pt_ChildT1D,Pt_GrandchildT1D,Pt_GrandparentT1D,BldPrSys,BldPrDia,SMBGperDayPtMeterCombo,WeightKg,HeightCm,DirectLDL,age,diabDur,TotalDailyInsPerKg,LDL,HDL,TotChol,Triglyc,BUN,AlbCreatRat_mggNew,UnitsInsBasalOrLongAct,BGTestAvgNumMeter,BGTestAvgNumPtRep,TSH,HbA1c,AutonomicNeuroCl,Pt_InsGov,NumPumpBolusOrShortAct,HbA1cImputeDtMnC,Pt_SHFlg,Pt_DKAFlg,bmi,bmiPerc,bmiZscore,GFR,diagAgeCombo,Pt_A1cGoalLev,Pt_A1cGoalLevelDsYr5
16677,0.0,0.0,0.0,0.0,0.0,0.0,0.0,110.0,70.0,9.0,101.15109851,179.07,0.0,53,28.0,0.4251066042,82.0,44.0,0.0,0.0,18.0,3.6,0.0,9.0,11.0,0.0,7.6,0.0,0.0,5.0,-0.332,0.0,0.0,31.544593584,0.0,0.37650028539999997,0.0,25.0,0.0,0.0
16677,0.0,0.0,0.0,0.0,0.0,0.0,0.0,110.0,70.0,8.0,106.59420695,177.8,0.0,56,31.0,0.5159755072,39.0,49.0,0.0,76.0,18.0,1.8,21.0,8.0,0.0,0.677,7.2,0.0,0.0,8.0,34.821999999999996,0.0,0.0,33.718643105,0.0,0.6642497446,95.0,25.0,0.0,0.0
16677,0.0,0.0,0.0,0.0,0.0,0.0,0.0,120.0,66.0,7.0,106.14061458,180.34,0.0,57,32.0,0.4616517456,55.0,53.0,0.0,91.0,17.0,2.1,19.0,7.0,0.0,0.897,7.5,0.0,0.0,7.0,51.053999999999995,0.0,0.0,32.636040793,0.0,0.5209603545,0.0,25.0,0.0,0.0
16677,28.0,0.0,0.0,0.0,0.0,0.0,0.0,118.0,64.0,7.0,97.97595192,179.1,0.0,59,34.0,0.6328083452000001,66.0,47.0,123.0,48.0,20.0,3.3,16.0,7.0,10.0,0.81,7.2,0.0,0.0,9.0,73.062,0.0,0.0,30.544169423000003,0.0,0.2440877032,91.0,25.0,0.0,0.0
16677,0.0,0.0,0.0,0.0,0.0,0.0,0.0,118.0,72.0,6.0,96.61517481,179.07,0.0,60,35.0,0.5226922179,57.0,51.0,118.0,51.0,23.0,3.3,16.8,6.0,0.0,0.85,6.9,0.0,0.0,8.0,84.81299999999999,0.0,0.0,30.130037818,0.0,0.2344737608,96.0,25.0,0.0,0.0
