PtID,Pt_CGMUseNumDays,Pt_FatherT1D,Pt_MotherT1D,Pt_SiblingT1D,Pt_ChildT1D,Pt_GrandchildT1D,Pt_GrandparentT1D,BldPrSys,BldPrDia,SMBGperDayPtMeterCombo,WeightKg,HeightCm,DirectLDL,age,diabDur,TotalDailyInsPerKg,LDL,HDL,TotChol,Triglyc,BUN,AlbCreatRat_mggNew,UnitsInsBasalOrLongAct,BGTestAvgNumMeter,BGTestAvgNumPtRep,TSH,HbA1c,AutonomicNeuroCl,Pt_InsGov,NumPumpBolusOrShortAct,HbA1cImputeDtMnC,Pt_SHFlg,Pt_DKAFlg,bmi,bmiPerc,bmiZscore,GFR,diagAgeCombo,Pt_A1cGoalLev,Pt_A1cGoalLevelDsYr5
16762,0.0,0.0,0.0,0.0,0.0,0.0,0.0,91.0,60.0,4.0,19.2,104.0,0.0,6,1.0,0.5208333333,0.0,0.0,0.0,0.0,0.0,0.0,0.0,0.0,4.0,0.0,7.1,0.0,1.0,0.0,0.0,0.0,0.0,17.75147929,0.9177130481,1.3898517369999999,0.0,5.0,0.0,0.0
16762,0.0,0.0,0.0,0.0,0.0,0.0,0.0,91.0,62.0,6.0,0.0,0.0,0.0,7,2.0,0.0,0.0,0.0,153.0,0.0,0.0,0.0,0.0,0.0,6.0,0.0,9.5,0.0,1.0,0.0,9.394,0.0,0.0,0.0,0.0,0.0,0.0,5.0,0.0,0.0
16762,0.0,0.0,0.0,0.0,0.0,0.0,0.0,121.0,88.0,0.0,0.0,0.0,0.0,9,4.0,0.0,0.0,0.0,151.0,0.0,0.0,9.0,0.0,0.0,0.0,1.73,8.7,0.0,0.0,0.0,26.921,0.0,0.0,0.0,0.0,0.0,0.0,5.0,0.0,0.0
16762,0.0,0.0,0.0,0.0,0.0,0.0,0.0,99.0,60.0,3.0,0.0,0.0,0.0,9,4.0,0.0,0.0,0.0,0.0,0.0,0.0,9.0,19.0,3.0,0.0,1.26,7.1,0.0,0.0,0.0,37.145,0.0,0.0,0.0,0.0,0.0,0.0,5.0,0.0,0.0
16762,0.0,0.0,0.0,0.0,0.0,0.0,0.0,104.0,71.0,2.0,29.0,133.0,0.0,10,5.0,0.7586206897,0.0,0.0,0.0,0.0,5.0,9.0,17.0,0.0,2.0,0.0,7.5,0.0,0.0,0.0,48.763000000000005,0.0,0.0,16.394369382,0.4527564345,-0.118700212,0.0,5.0,0.0,0.0
16762,0.0,0.0,0.0,0.0,0.0,0.0,0.0,108.0,53.0,5.0,39.6,150.2,0.0,11,6.0,0.2777777778,0.0,0.0,0.0,0.0,0.0,9.0,0.0,5.0,0.0,0.013999999999999999,7.3,0.0,0.0,0.0,58.123999999999995,0.0,0.0,17.553160367,0.5662072604,0.1667262129,0.0,5.0,0.0,0.0
16762,24.0,0.0,0.0,0.0,0.0,0.0,0.0,100.0,69.0,4.0,0.0,0.0,0.0,11,6.0,0.0,80.0,41.0,0.0,65.0,7.0,9.0,15.9,4.0,4.0,3.35,6.8,0.0,1.0,0.0,61.61,0.0,0.0,0.0,0.0,0.0,0.0,5.0,0.0,0.0
16762,0.0,0.0,0.0,0.0,0.0,0.0,0.0,94.0,57.0,4.0,34.3,146.4,0.0,12,7.0,0.5889212828,79.0,36.0,128.0,64.0,0.0,9.0,17.2,4.0,0.0,2.16,7.9,0.0,0.0,0.0,72.066,0.0,0.0,16.003389173,0.1788399589,-0.91979496,0.0,5.0,0.0,0.0
