PtID,Pt_CGMUseNumDays,Pt_FatherT1D,Pt_MotherT1D,Pt_SiblingT1D,Pt_ChildT1D,Pt_GrandchildT1D,Pt_GrandparentT1D,BldPrSys,BldPrDia,SMBGperDayPtMeterCombo,WeightKg,HeightCm,DirectLDL,age,diabDur,TotalDailyInsPerKg,LDL,HDL,TotChol,Triglyc,BUN,AlbCreatRat_mggNew,UnitsInsBasalOrLongAct,BGTestAvgNumMeter,BGTestAvgNumPtRep,TSH,HbA1c,AutonomicNeuroCl,Pt_InsGov,NumPumpBolusOrShortAct,HbA1cImputeDtMnC,Pt_SHFlg,Pt_DKAFlg,bmi,bmiPerc,bmiZscore,GFR,diagAgeCombo,Pt_A1cGoalLev,Pt_A1cGoalLevelDsYr5
16802,0.0,0.0,0.0,0.0,0.0,0.0,0.0,118.0,64.0,3.0,0.0,0.0,0.0,47,38.0,0.0,81.0,50.0,0.0,107.0,26.0,77.5,0.0,3.0,4.0,0.0,9.9,0.0,0.0,5.0,-0.365,0.0,0.0,0.0,0.0,0.0,0.0,9.0,0.0,0.0
16802,0.0,0.0,0.0,0.0,0.0,0.0,0.0,118.0,62.0,3.0,81.8,161.0,0.0,48,39.0,0.0,89.0,57.0,0.0,114.0,22.0,0.0,0.0,3.0,4.0,0.0,8.5,0.0,0.0,3.0,11.386,0.0,0.0,31.557424482,0.0,0.26422432149999997,0.0,9.0,7.0,0.0
16802,0.0,0.0,0.0,0.0,0.0,0.0,0.0,130.0,60.0,3.0,83.4,161.0,0.0,49,40.0,0.587529976,0.0,0.0,0.0,0.0,0.0,0.0,26.0,3.0,0.0,1.38,9.1,0.0,0.0,4.0,23.734,0.0,0.0,32.174684619000004,0.0,0.3193720156,0.0,9.0,0.0,0.0
16802,0.0,0.0,0.0,0.0,0.0,0.0,0.0,110.0,68.0,4.0,84.3,162.5,0.0,49,40.0,0.5575326216,84.0,56.0,166.0,131.0,18.0,0.0,26.0,4.0,0.0,0.0,7.8,0.0,0.0,3.0,33.759,0.0,0.0,31.924260355,0.0,0.296998433,48.0,9.0,0.0,0.0
16802,0.0,0.0,0.0,0.0,0.0,0.0,0.0,122.0,60.0,3.0,84.1,160.0,0.0,50,41.0,0.5350772889000001,71.0,48.0,161.0,210.0,20.0,0.0,32.0,3.0,0.0,1.95,8.7,0.0,0.0,3.0,45.411,0.0,0.0,32.8515625,0.0,0.375513026,0.0,9.0,0.0,0.0
16802,0.0,0.0,0.0,0.0,0.0,0.0,0.0,128.0,58.0,3.0,84.7,160.8,0.0,51,42.0,0.5194805195000001,0.0,0.0,0.0,0.0,25.0,0.0,31.0,3.0,0.0,0.0,9.3,0.0,0.0,3.0,58.556000000000004,0.0,0.0,32.75754313,0.0,0.3658444257,41.0,9.0,0.0,0.0
16802,0.0,0.0,0.0,0.0,0.0,0.0,0.0,118.0,68.0,4.0,79.4,161.1,0.0,52,43.0,0.4534005038,97.0,59.0,177.0,106.0,22.0,0.0,28.1,4.0,5.0,3.37,8.6,0.0,0.0,3.0,66.29,0.0,0.0,30.593518104,0.0,0.1433041883,50.0,9.0,0.0,0.0
