PtID,Pt_CGMUseNumDays,Pt_FatherT1D,Pt_MotherT1D,Pt_SiblingT1D,Pt_ChildT1D,Pt_GrandchildT1D,Pt_GrandparentT1D,BldPrSys,BldPrDia,SMBGperDayPtMeterCombo,WeightKg,HeightCm,DirectLDL,age,diabDur,TotalDailyInsPerKg,LDL,HDL,TotChol,Triglyc,BUN,AlbCreatRat_mggNew,UnitsInsBasalOrLongAct,BGTestAvgNumMeter,BGTestAvgNumPtRep,TSH,HbA1c,AutonomicNeuroCl,Pt_InsGov,NumPumpBolusOrShortAct,HbA1cImputeDtMnC,Pt_SHFlg,Pt_DKAFlg,bmi,bmiPerc,bmiZscore,GFR,diagAgeCombo,Pt_A1cGoalLev,Pt_A1cGoalLevelDsYr5
16801,0.0,0.0,0.0,0.0,0.0,0.0,0.0,91.0,47.0,3.0,30.0,134.8,0.0,8,0.0,0.5,0.0,0.0,143.0,0.0,16.0,0.0,0.0,3.0,5.0,0.0,8.2,0.0,0.0,0.0,-0.166,0.0,0.0,16.509787002,0.6372910554,0.351227222,0.0,8.0,0.0,0.0
16801,0.0,0.0,0.0,0.0,0.0,0.0,0.0,97.0,56.0,6.0,34.4,142.9,1.0,9,1.0,0.0,69.0,45.0,0.0,120.0,19.0,0.0,0.0,0.0,6.0,0.0,7.6,0.0,0.0,0.0,16.963,0.0,0.0,16.845890949,0.6007392237,0.2552609577,0.0,8.0,6.0,0.0
16801,0.0,0.0,0.0,0.0,0.0,0.0,0.0,93.0,59.0,3.0,45.5,156.6,0.0,11,3.0,0.8791208790999999,0.0,0.0,0.0,0.0,13.0,0.0,27.0,3.0,4.0,0.86,8.6,0.0,0.0,3.0,38.241,0.0,0.0,18.553586835999997,0.6567595208,0.4036352526,0.0,8.0,0.0,0.0
16801,0.0,0.0,0.0,0.0,0.0,0.0,0.0,98.0,56.0,4.0,49.5,161.1,0.0,12,4.0,1.2121212121,109.0,49.0,0.0,95.0,0.0,0.0,24.0,4.0,4.0,0.92,7.8,0.0,0.0,4.0,49.129,0.0,0.0,19.072785216,0.6345592189,0.3439530936,0.0,8.0,0.0,0.0
16801,0.0,0.0,0.0,0.0,0.0,0.0,0.0,104.0,63.0,1.0,49.6,162.4,0.0,13,5.0,1.2298387097,111.0,47.0,0.0,73.0,17.0,3.0,24.0,1.0,4.0,1.16,10.9,0.0,0.0,5.0,60.282,0.0,0.0,18.80657138,0.513535261,0.0339343796,0.0,8.0,0.0,0.0
16801,0.0,0.0,0.0,0.0,0.0,0.0,0.0,100.0,61.0,4.0,56.1,162.2,0.0,14,6.0,1.1586452763,95.0,48.0,157.0,72.0,0.0,3.0,24.0,4.0,5.0,1.06,8.7,0.0,0.0,4.0,69.344,0.0,0.0,21.323631145,0.7226035821,0.5905934782,0.0,8.0,0.0,0.0
