PtID,Pt_CGMUseNumDays,Pt_FatherT1D,Pt_MotherT1D,Pt_SiblingT1D,Pt_ChildT1D,Pt_GrandchildT1D,Pt_GrandparentT1D,BldPrSys,BldPrDia,SMBGperDayPtMeterCombo,WeightKg,HeightCm,DirectLDL,age,diabDur,TotalDailyInsPerKg,LDL,HDL,TotChol,Triglyc,BUN,AlbCreatRat_mggNew,UnitsInsBasalOrLongAct,BGTestAvgNumMeter,BGTestAvgNumPtRep,TSH,HbA1c,AutonomicNeuroCl,Pt_InsGov,NumPumpBolusOrShortAct,HbA1cImputeDtMnC,Pt_SHFlg,Pt_DKAFlg,bmi,bmiPerc,bmiZscore,GFR,diagAgeCombo,Pt_A1cGoalLev,Pt_A1cGoalLevelDsYr5
16843,0.0,0.0,0.0,0.0,0.0,0.0,0.0,100.0,72.0,10.0,40.4,142.2,0.0,11,1.0,0.6930693069,61.0,43.0,111.0,36.0,12.0,0.0,0.0,10.0,10.0,0.0,7.5,0.0,0.0,7.0,-2.6889999999999996,1.0,0.0,19.979387602,0.8384965687,0.9882977181999999,0.0,9.0,0.0,0.0
16843,0.0,0.0,0.0,0.0,0.0,0.0,0.0,110.0,68.0,7.0,45.2,148.5,0.0,12,2.0,0.7522123894,0.0,0.0,0.0,0.0,0.0,4.8,12.0,7.0,0.0,1.36,7.1,0.0,0.0,0.0,12.481,0.0,0.0,20.496774706,0.819191103,0.9122867374,0.0,9.0,0.0,0.0
16843,0.0,0.0,0.0,0.0,0.0,0.0,0.0,92.0,60.0,6.0,47.0,155.0,0.0,13,3.0,0.7446808511,70.0,50.0,0.0,56.0,0.0,4.8,16.0,6.0,6.0,1.31,7.4,0.0,0.0,0.0,25.361,0.0,0.0,19.562955255,0.6593040943,0.4105646195,0.0,9.0,0.0,0.0
16843,0.0,0.0,0.0,0.0,0.0,0.0,0.0,106.0,58.0,8.0,55.4,166.9,0.0,14,4.0,0.9205776173000001,0.0,0.0,0.0,0.0,0.0,4.8,21.0,8.0,11.0,2.07,8.3,0.0,0.0,0.0,38.739000000000004,0.0,0.0,19.888273852,0.608656281,0.2758185466,0.0,9.0,0.0,0.0
16843,0.0,0.0,0.0,0.0,0.0,0.0,0.0,110.0,70.0,4.0,61.0,172.7,0.0,15,5.0,0.8032786885,53.0,50.0,0.0,44.0,0.0,4.8,23.0,4.0,5.0,1.18,7.1,0.0,0.0,0.0,52.448,0.0,0.0,20.452441535,0.58779754,0.22188305739999997,0.0,9.0,0.0,0.0
16843,0.0,0.0,0.0,0.0,0.0,0.0,0.0,116.0,60.0,2.0,59.8,174.5,0.0,16,6.0,0.7190635451999999,0.0,0.0,0.0,0.0,0.0,6.9,24.0,0.0,2.0,0.0,7.9,0.0,0.0,0.0,63.501999999999995,0.0,0.0,19.638590816,0.3648231381,-0.345596102,0.0,9.0,0.0,0.0
