PtID,Pt_CGMUseNumDays,Pt_FatherT1D,Pt_MotherT1D,Pt_SiblingT1D,Pt_ChildT1D,Pt_GrandchildT1D,Pt_GrandparentT1D,BldPrSys,BldPrDia,SMBGperDayPtMeterCombo,WeightKg,HeightCm,DirectLDL,age,diabDur,TotalDailyInsPerKg,LDL,HDL,TotChol,Triglyc,BUN,AlbCreatRat_mggNew,UnitsInsBasalOrLongAct,BGTestAvgNumMeter,BGTestAvgNumPtRep,TSH,HbA1c,AutonomicNeuroCl,Pt_InsGov,NumPumpBolusOrShortAct,HbA1cImputeDtMnC,Pt_SHFlg,Pt_DKAFlg,bmi,bmiPerc,bmiZscore,GFR,diagAgeCombo,Pt_A1cGoalLev,Pt_A1cGoalLevelDsYr5
16878,0.0,0.0,0.0,0.0,0.0,0.0,0.0,110.0,70.0,3.0,83.46099608,170.18,0.0,30,2.0,0.5511556555,145.0,62.0,0.0,191.0,7.0,13.0,0.0,3.0,5.0,0.0,7.9,0.0,0.0,0.0,0.0,0.0,0.0,28.818178359,0.0,0.1053138285,0.0,28.0,0.0,0.0
16878,0.0,0.0,0.0,0.0,0.0,0.0,0.0,120.0,70.0,8.0,79.83225712,170.18,0.0,32,4.0,0.5010505959,122.0,67.0,0.0,136.0,10.0,5.0,0.0,8.0,7.0,0.0,6.4,0.0,0.0,7.0,20.183,0.0,0.0,27.565214083,0.0,-0.038399497000000005,0.0,28.0,7.0,0.0
16878,0.0,0.0,0.0,0.0,0.0,0.0,0.0,146.0,100.0,10.0,81.64662659999999,170.18,0.0,34,6.0,0.44092452439999996,0.0,0.0,0.0,0.0,9.0,34.0,20.0,10.0,0.0,0.62,7.4,0.0,0.0,8.0,46.407,0.0,0.0,28.191696220999997,0.0,0.033457166,0.0,28.0,0.0,0.0
16878,0.0,0.0,0.0,0.0,0.0,0.0,0.0,126.0,80.0,8.0,84.82177319,170.2,0.0,36,7.0,0.6248395666,0.0,0.0,0.0,0.0,0.0,34.0,25.0,8.0,0.0,0.0,7.5,0.0,0.0,8.0,62.938,0.0,0.0,29.281157161,0.0,0.1584168774,0.0,28.0,0.0,0.0
16878,0.0,0.0,0.0,0.0,0.0,0.0,0.0,118.0,88.0,5.0,82.55381134,170.18,0.0,37,8.0,0.5196610466,208.0,42.0,300.0,252.0,9.0,34.0,24.6,5.0,0.0,8.93,7.5,0.0,0.0,4.0,78.041,0.0,0.0,28.50493729,0.0,0.0693854973,103.0,28.0,0.0,0.0
