PtID,Pt_CGMUseNumDays,Pt_FatherT1D,Pt_MotherT1D,Pt_SiblingT1D,Pt_ChildT1D,Pt_GrandchildT1D,Pt_GrandparentT1D,BldPrSys,BldPrDia,SMBGperDayPtMeterCombo,WeightKg,HeightCm,DirectLDL,age,diabDur,TotalDailyInsPerKg,LDL,HDL,TotChol,Triglyc,BUN,AlbCreatRat_mggNew,UnitsInsBasalOrLongAct,BGTestAvgNumMeter,BGTestAvgNumPtRep,TSH,HbA1c,AutonomicNeuroCl,Pt_InsGov,NumPumpBolusOrShortAct,HbA1cImputeDtMnC,Pt_SHFlg,Pt_DKAFlg,bmi,bmiPerc,bmiZscore,GFR,diagAgeCombo,Pt_A1cGoalLev,Pt_A1cGoalLevelDsYr5
16901,0.0,0.0,0.0,0.0,0.0,0.0,0.0,110.0,70.0,8.0,0.0,0.0,0.0,10,0.0,0.0,95.0,61.0,0.0,58.0,12.0,0.0,0.0,8.0,8.0,0.0,6.8,0.0,0.0,6.0,0.166,0.0,0.0,0.0,0.0,0.0,0.0,9.0,0.0,0.0
16901,0.0,0.0,0.0,0.0,0.0,0.0,0.0,110.0,70.0,3.0,0.0,0.0,0.0,12,3.0,0.0,103.0,66.0,0.0,96.0,12.0,6.3,9.0,3.0,0.0,3.7,10.0,0.0,0.0,5.0,28.88,0.0,0.0,0.0,0.0,0.0,0.0,9.0,0.0,0.0
16901,0.0,0.0,0.0,0.0,0.0,0.0,0.0,100.0,72.0,3.0,35.38020486,151.13,0.0,13,4.0,0.9044605628,0.0,0.0,0.0,0.0,0.0,8.7,12.0,3.0,0.0,0.0,8.9,0.0,0.0,5.0,42.95399999999999,0.0,0.0,15.490269674,0.0540430733,-1.606855151,0.0,9.0,0.0,0.0
16901,0.0,0.0,0.0,0.0,0.0,0.0,0.0,98.0,62.0,3.0,36.74098197,152.4,0.0,14,5.0,1.1431376558,128.0,63.0,204.0,63.0,12.0,8.7,15.0,3.0,0.0,3.77,10.6,0.0,0.0,6.0,53.809,0.0,0.0,15.819065542,0.0401053828,-1.749464467,0.0,9.0,0.0,0.0
16901,0.0,0.0,0.0,0.0,0.0,0.0,0.0,110.0,60.0,1.0,48.08079122,170.2,0.0,16,7.0,1.2063029440000002,133.0,45.0,197.0,95.0,15.0,4.7,25.0,1.0,0.0,4.68,10.5,0.0,0.0,0.0,76.581,0.0,0.0,16.597875182,0.0237015822,-1.982680183,0.0,9.0,0.0,0.0
16901,20.0,0.0,0.0,0.0,0.0,0.0,0.0,98.0,62.0,2.0,47.62719885,175.26,0.0,17,8.0,0.8608526428000001,130.0,37.0,216.0,242.0,12.0,4.7,24.0,2.0,1.0,2.84,13.1,0.0,0.0,2.0,88.23200000000001,0.0,0.0,15.505630300999998,0.000579719,-3.2486751689999998,204.0,9.0,0.0,0.0
