PtID,Pt_CGMUseNumDays,Pt_FatherT1D,Pt_MotherT1D,Pt_SiblingT1D,Pt_ChildT1D,Pt_GrandchildT1D,Pt_GrandparentT1D,BldPrSys,BldPrDia,SMBGperDayPtMeterCombo,WeightKg,HeightCm,DirectLDL,age,diabDur,TotalDailyInsPerKg,LDL,HDL,TotChol,Triglyc,BUN,AlbCreatRat_mggNew,UnitsInsBasalOrLongAct,BGTestAvgNumMeter,BGTestAvgNumPtRep,TSH,HbA1c,AutonomicNeuroCl,Pt_InsGov,NumPumpBolusOrShortAct,HbA1cImputeDtMnC,Pt_SHFlg,Pt_DKAFlg,bmi,bmiPerc,bmiZscore,GFR,diagAgeCombo,Pt_A1cGoalLev,Pt_A1cGoalLevelDsYr5
16906,30.0,0.0,0.0,0.0,0.0,0.0,0.0,120.0,75.0,5.0,73.93555631,170.18,0.0,26,13.0,0.22992996670000002,73.0,55.0,0.0,120.0,8.0,10.0,0.0,0.0,5.0,0.0,6.1,0.0,0.0,0.0,0.0,0.0,0.0,25.529147133000002,0.0,-0.171359585,0.0,13.0,0.0,0.0
16906,30.0,0.0,0.0,0.0,0.0,0.0,0.0,132.0,85.0,8.0,71.21400209,170.18,0.0,27,14.0,0.322970193,0.0,0.0,0.0,0.0,0.0,0.0,0.0,8.0,4.0,0.0,6.0,0.0,0.0,0.0,10.921,0.0,0.0,24.589423926,0.0,-0.298070223,0.0,13.0,6.5,0.0
16906,0.0,0.0,0.0,0.0,0.0,0.0,0.0,117.0,77.0,4.0,70.30681735,170.18,0.0,28,15.0,0.0,0.0,0.0,0.0,0.0,16.0,0.0,18.0,4.0,0.0,0.98,6.8,0.0,0.0,0.0,24.365,0.0,0.0,24.276182857,0.0,-0.34030710299999994,0.0,13.0,0.0,0.0
16906,0.0,0.0,0.0,0.0,0.0,0.0,0.0,120.0,73.0,2.0,71.66759446,170.18,0.0,29,16.0,0.0,0.0,0.0,0.0,0.0,0.0,0.0,0.0,0.0,2.0,0.98,6.8,0.0,0.0,0.0,33.461,0.0,0.0,24.74604446,0.0,-0.276951784,0.0,13.0,0.0,0.0
16906,0.0,0.0,0.0,0.0,0.0,0.0,0.0,119.0,77.0,0.0,73.48196394,170.18,0.0,30,17.0,0.5035249197999999,0.0,0.0,0.0,0.0,0.0,0.0,13.0,0.0,0.0,0.0,7.0,0.0,0.0,4.0,52.05,0.0,0.0,25.372526599,0.0,-0.289897815,0.0,13.0,0.0,0.0
16906,0.0,0.0,0.0,0.0,0.0,0.0,0.0,130.0,79.0,0.0,66.67807839,170.18,0.0,31,18.0,0.5399075809,0.0,0.0,0.0,0.0,0.0,0.0,13.0,0.0,0.0,0.0,7.3,0.0,0.0,6.0,61.111999999999995,0.0,0.0,23.02321858,0.0,-0.5593603,0.0,13.0,0.0,0.0
16906,0.0,0.0,0.0,0.0,0.0,0.0,0.0,128.0,89.0,3.0,75.29633342,170.18,0.0,32,19.0,0.557796085,66.0,86.0,0.0,58.0,0.0,0.0,23.0,3.0,0.0,0.81,0.0,0.0,0.0,10.0,0.0,0.0,0.0,25.999008736999997,0.0,-0.21804115300000002,0.0,13.0,0.0,0.0
