PtID,Pt_CGMUseNumDays,Pt_FatherT1D,Pt_MotherT1D,Pt_SiblingT1D,Pt_ChildT1D,Pt_GrandchildT1D,Pt_GrandparentT1D,BldPrSys,BldPrDia,SMBGperDayPtMeterCombo,WeightKg,HeightCm,DirectLDL,age,diabDur,TotalDailyInsPerKg,LDL,HDL,TotChol,Triglyc,BUN,AlbCreatRat_mggNew,UnitsInsBasalOrLongAct,BGTestAvgNumMeter,BGTestAvgNumPtRep,TSH,HbA1c,AutonomicNeuroCl,Pt_InsGov,NumPumpBolusOrShortAct,HbA1cImputeDtMnC,Pt_SHFlg,Pt_DKAFlg,bmi,bmiPerc,bmiZscore,GFR,diagAgeCombo,Pt_A1cGoalLev,Pt_A1cGoalLevelDsYr5
16938,0.0,0.0,0.0,0.0,0.0,0.0,0.0,142.0,70.0,3.0,70.6,174.2,0.0,16,2.0,0.9631728045,101.0,50.0,163.0,60.0,14.0,0.0,0.0,3.0,6.0,0.0,6.0,0.0,0.0,0.0,0.0,0.0,0.0,23.265286216,0.794621754,0.822563096,0.0,13.0,0.0,0.0
16938,0.0,0.0,0.0,0.0,0.0,0.0,0.0,130.0,68.0,1.0,77.0,175.6,0.0,17,3.0,0.5194805195000001,106.0,48.0,176.0,108.0,11.0,29.9,0.0,1.0,5.0,0.0,7.4,0.0,0.0,0.0,13.544,0.0,0.0,24.971331614,0.8529392153,1.0491228745999999,0.0,13.0,6.3,0.0
16938,0.0,0.0,0.0,0.0,0.0,0.0,0.0,120.0,77.0,0.0,69.9,175.6,0.0,18,5.0,0.8440629471,140.0,50.0,207.0,83.0,0.0,31.0,28.0,0.0,0.0,1.3,8.7,0.0,0.0,6.0,28.381999999999998,0.0,0.0,22.668780256999998,0.6034892833,0.2623891545,0.0,13.0,0.0,0.0
16938,0.0,0.0,0.0,0.0,0.0,0.0,0.0,135.0,74.0,2.0,71.2,175.5,0.0,19,5.0,0.8146067416,0.0,0.0,0.0,0.0,0.0,29.9,27.0,2.0,0.0,0.0,10.3,0.0,0.0,7.0,39.17,0.0,0.0,23.116695481,0.5818009990999999,0.20650302539999998,0.0,13.0,0.0,0.0
16938,0.0,0.0,0.0,0.0,0.0,0.0,0.0,132.0,76.0,1.0,75.4,176.3,0.0,20,7.0,0.9018567639,0.0,0.0,0.0,0.0,0.0,30.0,30.0,1.0,0.0,0.0,8.5,0.0,0.0,27.0,56.033,0.0,0.0,24.258655175999998,0.6472275056,-0.461818984,0.0,13.0,0.0,0.0
16938,0.0,0.0,0.0,0.0,0.0,0.0,0.0,140.0,90.0,6.0,79.83225712,174.752,0.0,22,8.0,0.851786013,106.0,66.0,0.0,47.0,11.0,29.9,25.0,6.0,0.0,1.3,8.2,0.0,0.0,0.0,72.29899999999999,0.0,0.0,26.141716387,0.0,-0.090394234,98.0,13.0,0.0,0.0
