PtID,Pt_CGMUseNumDays,Pt_FatherT1D,Pt_MotherT1D,Pt_SiblingT1D,Pt_ChildT1D,Pt_GrandchildT1D,Pt_GrandparentT1D,BldPrSys,BldPrDia,SMBGperDayPtMeterCombo,WeightKg,HeightCm,DirectLDL,age,diabDur,TotalDailyInsPerKg,LDL,HDL,TotChol,Triglyc,BUN,AlbCreatRat_mggNew,UnitsInsBasalOrLongAct,BGTestAvgNumMeter,BGTestAvgNumPtRep,TSH,HbA1c,AutonomicNeuroCl,Pt_InsGov,NumPumpBolusOrShortAct,HbA1cImputeDtMnC,Pt_SHFlg,Pt_DKAFlg,bmi,bmiPerc,bmiZscore,GFR,diagAgeCombo,Pt_A1cGoalLev,Pt_A1cGoalLevelDsYr5
16932,0.0,1.0,0.0,0.0,0.0,0.0,0.0,0.0,0.0,2.0,62.59574706,157.48,0.0,42,3.0,0.6549965761,99.0,52.0,0.0,152.0,13.0,5.0,0.0,2.0,3.0,0.0,8.8,0.0,1.0,0.0,4.581,0.0,1.0,25.240271069000002,0.0,-0.300167292,0.0,39.0,0.0,0.0
16932,0.0,1.0,0.0,0.0,0.0,0.0,0.0,113.0,64.0,3.0,58.05982336,157.48,0.0,43,4.0,0.6544973409,94.0,50.0,0.0,81.0,10.0,6.3,0.0,0.0,3.0,0.0,9.3,0.0,1.0,0.0,12.116,0.0,0.0,23.411265919,0.0,-0.463575571,0.0,39.0,0.0,0.0
16932,0.0,0.0,0.0,0.0,0.0,0.0,0.0,113.0,64.0,1.0,0.0,0.0,0.0,44,5.0,0.0,0.0,0.0,0.0,0.0,0.0,6.3,20.0,1.0,0.0,0.0,9.2,0.0,0.0,3.0,28.78,0.0,0.0,0.0,0.0,0.0,0.0,39.0,0.0,0.0
16932,0.0,0.0,0.0,0.0,0.0,0.0,0.0,118.0,63.0,0.0,58.05982336,157.0,0.0,46,7.0,0.0,0.0,0.0,0.0,0.0,0.0,6.3,0.0,0.0,0.0,0.0,8.2,0.0,0.0,0.0,46.971000000000004,0.0,0.0,23.55463644,0.0,-0.45076646,0.0,39.0,0.0,0.0
16932,0.0,0.0,0.0,0.0,0.0,0.0,0.0,98.0,73.0,4.0,56.7,157.4,0.0,47,8.0,0.0,0.0,0.0,0.0,0.0,0.0,6.3,15.0,0.0,4.0,0.0,9.8,0.0,1.0,0.0,60.548,0.0,0.0,22.886195466999997,0.0,-0.510486788,0.0,39.0,0.0,0.0
