PtID,Pt_CGMUseNumDays,Pt_FatherT1D,Pt_MotherT1D,Pt_SiblingT1D,Pt_ChildT1D,Pt_GrandchildT1D,Pt_GrandparentT1D,BldPrSys,BldPrDia,SMBGperDayPtMeterCombo,WeightKg,HeightCm,DirectLDL,age,diabDur,TotalDailyInsPerKg,LDL,HDL,TotChol,Triglyc,BUN,AlbCreatRat_mggNew,UnitsInsBasalOrLongAct,BGTestAvgNumMeter,BGTestAvgNumPtRep,TSH,HbA1c,AutonomicNeuroCl,Pt_InsGov,NumPumpBolusOrShortAct,HbA1cImputeDtMnC,Pt_SHFlg,Pt_DKAFlg,bmi,bmiPerc,bmiZscore,GFR,diagAgeCombo,Pt_A1cGoalLev,Pt_A1cGoalLevelDsYr5
16963,0.0,0.0,0.0,0.0,0.0,0.0,0.0,0.0,0.0,7.0,78.01788764,190.5,0.0,30,20.0,0.3717096281,61.0,81.0,0.0,50.0,19.0,3.0,0.0,7.0,15.0,0.0,5.6,0.0,0.0,4.0,-0.465,0.0,0.0,21.498305369,0.0,-0.869989913,0.0,10.0,0.0,0.0
16963,0.0,0.0,0.0,0.0,0.0,0.0,0.0,0.0,0.0,6.0,79.0,190.5,0.0,31,21.0,0.4810126582,61.0,81.0,0.0,50.0,19.0,0.0,0.0,6.0,15.0,0.0,5.7,0.0,0.0,0.0,11.751,0.0,0.0,21.768932427,0.0,-0.8307605240000001,0.0,10.0,5.5,0.0
16963,0.0,0.0,0.0,0.0,0.0,0.0,0.0,120.0,80.0,0.0,81.64662659999999,193.04,0.0,34,24.0,0.0,0.0,0.0,0.0,0.0,0.0,0.0,0.0,0.0,0.0,0.0,5.2,0.0,0.0,0.0,45.643,0.0,0.0,21.910063076999997,0.0,-0.810302595,0.0,10.0,0.0,0.0
16963,0.0,0.0,0.0,0.0,0.0,0.0,0.0,110.0,80.0,0.0,78.47148001,191.0,0.0,35,25.0,0.0,0.0,0.0,0.0,0.0,0.0,0.0,0.0,0.0,0.0,0.0,5.4,0.0,0.0,0.0,61.71,0.0,0.0,21.510232726999998,0.0,-0.868260954,0.0,10.0,0.0,0.0
16963,0.0,0.0,0.0,0.0,0.0,0.0,0.0,120.0,70.0,0.0,78.0,193.0,0.0,37,26.0,0.0,0.0,0.0,0.0,0.0,0.0,0.0,0.0,0.0,0.0,0.0,5.1,0.0,0.0,0.0,74.556,0.0,0.0,20.940159467,0.0,-0.950897278,0.0,10.0,0.0,0.0
16963,30.0,0.0,0.0,0.0,0.0,0.0,0.0,120.0,80.0,10.0,78.0,193.0,0.0,38,27.0,0.0,0.0,0.0,0.0,0.0,0.0,0.0,0.0,0.0,10.0,0.0,5.1,0.0,0.0,0.0,86.539,0.0,0.0,20.940159467,0.0,-0.950897278,0.0,10.0,0.0,0.0
