PtID,Pt_CGMUseNumDays,Pt_FatherT1D,Pt_MotherT1D,Pt_SiblingT1D,Pt_ChildT1D,Pt_GrandchildT1D,Pt_GrandparentT1D,BldPrSys,BldPrDia,SMBGperDayPtMeterCombo,WeightKg,HeightCm,DirectLDL,age,diabDur,TotalDailyInsPerKg,LDL,HDL,TotChol,Triglyc,BUN,AlbCreatRat_mggNew,UnitsInsBasalOrLongAct,BGTestAvgNumMeter,BGTestAvgNumPtRep,TSH,HbA1c,AutonomicNeuroCl,Pt_InsGov,NumPumpBolusOrShortAct,HbA1cImputeDtMnC,Pt_SHFlg,Pt_DKAFlg,bmi,bmiPerc,bmiZscore,GFR,diagAgeCombo,Pt_A1cGoalLev,Pt_A1cGoalLevelDsYr5
16,0.0,0.0,0.0,0.0,0.0,0.0,0.0,138.0,78.0,6.0,59.87419284,157.48,0.0,57,15.0,0.5344539689,111.0,69.0,0.0,86.0,20.0,5.0,0.0,0.0,6.0,0.0,7.9,0.0,0.0,0.0,0.0,0.0,0.0,24.142867979000002,0.0,-0.520056537,0.0,42.0,0.0,0.0
16,0.0,0.0,0.0,0.0,0.0,0.0,0.0,148.0,71.0,5.0,59.87419284,157.48,0.0,58,16.0,0.5344539689,0.0,0.0,0.0,0.0,0.0,0.0,0.0,0.0,5.0,0.0,7.9,0.0,0.0,0.0,7.202999999999999,0.0,0.0,24.142867979000002,0.0,-0.520056537,0.0,42.0,7.5,0.0
16,0.0,0.0,0.0,0.0,0.0,0.0,0.0,146.0,73.0,0.0,61.23496995,157.48,0.0,60,18.0,0.0,115.0,61.0,199.0,115.0,18.0,0.3,22.0,0.0,0.0,1.82,7.3,0.0,0.0,3.0,29.011999999999997,0.0,0.0,24.691569524000002,0.0,-0.6097546779999999,77.0,42.0,0.0,0.0
16,0.0,0.0,0.0,0.0,0.0,0.0,0.0,0.0,0.0,0.0,0.0,0.0,0.0,61,19.0,0.0,94.0,57.0,174.0,116.0,17.0,3.0,22.0,0.0,0.0,1.19,7.5,0.0,0.0,0.0,44.315,0.0,0.0,0.0,0.0,0.0,94.0,42.0,0.0,0.0
16,0.0,0.0,0.0,0.0,0.0,0.0,0.0,161.0,73.0,0.0,57.8,157.5,1.0,62,20.0,0.0,99.0,54.0,170.0,86.0,18.0,3.0,24.0,0.0,0.0,2.43,8.5,0.0,0.0,0.0,57.095,0.0,0.0,23.300579491,0.0,-0.782551804,81.0,42.0,0.0,0.0
16,0.0,0.0,0.0,0.0,0.0,0.0,0.0,158.0,73.0,0.0,59.2,157.5,0.0,63,21.0,0.0,0.0,0.0,0.0,0.0,0.0,3.0,10.0,0.0,0.0,0.0,8.0,0.0,0.0,2.0,65.925,0.0,0.0,23.864953389,0.0,-0.7124418929999999,0.0,42.0,0.0,0.0
