PtID,Pt_CGMUseNumDays,Pt_FatherT1D,Pt_MotherT1D,Pt_SiblingT1D,Pt_ChildT1D,Pt_GrandchildT1D,Pt_GrandparentT1D,BldPrSys,BldPrDia,SMBGperDayPtMeterCombo,WeightKg,HeightCm,DirectLDL,age,diabDur,TotalDailyInsPerKg,LDL,HDL,TotChol,Triglyc,BUN,AlbCreatRat_mggNew,UnitsInsBasalOrLongAct,BGTestAvgNumMeter,BGTestAvgNumPtRep,TSH,HbA1c,AutonomicNeuroCl,Pt_InsGov,NumPumpBolusOrShortAct,HbA1cImputeDtMnC,Pt_SHFlg,Pt_DKAFlg,bmi,bmiPerc,bmiZscore,GFR,diagAgeCombo,Pt_A1cGoalLev,Pt_A1cGoalLevelDsYr5
17009,0.0,0.0,0.0,0.0,0.0,0.0,0.0,90.0,70.0,2.0,82.55381134,182.0,0.0,19,8.0,0.6904587332,82.0,61.0,0.0,46.0,16.0,4.0,0.0,2.0,4.0,0.0,7.3,0.0,0.0,5.0,0.0,0.0,0.0,24.922657691999998,0.7611549284,0.7100225651000001,0.0,10.0,0.0,0.0
17009,0.0,0.0,0.0,0.0,0.0,0.0,0.0,0.0,0.0,3.0,85.0,182.88,0.0,20,9.0,1.0235294118,0.0,0.0,0.0,0.0,0.0,0.0,0.0,3.0,5.0,0.0,7.5,0.0,0.0,0.0,13.344000000000001,0.0,0.0,25.414788484000002,0.7513568942000001,-0.23377726,0.0,10.0,6.8,0.0
17009,0.0,0.0,0.0,0.0,0.0,0.0,0.0,120.0,89.0,5.0,86.63614267,182.88,0.0,22,11.0,0.5540412872,75.0,50.0,0.0,49.0,17.0,2.0,35.0,5.0,4.0,1.13,7.3,0.0,0.0,4.0,27.32,0.0,0.0,25.903991071,0.0,-0.137284407,123.0,10.0,0.0,0.0
17009,0.0,0.0,0.0,0.0,0.0,0.0,0.0,110.0,80.0,1.0,86.1825503,183.6,0.0,22,12.0,0.6613867865999999,0.0,0.0,0.0,0.0,0.0,2.0,39.0,1.0,0.0,0.0,6.1,0.0,0.0,6.0,38.44,0.0,0.0,25.566659516999998,0.0,-0.20382143100000003,0.0,10.0,0.0,0.0
17009,0.0,0.0,0.0,0.0,0.0,0.0,0.0,0.0,0.0,0.0,86.1825503,182.8,0.0,24,13.0,0.0,54.0,63.0,125.0,42.0,19.0,2.0,30.0,0.0,0.0,2.21,6.6,0.0,0.0,0.0,54.506,0.0,0.0,25.790927386999996,0.0,-0.159585674,105.0,10.0,0.0,0.0
17009,0.0,0.0,0.0,0.0,0.0,0.0,0.0,120.0,70.0,0.0,86.0,183.0,0.0,25,14.0,0.0,0.0,0.0,0.0,0.0,0.0,2.0,29.0,0.0,0.0,0.0,6.9,0.0,0.0,0.0,67.685,0.0,0.0,25.680074054000002,0.0,-0.18145096,0.0,10.0,0.0,0.0
