PtID,Pt_CGMUseNumDays,Pt_FatherT1D,Pt_MotherT1D,Pt_SiblingT1D,Pt_ChildT1D,Pt_GrandchildT1D,Pt_GrandparentT1D,BldPrSys,BldPrDia,SMBGperDayPtMeterCombo,WeightKg,HeightCm,DirectLDL,age,diabDur,TotalDailyInsPerKg,LDL,HDL,TotChol,Triglyc,BUN,AlbCreatRat_mggNew,UnitsInsBasalOrLongAct,BGTestAvgNumMeter,BGTestAvgNumPtRep,TSH,HbA1c,AutonomicNeuroCl,Pt_InsGov,NumPumpBolusOrShortAct,HbA1cImputeDtMnC,Pt_SHFlg,Pt_DKAFlg,bmi,bmiPerc,bmiZscore,GFR,diagAgeCombo,Pt_A1cGoalLev,Pt_A1cGoalLevelDsYr5
17023,0.0,0.0,0.0,0.0,0.0,0.0,0.0,100.0,64.0,7.0,31.207155055999998,135.382,0.0,11,9.0,0.6729226026,0.0,0.0,0.0,0.0,18.0,0.0,0.0,0.0,7.0,0.0,10.7,0.0,0.0,6.0,0.0,0.0,1.0,17.026772272,0.43154725829999996,-0.172436325,0.0,2.0,0.0,0.0
17023,0.0,0.0,0.0,0.0,0.0,0.0,0.0,106.0,70.0,7.0,37.920322131999995,143.51,0.0,12,10.0,0.0,0.0,0.0,0.0,0.0,0.0,16.4,0.0,0.0,7.0,0.87,10.5,0.0,0.0,0.0,12.05,0.0,0.0,18.412285021,0.5487519814,0.1225088504,0.0,2.0,0.0,0.0
17023,0.0,0.0,0.0,0.0,0.0,0.0,0.0,110.0,62.0,0.0,44.814926156000006,149.86,0.0,13,11.0,0.0,0.0,0.0,0.0,0.0,0.0,16.4,0.0,0.0,0.0,0.0,9.3,0.0,0.0,0.0,22.971,0.0,0.0,19.954976865,0.6560616054,0.4017380898,0.0,2.0,0.0,0.0
17023,0.0,0.0,0.0,0.0,0.0,0.0,0.0,96.0,62.0,5.0,55.882579983999996,154.43200000000002,0.0,15,12.0,0.6799972373000001,0.0,0.0,0.0,0.0,0.0,6.9,21.0,0.0,5.0,0.0,9.5,0.0,0.0,12.0,40.896,0.0,0.0,23.431595236,0.8216212753000001,0.9215613062000001,0.0,2.0,0.0,0.0
17023,0.0,0.0,0.0,0.0,0.0,0.0,0.0,110.0,72.0,5.0,57.243357094,155.194,0.0,16,14.0,0.7511788648000001,0.0,0.0,0.0,0.0,0.0,11.3,23.0,0.0,5.0,0.0,10.8,0.0,0.0,7.0,55.468999999999994,0.0,0.0,23.767047916,0.8071415829,0.8674110414,0.0,2.0,0.0,0.0
17023,0.0,0.0,0.0,0.0,0.0,0.0,0.0,116.0,66.0,0.0,61.68856232,155.702,0.0,18,16.0,0.6646288786,0.0,0.0,0.0,0.0,19.0,11.3,21.0,0.0,0.0,0.71,7.9,0.0,0.0,9.0,79.668,0.0,0.0,25.445809215,0.8411673584999999,0.9992671731999999,111.6,2.0,0.0,0.0
