PtID,Pt_CGMUseNumDays,Pt_FatherT1D,Pt_MotherT1D,Pt_SiblingT1D,Pt_ChildT1D,Pt_GrandchildT1D,Pt_GrandparentT1D,BldPrSys,BldPrDia,SMBGperDayPtMeterCombo,WeightKg,HeightCm,DirectLDL,age,diabDur,TotalDailyInsPerKg,LDL,HDL,TotChol,Triglyc,BUN,AlbCreatRat_mggNew,UnitsInsBasalOrLongAct,BGTestAvgNumMeter,BGTestAvgNumPtRep,TSH,HbA1c,AutonomicNeuroCl,Pt_InsGov,NumPumpBolusOrShortAct,HbA1cImputeDtMnC,Pt_SHFlg,Pt_DKAFlg,bmi,bmiPerc,bmiZscore,GFR,diagAgeCombo,Pt_A1cGoalLev,Pt_A1cGoalLevelDsYr5
17039,0.0,0.0,0.0,0.0,0.0,0.0,0.0,114.0,60.0,5.0,0.0,0.0,0.0,52,14.0,0.0,65.0,51.0,125.0,43.0,23.0,3.2,0.0,5.0,8.0,0.0,7.1,0.0,0.0,8.0,-0.43200000000000005,0.0,0.0,0.0,0.0,0.0,0.0,38.0,0.0,0.0
17039,0.0,0.0,0.0,0.0,0.0,0.0,0.0,146.0,84.0,6.0,0.0,0.0,0.0,54,16.0,0.0,67.0,65.0,138.0,28.0,17.0,4.1,0.0,6.0,7.0,0.0,7.8,0.0,0.0,8.0,25.793000000000003,0.0,0.0,0.0,0.0,0.0,0.0,38.0,6.3,0.0
17039,0.0,0.0,0.0,0.0,0.0,0.0,0.0,129.0,84.0,10.0,0.0,0.0,0.0,55,17.0,0.0,50.0,73.0,135.0,61.0,19.0,4.2,15.0,10.0,0.0,1.5230000000000001,7.3,0.0,0.0,8.0,37.909,0.0,0.0,0.0,0.0,0.0,0.0,38.0,0.0,0.0
17039,0.0,0.0,0.0,0.0,0.0,0.0,0.0,125.0,85.0,8.0,80.73944186,181.6,0.0,56,18.0,0.4211076918,71.0,58.0,0.0,41.0,9.0,4.2,19.0,8.0,0.0,1.5230000000000001,8.1,0.0,0.0,6.0,49.891999999999996,0.0,0.0,24.482403676999997,0.0,-0.558226043,0.0,38.0,0.0,0.0
17039,1.0,0.0,0.0,0.0,0.0,0.0,0.0,125.0,75.0,9.0,80.28584949,180.34,0.0,57,19.0,0.4483978214,51.0,40.0,103.0,62.0,15.0,10.9,18.0,0.0,9.0,0.0,7.3,0.0,0.0,10.0,64.1,0.0,0.0,24.686235984,0.0,-0.531247524,0.0,38.0,0.0,0.0
17039,0.0,0.0,0.0,0.0,0.0,0.0,0.0,139.0,88.0,7.0,84.36818082,180.34,0.0,58,20.0,0.45040677219999997,56.0,50.0,114.0,38.0,22.0,6.9,19.0,7.0,0.0,0.0,7.2,0.0,0.0,10.0,74.921,0.0,0.0,25.941468322,0.0,-0.36510943799999995,0.0,38.0,0.0,0.0
