PtID,Pt_CGMUseNumDays,Pt_FatherT1D,Pt_MotherT1D,Pt_SiblingT1D,Pt_ChildT1D,Pt_GrandchildT1D,Pt_GrandparentT1D,BldPrSys,BldPrDia,SMBGperDayPtMeterCombo,WeightKg,HeightCm,DirectLDL,age,diabDur,TotalDailyInsPerKg,LDL,HDL,TotChol,Triglyc,BUN,AlbCreatRat_mggNew,UnitsInsBasalOrLongAct,BGTestAvgNumMeter,BGTestAvgNumPtRep,TSH,HbA1c,AutonomicNeuroCl,Pt_InsGov,NumPumpBolusOrShortAct,HbA1cImputeDtMnC,Pt_SHFlg,Pt_DKAFlg,bmi,bmiPerc,bmiZscore,GFR,diagAgeCombo,Pt_A1cGoalLev,Pt_A1cGoalLevelDsYr5
17031,0.0,0.0,1.0,1.0,0.0,0.0,0.0,123.0,66.0,6.0,48.08079122,152.4,0.0,73,61.0,0.3951682058,121.0,79.0,212.0,60.0,24.0,18.9,0.0,0.0,6.0,0.0,7.7,0.0,1.0,5.0,-0.166,1.0,1.0,20.701493178,0.0,-1.160879365,0.0,11.0,0.0,0.0
17031,0.0,0.0,0.0,0.0,0.0,0.0,0.0,119.0,63.0,4.0,45.359237,152.4,0.0,76,64.0,0.3086471671,64.0,56.0,129.0,45.0,16.0,169.0,7.0,4.0,0.0,1.92,7.8,0.0,0.0,5.0,29.046,0.0,0.0,19.529710546,0.0,-1.347259718,57.0,11.0,0.0,0.0
17031,0.0,0.0,0.0,0.0,0.0,0.0,0.0,160.0,81.0,4.0,45.359237,149.86,0.0,78,66.0,0.39683207189999997,74.0,66.0,152.0,59.0,25.0,76.7,8.0,4.0,0.0,1.48,7.8,0.0,0.0,4.0,50.357,0.0,0.0,20.197345005,0.0,-1.241067713,48.0,11.0,0.0,0.0
17031,0.0,0.0,0.0,0.0,0.0,0.0,0.0,141.0,68.0,5.0,0.0,0.0,0.0,79,67.0,0.0,67.0,61.0,148.0,100.0,22.0,76.7,6.0,5.0,0.0,0.242,6.9,0.0,0.0,4.0,68.34899999999999,0.0,0.0,0.0,0.0,0.0,56.0,11.0,0.0,0.0
17031,0.0,0.0,0.0,0.0,0.0,0.0,0.0,96.0,60.0,5.0,40.823313299999995,152.4,0.0,80,68.0,0.33069339329999997,47.0,58.0,119.0,71.0,24.0,76.7,5.9,5.0,6.0,4.74,7.5,0.0,1.0,4.0,72.96300000000001,0.0,0.0,17.576739490999998,0.0,-0.9819528820000001,63.0,11.0,0.0,0.0
