PtID,Pt_CGMUseNumDays,Pt_FatherT1D,Pt_MotherT1D,Pt_SiblingT1D,Pt_ChildT1D,Pt_GrandchildT1D,Pt_GrandparentT1D,BldPrSys,BldPrDia,SMBGperDayPtMeterCombo,WeightKg,HeightCm,DirectLDL,age,diabDur,TotalDailyInsPerKg,LDL,HDL,TotChol,Triglyc,BUN,AlbCreatRat_mggNew,UnitsInsBasalOrLongAct,BGTestAvgNumMeter,BGTestAvgNumPtRep,TSH,HbA1c,AutonomicNeuroCl,Pt_InsGov,NumPumpBolusOrShortAct,HbA1cImputeDtMnC,Pt_SHFlg,Pt_DKAFlg,bmi,bmiPerc,bmiZscore,GFR,diagAgeCombo,Pt_A1cGoalLev,Pt_A1cGoalLevelDsYr5
17041,30.0,0.0,0.0,0.0,0.0,0.0,0.0,112.0,68.0,4.0,81.0,175.26,0.0,41,11.0,0.4691358025,64.0,39.0,120.0,83.0,17.0,1.9,0.0,0.0,4.0,0.0,6.2,0.0,0.0,0.0,-1.992,0.0,0.0,26.370563138,0.0,-0.291786406,0.0,30.0,0.0,0.0
17041,30.0,0.0,0.0,0.0,0.0,0.0,0.0,108.0,63.0,4.0,0.0,0.0,0.0,42,12.0,0.0,53.0,40.0,114.0,104.0,0.0,1.6,0.0,0.0,4.0,0.0,6.4,0.0,0.0,0.0,10.324000000000002,0.0,0.0,0.0,0.0,0.0,0.0,30.0,6.5,0.0
17041,0.0,0.0,0.0,0.0,0.0,0.0,0.0,113.0,72.0,4.0,0.0,0.0,0.0,43,13.0,0.0,51.0,34.0,102.0,86.0,17.0,9.8,15.0,4.0,4.0,3.16,6.2,0.0,0.0,3.0,23.668000000000003,0.0,0.0,0.0,0.0,0.0,90.0,30.0,0.0,0.0
17041,0.0,0.0,0.0,0.0,0.0,0.0,0.0,116.0,69.0,4.0,0.0,0.0,0.0,44,13.0,0.0,75.0,0.0,0.0,0.0,0.0,1.4,17.0,4.0,4.0,3.87,6.8,0.0,0.0,20.0,32.863,0.0,0.0,0.0,0.0,0.0,0.0,30.0,0.0,0.0
17041,0.0,0.0,0.0,0.0,0.0,0.0,0.0,118.0,73.0,3.0,0.0,0.0,0.0,45,15.0,0.0,0.0,0.0,0.0,0.0,20.0,3.7,15.0,3.0,3.0,0.87,6.9,0.0,0.0,3.0,50.855,0.0,0.0,0.0,0.0,0.0,90.0,30.0,0.0,0.0
17041,0.0,0.0,0.0,0.0,0.0,0.0,0.0,109.0,74.0,4.0,79.8,175.3,0.0,46,16.0,0.4260651629,0.0,0.0,0.0,0.0,0.0,0.0,6.0,4.0,4.0,3.4,6.2,0.0,0.0,6.0,62.938,0.0,0.0,25.968033286,0.0,-0.349660953,0.0,30.0,0.0,0.0
17041,30.0,0.0,0.0,0.0,0.0,0.0,0.0,113.0,74.0,5.0,0.0,0.0,0.0,47,16.0,0.0,0.0,0.0,0.0,0.0,0.0,0.0,20.0,5.0,4.0,3.57,6.3,0.0,0.0,0.0,69.145,0.0,0.0,0.0,0.0,0.0,0.0,30.0,0.0,0.0
17041,0.0,0.0,0.0,0.0,0.0,0.0,0.0,110.0,72.0,0.0,82.9,174.0,0.0,48,17.0,0.36188178530000004,63.0,0.0,0.0,0.0,19.0,0.0,0.0,0.0,0.0,3.57,6.7,0.0,0.0,0.0,80.99600000000001,0.0,0.0,27.38142423,0.0,-0.1464478,80.0,30.0,0.0,0.0
