PtID,Pt_CGMUseNumDays,Pt_FatherT1D,Pt_MotherT1D,Pt_SiblingT1D,Pt_ChildT1D,Pt_GrandchildT1D,Pt_GrandparentT1D,BldPrSys,BldPrDia,SMBGperDayPtMeterCombo,WeightKg,HeightCm,DirectLDL,age,diabDur,TotalDailyInsPerKg,LDL,HDL,TotChol,Triglyc,BUN,AlbCreatRat_mggNew,UnitsInsBasalOrLongAct,BGTestAvgNumMeter,BGTestAvgNumPtRep,TSH,HbA1c,AutonomicNeuroCl,Pt_InsGov,NumPumpBolusOrShortAct,HbA1cImputeDtMnC,Pt_SHFlg,Pt_DKAFlg,bmi,bmiPerc,bmiZscore,GFR,diagAgeCombo,Pt_A1cGoalLev,Pt_A1cGoalLevelDsYr5
17085,0.0,0.0,0.0,0.0,0.0,0.0,0.0,0.0,0.0,8.0,0.0,0.0,0.0,15,2.0,0.0,0.0,0.0,137.0,0.0,16.0,5.3,0.0,0.0,8.0,0.0,7.5,0.0,1.0,6.0,0.332,0.0,0.0,0.0,0.0,0.0,0.0,12.0,0.0,0.0
17085,0.0,0.0,0.0,0.0,0.0,0.0,0.0,140.0,71.0,4.0,66.1,177.0,0.0,16,3.0,0.0,0.0,0.0,168.0,0.0,0.0,2.8,0.0,4.0,7.0,0.0,8.4,0.0,1.0,8.0,13.012,0.0,0.0,21.098662581,0.5786378446,0.19840997870000002,0.0,12.0,6.0,0.0
17085,0.0,0.0,0.0,0.0,0.0,0.0,0.0,124.0,66.0,2.0,66.9,178.0,0.0,17,5.0,0.5381165918999999,0.0,0.0,143.0,0.0,0.0,0.0,17.0,2.0,4.0,2.01,8.6,0.0,0.0,19.0,27.186999999999998,0.0,0.0,21.114758238,0.4858227339,-0.035544619,0.0,12.0,0.0,0.0
17085,0.0,0.0,0.0,0.0,0.0,0.0,0.0,126.0,74.0,0.0,65.2,178.4,0.0,18,6.0,0.0,89.0,47.0,148.0,59.0,0.0,4.2,0.0,0.0,0.0,2.15,10.6,0.0,0.0,0.0,41.129,0.0,0.0,20.486034306,0.299619815,-0.5254942779999999,0.0,12.0,0.0,0.0
17085,0.0,0.0,0.0,0.0,0.0,0.0,0.0,104.0,69.0,2.0,68.0,178.0,0.0,19,7.0,0.5588235294,104.0,42.0,161.0,75.0,0.0,4.9,19.0,2.0,3.0,0.649,14.0,0.0,0.0,4.0,56.498000000000005,0.0,0.0,21.461936624,0.3580078166,-0.363788925,0.0,12.0,0.0,0.0
