PtID,Pt_CGMUseNumDays,Pt_FatherT1D,Pt_MotherT1D,Pt_SiblingT1D,Pt_ChildT1D,Pt_GrandchildT1D,Pt_GrandparentT1D,BldPrSys,BldPrDia,SMBGperDayPtMeterCombo,WeightKg,HeightCm,DirectLDL,age,diabDur,TotalDailyInsPerKg,LDL,HDL,TotChol,Triglyc,BUN,AlbCreatRat_mggNew,UnitsInsBasalOrLongAct,BGTestAvgNumMeter,BGTestAvgNumPtRep,TSH,HbA1c,AutonomicNeuroCl,Pt_InsGov,NumPumpBolusOrShortAct,HbA1cImputeDtMnC,Pt_SHFlg,Pt_DKAFlg,bmi,bmiPerc,bmiZscore,GFR,diagAgeCombo,Pt_A1cGoalLev,Pt_A1cGoalLevelDsYr5
17118,0.0,0.0,0.0,0.0,0.0,0.0,0.0,119.0,89.0,5.0,72.0,185.0,0.0,15,4.0,1.0138888889,74.0,64.0,0.0,59.0,9.0,0.0,0.0,5.0,7.0,0.0,7.0,0.0,0.0,0.0,-0.498,0.0,0.0,21.03725347,0.6596039501,0.41138247829999997,0.0,11.0,0.0,0.0
17118,0.0,0.0,0.0,0.0,0.0,0.0,0.0,112.0,69.0,1.0,73.5,187.7,0.0,16,5.0,1.3333333333,81.0,55.0,0.0,103.0,13.0,10.5,0.0,1.0,5.0,0.0,7.7,0.0,0.0,0.0,18.921,0.0,1.0,20.862137038,0.55425487,0.1364187397,0.0,11.0,7.0,0.0
17118,0.0,0.0,0.0,0.0,0.0,0.0,0.0,118.0,71.0,6.0,75.1,187.7,0.0,18,7.0,0.0,86.0,59.0,0.0,0.0,12.0,1.8,0.0,0.0,6.0,1.1,0.0,0.0,0.0,0.0,0.0,0.0,0.0,21.316278796,0.5069312790999999,0.0173750144,0.0,11.0,0.0,0.0
17118,0.0,0.0,0.0,0.0,0.0,0.0,0.0,118.0,82.0,6.0,79.4,187.8,0.0,18,7.0,0.0,95.0,65.0,181.0,104.0,13.0,6.4,23.0,6.0,5.0,1.4,8.2,0.0,0.0,3.0,43.286,0.0,0.0,22.512790326999998,0.6420090474,0.3638340893,0.0,11.0,0.0,0.0
17118,0.0,0.0,0.0,0.0,0.0,0.0,0.0,118.0,80.0,7.0,85.1,187.9,0.0,19,8.0,0.0,0.0,0.0,0.0,0.0,0.0,2.0,26.0,7.0,5.0,0.0,7.5,0.0,0.0,0.0,52.714,0.0,0.0,24.103271899,0.7467833439,0.6644015953,0.0,11.0,0.0,0.0
17118,0.0,0.0,0.0,0.0,0.0,0.0,0.0,128.0,72.0,7.0,83.7,187.4,0.0,20,9.0,0.0,96.0,63.0,172.0,65.0,15.0,2.6,26.0,0.0,7.0,1.39,7.7,0.0,0.0,0.0,64.398,0.0,0.0,23.833415531,0.7082564061,-0.40000907700000005,0.0,11.0,0.0,0.0
17118,30.0,0.0,0.0,0.0,0.0,0.0,0.0,120.0,82.0,1.0,85.9,187.8,0.0,21,10.0,0.0,89.0,71.0,173.0,65.0,15.0,2.6,26.0,1.0,6.0,1.63,6.9,0.0,0.0,0.0,80.863,0.0,0.0,24.355776941,0.0,-0.329574776,90.1,11.0,0.0,0.0
