PtID,Pt_CGMUseNumDays,Pt_FatherT1D,Pt_MotherT1D,Pt_SiblingT1D,Pt_ChildT1D,Pt_GrandchildT1D,Pt_GrandparentT1D,BldPrSys,BldPrDia,SMBGperDayPtMeterCombo,WeightKg,HeightCm,DirectLDL,age,diabDur,TotalDailyInsPerKg,LDL,HDL,TotChol,Triglyc,BUN,AlbCreatRat_mggNew,UnitsInsBasalOrLongAct,BGTestAvgNumMeter,BGTestAvgNumPtRep,TSH,HbA1c,AutonomicNeuroCl,Pt_InsGov,NumPumpBolusOrShortAct,HbA1cImputeDtMnC,Pt_SHFlg,Pt_DKAFlg,bmi,bmiPerc,bmiZscore,GFR,diagAgeCombo,Pt_A1cGoalLev,Pt_A1cGoalLevelDsYr5
17129,0.0,0.0,0.0,0.0,0.0,0.0,0.0,131.0,68.0,2.0,76.0,168.1,0.0,17,5.0,0.75,0.0,0.0,0.0,0.0,0.0,0.0,0.0,2.0,4.0,0.0,10.5,0.0,0.0,0.0,-0.19899999999999998,0.0,1.0,26.895409766999997,0.9231679017000001,1.4267075913,0.0,11.0,0.0,0.0
17129,0.0,0.0,0.0,0.0,0.0,0.0,0.0,129.0,64.0,7.0,81.0,169.0,0.0,18,6.0,0.3703703704,0.0,0.0,0.0,0.0,20.0,0.0,0.0,7.0,4.0,0.0,0.0,0.0,0.0,0.0,0.0,0.0,1.0,28.360351528000002,0.9399673205,1.554499319,0.0,11.0,7.5,0.0
17129,0.0,0.0,0.0,0.0,0.0,0.0,0.0,118.0,82.0,4.0,80.0,169.0,0.0,19,7.0,0.6875,129.0,54.0,0.0,117.0,0.0,35.0,26.0,4.0,0.0,0.0,8.5,0.0,0.0,0.0,29.145,0.0,0.0,28.010223731999996,0.9140621137,1.3662013543,0.0,11.0,0.0,0.0
17129,0.0,0.0,0.0,0.0,0.0,0.0,0.0,131.0,50.0,3.0,81.6,169.3,0.0,20,8.0,0.5637254902000001,0.0,0.0,0.0,0.0,0.0,24.0,26.0,3.0,2.0,0.0,8.6,0.0,0.0,3.0,39.967,0.0,0.0,28.469264185,0.9053715508,0.36870335299999996,0.0,11.0,0.0,0.0
17129,0.0,0.0,0.0,0.0,0.0,0.0,0.0,118.0,56.0,3.0,0.0,0.0,0.0,21,9.0,0.0,113.0,50.0,0.0,79.0,0.0,24.0,26.0,3.0,0.0,2.35,8.3,0.0,0.0,4.0,51.353,0.0,0.0,0.0,0.0,0.0,0.0,11.0,0.0,0.0
17129,0.0,0.0,0.0,0.0,0.0,0.0,0.0,113.0,51.0,6.0,85.2,169.6,0.0,23,11.0,0.6103286385,0.0,0.0,0.0,0.0,21.0,24.0,26.0,6.0,4.0,0.0,7.9,0.0,1.0,5.0,69.71,0.0,0.0,29.620194019,0.0,0.5957187169,93.0,11.0,0.0,0.0
17129,0.0,0.0,0.0,0.0,0.0,0.0,0.0,122.0,45.0,3.0,85.4,169.6,0.0,24,12.0,0.5035128806,105.0,47.0,163.0,54.0,0.0,24.0,24.0,3.0,0.0,4.92,8.4,0.0,0.0,5.0,81.42699999999999,0.0,0.0,29.689724991,0.0,0.6094333661,0.0,11.0,0.0,0.0
