PtID,Pt_CGMUseNumDays,Pt_FatherT1D,Pt_MotherT1D,Pt_SiblingT1D,Pt_ChildT1D,Pt_GrandchildT1D,Pt_GrandparentT1D,BldPrSys,BldPrDia,SMBGperDayPtMeterCombo,WeightKg,HeightCm,DirectLDL,age,diabDur,TotalDailyInsPerKg,LDL,HDL,TotChol,Triglyc,BUN,AlbCreatRat_mggNew,UnitsInsBasalOrLongAct,BGTestAvgNumMeter,BGTestAvgNumPtRep,TSH,HbA1c,AutonomicNeuroCl,Pt_InsGov,NumPumpBolusOrShortAct,HbA1cImputeDtMnC,Pt_SHFlg,Pt_DKAFlg,bmi,bmiPerc,bmiZscore,GFR,diagAgeCombo,Pt_A1cGoalLev,Pt_A1cGoalLevelDsYr5
17162,0.0,0.0,0.0,0.0,0.0,0.0,0.0,108.0,73.0,4.0,77.1107029,170.18,0.0,42,14.0,0.6743551549,62.0,70.0,0.0,218.0,14.0,19.0,0.0,0.0,4.0,0.0,12.3,1.0,1.0,0.0,0.0,0.0,1.0,26.625490875,0.0,-0.17640799899999998,0.0,28.0,0.0,0.0
17162,0.0,0.0,0.0,0.0,0.0,0.0,0.0,111.0,67.0,5.0,85.72895793,170.18,0.0,44,16.0,0.0,69.0,62.0,0.0,82.0,24.0,8.8,0.0,0.0,5.0,0.0,7.4,1.0,1.0,0.0,24.863000000000003,0.0,1.0,29.601281032,0.0,0.08945716210000002,0.0,28.0,6.5,0.0
17162,0.0,0.0,0.0,0.0,0.0,0.0,0.0,98.0,64.0,4.0,91.17206637,166.878,0.0,45,17.0,0.658096305,90.0,56.0,0.0,82.0,28.0,0.0,24.0,0.0,4.0,0.0,0.0,1.0,0.0,0.0,0.0,0.0,0.0,32.738865491999995,0.0,0.36977746450000004,72.0,28.0,0.0,0.0
17162,0.0,0.0,0.0,0.0,0.0,0.0,0.0,122.0,79.0,4.0,92.07925111,175.26,0.0,47,19.0,0.31494608879999997,87.0,85.0,0.0,104.0,14.0,11.6,14.0,4.0,0.0,0.0,6.7,1.0,0.0,0.0,50.622,0.0,0.0,29.977551915,0.0,0.12307422289999999,0.0,28.0,0.0,0.0
17162,0.0,0.0,0.0,0.0,0.0,0.0,0.0,126.0,84.0,3.0,0.0,0.0,1.0,48,20.0,0.0,84.0,102.0,0.0,92.0,17.0,11.4,18.0,3.0,0.0,1.63,8.6,1.0,0.0,0.0,66.124,0.0,0.0,0.0,0.0,0.0,0.0,28.0,0.0,0.0
17162,0.0,0.0,0.0,0.0,0.0,0.0,0.0,121.0,81.0,3.0,73.93555631,167.64,0.0,48,20.0,0.5680622707,0.0,0.0,0.0,0.0,12.0,11.4,14.0,3.0,4.0,0.0,8.8,1.0,1.0,7.0,69.411,0.0,0.0,26.308618338000002,0.0,-0.20471825,0.0,28.0,0.0,0.0
