PtID,Pt_CGMUseNumDays,Pt_FatherT1D,Pt_MotherT1D,Pt_SiblingT1D,Pt_ChildT1D,Pt_GrandchildT1D,Pt_GrandparentT1D,BldPrSys,BldPrDia,SMBGperDayPtMeterCombo,WeightKg,HeightCm,DirectLDL,age,diabDur,TotalDailyInsPerKg,LDL,HDL,TotChol,Triglyc,BUN,AlbCreatRat_mggNew,UnitsInsBasalOrLongAct,BGTestAvgNumMeter,BGTestAvgNumPtRep,TSH,HbA1c,AutonomicNeuroCl,Pt_InsGov,NumPumpBolusOrShortAct,HbA1cImputeDtMnC,Pt_SHFlg,Pt_DKAFlg,bmi,bmiPerc,bmiZscore,GFR,diagAgeCombo,Pt_A1cGoalLev,Pt_A1cGoalLevelDsYr5
17172,0.0,0.0,0.0,0.0,0.0,0.0,0.0,115.0,77.0,3.0,59.511318943999996,177.03799999999998,0.0,25,5.0,0.5041057824,0.0,0.0,0.0,0.0,0.0,0.0,0.0,0.0,3.0,0.0,8.0,0.0,0.0,0.0,0.0,0.0,0.0,18.987447505,0.0,-1.5015392969999999,0.0,20.0,0.0,0.0
17172,0.0,0.0,0.0,0.0,0.0,0.0,0.0,115.0,75.0,1.0,54.0,177.0,0.0,28,7.0,0.5925925926,0.0,0.0,0.0,0.0,12.0,10.1,20.0,1.0,0.0,0.61,8.4,0.0,0.0,3.0,30.44,0.0,0.0,17.236426314000003,0.0,-1.846919789,110.0,20.0,0.0,0.0
17172,0.0,0.0,0.0,0.0,0.0,0.0,0.0,134.0,85.0,2.0,61.0,177.0,0.0,29,8.0,0.5901639343999999,0.0,0.0,0.0,0.0,0.0,10.1,21.0,2.0,0.0,0.0,8.1,0.0,0.0,3.0,45.743,0.0,0.0,19.470777874,0.0,-1.406204711,0.0,20.0,0.0,0.0
17172,0.0,0.0,0.0,0.0,0.0,0.0,0.0,129.0,89.0,1.0,59.0,177.0,0.0,31,10.0,1.1355932203,113.0,60.0,186.0,65.0,14.0,10.1,25.0,1.0,3.0,1.23,8.7,0.0,0.0,3.0,68.979,0.0,0.0,18.832391714,0.0,-1.256433764,118.0,20.0,0.0,0.0
