PtID,Pt_CGMUseNumDays,Pt_FatherT1D,Pt_MotherT1D,Pt_SiblingT1D,Pt_ChildT1D,Pt_GrandchildT1D,Pt_GrandparentT1D,BldPrSys,BldPrDia,SMBGperDayPtMeterCombo,WeightKg,HeightCm,DirectLDL,age,diabDur,TotalDailyInsPerKg,LDL,HDL,TotChol,Triglyc,BUN,AlbCreatRat_mggNew,UnitsInsBasalOrLongAct,BGTestAvgNumMeter,BGTestAvgNumPtRep,TSH,HbA1c,AutonomicNeuroCl,Pt_InsGov,NumPumpBolusOrShortAct,HbA1cImputeDtMnC,Pt_SHFlg,Pt_DKAFlg,bmi,bmiPerc,bmiZscore,GFR,diagAgeCombo,Pt_A1cGoalLev,Pt_A1cGoalLevelDsYr5
17182,0.0,0.0,0.0,0.0,0.0,0.0,0.0,92.0,56.0,12.0,29.438144813,132.0,0.0,6,4.0,0.8492382981000001,0.0,0.0,0.0,0.0,12.0,0.0,0.0,12.0,11.0,0.0,7.1,0.0,0.0,8.0,0.0,0.0,0.0,16.895170347,0.8299135419,0.9538236496,0.0,2.0,0.0,0.0
17182,0.0,0.0,0.0,0.0,0.0,0.0,0.0,96.0,52.0,10.0,31.7514659,139.0,0.0,7,5.0,0.8188598309999999,0.0,0.0,0.0,0.0,0.0,0.0,0.0,0.0,10.0,0.0,7.5,0.0,0.0,0.0,11.32,0.0,0.0,16.433655555999998,0.7064930601,0.5431683735,0.0,2.0,7.0,0.0
17182,0.0,0.0,0.0,0.0,0.0,0.0,0.0,97.0,53.0,10.0,38.600710686999996,151.2,0.0,9,7.0,0.0,131.0,59.0,201.0,54.0,17.0,0.0,24.0,10.0,10.0,1.14,7.2,0.0,0.0,0.0,36.88,0.0,0.0,16.884636614,0.6071241686,0.2718313968,0.0,2.0,0.0,0.0
17182,0.0,0.0,0.0,0.0,0.0,0.0,0.0,95.0,60.0,3.0,46.0,162.0,0.0,11,9.0,0.9782608695999999,0.0,0.0,0.0,0.0,0.0,0.0,28.0,3.0,0.0,0.0,7.0,0.0,0.0,10.0,54.075,0.0,0.0,17.527815882,0.5133836708,0.0335541829,0.0,2.0,0.0,0.0
17182,0.0,0.0,0.0,0.0,0.0,0.0,0.0,102.0,64.0,12.0,54.0,165.0,0.0,11,9.0,0.0,0.0,0.0,0.0,0.0,16.0,0.0,38.0,0.0,12.0,0.69,7.3,0.0,0.0,2.0,61.477,0.0,0.0,19.834710744000002,0.7842102888,0.786491798,0.0,2.0,0.0,0.0
17182,0.0,0.0,0.0,0.0,0.0,0.0,0.0,101.0,62.0,5.0,61.0,169.0,0.0,13,11.0,0.0,0.0,0.0,0.0,0.0,0.0,0.0,0.0,0.0,5.0,0.0,7.8,0.0,0.0,0.0,81.726,0.0,0.0,21.357795595,0.780560866,0.7740888204999999,0.0,2.0,0.0,0.0
