PtID,Pt_CGMUseNumDays,Pt_FatherT1D,Pt_MotherT1D,Pt_SiblingT1D,Pt_ChildT1D,Pt_GrandchildT1D,Pt_GrandparentT1D,BldPrSys,BldPrDia,SMBGperDayPtMeterCombo,WeightKg,HeightCm,DirectLDL,age,diabDur,TotalDailyInsPerKg,LDL,HDL,TotChol,Triglyc,BUN,AlbCreatRat_mggNew,UnitsInsBasalOrLongAct,BGTestAvgNumMeter,BGTestAvgNumPtRep,TSH,HbA1c,AutonomicNeuroCl,Pt_InsGov,NumPumpBolusOrShortAct,HbA1cImputeDtMnC,Pt_SHFlg,Pt_DKAFlg,bmi,bmiPerc,bmiZscore,GFR,diagAgeCombo,Pt_A1cGoalLev,Pt_A1cGoalLevelDsYr5
171,0.0,0.0,0.0,1.0,0.0,0.0,0.0,0.0,0.0,2.0,67.0,159.6,0.0,17,11.0,0.5671641790999999,0.0,0.0,159.0,0.0,12.0,0.0,0.0,2.0,5.0,0.0,12.0,0.0,0.0,5.0,0.0,1.0,0.0,26.303226739,0.8891479493000001,1.2220093232,0.0,6.0,0.0,0.0
171,0.0,0.0,0.0,0.0,0.0,0.0,0.0,147.0,89.0,1.0,61.6,159.3,0.0,18,12.0,0.0,0.0,77.0,231.0,0.0,13.0,0.0,26.0,0.0,1.0,11.48,10.1,0.0,0.0,0.0,11.651,0.0,0.0,24.274436693000002,0.7810286589000001,0.77567199,0.0,6.0,0.0,0.0
171,0.0,0.0,0.0,0.0,0.0,0.0,0.0,149.0,68.0,1.0,67.9,158.8,0.0,20,13.0,0.5007363770000001,0.0,85.0,200.0,71.0,16.0,0.0,33.0,1.0,0.0,3.64,10.9,0.0,0.0,0.0,25.095,0.0,0.0,26.925810074,0.8657323984,0.016964011100000002,0.0,6.0,0.0,0.0
171,0.0,0.0,0.0,0.0,0.0,0.0,0.0,0.0,0.0,2.0,62.8,160.0,0.0,21,14.0,0.0,0.0,0.0,0.0,0.0,10.0,0.0,50.0,0.0,2.0,0.0,10.1,0.0,0.0,0.0,40.166,0.0,0.0,24.53125,0.0,-0.305914294,0.0,6.0,0.0,0.0
171,0.0,0.0,0.0,0.0,0.0,0.0,0.0,149.0,97.0,3.0,56.2,159.1,0.0,22,15.0,0.8896797153,0.0,0.0,0.0,0.0,0.0,0.0,36.0,3.0,0.0,0.0,7.9,0.0,0.0,0.0,51.22,0.0,0.0,22.202197227,0.0,-0.619959709,0.0,6.0,0.0,0.0
171,0.0,0.0,0.0,0.0,0.0,0.0,0.0,145.0,91.0,1.0,61.0,159.5,0.0,22,16.0,0.3770491803,0.0,0.0,0.0,0.0,0.0,0.0,0.0,0.0,1.0,0.0,12.1,0.0,0.0,0.0,61.378,0.0,0.0,23.977751791,0.0,-0.38054702799999995,0.0,6.0,0.0,0.0
