PtID,Pt_CGMUseNumDays,Pt_FatherT1D,Pt_MotherT1D,Pt_SiblingT1D,Pt_ChildT1D,Pt_GrandchildT1D,Pt_GrandparentT1D,BldPrSys,BldPrDia,SMBGperDayPtMeterCombo,WeightKg,HeightCm,DirectLDL,age,diabDur,TotalDailyInsPerKg,LDL,HDL,TotChol,Triglyc,BUN,AlbCreatRat_mggNew,UnitsInsBasalOrLongAct,BGTestAvgNumMeter,BGTestAvgNumPtRep,TSH,HbA1c,AutonomicNeuroCl,Pt_InsGov,NumPumpBolusOrShortAct,HbA1cImputeDtMnC,Pt_SHFlg,Pt_DKAFlg,bmi,bmiPerc,bmiZscore,GFR,diagAgeCombo,Pt_A1cGoalLev,Pt_A1cGoalLevelDsYr5
17294,0.0,0.0,0.0,0.0,0.0,0.0,0.0,112.0,69.0,3.0,0.0,0.0,0.0,40,28.0,0.0,100.0,53.0,0.0,107.0,7.0,46.2,0.0,3.0,5.0,0.0,7.8,0.0,0.0,0.0,0.0,0.0,0.0,0.0,0.0,0.0,0.0,12.0,0.0,0.0
17294,0.0,0.0,0.0,0.0,0.0,0.0,0.0,104.0,70.0,4.0,86.0,166.0,0.0,41,29.0,0.6744186047,0.0,0.0,0.0,0.0,0.0,0.0,0.0,0.0,4.0,0.0,8.2,0.0,0.0,0.0,11.353,0.0,0.0,31.209174045999998,0.0,0.23311068329999998,0.0,12.0,5.0,0.0
17294,0.0,0.0,0.0,0.0,0.0,0.0,0.0,104.0,72.0,4.0,0.0,0.0,0.0,42,30.0,0.0,84.0,52.0,0.0,82.0,9.0,0.0,41.0,0.0,4.0,4.42,8.1,0.0,0.0,0.0,22.539,0.0,0.0,0.0,0.0,0.0,0.0,12.0,0.0,0.0
17294,0.0,0.0,0.0,0.0,0.0,0.0,0.0,118.0,68.0,4.0,86.1,165.4,0.0,42,30.0,0.0,164.0,55.0,244.0,123.0,10.0,0.0,40.0,0.0,4.0,2.12,7.8,0.0,0.0,3.0,31.866999999999997,0.0,0.0,31.472565135,0.0,0.2566427573,69.0,12.0,0.0,0.0
17294,0.0,0.0,0.0,0.0,0.0,0.0,0.0,99.0,60.0,3.0,85.7,165.4,0.0,43,31.0,0.0,117.0,58.0,194.0,97.0,8.0,0.0,39.0,3.0,4.0,1.82,7.9,0.0,0.0,0.0,41.328,0.0,0.0,31.326351127,0.0,0.2435796015,78.0,12.0,0.0,0.0
17294,0.0,0.0,0.0,0.0,0.0,0.0,0.0,122.0,64.0,4.0,84.6,165.6,0.0,44,32.0,0.0,99.0,51.0,170.0,101.0,14.0,0.0,37.0,4.0,4.0,1.97,8.0,0.0,0.0,3.0,51.32,0.0,0.0,30.849611426,0.0,0.200986384,68.0,12.0,0.0,0.0
17294,0.0,0.0,0.0,0.0,0.0,0.0,0.0,116.0,60.0,4.0,84.0,165.1,0.0,45,33.0,0.0,0.0,0.0,0.0,0.0,0.0,0.0,40.0,0.0,4.0,2.82,7.8,0.0,0.0,0.0,65.029,0.0,0.0,30.816629681,0.0,0.1980397055,0.0,12.0,0.0,0.0
17294,0.0,0.0,0.0,0.0,0.0,0.0,0.0,120.0,80.0,4.0,0.0,0.0,0.0,46,34.0,0.0,0.0,0.0,0.0,0.0,0.0,0.0,35.0,4.0,4.0,2.72,8.3,0.0,0.0,0.0,76.083,0.0,0.0,0.0,0.0,0.0,0.0,12.0,0.0,0.0
