PtID,Pt_CGMUseNumDays,Pt_FatherT1D,Pt_MotherT1D,Pt_SiblingT1D,Pt_ChildT1D,Pt_GrandchildT1D,Pt_GrandparentT1D,BldPrSys,BldPrDia,SMBGperDayPtMeterCombo,WeightKg,HeightCm,DirectLDL,age,diabDur,TotalDailyInsPerKg,LDL,HDL,TotChol,Triglyc,BUN,AlbCreatRat_mggNew,UnitsInsBasalOrLongAct,BGTestAvgNumMeter,BGTestAvgNumPtRep,TSH,HbA1c,AutonomicNeuroCl,Pt_InsGov,NumPumpBolusOrShortAct,HbA1cImputeDtMnC,Pt_SHFlg,Pt_DKAFlg,bmi,bmiPerc,bmiZscore,GFR,diagAgeCombo,Pt_A1cGoalLev,Pt_A1cGoalLevelDsYr5
17305,0.0,0.0,0.0,0.0,0.0,0.0,0.0,124.0,71.0,4.0,61.3,167.8,0.0,14,11.0,0.6362153344,88.0,62.0,166.0,79.0,0.0,20.0,0.0,0.0,4.0,0.0,9.2,0.0,1.0,3.0,0.0,0.0,0.0,21.770908951,0.7970275275,0.8310507769,0.0,3.0,0.0,0.0
17305,0.0,0.0,0.0,0.0,0.0,0.0,0.0,137.0,94.0,5.0,62.9,170.0,0.0,16,12.0,0.0,88.0,69.0,164.0,36.0,13.0,27.0,0.0,0.0,5.0,0.0,8.6,0.0,1.0,0.0,15.469000000000001,0.0,0.0,21.764705881999998,0.6592895497,0.4105249558,0.0,3.0,7.0,0.0
17305,0.0,0.0,0.0,0.0,0.0,0.0,0.0,142.0,93.0,4.0,62.6,170.6,0.0,17,13.0,1.3418530351,0.0,0.0,0.0,0.0,0.0,29.0,31.0,4.0,4.0,0.0,9.0,0.0,0.0,0.0,25.793000000000003,0.0,0.0,21.508804866,0.5406833638,0.10215547009999999,0.0,3.0,0.0,0.0
17305,0.0,0.0,0.0,0.0,0.0,0.0,0.0,128.0,91.0,2.0,67.0,170.1,0.0,17,14.0,1.1791044776000001,52.0,54.0,138.0,160.0,13.0,29.0,30.0,2.0,1.0,1.3,7.4,0.0,0.0,0.0,35.95,0.0,0.0,23.156140473,0.7273422216,0.6047944875,0.0,3.0,0.0,0.0
17305,0.0,0.0,0.0,0.0,0.0,0.0,0.0,145.0,91.0,2.0,68.5,170.5,0.0,18,15.0,0.0,0.0,0.0,0.0,0.0,0.0,29.0,29.0,2.0,0.0,0.0,8.3,0.0,0.0,0.0,45.776,0.0,0.0,23.563608844,0.700638302,0.5262372206,0.0,3.0,0.0,0.0
17305,0.0,0.0,0.0,0.0,0.0,0.0,0.0,132.0,93.0,0.0,66.9,170.9,0.0,19,16.0,0.0,0.0,0.0,0.0,0.0,0.0,29.0,29.0,0.0,0.0,0.0,9.1,0.0,0.0,0.0,54.538999999999994,0.0,0.0,22.905616875,0.5557519909,0.1402075355,0.0,3.0,0.0,0.0
