PtID,Pt_CGMUseNumDays,Pt_FatherT1D,Pt_MotherT1D,Pt_SiblingT1D,Pt_ChildT1D,Pt_GrandchildT1D,Pt_GrandparentT1D,BldPrSys,BldPrDia,SMBGperDayPtMeterCombo,WeightKg,HeightCm,DirectLDL,age,diabDur,TotalDailyInsPerKg,LDL,HDL,TotChol,Triglyc,BUN,AlbCreatRat_mggNew,UnitsInsBasalOrLongAct,BGTestAvgNumMeter,BGTestAvgNumPtRep,TSH,HbA1c,AutonomicNeuroCl,Pt_InsGov,NumPumpBolusOrShortAct,HbA1cImputeDtMnC,Pt_SHFlg,Pt_DKAFlg,bmi,bmiPerc,bmiZscore,GFR,diagAgeCombo,Pt_A1cGoalLev,Pt_A1cGoalLevelDsYr5
17303,0.0,0.0,0.0,0.0,0.0,0.0,0.0,115.0,81.0,7.0,57.15263862,151.0,0.0,13,12.0,1.8021915083000002,72.0,48.0,0.0,97.0,19.0,16.4,0.0,0.0,7.0,0.0,9.1,0.0,1.0,4.0,0.23199999999999998,0.0,1.0,25.065847384,0.9303683365000001,1.4785398946000001,0.0,1.0,0.0,0.0
17303,0.0,0.0,0.0,0.0,0.0,0.0,0.0,129.0,79.0,4.0,58.51341573,153.0,0.0,14,13.0,0.7690544029999999,0.0,0.0,0.0,0.0,15.0,5.4,0.0,4.0,7.0,0.0,9.5,0.0,1.0,0.0,12.78,0.0,1.0,24.996119326,0.9087519738,1.3331089511,0.0,1.0,7.0,0.0
17303,0.0,0.0,0.0,0.0,0.0,0.0,0.0,110.0,81.0,1.0,61.461766135,153.0,0.0,16,15.0,0.0,0.0,0.0,0.0,0.0,9.0,12.5,50.0,1.0,0.0,0.0,13.2,0.0,0.0,0.0,36.016999999999996,0.0,0.0,26.255613711,0.9039963622,1.3046640273999999,0.0,1.0,0.0,0.0
17303,0.0,0.0,0.0,0.0,0.0,0.0,0.0,122.0,83.0,4.0,65.544097465,153.1,0.0,17,16.0,0.0,0.0,0.0,0.0,0.0,0.0,12.5,0.0,4.0,0.0,0.0,8.8,0.0,0.0,0.0,47.468999999999994,0.0,0.0,27.962964173000003,0.9271131845999999,1.4546231056,0.0,1.0,0.0,0.0
17303,0.0,0.0,0.0,0.0,0.0,0.0,0.0,109.0,82.0,3.0,68.0,152.0,0.0,20,19.0,0.0,146.0,51.0,229.0,161.0,12.0,12.5,0.0,3.0,3.0,2.1,12.7,0.0,0.0,0.0,82.49,0.0,0.0,29.432132964,0.9227500994,0.35491221939999995,138.0,1.0,0.0,0.0
