PtID,Pt_CGMUseNumDays,Pt_FatherT1D,Pt_MotherT1D,Pt_SiblingT1D,Pt_ChildT1D,Pt_GrandchildT1D,Pt_GrandparentT1D,BldPrSys,BldPrDia,SMBGperDayPtMeterCombo,WeightKg,HeightCm,DirectLDL,age,diabDur,TotalDailyInsPerKg,LDL,HDL,TotChol,Triglyc,BUN,AlbCreatRat_mggNew,UnitsInsBasalOrLongAct,BGTestAvgNumMeter,BGTestAvgNumPtRep,TSH,HbA1c,AutonomicNeuroCl,Pt_InsGov,NumPumpBolusOrShortAct,HbA1cImputeDtMnC,Pt_SHFlg,Pt_DKAFlg,bmi,bmiPerc,bmiZscore,GFR,diagAgeCombo,Pt_A1cGoalLev,Pt_A1cGoalLevelDsYr5
17386,0.0,0.0,0.0,1.0,0.0,0.0,0.0,144.0,80.0,2.0,63.95652417,162.56,1.0,55,23.0,0.9850441501999999,102.0,0.0,0.0,0.0,0.0,9.9,0.0,0.0,2.0,0.0,10.5,0.0,0.0,0.0,0.0,0.0,0.0,24.202346369,0.0,-0.513940002,0.0,32.0,0.0,0.0
17386,0.0,0.0,0.0,1.0,0.0,0.0,1.0,126.0,68.0,3.0,63.04933943,162.56,1.0,56,24.0,1.0309386361,62.0,0.0,0.0,0.0,0.0,0.0,0.0,0.0,3.0,0.0,10.3,0.0,0.0,0.0,10.39,0.0,0.0,23.859050676,0.0,-0.549243246,0.0,32.0,7.0,0.0
17386,0.0,0.0,0.0,0.0,0.0,0.0,0.0,124.0,68.0,0.0,0.0,0.0,1.0,56,24.0,0.0,66.0,0.0,0.0,0.0,0.0,0.0,29.0,0.0,0.0,2.94,9.9,0.0,0.0,0.0,20.614,0.0,0.0,0.0,0.0,0.0,0.0,32.0,0.0,0.0
17386,0.0,0.0,0.0,0.0,0.0,0.0,0.0,132.0,78.0,0.0,0.0,0.0,1.0,57,25.0,0.0,87.0,0.0,0.0,0.0,0.0,0.0,30.0,0.0,0.0,2.74,9.0,0.0,0.0,3.0,32.1,0.0,0.0,0.0,0.0,0.0,0.0,32.0,0.0,0.0
17386,0.0,0.0,0.0,0.0,0.0,0.0,0.0,128.0,72.0,0.0,0.0,0.0,0.0,58,26.0,0.0,132.0,60.0,0.0,250.0,0.0,9.9,30.0,0.0,0.0,5.01,8.8,0.0,0.0,3.0,43.585,0.0,0.0,0.0,0.0,0.0,0.0,32.0,0.0,0.0
17386,0.0,0.0,0.0,0.0,0.0,0.0,0.0,124.0,66.0,2.0,66.67807839,162.56,1.0,59,27.0,0.0,88.0,48.0,155.0,214.0,0.0,9.9,30.0,2.0,2.0,4.23,9.0,0.0,0.0,0.0,56.0,0.0,0.0,25.232233449000002,0.0,-0.408030268,0.0,32.0,0.0,0.0
17386,0.0,0.0,0.0,0.0,0.0,0.0,0.0,138.0,88.0,4.0,67.449185419,163.83,1.0,60,28.0,0.8895585562,94.0,0.0,0.0,0.0,0.0,9.9,30.0,0.0,4.0,5.76,10.1,0.0,0.0,0.0,65.759,0.0,0.0,25.129847123,0.0,-0.555309206,0.0,32.0,0.0,0.0
17386,0.0,0.0,0.0,0.0,0.0,0.0,0.0,128.0,64.0,2.0,0.0,0.0,1.0,61,29.0,0.0,99.0,57.0,0.0,240.0,24.0,17.9,30.0,0.0,2.0,2.46,10.5,0.0,0.0,0.0,77.378,0.0,0.0,0.0,0.0,0.0,0.0,32.0,0.0,0.0
