PtID,Pt_CGMUseNumDays,Pt_FatherT1D,Pt_MotherT1D,Pt_SiblingT1D,Pt_ChildT1D,Pt_GrandchildT1D,Pt_GrandparentT1D,BldPrSys,BldPrDia,SMBGperDayPtMeterCombo,WeightKg,HeightCm,DirectLDL,age,diabDur,TotalDailyInsPerKg,LDL,HDL,TotChol,Triglyc,BUN,AlbCreatRat_mggNew,UnitsInsBasalOrLongAct,BGTestAvgNumMeter,BGTestAvgNumPtRep,TSH,HbA1c,AutonomicNeuroCl,Pt_InsGov,NumPumpBolusOrShortAct,HbA1cImputeDtMnC,Pt_SHFlg,Pt_DKAFlg,bmi,bmiPerc,bmiZscore,GFR,diagAgeCombo,Pt_A1cGoalLev,Pt_A1cGoalLevelDsYr5
17409,0.0,0.0,0.0,1.0,0.0,0.0,0.0,127.0,67.0,12.0,70.76040972,176.3,0.0,17,15.0,0.9751215443000001,77.0,45.0,144.0,108.0,20.0,2.6,0.0,12.0,8.0,0.0,7.1,0.0,0.0,8.0,0.0,0.0,0.0,22.765946678000002,0.6898343634,0.495380902,0.0,2.0,0.0,0.0
17409,0.0,0.0,0.0,0.0,0.0,0.0,0.0,100.0,70.0,0.0,73.93555631,175.514,0.0,18,16.0,0.0,121.0,56.0,0.0,77.0,0.0,0.0,0.0,0.0,0.0,0.0,7.8,0.0,0.0,0.0,16.033,0.0,0.0,24.001026529,0.7405449843999999,0.6450264717,0.0,2.0,0.0,0.0
17409,0.0,0.0,0.0,0.0,0.0,0.0,0.0,110.0,70.0,5.0,73.02837157,175.26,0.0,20,18.0,0.6709721022999999,104.0,48.0,0.0,73.0,0.0,0.0,23.0,5.0,5.0,3.27,8.0,0.0,0.0,0.0,34.158,0.0,0.0,23.775299795,0.5946648616,-0.557158504,0.0,2.0,0.0,0.0
17409,0.0,0.0,0.0,0.0,0.0,0.0,0.0,110.0,60.0,5.0,76.65711053,177.8,0.0,20,18.0,0.6653003178,85.0,46.0,155.0,122.0,0.0,0.0,25.0,5.0,0.0,2.39,7.6,0.0,0.0,0.0,45.278,0.0,0.0,24.248726318000003,0.6462010048,-0.463777404,0.0,2.0,0.0,0.0
17409,0.0,0.0,0.0,0.0,0.0,0.0,0.0,130.0,70.0,10.0,78.47148001,176.53,0.0,21,19.0,0.5352263013,82.0,0.0,0.0,0.0,0.0,0.0,20.0,10.0,0.0,1.05,7.4,0.0,0.0,0.0,52.11600000000001,0.0,0.0,25.181106004,0.0,-0.27987000300000003,0.0,2.0,0.0,0.0
17409,0.0,0.0,0.0,0.0,0.0,0.0,0.0,122.0,80.0,6.0,0.0,0.0,1.0,21,19.0,0.0,99.0,0.0,0.0,0.0,15.0,0.0,25.0,6.0,6.0,1.19,8.3,0.0,0.0,0.0,57.593,0.0,0.0,0.0,0.0,0.0,0.0,2.0,0.0,0.0
17409,0.0,0.0,0.0,0.0,0.0,0.0,0.0,126.0,80.0,0.0,0.0,0.0,0.0,22,20.0,0.0,0.0,0.0,0.0,0.0,0.0,0.0,22.9,0.0,0.0,0.0,6.9,0.0,0.0,0.0,69.311,0.0,0.0,0.0,0.0,0.0,0.0,2.0,0.0,0.0
