PtID,Pt_CGMUseNumDays,Pt_FatherT1D,Pt_MotherT1D,Pt_SiblingT1D,Pt_ChildT1D,Pt_GrandchildT1D,Pt_GrandparentT1D,BldPrSys,BldPrDia,SMBGperDayPtMeterCombo,WeightKg,HeightCm,DirectLDL,age,diabDur,TotalDailyInsPerKg,LDL,HDL,TotChol,Triglyc,BUN,AlbCreatRat_mggNew,UnitsInsBasalOrLongAct,BGTestAvgNumMeter,BGTestAvgNumPtRep,TSH,HbA1c,AutonomicNeuroCl,Pt_InsGov,NumPumpBolusOrShortAct,HbA1cImputeDtMnC,Pt_SHFlg,Pt_DKAFlg,bmi,bmiPerc,bmiZscore,GFR,diagAgeCombo,Pt_A1cGoalLev,Pt_A1cGoalLevelDsYr5
1746,0.0,0.0,0.0,0.0,0.0,0.0,0.0,147.0,60.0,4.0,80.8,174.4,0.0,71,52.0,0.198019802,95.0,61.0,0.0,138.0,35.0,15.5,0.0,4.0,5.0,0.0,6.7,0.0,1.0,0.0,0.266,0.0,0.0,26.565524786999998,0.0,-0.22816347399999998,0.0,19.0,0.0,0.0
1746,0.0,0.0,0.0,0.0,0.0,0.0,0.0,148.0,70.0,5.0,80.4,173.5,0.0,72,53.0,0.4228855721,88.0,52.0,0.0,102.0,29.0,0.0,0.0,0.0,5.0,0.0,7.1,0.0,1.0,0.0,10.257,0.0,0.0,26.708966938000003,0.0,-0.205347981,0.0,19.0,7.0,0.0
1746,0.0,0.0,0.0,0.0,0.0,0.0,0.0,118.0,60.0,4.0,79.8,172.3,0.0,73,54.0,0.0,0.0,0.0,0.0,0.0,25.0,0.1,14.0,4.0,0.0,12.46,6.9,0.0,0.0,0.0,25.195,0.0,0.0,26.880190141999996,0.0,-0.17811371399999998,39.2,19.0,0.0,0.0
1746,0.0,0.0,0.0,0.0,0.0,0.0,0.0,126.0,62.0,4.0,78.9,171.4,0.0,74,55.0,0.0,92.0,51.0,163.0,139.0,33.0,0.1,14.0,4.0,6.0,4.19,6.9,0.0,0.0,0.0,35.187,0.0,0.0,26.85686821,0.0,-0.181823233,39.0,19.0,0.0,0.0
1746,0.0,0.0,0.0,0.0,0.0,0.0,0.0,130.0,56.0,4.0,78.2,171.8,0.0,75,56.0,0.0,79.0,50.0,155.0,110.0,29.0,0.1,13.0,4.0,0.0,3.25,7.0,0.0,0.0,3.0,44.913000000000004,0.0,0.0,26.494787100000003,0.0,-0.239414806,39.0,19.0,0.0,0.0
1746,0.0,0.0,0.0,0.0,0.0,0.0,0.0,122.0,62.0,4.0,75.9,171.0,0.0,76,57.0,0.0,79.0,50.0,149.0,100.0,29.0,0.1,11.0,4.0,4.0,0.21,7.2,0.0,1.0,3.0,62.141000000000005,1.0,0.0,25.956704626999997,0.0,-0.325000646,34.0,19.0,0.0,0.0
1746,0.0,0.0,0.0,0.0,0.0,0.0,0.0,130.0,58.0,4.0,70.0,171.3,0.0,77,58.0,0.0,0.0,53.0,144.0,93.0,27.0,0.1,12.0,4.0,4.0,0.21,6.2,0.0,0.0,3.0,70.041,0.0,0.0,23.855213846999998,0.0,-0.659257686,42.2,19.0,0.0,0.0
