PtID,Pt_CGMUseNumDays,Pt_FatherT1D,Pt_MotherT1D,Pt_SiblingT1D,Pt_ChildT1D,Pt_GrandchildT1D,Pt_GrandparentT1D,BldPrSys,BldPrDia,SMBGperDayPtMeterCombo,WeightKg,HeightCm,DirectLDL,age,diabDur,TotalDailyInsPerKg,LDL,HDL,TotChol,Triglyc,BUN,AlbCreatRat_mggNew,UnitsInsBasalOrLongAct,BGTestAvgNumMeter,BGTestAvgNumPtRep,TSH,HbA1c,AutonomicNeuroCl,Pt_InsGov,NumPumpBolusOrShortAct,HbA1cImputeDtMnC,Pt_SHFlg,Pt_DKAFlg,bmi,bmiPerc,bmiZscore,GFR,diagAgeCombo,Pt_A1cGoalLev,Pt_A1cGoalLevelDsYr5
17480,0.0,0.0,0.0,0.0,0.0,0.0,0.0,152.0,74.0,3.0,55.33826914,162.56,0.0,69,2.0,0.1807067723,124.0,58.0,0.0,92.0,16.0,0.0,0.0,3.0,3.0,0.0,6.4,0.0,1.0,0.0,-14.34,0.0,0.0,20.941037284,0.0,-1.075668292,0.0,67.0,0.0,0.0
17480,0.0,0.0,0.0,0.0,0.0,0.0,0.0,146.0,76.0,3.0,52.61671492,160.02,0.0,70,3.0,0.0,65.0,72.0,0.0,83.0,25.0,0.0,0.0,3.0,0.0,0.0,7.8,0.0,0.0,0.0,10.523,0.0,0.0,20.548266878,0.0,-1.185251096,0.0,67.0,0.0,0.0
17480,0.0,0.0,0.0,0.0,0.0,0.0,0.0,188.0,82.0,2.0,57.60623099,160.02,0.0,71,4.0,0.0,79.0,71.0,0.0,81.0,16.0,27.7,16.0,2.0,0.0,0.92,7.7,0.0,0.0,0.0,26.49,0.0,0.0,22.496809427,0.0,-0.87532156,0.0,67.0,0.0,0.0
17480,0.0,0.0,0.0,0.0,0.0,0.0,0.0,130.0,74.0,0.0,60.32778521,160.02,0.0,72,5.0,0.0,111.0,58.0,0.0,90.0,0.0,27.7,19.0,0.0,0.0,3.24,8.4,0.0,0.0,0.0,37.61,0.0,0.0,23.559650816999998,0.0,-0.7062690859999999,0.0,67.0,0.0,0.0
17480,0.0,0.0,0.0,0.0,0.0,0.0,0.0,157.0,78.0,4.0,60.32778521,160.02,0.0,73,6.0,0.5801638479,101.0,56.0,0.0,112.0,14.0,27.7,19.0,4.0,4.0,0.98,7.7,0.0,0.0,4.0,51.585,0.0,0.0,23.559650816999998,0.0,-0.7062690859999999,95.0,67.0,0.0,0.0
17480,0.0,0.0,0.0,0.0,0.0,0.0,0.0,174.0,74.0,6.0,59.87419284,160.02,0.0,74,7.0,0.0,68.0,53.0,0.0,70.0,13.0,27.7,10.0,0.0,6.0,1.21,8.3,0.0,1.0,3.0,61.643,0.0,0.0,23.382510585,0.0,-0.734444498,0.0,67.0,0.0,0.0
17480,0.0,0.0,0.0,0.0,0.0,0.0,0.0,155.0,83.0,4.0,58.51341573,160.02,0.0,75,8.0,0.4614326418,67.0,59.0,0.0,118.0,11.0,27.7,18.0,4.0,0.0,1.45,0.0,0.0,0.0,3.0,0.0,0.0,0.0,22.85108989,0.0,-0.818970735,0.0,67.0,0.0,0.0
