PtID,Pt_CGMUseNumDays,Pt_FatherT1D,Pt_MotherT1D,Pt_SiblingT1D,Pt_ChildT1D,Pt_GrandchildT1D,Pt_GrandparentT1D,BldPrSys,BldPrDia,SMBGperDayPtMeterCombo,WeightKg,HeightCm,DirectLDL,age,diabDur,TotalDailyInsPerKg,LDL,HDL,TotChol,Triglyc,BUN,AlbCreatRat_mggNew,UnitsInsBasalOrLongAct,BGTestAvgNumMeter,BGTestAvgNumPtRep,TSH,HbA1c,AutonomicNeuroCl,Pt_InsGov,NumPumpBolusOrShortAct,HbA1cImputeDtMnC,Pt_SHFlg,Pt_DKAFlg,bmi,bmiPerc,bmiZscore,GFR,diagAgeCombo,Pt_A1cGoalLev,Pt_A1cGoalLevelDsYr5
1749,0.0,0.0,0.0,0.0,0.0,0.0,0.0,109.0,56.0,6.0,28.9,130.0,0.0,9,0.0,0.6920415225,8.0,42.0,161.0,0.0,21.0,0.0,0.0,0.0,6.0,0.0,0.0,0.0,1.0,0.0,0.0,0.0,0.0,17.100591716,0.6817834722,0.47269183090000005,0.0,9.0,0.0,0.0
1749,0.0,0.0,0.0,0.0,0.0,0.0,0.0,102.0,60.0,7.0,34.0,138.9,1.0,11,2.0,0.6470588235,98.0,49.0,159.0,61.0,0.0,3.9,8.0,7.0,0.0,3.279,0.0,0.0,0.0,0.0,0.0,0.0,0.0,17.622780242,0.5777548774,0.1961532155,0.0,9.0,0.0,0.0
1749,0.0,0.0,0.0,0.0,0.0,0.0,0.0,110.0,64.0,7.0,38.6,142.9,0.0,12,3.0,0.6994818653,122.0,48.0,186.0,110.0,0.0,3.9,12.0,0.0,7.0,2.805,7.5,0.0,0.0,5.0,33.062,0.0,0.0,18.902656705,0.6664819213000001,0.430219254,0.0,9.0,0.0,0.0
1749,0.0,0.0,0.0,0.0,0.0,0.0,0.0,108.0,60.0,8.0,45.8,152.2,1.0,13,4.0,1.0043668122,28.0,43.0,178.0,138.0,13.0,3.9,14.0,0.0,8.0,1.182,7.3,0.0,0.0,0.0,45.145,0.0,0.0,19.771343122,0.6838898072,0.47860398130000004,0.0,9.0,0.0,0.0
1749,0.0,0.0,0.0,0.0,0.0,0.0,0.0,123.0,70.0,4.0,85.7,174.1,0.0,14,4.0,0.0,172.0,55.0,251.0,321.0,0.0,3.9,40.0,4.0,4.0,0.0,7.8,0.0,0.0,5.0,53.411,0.0,0.0,28.273741282,0.9730848616,1.928199819,0.0,9.0,0.0,0.0
1749,0.0,0.0,0.0,0.0,0.0,0.0,0.0,116.0,78.0,8.0,91.4,174.1,1.0,15,5.0,1.0612691466,172.0,55.0,251.0,321.0,0.0,3.9,43.0,8.0,8.0,0.0,0.0,0.0,0.0,5.0,0.0,0.0,0.0,30.154258496999997,0.9797869161,2.0493677543,0.0,9.0,0.0,0.0
1749,0.0,0.0,0.0,0.0,0.0,0.0,0.0,113.0,67.0,6.0,64.6,166.7,0.0,15,6.0,0.6811145511,95.0,42.0,149.0,87.0,0.0,3.9,18.0,6.0,4.0,2.58,0.0,0.0,1.0,5.0,0.0,1.0,0.0,23.24670039,0.8408271292,0.9978631116,0.0,9.0,0.0,0.0
