PtID,Pt_CGMUseNumDays,Pt_FatherT1D,Pt_MotherT1D,Pt_SiblingT1D,Pt_ChildT1D,Pt_GrandchildT1D,Pt_GrandparentT1D,BldPrSys,BldPrDia,SMBGperDayPtMeterCombo,WeightKg,HeightCm,DirectLDL,age,diabDur,TotalDailyInsPerKg,LDL,HDL,TotChol,Triglyc,BUN,AlbCreatRat_mggNew,UnitsInsBasalOrLongAct,BGTestAvgNumMeter,BGTestAvgNumPtRep,TSH,HbA1c,AutonomicNeuroCl,Pt_InsGov,NumPumpBolusOrShortAct,HbA1cImputeDtMnC,Pt_SHFlg,Pt_DKAFlg,bmi,bmiPerc,bmiZscore,GFR,diagAgeCombo,Pt_A1cGoalLev,Pt_A1cGoalLevelDsYr5
17527,0.0,0.0,0.0,0.0,0.0,0.0,0.0,124.0,75.0,6.0,74.47986715399999,170.43400000000003,0.0,39,10.0,0.6713223573999999,122.0,49.0,184.0,64.0,16.0,4.9,0.0,0.0,6.0,0.0,7.3,0.0,0.0,0.0,0.0,0.0,0.0,25.640495863,0.0,-0.269548843,0.0,29.0,0.0,0.0
17527,0.0,0.0,0.0,0.0,0.0,0.0,0.0,147.0,78.0,3.0,73.5,171.0,0.0,41,12.0,0.6394557823,106.0,56.0,173.0,57.0,18.0,5.0,29.0,3.0,0.0,1.5,8.5,0.0,0.0,0.0,25.328000000000003,0.0,0.0,25.135939263,0.0,-0.46929696200000004,65.0,29.0,0.0,0.0
17527,0.0,0.0,0.0,0.0,0.0,0.0,0.0,128.0,86.0,6.0,78.0,171.0,0.0,43,14.0,0.7179487179,0.0,0.0,0.0,0.0,0.0,5.0,34.0,6.0,0.0,0.0,8.9,0.0,0.0,3.0,50.423,0.0,0.0,26.67487432,0.0,-0.24803344800000002,0.0,29.0,0.0,0.0
17527,0.0,0.0,0.0,0.0,0.0,0.0,0.0,114.0,76.0,4.0,77.0,171.0,0.0,45,16.0,0.6883116883,0.0,0.0,0.0,0.0,0.0,5.0,35.0,4.0,5.0,0.0,8.7,0.0,0.0,0.0,70.60600000000001,1.0,0.0,26.332888752,0.0,-0.297203118,0.0,29.0,0.0,0.0
