PtID,Pt_CGMUseNumDays,Pt_FatherT1D,Pt_MotherT1D,Pt_SiblingT1D,Pt_ChildT1D,Pt_GrandchildT1D,Pt_GrandparentT1D,BldPrSys,BldPrDia,SMBGperDayPtMeterCombo,WeightKg,HeightCm,DirectLDL,age,diabDur,TotalDailyInsPerKg,LDL,HDL,TotChol,Triglyc,BUN,AlbCreatRat_mggNew,UnitsInsBasalOrLongAct,BGTestAvgNumMeter,BGTestAvgNumPtRep,TSH,HbA1c,AutonomicNeuroCl,Pt_InsGov,NumPumpBolusOrShortAct,HbA1cImputeDtMnC,Pt_SHFlg,Pt_DKAFlg,bmi,bmiPerc,bmiZscore,GFR,diagAgeCombo,Pt_A1cGoalLev,Pt_A1cGoalLevelDsYr5
17545,0.0,0.0,0.0,0.0,0.0,0.0,0.0,113.0,75.0,4.0,22.997133159,110.99799999999999,0.0,6,3.0,0.6087715327000001,73.0,24.0,0.0,68.0,0.0,0.0,0.0,4.0,5.0,0.0,8.5,0.0,0.0,0.0,-0.498,0.0,0.0,18.665661803,0.9455766734000001,1.6033987212,0.0,3.0,0.0,0.0
17545,0.0,0.0,0.0,0.0,0.0,0.0,0.0,105.0,71.0,5.0,27.0,117.0,0.0,7,4.0,0.7407407407,0.0,48.0,143.0,0.0,0.0,0.0,0.0,5.0,6.0,0.0,6.9,0.0,0.0,0.0,16.697,0.0,0.0,19.723865877999998,0.9520441540000001,1.6650053322,0.0,3.0,7.0,0.0
17545,0.0,0.0,0.0,0.0,0.0,0.0,0.0,109.0,63.0,6.0,31.0,120.0,0.0,8,5.0,0.7419354839,0.0,0.0,0.0,0.0,0.0,8.5,9.0,6.0,0.0,0.0,7.6,0.0,0.0,4.0,23.701,0.0,0.0,21.527777778,0.96502231,1.8121994763999998,0.0,3.0,0.0,0.0
17545,0.0,0.0,0.0,0.0,0.0,0.0,0.0,91.0,58.0,6.0,37.0,129.0,0.0,10,6.0,0.8918918919,0.0,0.0,0.0,0.0,0.0,8.5,12.0,6.0,0.0,0.0,8.2,0.0,0.0,5.0,44.614,0.0,0.0,22.234240731,0.9364020882999999,1.5252537315,0.0,3.0,0.0,0.0
17545,0.0,0.0,0.0,0.0,0.0,0.0,0.0,103.0,71.0,5.0,41.8,132.1,0.0,10,7.0,0.9090909091,0.0,0.0,0.0,0.0,0.0,8.5,14.0,5.0,0.0,1.77,9.3,0.0,0.0,24.0,56.0,0.0,0.0,23.953591920999997,0.9640498738,1.7997491759,0.0,3.0,0.0,0.0
17545,0.0,0.0,0.0,0.0,0.0,0.0,0.0,64.0,86.0,6.0,49.1,140.8,0.0,12,9.0,0.3869653768,0.0,35.0,141.0,0.0,0.0,2.0,0.0,0.0,6.0,0.0,9.6,0.0,1.0,0.0,70.407,0.0,1.0,24.767158445,0.9431488990000001,1.5817694921,0.0,3.0,0.0,0.0
17545,0.0,0.0,0.0,0.0,0.0,0.0,0.0,113.0,74.0,2.0,60.9,146.5,0.0,13,10.0,0.9589490969,0.0,0.0,0.0,0.0,0.0,2.0,25.4,2.0,0.0,1.61,8.0,0.0,0.0,0.0,83.38600000000001,0.0,0.0,28.375403324,0.9707049193,1.8912561332,0.0,3.0,0.0,0.0
