PtID,Pt_CGMUseNumDays,Pt_FatherT1D,Pt_MotherT1D,Pt_SiblingT1D,Pt_ChildT1D,Pt_GrandchildT1D,Pt_GrandparentT1D,BldPrSys,BldPrDia,SMBGperDayPtMeterCombo,WeightKg,HeightCm,DirectLDL,age,diabDur,TotalDailyInsPerKg,LDL,HDL,TotChol,Triglyc,BUN,AlbCreatRat_mggNew,UnitsInsBasalOrLongAct,BGTestAvgNumMeter,BGTestAvgNumPtRep,TSH,HbA1c,AutonomicNeuroCl,Pt_InsGov,NumPumpBolusOrShortAct,HbA1cImputeDtMnC,Pt_SHFlg,Pt_DKAFlg,bmi,bmiPerc,bmiZscore,GFR,diagAgeCombo,Pt_A1cGoalLev,Pt_A1cGoalLevelDsYr5
17541,0.0,0.0,0.0,0.0,0.0,0.0,0.0,170.0,70.0,4.0,58.9670081,149.86,0.0,56,26.0,0.25437953329999996,0.0,0.0,0.0,0.0,13.0,4.1,0.0,4.0,5.0,0.0,0.0,0.0,0.0,0.0,0.0,0.0,1.0,26.256548506999998,0.0,-0.302693539,0.0,30.0,0.0,0.0
17541,0.0,0.0,0.0,0.0,0.0,0.0,0.0,118.0,76.0,3.0,62.14215469,149.86,0.0,59,29.0,0.0,164.0,67.0,0.0,79.0,14.0,4.0,16.0,3.0,0.0,5.21,8.7,0.0,0.0,4.0,40.365,0.0,0.0,27.670362657,0.0,-0.15730218199999998,0.0,30.0,0.0,0.0
17541,0.0,0.0,0.0,0.0,0.0,0.0,0.0,108.0,70.0,3.0,60.32778521,149.86,0.0,60,30.0,0.8619577168000001,0.0,0.0,0.0,0.0,0.0,4.0,16.0,3.0,0.0,3.75,8.8,0.0,0.0,0.0,53.245,0.0,0.0,26.862468857,0.0,-0.34007254,0.0,30.0,0.0,0.0
17541,0.0,0.0,0.0,0.0,0.0,0.0,0.0,120.0,68.0,0.0,62.14215469,149.86,0.0,61,31.0,0.8367910681,0.0,0.0,0.0,0.0,0.0,4.0,20.0,0.0,0.0,0.0,7.8,0.0,0.0,3.0,57.826,0.0,0.0,27.670362657,0.0,-0.23971112600000002,0.0,30.0,0.0,0.0
