PtID,Pt_CGMUseNumDays,Pt_FatherT1D,Pt_MotherT1D,Pt_SiblingT1D,Pt_ChildT1D,Pt_GrandchildT1D,Pt_GrandparentT1D,BldPrSys,BldPrDia,SMBGperDayPtMeterCombo,WeightKg,HeightCm,DirectLDL,age,diabDur,TotalDailyInsPerKg,LDL,HDL,TotChol,Triglyc,BUN,AlbCreatRat_mggNew,UnitsInsBasalOrLongAct,BGTestAvgNumMeter,BGTestAvgNumPtRep,TSH,HbA1c,AutonomicNeuroCl,Pt_InsGov,NumPumpBolusOrShortAct,HbA1cImputeDtMnC,Pt_SHFlg,Pt_DKAFlg,bmi,bmiPerc,bmiZscore,GFR,diagAgeCombo,Pt_A1cGoalLev,Pt_A1cGoalLevelDsYr5
17540,0.0,0.0,0.0,1.0,0.0,0.0,0.0,106.0,63.0,3.0,35.2,145.2,0.0,10,5.0,0.9090909091,84.0,63.0,159.0,58.0,13.0,11.0,0.0,3.0,6.0,0.0,8.5,0.0,0.0,0.0,0.0,0.0,0.0,16.695884464000002,0.514159471,0.0354999854,0.0,4.0,0.0,0.0
17540,0.0,0.0,0.0,1.0,0.0,0.0,0.0,118.0,75.0,4.0,39.6,154.2,0.0,11,7.0,0.9848484848000001,86.0,62.0,162.0,70.0,0.0,18.0,0.0,4.0,6.0,0.0,8.3,0.0,0.0,0.0,16.033,0.0,0.0,16.654302109,0.3996945461,-0.254137812,0.0,4.0,5.0,0.0
17540,0.0,0.0,0.0,0.0,0.0,0.0,0.0,119.0,56.0,3.0,53.4,170.6,0.0,13,8.0,0.0,81.0,59.0,165.0,125.0,0.0,25.0,27.0,3.0,0.0,1.06,9.9,0.0,0.0,0.0,36.714,0.0,0.0,18.347766451,0.4843789617,-0.039166147000000005,0.0,4.0,0.0,0.0
17540,0.0,0.0,0.0,0.0,0.0,0.0,0.0,102.0,66.0,0.0,55.5,172.9,0.0,13,9.0,0.0,0.0,0.0,0.0,0.0,0.0,6.0,28.0,0.0,0.0,0.0,9.4,0.0,0.0,0.0,40.199,0.0,0.0,18.565343822,0.5193945916,0.0486341972,0.0,4.0,0.0,0.0
17540,0.0,0.0,0.0,0.0,0.0,0.0,0.0,109.0,70.0,5.0,62.1,181.3,0.0,14,10.0,0.0,100.0,40.0,158.0,91.0,0.0,7.0,32.0,5.0,0.0,0.87,9.4,0.0,0.0,0.0,52.05,0.0,0.0,18.89278542,0.46294179679999997,-0.09302513400000001,0.0,4.0,0.0,0.0
17540,0.0,0.0,0.0,0.0,0.0,0.0,0.0,113.0,57.0,4.0,72.8,185.0,0.0,16,11.0,0.0,120.0,49.0,182.0,64.0,0.0,7.0,36.0,4.0,0.0,1.53,9.9,0.0,0.0,4.0,70.241,0.0,0.0,21.27100073,0.6007302104,0.2552376166,0.0,4.0,0.0,0.0
17540,0.0,0.0,0.0,0.0,0.0,0.0,0.0,118.0,59.0,5.0,80.6,186.0,0.0,16,12.0,0.0,0.0,0.0,0.0,0.0,0.0,7.0,36.0,5.0,5.0,0.0,7.9,0.0,0.0,3.0,79.303,0.0,0.0,23.297491039,0.79688085,0.8305315808,0.0,4.0,0.0,0.0
