PtID,Pt_CGMUseNumDays,Pt_FatherT1D,Pt_MotherT1D,Pt_SiblingT1D,Pt_ChildT1D,Pt_GrandchildT1D,Pt_GrandparentT1D,BldPrSys,BldPrDia,SMBGperDayPtMeterCombo,WeightKg,HeightCm,DirectLDL,age,diabDur,TotalDailyInsPerKg,LDL,HDL,TotChol,Triglyc,BUN,AlbCreatRat_mggNew,UnitsInsBasalOrLongAct,BGTestAvgNumMeter,BGTestAvgNumPtRep,TSH,HbA1c,AutonomicNeuroCl,Pt_InsGov,NumPumpBolusOrShortAct,HbA1cImputeDtMnC,Pt_SHFlg,Pt_DKAFlg,bmi,bmiPerc,bmiZscore,GFR,diagAgeCombo,Pt_A1cGoalLev,Pt_A1cGoalLevelDsYr5
17551,0.0,0.0,0.0,1.0,0.0,0.0,0.0,0.0,0.0,3.0,19.50447191,112.0,0.0,7,3.0,0.3076217612,0.0,0.0,0.0,0.0,0.0,0.0,0.0,3.0,4.0,0.0,9.0,0.0,1.0,0.0,0.0,0.0,0.0,15.548845592000001,0.5123271289,0.0309044485,0.0,4.0,0.0,0.0
17551,0.0,0.0,0.0,1.0,0.0,0.0,0.0,0.0,0.0,6.0,20.41165665,114.0,0.0,7,3.0,0.8328574349,0.0,0.0,0.0,0.0,0.0,0.0,0.0,0.0,6.0,0.0,10.3,0.0,1.0,0.0,7.202999999999999,0.0,0.0,15.706106994,0.5547930242,0.1377804298,0.0,4.0,0.0,0.0
17551,0.0,0.0,0.0,0.0,0.0,0.0,0.0,108.0,70.0,5.0,23.768240188000004,120.5,0.0,8,4.0,0.7993860652,0.0,74.0,181.0,83.0,14.0,0.0,7.0,5.0,6.0,0.0,9.8,0.0,0.0,0.0,21.875999999999998,0.0,0.0,16.369029588,0.6354832411,0.3464114547,0.0,4.0,0.0,0.0
17551,0.0,0.0,0.0,0.0,0.0,0.0,0.0,0.0,0.0,9.0,25.582609668000003,124.4,0.0,9,5.0,0.5863358036999999,90.0,74.0,0.0,83.0,14.0,0.0,1.0,9.0,0.0,1.48,11.4,0.0,0.0,13.0,36.249,0.0,0.0,16.531188721,0.5803746992000001,0.20285214210000002,0.0,4.0,0.0,0.0
17551,0.0,0.0,0.0,0.0,0.0,0.0,0.0,110.0,68.0,7.0,30.0,128.0,0.0,10,6.0,0.6666666667,87.0,71.0,201.0,217.0,14.0,0.0,10.0,7.0,0.0,2.17,10.2,0.0,0.0,6.0,47.934,0.0,0.0,18.310546875,0.7603233629999999,0.707343122,0.0,4.0,0.0,0.0
17551,0.0,0.0,0.0,0.0,0.0,0.0,0.0,0.0,0.0,0.0,33.0,132.0,0.0,11,7.0,0.0,0.0,0.0,0.0,0.0,10.0,0.0,12.0,0.0,0.0,0.0,10.5,0.0,0.0,0.0,58.855,0.0,0.0,18.939393939000002,0.752428753,0.6821525514,0.0,4.0,0.0,0.0
17551,0.0,0.0,0.0,0.0,0.0,0.0,0.0,0.0,0.0,0.0,34.0,135.0,0.0,12,8.0,0.0,0.0,0.0,0.0,0.0,0.0,0.0,12.0,0.0,0.0,0.0,11.2,0.0,0.0,3.0,64.664,0.0,0.0,18.65569273,0.6340040866,0.3424771637,0.0,4.0,0.0,0.0
