PtID,Pt_CGMUseNumDays,Pt_FatherT1D,Pt_MotherT1D,Pt_SiblingT1D,Pt_ChildT1D,Pt_GrandchildT1D,Pt_GrandparentT1D,BldPrSys,BldPrDia,SMBGperDayPtMeterCombo,WeightKg,HeightCm,DirectLDL,age,diabDur,TotalDailyInsPerKg,LDL,HDL,TotChol,Triglyc,BUN,AlbCreatRat_mggNew,UnitsInsBasalOrLongAct,BGTestAvgNumMeter,BGTestAvgNumPtRep,TSH,HbA1c,AutonomicNeuroCl,Pt_InsGov,NumPumpBolusOrShortAct,HbA1cImputeDtMnC,Pt_SHFlg,Pt_DKAFlg,bmi,bmiPerc,bmiZscore,GFR,diagAgeCombo,Pt_A1cGoalLev,Pt_A1cGoalLevelDsYr5
17559,0.0,0.0,0.0,0.0,0.0,0.0,0.0,133.0,84.0,15.0,0.0,0.0,0.0,32,1.0,0.0,74.0,45.0,141.0,112.0,16.0,3.0,0.0,15.0,15.0,0.0,6.0,0.0,0.0,0.0,0.066,0.0,0.0,0.0,0.0,0.0,0.0,30.0,0.0,0.0
17559,30.0,0.0,0.0,0.0,0.0,0.0,0.0,129.0,77.0,11.0,0.0,0.0,0.0,33,2.0,0.0,108.0,56.0,179.0,73.0,0.0,0.0,0.0,11.0,10.0,0.0,5.7,0.0,0.0,0.0,12.183,0.0,0.0,0.0,0.0,0.0,0.0,30.0,5.7,0.0
17559,0.0,0.0,0.0,0.0,0.0,0.0,0.0,125.0,79.0,0.0,0.0,0.0,0.0,34,3.0,0.0,0.0,0.0,0.0,0.0,0.0,0.0,0.0,0.0,0.0,0.0,6.1,0.0,0.0,0.0,30.373,0.0,0.0,0.0,0.0,0.0,0.0,30.0,0.0,0.0
17559,0.0,0.0,0.0,0.0,0.0,0.0,0.0,117.0,72.0,2.0,0.0,0.0,0.0,35,4.0,0.0,102.0,58.0,175.0,75.0,17.0,0.0,9.0,2.0,0.0,1.59,6.0,0.0,0.0,0.0,43.485,0.0,0.0,0.0,0.0,0.0,0.0,30.0,0.0,0.0
17559,0.0,0.0,0.0,0.0,0.0,0.0,0.0,138.0,87.0,8.0,66.0,178.0,0.0,37,6.0,0.0,0.0,0.0,0.0,0.0,0.0,0.0,10.0,8.0,0.0,0.0,6.4,0.0,0.0,0.0,61.71,0.0,0.0,20.830703194,0.0,-0.9667637729999999,0.0,30.0,0.0,0.0
17559,30.0,0.0,0.0,0.0,0.0,0.0,0.0,131.0,78.0,7.0,67.0,178.0,0.0,38,7.0,0.0,112.0,67.0,188.0,45.0,13.0,0.0,20.0,0.0,7.0,2.99,6.4,0.0,0.0,0.0,72.83,0.0,0.0,21.146319909000002,0.0,-0.921012802,0.0,30.0,0.0,0.0
17559,0.0,0.0,0.0,0.0,0.0,0.0,0.0,119.0,77.0,2.0,70.0,178.0,0.0,39,8.0,0.0,0.0,0.0,0.0,0.0,0.0,0.0,13.0,2.0,0.0,0.0,6.3,0.0,0.0,0.0,85.975,0.0,0.0,22.093170054,0.0,-0.783759888,0.0,30.0,0.0,0.0
