PtID,Pt_CGMUseNumDays,Pt_FatherT1D,Pt_MotherT1D,Pt_SiblingT1D,Pt_ChildT1D,Pt_GrandchildT1D,Pt_GrandparentT1D,BldPrSys,BldPrDia,SMBGperDayPtMeterCombo,WeightKg,HeightCm,DirectLDL,age,diabDur,TotalDailyInsPerKg,LDL,HDL,TotChol,Triglyc,BUN,AlbCreatRat_mggNew,UnitsInsBasalOrLongAct,BGTestAvgNumMeter,BGTestAvgNumPtRep,TSH,HbA1c,AutonomicNeuroCl,Pt_InsGov,NumPumpBolusOrShortAct,HbA1cImputeDtMnC,Pt_SHFlg,Pt_DKAFlg,bmi,bmiPerc,bmiZscore,GFR,diagAgeCombo,Pt_A1cGoalLev,Pt_A1cGoalLevelDsYr5
17567,0.0,0.0,0.0,0.0,0.0,0.0,0.0,133.0,59.0,4.0,110.81261599,188.722,0.0,68,38.0,0.8212061342,48.0,81.0,148.0,96.0,15.0,0.0,0.0,0.0,4.0,0.0,6.5,1.0,1.0,0.0,0.0,1.0,0.0,31.113161749,0.0,0.42188000340000004,0.0,30.0,0.0,0.0
17567,0.0,0.0,0.0,0.0,0.0,0.0,0.0,134.0,64.0,4.0,110.3,188.5,0.0,69,39.0,0.8159564823000001,58.0,93.0,173.0,112.0,14.0,0.0,0.0,0.0,4.0,0.0,6.5,1.0,1.0,0.0,12.083,0.0,0.0,31.042222207,0.0,0.4083572798,0.0,30.0,6.9,0.0
17567,0.0,0.0,0.0,0.0,0.0,0.0,0.0,147.0,65.0,3.0,111.3,188.5,0.0,70,40.0,0.8086253368999999,54.0,78.0,156.0,117.0,15.0,0.0,65.0,0.0,3.0,0.0,6.7,1.0,0.0,25.0,24.166,0.0,0.0,31.323656678000003,0.0,0.8914345262000001,0.0,30.0,0.0,0.0
17567,0.0,0.0,0.0,0.0,0.0,0.0,0.0,138.0,65.0,4.0,0.0,0.0,0.0,71,41.0,0.0,80.0,64.0,159.0,73.0,15.0,0.0,0.0,4.0,4.0,3.1,7.3,1.0,0.0,0.0,41.129,0.0,0.0,0.0,0.0,0.0,0.0,30.0,0.0,0.0
17567,0.0,0.0,0.0,0.0,0.0,0.0,0.0,144.0,65.0,4.0,112.8,188.0,0.0,73,43.0,0.0,58.0,67.0,0.0,144.0,12.0,0.0,0.0,4.0,5.0,0.0,6.1,1.0,1.0,0.0,60.183,0.0,0.0,31.914893616999997,0.0,1.0368812578,0.0,30.0,0.0,0.0
