PtID,Pt_CGMUseNumDays,Pt_FatherT1D,Pt_MotherT1D,Pt_SiblingT1D,Pt_ChildT1D,Pt_GrandchildT1D,Pt_GrandparentT1D,BldPrSys,BldPrDia,SMBGperDayPtMeterCombo,WeightKg,HeightCm,DirectLDL,age,diabDur,TotalDailyInsPerKg,LDL,HDL,TotChol,Triglyc,BUN,AlbCreatRat_mggNew,UnitsInsBasalOrLongAct,BGTestAvgNumMeter,BGTestAvgNumPtRep,TSH,HbA1c,AutonomicNeuroCl,Pt_InsGov,NumPumpBolusOrShortAct,HbA1cImputeDtMnC,Pt_SHFlg,Pt_DKAFlg,bmi,bmiPerc,bmiZscore,GFR,diagAgeCombo,Pt_A1cGoalLev,Pt_A1cGoalLevelDsYr5
17586,0.0,0.0,0.0,0.0,0.0,0.0,0.0,116.0,60.0,7.0,76.79318824100001,157.48,0.0,58,43.0,0.3646156728,77.0,46.0,0.0,99.0,23.0,9.9,0.0,0.0,7.0,0.0,0.0,0.0,0.0,0.0,0.0,0.0,0.0,30.965057189,0.0,0.1815118777,0.0,15.0,0.0,0.0
17586,0.0,0.0,0.0,0.0,0.0,0.0,0.0,118.0,56.0,7.0,77.1107029,157.48,0.0,59,44.0,0.3631143142,0.0,0.0,0.0,0.0,0.0,0.0,0.0,0.0,7.0,0.0,8.0,0.0,0.0,0.0,9.494,0.0,0.0,31.093087549,0.0,0.19467804100000002,0.0,15.0,8.0,0.0
17586,0.0,0.0,0.0,0.0,0.0,0.0,0.0,100.0,50.0,0.0,0.0,0.0,0.0,60,45.0,0.0,75.0,46.0,0.0,97.0,0.0,0.0,18.0,0.0,0.0,1.9,8.3,0.0,0.0,0.0,23.336,0.0,0.0,0.0,0.0,0.0,48.0,15.0,0.0,0.0
17586,0.0,0.0,0.0,0.0,0.0,0.0,0.0,130.0,70.0,5.0,78.92507238,157.48,1.0,61,46.0,0.0,87.0,0.0,0.0,0.0,17.0,0.0,22.0,0.0,5.0,2.57,8.6,0.0,0.0,3.0,35.519,0.0,0.0,31.824689609,0.0,0.2763642886,58.0,15.0,0.0,0.0
17586,0.0,0.0,0.0,0.0,0.0,0.0,0.0,114.0,60.0,3.0,83.234199895,156.21,0.0,62,47.0,0.0,87.0,40.0,159.0,158.0,24.0,0.0,24.0,3.0,0.0,2.54,8.1,0.0,0.0,0.0,46.838,0.0,0.0,34.110190459,0.0,0.5602829143,58.0,15.0,0.0,0.0
17586,0.0,0.0,0.0,0.0,0.0,0.0,0.0,142.0,70.0,1.0,86.862938855,157.48,0.0,63,48.0,0.0,88.0,37.0,163.0,192.0,0.0,52.9,26.0,0.0,1.0,1.76,8.0,0.0,0.0,0.0,60.083,0.0,0.0,35.025448621,0.0,0.6739817737,0.0,15.0,0.0,0.0
17586,0.0,0.0,0.0,0.0,0.0,0.0,0.0,142.0,64.0,5.0,77.609654507,157.48,0.0,64,49.0,0.0,110.0,40.0,171.0,103.0,16.0,91.0,17.0,0.0,5.0,1.9,7.4,0.0,0.0,0.0,72.398,0.0,0.0,31.294278115999997,0.0,0.2104733911,0.0,15.0,0.0,0.0
