PtID,Pt_CGMUseNumDays,Pt_FatherT1D,Pt_MotherT1D,Pt_SiblingT1D,Pt_ChildT1D,Pt_GrandchildT1D,Pt_GrandparentT1D,BldPrSys,BldPrDia,SMBGperDayPtMeterCombo,WeightKg,HeightCm,DirectLDL,age,diabDur,TotalDailyInsPerKg,LDL,HDL,TotChol,Triglyc,BUN,AlbCreatRat_mggNew,UnitsInsBasalOrLongAct,BGTestAvgNumMeter,BGTestAvgNumPtRep,TSH,HbA1c,AutonomicNeuroCl,Pt_InsGov,NumPumpBolusOrShortAct,HbA1cImputeDtMnC,Pt_SHFlg,Pt_DKAFlg,bmi,bmiPerc,bmiZscore,GFR,diagAgeCombo,Pt_A1cGoalLev,Pt_A1cGoalLevelDsYr5
17607,0.0,0.0,0.0,0.0,0.0,0.0,0.0,128.0,74.0,4.0,93.7,174.6,0.0,17,6.0,0.8537886873,90.0,53.0,167.0,120.0,12.0,37.0,0.0,4.0,5.0,0.0,10.2,0.0,0.0,4.0,-0.39799999999999996,0.0,0.0,30.736266433,0.9762706311,1.9821832225,0.0,11.0,0.0,0.0
17607,0.0,0.0,0.0,0.0,0.0,0.0,1.0,136.0,67.0,2.0,104.9,173.8,0.0,18,7.0,0.9532888465,128.0,67.0,0.0,107.0,13.0,18.6,0.0,2.0,5.0,0.0,8.0,0.0,0.0,4.0,17.892,0.0,1.0,34.72769383,0.9902627135,2.3363199425,0.0,11.0,7.0,0.0
17607,0.0,0.0,0.0,0.0,0.0,0.0,0.0,142.0,82.0,4.0,104.9,174.2,0.0,19,8.0,0.6196377502,118.0,54.0,0.0,150.0,10.0,15.9,33.0,4.0,5.0,1.51,8.0,0.0,0.0,0.0,31.834,0.0,0.0,34.568392691999996,0.98762507,2.2452847259,0.0,11.0,0.0,0.0
17607,0.0,0.0,0.0,0.0,0.0,0.0,0.0,120.0,80.0,9.0,101.2,173.3,0.0,20,9.0,0.6027667984,0.0,0.0,0.0,0.0,0.0,15.9,29.0,9.0,5.0,0.0,8.1,0.0,0.0,8.0,41.826,0.0,0.0,33.696390857,0.9793594486,1.3997289012,0.0,11.0,0.0,0.0
17607,0.0,0.0,0.0,0.0,0.0,0.0,0.0,122.0,70.0,5.0,108.3,174.6,0.0,21,10.0,0.6648199446,130.0,73.0,216.0,119.0,14.0,15.9,31.0,5.0,4.0,2.6,7.5,0.0,0.0,7.0,53.111999999999995,0.0,0.0,35.525481907,0.0,1.7605082969999999,129.7,11.0,0.0,0.0
17607,0.0,0.0,0.0,0.0,0.0,0.0,0.0,126.0,82.0,6.0,117.4,174.2,0.0,22,11.0,0.8006814309999999,0.0,0.0,0.0,0.0,0.0,15.9,31.0,6.0,5.0,0.0,7.7,0.0,0.0,10.0,62.638999999999996,0.0,0.0,38.687600591,0.0,2.3842209702,0.0,11.0,0.0,0.0
17607,0.0,0.0,0.0,0.0,0.0,0.0,0.0,132.0,78.0,3.0,132.3,175.5,0.0,23,12.0,0.8012093726,110.0,55.0,218.0,263.0,14.0,15.9,34.0,3.0,5.0,1.96,7.6,0.0,0.0,5.0,79.934,0.0,0.0,42.9541968,0.0,3.2257865131,90.1,11.0,0.0,0.0
