PtID,Pt_CGMUseNumDays,Pt_FatherT1D,Pt_MotherT1D,Pt_SiblingT1D,Pt_ChildT1D,Pt_GrandchildT1D,Pt_GrandparentT1D,BldPrSys,BldPrDia,SMBGperDayPtMeterCombo,WeightKg,HeightCm,DirectLDL,age,diabDur,TotalDailyInsPerKg,LDL,HDL,TotChol,Triglyc,BUN,AlbCreatRat_mggNew,UnitsInsBasalOrLongAct,BGTestAvgNumMeter,BGTestAvgNumPtRep,TSH,HbA1c,AutonomicNeuroCl,Pt_InsGov,NumPumpBolusOrShortAct,HbA1cImputeDtMnC,Pt_SHFlg,Pt_DKAFlg,bmi,bmiPerc,bmiZscore,GFR,diagAgeCombo,Pt_A1cGoalLev,Pt_A1cGoalLevelDsYr5
17609,30.0,0.0,0.0,0.0,0.0,0.0,0.0,108.0,73.0,2.0,52.4,164.4,0.0,14,7.0,1.3740458015,54.0,71.0,0.0,71.0,16.0,75.7,0.0,0.0,2.0,0.0,7.1,0.0,0.0,0.0,-0.033,0.0,0.0,19.387761143,0.5081844641,0.0205168485,0.0,7.0,0.0,0.0
17609,0.0,0.0,0.0,0.0,0.0,0.0,0.0,114.0,69.0,3.0,61.5,173.1,0.0,15,8.0,0.6504065041,59.0,66.0,0.0,72.0,15.0,0.0,0.0,0.0,3.0,0.0,8.2,0.0,0.0,0.0,13.112,0.0,0.0,20.5248967,0.5779736978,0.19671240199999998,0.0,7.0,7.0,0.0
17609,0.0,0.0,0.0,0.0,0.0,0.0,0.0,121.0,81.0,0.0,68.1,175.3,0.0,16,9.0,0.0,92.0,68.0,0.0,105.0,16.0,1.6,32.0,0.0,0.0,2.04,8.1,0.0,0.0,0.0,26.29,0.0,0.0,22.16069006,0.6915036256,0.5001169259,0.0,7.0,0.0,0.0
17609,0.0,0.0,0.0,0.0,0.0,0.0,0.0,111.0,72.0,0.0,76.4,176.8,0.0,17,10.0,0.0,74.0,71.0,0.0,46.0,12.0,1.6,34.0,0.0,0.0,1.64,8.1,0.0,0.0,0.0,38.407,0.0,0.0,24.441555251,0.8154218258,0.8980547745999999,0.0,7.0,0.0,0.0
17609,0.0,0.0,0.0,0.0,0.0,0.0,0.0,116.0,82.0,3.0,79.5,175.9,0.0,19,11.0,0.6666666667,68.0,53.0,0.0,73.0,0.0,3.3,21.0,0.0,3.0,1.11,9.5,0.0,0.0,0.0,55.768,0.0,0.0,25.694220675,0.834193396,0.9708696204999999,0.0,7.0,0.0,0.0
17609,0.0,0.0,0.0,0.0,0.0,0.0,0.0,121.0,76.0,3.0,84.2,176.7,0.0,19,12.0,0.8907363420000001,75.0,55.0,0.0,52.0,12.0,3.3,30.0,3.0,3.0,1.78,9.2,0.0,0.0,0.0,66.656,0.0,0.0,26.967394754,0.8797939721,1.1739574836,0.0,7.0,0.0,0.0
17609,16.0,0.0,0.0,0.0,0.0,0.0,0.0,117.0,79.0,3.0,85.1,177.3,0.0,20,13.0,0.7285546415999999,82.0,55.0,0.0,66.0,12.0,3.3,33.0,0.0,3.0,1.01,9.5,0.0,0.0,0.0,77.743,0.0,0.0,27.071485581999998,0.8702614086,0.0366066425,103.0,7.0,0.0,0.0
