PtID,Pt_CGMUseNumDays,Pt_FatherT1D,Pt_MotherT1D,Pt_SiblingT1D,Pt_ChildT1D,Pt_GrandchildT1D,Pt_GrandparentT1D,BldPrSys,BldPrDia,SMBGperDayPtMeterCombo,WeightKg,HeightCm,DirectLDL,age,diabDur,TotalDailyInsPerKg,LDL,HDL,TotChol,Triglyc,BUN,AlbCreatRat_mggNew,UnitsInsBasalOrLongAct,BGTestAvgNumMeter,BGTestAvgNumPtRep,TSH,HbA1c,AutonomicNeuroCl,Pt_InsGov,NumPumpBolusOrShortAct,HbA1cImputeDtMnC,Pt_SHFlg,Pt_DKAFlg,bmi,bmiPerc,bmiZscore,GFR,diagAgeCombo,Pt_A1cGoalLev,Pt_A1cGoalLevelDsYr5
17604,0.0,0.0,0.0,0.0,0.0,0.0,0.0,141.0,79.0,7.0,68.0,179.4,0.0,17,6.0,0.4558823529,101.0,39.0,150.0,52.0,14.0,16.2,0.0,7.0,8.0,0.0,14.0,0.0,0.0,0.0,0.39799999999999996,0.0,0.0,21.128274727,0.4877562581,-0.030695329,0.0,10.0,0.0,0.0
17604,0.0,0.0,0.0,0.0,0.0,0.0,0.0,129.0,77.0,6.0,73.9,179.0,0.0,19,8.0,0.4736129905,91.0,39.0,0.0,118.0,26.0,87.7,0.0,6.0,8.0,0.0,13.0,0.0,0.0,0.0,25.361,0.0,0.0,23.064198995,0.5754142319,0.1901755929,0.0,10.0,7.5,0.0
17604,0.0,0.0,0.0,0.0,0.0,0.0,0.0,124.0,75.0,5.0,75.6,179.8,0.0,20,9.0,0.0,124.0,40.0,0.0,88.0,22.0,113.4,30.0,5.0,0.0,1.26,14.0,0.0,0.0,0.0,36.481,0.0,0.0,23.385271733000003,0.5485553972,-0.63408966,0.0,10.0,0.0,0.0
17604,0.0,0.0,0.0,0.0,0.0,0.0,0.0,144.0,75.0,9.0,80.0,178.7,0.0,20,9.0,0.6375,0.0,0.0,0.0,0.0,0.0,113.4,29.0,9.0,7.0,0.0,11.3,0.0,0.0,0.0,40.465,0.0,0.0,25.051912259,0.7219196389,-0.305352847,0.0,10.0,0.0,0.0
17604,0.0,0.0,0.0,0.0,0.0,0.0,0.0,140.0,86.0,6.0,79.5,178.5,1.0,22,11.0,0.37735849060000004,107.0,30.0,159.0,131.0,25.0,113.4,18.0,6.0,6.0,0.8109999999999999,13.0,0.0,0.0,6.0,57.261,0.0,0.0,24.951156933000004,0.0,-0.32522635,90.1,10.0,0.0,0.0
17604,0.0,0.0,0.0,0.0,0.0,0.0,0.0,132.0,84.0,9.0,82.1,179.5,0.0,23,12.0,0.36540803899999996,123.0,33.0,167.0,57.0,23.0,102.6,21.0,9.0,5.0,1.21,12.8,0.0,0.0,5.0,74.39,0.0,0.0,25.48086995,0.0,-0.22074301,90.1,10.0,0.0,0.0
17604,0.0,0.0,0.0,0.0,0.0,0.0,0.0,122.0,70.0,9.0,81.6,179.6,0.0,24,13.0,0.3762254902,0.0,0.0,0.0,0.0,0.0,102.6,18.7,9.0,5.0,0.0,14.0,0.0,0.0,5.0,86.241,0.0,0.0,25.297493564,0.0,-0.256913118,0.0,10.0,0.0,0.0
