PtID,Pt_CGMUseNumDays,Pt_FatherT1D,Pt_MotherT1D,Pt_SiblingT1D,Pt_ChildT1D,Pt_GrandchildT1D,Pt_GrandparentT1D,BldPrSys,BldPrDia,SMBGperDayPtMeterCombo,WeightKg,HeightCm,DirectLDL,age,diabDur,TotalDailyInsPerKg,LDL,HDL,TotChol,Triglyc,BUN,AlbCreatRat_mggNew,UnitsInsBasalOrLongAct,BGTestAvgNumMeter,BGTestAvgNumPtRep,TSH,HbA1c,AutonomicNeuroCl,Pt_InsGov,NumPumpBolusOrShortAct,HbA1cImputeDtMnC,Pt_SHFlg,Pt_DKAFlg,bmi,bmiPerc,bmiZscore,GFR,diagAgeCombo,Pt_A1cGoalLev,Pt_A1cGoalLevelDsYr5
1761,0.0,0.0,0.0,0.0,0.0,0.0,0.0,128.0,86.0,3.0,72.6,154.7,0.0,47,15.0,0.7024793387999999,53.0,54.0,0.0,152.0,11.0,11.5,0.0,3.0,0.0,0.0,8.0,0.0,1.0,0.0,0.43200000000000005,1.0,1.0,30.335837781,0.0,0.1550844536,0.0,32.0,0.0,0.0
1761,0.0,0.0,0.0,0.0,0.0,0.0,0.0,118.0,66.0,4.0,0.0,0.0,0.0,49,17.0,0.0,49.0,63.0,144.0,162.0,14.0,5.6,0.0,4.0,4.0,0.0,7.5,0.0,1.0,0.0,19.253,0.0,1.0,0.0,0.0,0.0,0.0,32.0,6.9,0.0
1761,0.0,0.0,0.0,0.0,0.0,0.0,0.0,108.0,72.0,4.0,71.1,154.3,0.0,50,18.0,0.0,47.0,53.0,0.0,340.0,12.0,19.9,33.0,4.0,4.0,0.0,7.8,0.0,0.0,3.0,28.813000000000002,0.0,0.0,29.863296664,0.0,0.0682109474,0.0,32.0,0.0,0.0
1761,0.0,0.0,0.0,0.0,0.0,0.0,0.0,126.0,74.0,0.0,71.6,154.6,0.0,51,19.0,0.0,80.0,60.0,185.0,225.0,11.0,19.9,36.0,0.0,0.0,1.13,8.4,0.0,0.0,0.0,41.361000000000004,0.0,0.0,29.95670503,0.0,0.07781671429999999,87.0,32.0,0.0,0.0
1761,0.0,0.0,0.0,0.0,0.0,0.0,0.0,130.0,72.0,3.0,71.5,154.3,0.0,51,19.0,0.0,0.0,0.0,0.0,0.0,0.0,8.9,36.0,3.0,0.0,0.0,7.8,0.0,0.0,0.0,46.075,0.0,0.0,30.031303959000002,0.0,0.085488189,0.0,32.0,0.0,0.0
1761,0.0,0.0,0.0,0.0,0.0,0.0,0.0,120.0,72.0,2.0,68.5,151.0,0.0,52,20.0,0.0,123.0,68.0,243.0,258.0,10.0,8.9,37.0,2.0,4.0,1.48,7.5,0.0,0.0,0.0,59.651,0.0,0.0,30.042541994,0.0,0.0866438665,90.1,32.0,0.0,0.0
1761,0.0,0.0,0.0,0.0,0.0,0.0,0.0,114.0,66.0,3.0,68.2,154.6,0.0,53,21.0,0.0,85.0,67.0,183.0,154.0,10.0,8.9,44.0,3.0,4.0,1.29,8.4,0.0,1.0,0.0,69.876,0.0,0.0,28.534179931,0.0,-0.068470445,90.1,32.0,0.0,0.0
