PtID,Pt_CGMUseNumDays,Pt_FatherT1D,Pt_MotherT1D,Pt_SiblingT1D,Pt_ChildT1D,Pt_GrandchildT1D,Pt_GrandparentT1D,BldPrSys,BldPrDia,SMBGperDayPtMeterCombo,WeightKg,HeightCm,DirectLDL,age,diabDur,TotalDailyInsPerKg,LDL,HDL,TotChol,Triglyc,BUN,AlbCreatRat_mggNew,UnitsInsBasalOrLongAct,BGTestAvgNumMeter,BGTestAvgNumPtRep,TSH,HbA1c,AutonomicNeuroCl,Pt_InsGov,NumPumpBolusOrShortAct,HbA1cImputeDtMnC,Pt_SHFlg,Pt_DKAFlg,bmi,bmiPerc,bmiZscore,GFR,diagAgeCombo,Pt_A1cGoalLev,Pt_A1cGoalLevelDsYr5
17612,0.0,0.0,0.0,1.0,0.0,0.0,0.0,109.0,55.0,5.0,48.9,151.5,0.0,10,2.0,0.9815950920000001,0.0,0.0,0.0,0.0,0.0,0.0,0.0,5.0,8.0,0.0,9.8,0.0,0.0,5.0,0.0,0.0,0.0,21.305100807,0.932816216,1.4970987387,0.0,8.0,0.0,0.0
17612,0.0,0.0,0.0,0.0,0.0,0.0,0.0,112.0,62.0,3.0,57.9,157.2,0.0,12,3.0,0.8981001727,0.0,0.0,0.0,0.0,0.0,3.0,20.0,3.0,3.0,1.05,0.0,0.0,0.0,3.0,0.0,0.0,0.0,23.430064293,0.9364975367,1.5260198278000001,0.0,8.0,0.0,0.0
17612,0.0,0.0,0.0,0.0,0.0,0.0,0.0,0.0,0.0,0.0,0.0,0.0,0.0,13,4.0,0.0,0.0,0.0,0.0,0.0,12.0,3.0,18.0,0.0,0.0,0.93,8.2,0.0,0.0,0.0,27.12,0.0,0.0,0.0,0.0,0.0,0.0,8.0,0.0,0.0
17612,0.0,0.0,0.0,0.0,0.0,0.0,0.0,107.0,64.0,4.0,61.5,165.4,0.0,14,5.0,0.8455284553,0.0,0.0,0.0,0.0,0.0,3.0,0.0,4.0,4.0,0.0,8.0,0.0,0.0,3.0,37.344,0.0,0.0,22.480403668,0.8419527406999999,1.002515843,0.0,8.0,0.0,0.0
17612,0.0,0.0,0.0,0.0,0.0,0.0,0.0,122.0,69.0,5.0,72.4,168.9,0.0,14,6.0,0.9668508287,89.0,51.0,0.0,119.0,16.0,3.0,26.0,5.0,0.0,1.76,10.4,0.0,0.0,9.0,46.638999999999996,0.0,0.0,25.37927824,0.9394985274,1.5505775934000001,0.0,8.0,0.0,0.0
17612,14.0,0.0,0.0,0.0,0.0,0.0,0.0,126.0,61.0,3.0,93.4,174.5,0.0,16,7.0,1.0385438972,68.0,41.0,0.0,59.0,16.0,0.0,34.0,3.0,5.0,1.13,8.9,0.0,0.0,0.0,61.975,0.0,0.0,30.67298298,0.9793713511,2.0409349047,0.0,8.0,0.0,0.0
