PtID,Pt_CGMUseNumDays,Pt_FatherT1D,Pt_MotherT1D,Pt_SiblingT1D,Pt_ChildT1D,Pt_GrandchildT1D,Pt_GrandparentT1D,BldPrSys,BldPrDia,SMBGperDayPtMeterCombo,WeightKg,HeightCm,DirectLDL,age,diabDur,TotalDailyInsPerKg,LDL,HDL,TotChol,Triglyc,BUN,AlbCreatRat_mggNew,UnitsInsBasalOrLongAct,BGTestAvgNumMeter,BGTestAvgNumPtRep,TSH,HbA1c,AutonomicNeuroCl,Pt_InsGov,NumPumpBolusOrShortAct,HbA1cImputeDtMnC,Pt_SHFlg,Pt_DKAFlg,bmi,bmiPerc,bmiZscore,GFR,diagAgeCombo,Pt_A1cGoalLev,Pt_A1cGoalLevelDsYr5
17628,0.0,0.0,0.0,0.0,0.0,0.0,0.0,107.0,73.0,5.0,31.9,134.8,0.0,10,4.0,0.9090909091,117.0,40.0,177.0,102.0,0.0,0.0,0.0,5.0,5.0,0.0,8.2,0.0,0.0,0.0,0.0,0.0,0.0,17.555406845,0.614749923,0.29172073519999997,0.0,6.0,0.0,0.0
17628,0.0,0.0,0.0,0.0,0.0,0.0,0.0,112.0,70.0,5.0,37.0,143.0,0.0,11,5.0,1.3243243243,0.0,0.0,0.0,0.0,0.0,29.3,0.0,5.0,6.0,0.0,8.2,0.0,0.0,0.0,14.672,0.0,0.0,18.093794318,0.5970237452,0.2456508666,0.0,6.0,0.0,0.0
17628,0.0,0.0,0.0,0.0,0.0,0.0,0.0,106.0,68.0,5.0,43.0,149.8,0.0,12,6.0,0.0,0.0,0.0,0.0,0.0,0.0,17.4,25.0,5.0,0.0,0.0,7.8,0.0,0.0,0.0,26.954,0.0,0.0,19.162176182,0.6451241483,0.37218958049999995,0.0,6.0,0.0,0.0
17628,0.0,0.0,0.0,0.0,0.0,0.0,0.0,106.0,72.0,0.0,51.1,153.5,0.0,13,7.0,1.0958904109999998,108.0,45.0,0.0,119.0,0.0,17.4,28.0,0.0,0.0,3.08,7.8,0.0,0.0,28.0,38.141,0.0,0.0,21.687232756,0.8027185848,0.8513718381000001,0.0,6.0,0.0,0.0
17628,0.0,0.0,0.0,0.0,0.0,0.0,0.0,110.0,80.0,8.0,55.1,155.0,0.0,14,8.0,0.889292196,0.0,0.0,0.0,0.0,0.0,17.4,35.0,8.0,0.0,0.0,7.6,0.0,0.0,5.0,48.1,0.0,0.0,22.934443288,0.8314416234,0.959877735,0.0,6.0,0.0,0.0
17628,0.0,0.0,0.0,0.0,0.0,0.0,0.0,100.0,62.0,9.0,58.0,156.2,0.0,15,9.0,0.7413793103,0.0,0.0,0.0,0.0,0.0,17.4,24.0,9.0,0.0,0.0,0.0,0.0,0.0,0.0,0.0,0.0,0.0,23.772011653000003,0.8387549987999999,0.9893539385,0.0,6.0,0.0,0.0
