PtID,Pt_CGMUseNumDays,Pt_FatherT1D,Pt_MotherT1D,Pt_SiblingT1D,Pt_ChildT1D,Pt_GrandchildT1D,Pt_GrandparentT1D,BldPrSys,BldPrDia,SMBGperDayPtMeterCombo,WeightKg,HeightCm,DirectLDL,age,diabDur,TotalDailyInsPerKg,LDL,HDL,TotChol,Triglyc,BUN,AlbCreatRat_mggNew,UnitsInsBasalOrLongAct,BGTestAvgNumMeter,BGTestAvgNumPtRep,TSH,HbA1c,AutonomicNeuroCl,Pt_InsGov,NumPumpBolusOrShortAct,HbA1cImputeDtMnC,Pt_SHFlg,Pt_DKAFlg,bmi,bmiPerc,bmiZscore,GFR,diagAgeCombo,Pt_A1cGoalLev,Pt_A1cGoalLevelDsYr5
17627,0.0,0.0,0.0,0.0,0.0,0.0,0.0,152.0,88.0,1.0,89.3,183.0,0.0,46,33.0,0.6718924972,158.0,58.0,0.0,87.0,20.0,1006.8,0.0,1.0,2.0,0.0,8.7,0.0,1.0,0.0,-0.066,0.0,0.0,26.665472245,0.0,-0.249385251,0.0,13.0,0.0,0.0
17627,0.0,0.0,0.0,0.0,0.0,0.0,1.0,144.0,80.0,1.0,90.7,183.0,0.0,48,35.0,0.6063947078,157.0,67.0,0.0,111.0,20.0,1177.2,0.0,0.0,1.0,0.0,7.9,0.0,0.0,0.0,26.622,0.0,0.0,27.083519961999997,0.0,-0.18927959100000002,0.0,13.0,7.0,0.0
17627,0.0,0.0,0.0,0.0,0.0,0.0,0.0,140.0,88.0,0.0,89.9,183.4,0.0,48,35.0,0.0,163.0,49.0,229.0,86.0,21.0,926.4,20.0,0.0,0.0,7.05,7.6,0.0,0.0,0.0,32.73,0.0,0.0,26.727665602,0.0,-0.240443275,80.0,13.0,0.0,0.0
17627,0.0,0.0,0.0,0.0,0.0,0.0,0.0,130.0,88.0,0.0,89.1,182.7,0.0,49,36.0,0.0,139.0,52.0,215.0,121.0,20.0,664.2,18.0,0.0,0.0,7.87,7.3,0.0,0.0,0.0,44.78,0.0,0.0,26.693198088000003,0.0,-0.24539891100000003,79.0,13.0,0.0,0.0
17627,0.0,0.0,0.0,0.0,0.0,0.0,0.0,140.0,68.0,1.0,85.4,185.4,0.0,50,37.0,0.0,78.0,81.0,182.0,115.0,20.0,832.5,15.0,0.0,1.0,2.67,6.3,0.0,0.0,3.0,51.053999999999995,0.0,0.0,24.844966247,0.0,-0.510238551,79.0,13.0,0.0,0.0
17627,0.0,0.0,0.0,0.0,0.0,0.0,0.0,180.0,96.0,1.0,86.6,183.6,0.0,52,39.0,0.0,0.0,0.0,0.0,0.0,0.0,832.5,15.0,0.0,1.0,0.0,7.7,0.0,0.0,2.0,71.934,0.0,0.0,25.690498906,0.0,-0.39832685700000003,0.0,13.0,0.0,0.0
