PtID,Pt_CGMUseNumDays,Pt_FatherT1D,Pt_MotherT1D,Pt_SiblingT1D,Pt_ChildT1D,Pt_GrandchildT1D,Pt_GrandparentT1D,BldPrSys,BldPrDia,SMBGperDayPtMeterCombo,WeightKg,HeightCm,DirectLDL,age,diabDur,TotalDailyInsPerKg,LDL,HDL,TotChol,Triglyc,BUN,AlbCreatRat_mggNew,UnitsInsBasalOrLongAct,BGTestAvgNumMeter,BGTestAvgNumPtRep,TSH,HbA1c,AutonomicNeuroCl,Pt_InsGov,NumPumpBolusOrShortAct,HbA1cImputeDtMnC,Pt_SHFlg,Pt_DKAFlg,bmi,bmiPerc,bmiZscore,GFR,diagAgeCombo,Pt_A1cGoalLev,Pt_A1cGoalLevelDsYr5
17651,0.0,0.0,0.0,0.0,0.0,0.0,0.0,0.0,0.0,6.0,0.0,0.0,0.0,14,0.0,0.0,0.0,0.0,0.0,0.0,10.0,0.0,0.0,6.0,8.0,0.0,0.0,0.0,0.0,0.0,0.0,0.0,0.0,0.0,0.0,0.0,0.0,13.0,0.0,0.0
17651,0.0,0.0,1.0,0.0,0.0,0.0,0.0,125.0,71.0,3.0,68.7,164.3,0.0,14,0.0,0.43668122270000004,0.0,0.0,0.0,0.0,0.0,0.0,0.0,3.0,6.0,0.0,6.8,0.0,0.0,0.0,9.461,0.0,0.0,25.449638055999998,0.9197474906,1.4033750846000002,0.0,13.0,0.0,0.0
17651,0.0,0.0,0.0,0.0,0.0,0.0,0.0,0.0,0.0,1.0,72.6,165.9,0.0,15,1.0,0.0,67.0,58.0,137.0,61.0,0.0,11.1,25.0,1.0,0.0,1.03,8.2,0.0,0.0,0.0,23.17,0.0,0.0,26.378120548000002,0.9227254706999999,1.4236457040000001,0.0,13.0,0.0,0.0
17651,0.0,0.0,0.0,0.0,0.0,0.0,0.0,101.0,61.0,0.0,0.0,0.0,0.0,16,2.0,0.0,0.0,0.0,0.0,0.0,0.0,11.1,30.0,0.0,0.0,0.68,7.1,0.0,0.0,0.0,35.054,0.0,0.0,0.0,0.0,0.0,0.0,13.0,0.0,0.0
17651,0.0,0.0,0.0,0.0,0.0,0.0,0.0,117.0,72.0,0.0,77.1,167.6,0.0,17,3.0,0.0,0.0,0.0,0.0,0.0,0.0,11.1,30.0,0.0,0.0,0.0,8.1,0.0,0.0,0.0,44.813,0.0,0.0,27.447724721999997,0.9173130818999999,1.3872227967,0.0,13.0,0.0,0.0
