PtID,Pt_CGMUseNumDays,Pt_FatherT1D,Pt_MotherT1D,Pt_SiblingT1D,Pt_ChildT1D,Pt_GrandchildT1D,Pt_GrandparentT1D,BldPrSys,BldPrDia,SMBGperDayPtMeterCombo,WeightKg,HeightCm,DirectLDL,age,diabDur,TotalDailyInsPerKg,LDL,HDL,TotChol,Triglyc,BUN,AlbCreatRat_mggNew,UnitsInsBasalOrLongAct,BGTestAvgNumMeter,BGTestAvgNumPtRep,TSH,HbA1c,AutonomicNeuroCl,Pt_InsGov,NumPumpBolusOrShortAct,HbA1cImputeDtMnC,Pt_SHFlg,Pt_DKAFlg,bmi,bmiPerc,bmiZscore,GFR,diagAgeCombo,Pt_A1cGoalLev,Pt_A1cGoalLevelDsYr5
17669,0.0,0.0,0.0,0.0,0.0,0.0,0.0,138.0,79.0,3.0,57.2,164.7,0.0,19,12.0,1.048951049,112.0,83.0,0.0,63.0,0.0,3.0,0.0,3.0,5.0,0.0,8.5,0.0,0.0,6.0,-4.846,0.0,0.0,21.086710248,0.3046645745,-0.511031287,0.0,7.0,0.0,0.0
17669,0.0,0.0,0.0,0.0,0.0,0.0,0.0,110.0,73.0,4.0,54.2,166.4,0.0,20,13.0,1.0147601476,81.0,63.0,0.0,35.0,0.0,4.0,0.0,0.0,4.0,0.0,7.1,0.0,0.0,0.0,16.432000000000002,0.0,0.0,19.574588572,0.0812786857,-1.385728551,0.0,7.0,0.0,0.0
17669,0.0,0.0,0.0,0.0,0.0,0.0,0.0,109.0,66.0,3.0,53.6,165.9,0.0,21,14.0,0.8955223881000001,70.0,72.0,158.0,79.0,0.0,7.0,21.0,3.0,0.0,2.8,6.5,0.0,0.0,6.0,35.086999999999996,0.0,0.0,19.474755666,0.0,-1.405420111,0.0,7.0,0.0,0.0
17669,0.0,0.0,0.0,0.0,0.0,0.0,0.0,116.0,57.0,4.0,0.0,0.0,0.0,22,15.0,0.0,104.0,72.0,0.0,32.0,0.0,7.0,0.0,4.0,0.0,2.41,7.2,0.0,0.0,0.0,45.776,0.0,0.0,0.0,0.0,0.0,0.0,7.0,0.0,0.0
17669,0.0,0.0,0.0,0.0,0.0,0.0,0.0,118.0,69.0,3.0,0.0,0.0,0.0,23,16.0,0.0,103.0,79.0,191.0,43.0,0.0,0.0,23.0,3.0,0.0,1.18,7.1,0.0,0.0,0.0,57.361000000000004,0.0,0.0,0.0,0.0,0.0,0.0,7.0,0.0,0.0
17669,0.0,0.0,0.0,0.0,0.0,0.0,0.0,118.0,67.0,0.0,56.2,165.9,0.0,24,17.0,0.7651245552,0.0,0.0,0.0,0.0,0.0,0.0,21.0,0.0,0.0,0.0,6.9,0.0,0.0,18.0,70.938,0.0,0.0,20.41942665,0.0,-1.219088311,0.0,7.0,0.0,0.0
