PtID,Pt_CGMUseNumDays,Pt_FatherT1D,Pt_MotherT1D,Pt_SiblingT1D,Pt_ChildT1D,Pt_GrandchildT1D,Pt_GrandparentT1D,BldPrSys,BldPrDia,SMBGperDayPtMeterCombo,WeightKg,HeightCm,DirectLDL,age,diabDur,TotalDailyInsPerKg,LDL,HDL,TotChol,Triglyc,BUN,AlbCreatRat_mggNew,UnitsInsBasalOrLongAct,BGTestAvgNumMeter,BGTestAvgNumPtRep,TSH,HbA1c,AutonomicNeuroCl,Pt_InsGov,NumPumpBolusOrShortAct,HbA1cImputeDtMnC,Pt_SHFlg,Pt_DKAFlg,bmi,bmiPerc,bmiZscore,GFR,diagAgeCombo,Pt_A1cGoalLev,Pt_A1cGoalLevelDsYr5
17699,0.0,0.0,0.0,0.0,0.0,0.0,0.0,100.0,55.0,5.0,23.4,117.8,0.0,7,0.0,0.0,0.0,0.0,0.0,0.0,0.0,0.0,0.0,5.0,0.0,0.0,4.9,0.0,1.0,0.0,0.0,0.0,0.0,16.862628668,0.7704348589,0.7402797226000001,0.0,7.0,0.0,0.0
17699,0.0,0.0,0.0,0.0,0.0,0.0,0.0,92.0,62.0,5.0,25.9,124.4,0.0,8,1.0,0.2702702703,0.0,0.0,0.0,0.0,0.0,0.0,0.0,5.0,8.0,0.0,6.4,0.0,1.0,0.0,14.970999999999998,0.0,0.0,16.73628271,0.6749346971,0.4535807576,0.0,7.0,0.0,0.0
17699,0.0,0.0,0.0,0.0,0.0,0.0,0.0,94.0,61.0,4.0,27.8,129.9,0.0,9,2.0,0.0,0.0,0.0,0.0,0.0,0.0,8.8,13.0,4.0,0.0,0.01,6.1,0.0,0.0,0.0,25.361,0.0,0.0,16.47504061,0.535833256,0.08994177,0.0,7.0,0.0,0.0
17699,0.0,0.0,0.0,0.0,0.0,0.0,0.0,105.0,70.0,0.0,29.9,137.0,0.0,10,3.0,0.0,0.0,0.0,0.0,0.0,0.0,8.8,10.0,0.0,0.0,0.01,7.6,0.0,0.0,0.0,37.544000000000004,0.0,0.0,15.930523736,0.33335368460000003,-0.43067132799999996,0.0,7.0,0.0,0.0
17699,0.0,0.0,0.0,0.0,0.0,0.0,0.0,106.0,63.0,4.0,38.0,142.0,0.0,11,4.0,1.4736842105,81.0,44.0,179.0,268.0,0.0,8.8,15.0,4.0,0.0,0.0,8.0,0.0,0.0,4.0,47.967,0.0,0.0,18.845467169000003,0.6907176327,0.49788551880000004,0.0,7.0,0.0,0.0
17699,0.0,0.0,0.0,0.0,0.0,0.0,0.0,116.0,74.0,0.0,49.2,148.6,0.0,12,5.0,0.0,0.0,0.0,0.0,0.0,0.0,7.0,30.0,0.0,0.0,0.01,8.1,0.0,0.0,0.0,61.909,0.0,0.0,22.280630885999997,0.8761343012,1.1558771809000001,0.0,7.0,0.0,0.0
17699,0.0,0.0,0.0,0.0,0.0,0.0,0.0,119.0,73.0,5.0,51.4,149.3,0.0,13,6.0,0.0,0.0,0.0,0.0,0.0,0.0,7.0,35.0,0.0,5.0,0.0,7.7,0.0,1.0,0.0,68.88,0.0,0.0,23.059161104,0.8726222395000001,1.1388744562,0.0,7.0,0.0,0.0
