PtID,Pt_CGMUseNumDays,Pt_FatherT1D,Pt_MotherT1D,Pt_SiblingT1D,Pt_ChildT1D,Pt_GrandchildT1D,Pt_GrandparentT1D,BldPrSys,BldPrDia,SMBGperDayPtMeterCombo,WeightKg,HeightCm,DirectLDL,age,diabDur,TotalDailyInsPerKg,LDL,HDL,TotChol,Triglyc,BUN,AlbCreatRat_mggNew,UnitsInsBasalOrLongAct,BGTestAvgNumMeter,BGTestAvgNumPtRep,TSH,HbA1c,AutonomicNeuroCl,Pt_InsGov,NumPumpBolusOrShortAct,HbA1cImputeDtMnC,Pt_SHFlg,Pt_DKAFlg,bmi,bmiPerc,bmiZscore,GFR,diagAgeCombo,Pt_A1cGoalLev,Pt_A1cGoalLevelDsYr5
17708,0.0,0.0,0.0,0.0,0.0,0.0,1.0,145.0,90.0,0.0,74.38914868,182.88,0.0,25,22.0,0.9678831023000001,0.0,0.0,0.0,0.0,0.0,0.0,0.0,0.0,0.0,0.0,7.5,0.0,0.0,0.0,0.0,0.0,0.0,22.242170344,0.0,-0.8595609009999999,0.0,3.0,0.0,0.0
17708,0.0,0.0,0.0,0.0,0.0,0.0,1.0,119.0,86.0,1.0,71.758312934,182.88,0.0,26,23.0,0.5574267059,82.0,53.0,0.0,102.0,14.0,293.0,0.0,1.0,2.0,0.0,7.7,0.0,0.0,0.0,11.386,0.0,0.0,21.455557002,0.0,-1.014716592,0.0,3.0,7.0,0.0
17708,0.0,0.0,0.0,0.0,0.0,0.0,0.0,146.0,96.0,2.0,78.47148001,180.34,0.0,27,24.0,0.5734567513000001,82.0,69.0,159.0,41.0,15.0,738.0,25.0,2.0,1.0,3.76,8.2,0.0,0.0,3.0,26.656,0.0,0.0,24.128354945,0.0,-0.48752007700000005,119.0,3.0,0.0,0.0
17708,0.0,0.0,0.0,0.0,0.0,0.0,0.0,142.0,99.0,2.0,79.83225712,182.88,0.0,28,25.0,0.5887344502,0.0,0.0,0.0,0.0,18.0,1981.0,27.0,2.0,0.0,3.75,7.6,0.0,0.0,0.0,36.216,0.0,0.0,23.869646221999997,0.0,-0.538549126,108.0,3.0,0.0,0.0
17708,0.0,0.0,0.0,0.0,0.0,0.0,0.0,163.0,105.0,0.0,35.198767912,180.3,0.0,29,26.0,0.0,89.0,79.0,0.0,44.0,16.0,1422.0,29.0,0.0,0.0,3.62,7.1,0.0,0.0,0.0,47.867,0.0,0.0,10.827694864000001,0.0,-3.1110111860000003,97.0,3.0,0.0,0.0
