PtID,Pt_CGMUseNumDays,Pt_FatherT1D,Pt_MotherT1D,Pt_SiblingT1D,Pt_ChildT1D,Pt_GrandchildT1D,Pt_GrandparentT1D,BldPrSys,BldPrDia,SMBGperDayPtMeterCombo,WeightKg,HeightCm,DirectLDL,age,diabDur,TotalDailyInsPerKg,LDL,HDL,TotChol,Triglyc,BUN,AlbCreatRat_mggNew,UnitsInsBasalOrLongAct,BGTestAvgNumMeter,BGTestAvgNumPtRep,TSH,HbA1c,AutonomicNeuroCl,Pt_InsGov,NumPumpBolusOrShortAct,HbA1cImputeDtMnC,Pt_SHFlg,Pt_DKAFlg,bmi,bmiPerc,bmiZscore,GFR,diagAgeCombo,Pt_A1cGoalLev,Pt_A1cGoalLevelDsYr5
17732,0.0,0.0,0.0,0.0,0.0,0.0,0.0,0.0,0.0,8.0,0.0,0.0,0.0,5,0.0,0.0,0.0,0.0,0.0,0.0,25.0,0.0,0.0,8.0,10.0,0.0,8.5,0.0,0.0,0.0,0.0,0.0,0.0,0.0,0.0,0.0,0.0,5.0,0.0,0.0
17732,0.0,0.0,0.0,0.0,0.0,0.0,0.0,94.0,57.0,8.0,27.1,122.5,0.0,6,1.0,0.184501845,73.0,62.0,0.0,63.0,27.0,0.0,0.0,8.0,8.0,0.0,8.5,0.0,0.0,8.0,12.083,0.0,0.0,18.059142024,0.9208525423,1.4108294271000001,0.0,5.0,7.0,0.0
17732,0.0,0.0,0.0,0.0,0.0,0.0,0.0,96.0,67.0,6.0,32.1,128.6,0.0,7,2.0,0.0,74.0,69.0,155.0,55.0,0.0,6.9,8.0,6.0,0.0,1.05,8.7,0.0,0.0,0.0,23.701,0.0,0.0,19.409890942,0.9439340309,1.5886831797999998,0.0,5.0,0.0,0.0
17732,0.0,0.0,0.0,0.0,0.0,0.0,0.0,100.0,67.0,8.0,36.6,136.8,0.0,8,3.0,0.6284153004999999,63.0,86.0,166.0,87.0,0.0,12.5,8.0,8.0,0.0,0.79,8.6,0.0,0.0,8.0,35.784,0.0,0.0,19.557299682,0.9187338205,1.3966050894,0.0,5.0,0.0,0.0
17732,0.0,0.0,0.0,0.0,0.0,0.0,0.0,103.0,67.0,9.0,42.18409041,137.16,0.0,9,3.0,0.6400517289000001,63.0,67.0,0.0,120.0,0.0,7.7,12.0,0.0,9.0,0.61,9.0,0.0,0.0,9.0,46.938,0.0,0.0,22.423000997,0.9605745291,1.7573924358000002,0.0,5.0,0.0,0.0
17732,0.0,0.0,0.0,0.0,0.0,0.0,0.0,108.0,67.0,9.0,49.895160700000005,170.18,0.0,10,5.0,0.8016809534,79.0,64.0,0.0,57.0,0.0,6.7,0.0,9.0,0.0,0.51,8.5,0.0,0.0,9.0,62.506,0.0,0.0,17.228258802,0.5649284078,0.1634766145,0.0,5.0,0.0,0.0
