PtID,Pt_CGMUseNumDays,Pt_FatherT1D,Pt_MotherT1D,Pt_SiblingT1D,Pt_ChildT1D,Pt_GrandchildT1D,Pt_GrandparentT1D,BldPrSys,BldPrDia,SMBGperDayPtMeterCombo,WeightKg,HeightCm,DirectLDL,age,diabDur,TotalDailyInsPerKg,LDL,HDL,TotChol,Triglyc,BUN,AlbCreatRat_mggNew,UnitsInsBasalOrLongAct,BGTestAvgNumMeter,BGTestAvgNumPtRep,TSH,HbA1c,AutonomicNeuroCl,Pt_InsGov,NumPumpBolusOrShortAct,HbA1cImputeDtMnC,Pt_SHFlg,Pt_DKAFlg,bmi,bmiPerc,bmiZscore,GFR,diagAgeCombo,Pt_A1cGoalLev,Pt_A1cGoalLevelDsYr5
17799,7.0,0.0,0.0,0.0,0.0,0.0,0.0,152.0,78.0,4.0,0.0,0.0,0.0,71,21.0,0.0,49.0,66.0,125.0,49.0,17.0,28.9,0.0,0.0,4.0,0.0,8.4,0.0,1.0,4.0,-2.7880000000000003,0.0,0.0,0.0,0.0,0.0,0.0,50.0,0.0,0.0
17799,0.0,0.0,0.0,0.0,0.0,0.0,0.0,170.0,83.0,4.0,0.0,0.0,1.0,73,23.0,0.0,48.0,0.0,0.0,0.0,16.0,9.8,0.0,0.0,4.0,0.0,7.9,0.0,1.0,0.0,17.692999999999998,0.0,0.0,0.0,0.0,0.0,0.0,50.0,0.0,0.0
17799,0.0,0.0,0.0,0.0,0.0,0.0,0.0,127.0,72.0,0.0,0.0,0.0,0.0,75,25.0,0.0,53.0,53.0,0.0,39.0,14.0,14.3,0.0,0.0,0.0,0.0,9.1,0.0,0.0,0.0,39.768,0.0,0.0,0.0,0.0,0.0,0.0,50.0,0.0,0.0
17799,0.0,0.0,0.0,0.0,0.0,0.0,0.0,134.0,71.0,5.0,77.56429527,170.18,0.0,76,26.0,0.0,0.0,0.0,0.0,0.0,0.0,14.3,23.0,0.0,5.0,0.0,8.6,0.0,0.0,0.0,52.515,0.0,0.0,26.78211141,0.0,-0.225804389,0.0,50.0,0.0,0.0
17799,0.0,0.0,0.0,0.0,0.0,0.0,0.0,124.0,71.0,6.0,74.84274105,167.64,0.0,77,27.0,0.0,38.0,34.0,0.0,37.0,12.0,25.5,16.0,0.0,6.0,0.0,9.0,0.0,0.0,0.0,61.443999999999996,0.0,0.0,26.631423470999998,0.0,-0.262874245,0.0,50.0,0.0,0.0
17799,0.0,0.0,0.0,0.0,0.0,0.0,0.0,115.0,63.0,4.0,0.0,0.0,0.0,78,28.0,0.0,55.0,28.0,0.0,58.0,12.0,41.6,15.9,0.0,4.0,0.0,9.5,0.0,0.0,0.0,78.407,0.0,0.0,0.0,0.0,0.0,0.0,50.0,0.0,0.0
