PtID,Pt_CGMUseNumDays,Pt_FatherT1D,Pt_MotherT1D,Pt_SiblingT1D,Pt_ChildT1D,Pt_GrandchildT1D,Pt_GrandparentT1D,BldPrSys,BldPrDia,SMBGperDayPtMeterCombo,WeightKg,HeightCm,DirectLDL,age,diabDur,TotalDailyInsPerKg,LDL,HDL,TotChol,Triglyc,BUN,AlbCreatRat_mggNew,UnitsInsBasalOrLongAct,BGTestAvgNumMeter,BGTestAvgNumPtRep,TSH,HbA1c,AutonomicNeuroCl,Pt_InsGov,NumPumpBolusOrShortAct,HbA1cImputeDtMnC,Pt_SHFlg,Pt_DKAFlg,bmi,bmiPerc,bmiZscore,GFR,diagAgeCombo,Pt_A1cGoalLev,Pt_A1cGoalLevelDsYr5
17825,0.0,0.0,0.0,0.0,0.0,0.0,1.0,0.0,0.0,7.0,36.2,137.16,0.0,9,0.0,0.7182320442,0.0,0.0,0.0,0.0,13.0,0.0,0.0,7.0,5.0,0.0,11.9,0.0,0.0,4.0,-3.12,0.0,0.0,19.242150967,0.8599928715999999,1.0802873144,0.0,9.0,0.0,0.0
17825,0.0,0.0,0.0,0.0,0.0,0.0,1.0,87.0,70.0,6.0,43.4,143.9,0.0,10,1.0,0.0,0.0,0.0,0.0,0.0,13.0,29.9,0.0,6.0,5.0,0.0,7.7,0.0,0.0,0.0,9.826,0.0,0.0,20.958883402999998,0.8985949429000001,1.2735861756,0.0,9.0,7.0,0.0
17825,0.0,0.0,0.0,0.0,0.0,0.0,0.0,108.0,66.0,5.0,0.0,0.0,0.0,11,2.0,0.0,0.0,64.0,190.0,138.0,16.0,29.9,16.0,5.0,0.0,3.7,8.7,0.0,0.0,6.0,27.186999999999998,0.0,0.0,0.0,0.0,0.0,0.0,9.0,0.0,0.0
17825,0.0,0.0,0.0,0.0,0.0,0.0,0.0,0.0,0.0,5.0,59.9,159.9,0.0,12,3.0,0.8848080134,0.0,0.0,0.0,0.0,0.0,29.9,19.0,5.0,0.0,3.7,8.4,0.0,0.0,6.0,38.373000000000005,0.0,0.0,23.42771299,0.9145127598999999,1.3690793251,0.0,9.0,0.0,0.0
17825,0.0,0.0,0.0,0.0,0.0,0.0,0.0,103.0,66.0,4.0,65.0,164.0,0.0,13,4.0,0.8153846154000001,115.0,64.0,222.0,215.0,15.0,29.9,21.0,4.0,0.0,2.0,8.4,0.0,0.0,4.0,51.286,0.0,0.0,24.167162403000003,0.9093408184999999,1.3367067951,0.0,9.0,0.0,0.0
17825,30.0,0.0,0.0,0.0,0.0,0.0,0.0,98.0,59.0,4.0,72.9,165.6,0.0,14,5.0,0.853223594,111.0,60.0,0.0,141.0,11.0,15.0,22.8,4.0,5.0,2.0,7.2,0.0,0.0,5.0,62.44,0.0,0.0,26.583175803000003,0.9410514588,1.5636615056,0.0,9.0,0.0,0.0
