PtID,Pt_CGMUseNumDays,Pt_FatherT1D,Pt_MotherT1D,Pt_SiblingT1D,Pt_ChildT1D,Pt_GrandchildT1D,Pt_GrandparentT1D,BldPrSys,BldPrDia,SMBGperDayPtMeterCombo,WeightKg,HeightCm,DirectLDL,age,diabDur,TotalDailyInsPerKg,LDL,HDL,TotChol,Triglyc,BUN,AlbCreatRat_mggNew,UnitsInsBasalOrLongAct,BGTestAvgNumMeter,BGTestAvgNumPtRep,TSH,HbA1c,AutonomicNeuroCl,Pt_InsGov,NumPumpBolusOrShortAct,HbA1cImputeDtMnC,Pt_SHFlg,Pt_DKAFlg,bmi,bmiPerc,bmiZscore,GFR,diagAgeCombo,Pt_A1cGoalLev,Pt_A1cGoalLevelDsYr5
17893,0.0,0.0,0.0,0.0,0.0,0.0,0.0,131.0,86.0,0.0,101.0150208,184.15,0.0,29,24.0,0.5147749274,125.0,54.0,190.0,54.0,11.0,2.0,0.0,0.0,0.0,0.0,7.4,0.0,0.0,0.0,-6.938,0.0,0.0,29.788079978000003,0.0,0.6288334134,0.0,4.0,0.0,0.0
17893,0.0,0.0,0.0,0.0,0.0,0.0,0.0,131.0,85.0,5.0,90.0,184.0,0.0,32,27.0,0.5222222222,119.0,47.0,180.0,71.0,15.0,3.5,31.0,5.0,0.0,2.83,8.0,0.0,0.0,4.0,34.39,0.0,0.0,26.583175803000003,0.0,-0.13290043099999999,116.0,4.0,0.0,0.0
17893,0.0,0.0,0.0,0.0,0.0,0.0,0.0,134.0,82.0,1.0,95.5,184.0,0.0,33,28.0,0.6178010471000001,0.0,0.0,0.0,0.0,17.0,0.0,30.0,1.0,0.0,2.81,8.1,0.0,0.0,4.0,45.544,0.0,0.0,28.207703214000002,0.0,0.1025868017,110.0,4.0,0.0,0.0
17893,0.0,0.0,0.0,0.0,0.0,0.0,0.0,144.0,74.0,3.0,92.5,184.0,0.0,34,29.0,0.6162162162,170.0,62.0,243.0,53.0,12.0,0.1,30.0,3.0,0.0,3.53,7.6,0.0,0.0,5.0,64.598,0.0,0.0,27.321597353,0.0,-0.02586078,114.0,4.0,0.0,0.0
17893,0.0,0.0,0.0,0.0,0.0,0.0,0.0,135.0,81.0,4.0,100.0,183.896,0.0,35,30.0,0.35,163.0,62.0,243.0,78.0,0.0,0.0,0.0,4.0,3.0,8.42,8.0,0.0,0.0,2.0,76.48100000000001,0.0,0.0,29.57027983,0.0,0.30010233420000004,112.0,4.0,0.0,0.0
