PtID,Pt_CGMUseNumDays,Pt_FatherT1D,Pt_MotherT1D,Pt_SiblingT1D,Pt_ChildT1D,Pt_GrandchildT1D,Pt_GrandparentT1D,BldPrSys,BldPrDia,SMBGperDayPtMeterCombo,WeightKg,HeightCm,DirectLDL,age,diabDur,TotalDailyInsPerKg,LDL,HDL,TotChol,Triglyc,BUN,AlbCreatRat_mggNew,UnitsInsBasalOrLongAct,BGTestAvgNumMeter,BGTestAvgNumPtRep,TSH,HbA1c,AutonomicNeuroCl,Pt_InsGov,NumPumpBolusOrShortAct,HbA1cImputeDtMnC,Pt_SHFlg,Pt_DKAFlg,bmi,bmiPerc,bmiZscore,GFR,diagAgeCombo,Pt_A1cGoalLev,Pt_A1cGoalLevelDsYr5
17906,30.0,0.0,0.0,0.0,0.0,0.0,1.0,118.0,70.0,3.0,75.29633342,167.64,0.0,40,17.0,0.49139178920000004,89.0,44.0,0.0,69.0,8.0,7.6,0.0,3.0,5.0,0.0,7.6,0.0,1.0,5.0,-0.166,0.0,0.0,26.792826038,0.0,-0.161457821,0.0,23.0,0.0,0.0
17906,0.0,0.0,0.0,0.0,0.0,0.0,0.0,100.0,70.0,3.0,73.93555631,167.64,0.0,43,19.0,0.5680622707,86.0,47.0,154.0,104.0,9.0,13.2,27.0,3.0,6.0,0.0,7.8,0.0,0.0,4.0,33.461,0.0,0.0,26.308618338000002,0.0,-0.20471825,110.0,23.0,0.0,0.0
17906,0.0,0.0,0.0,0.0,0.0,0.0,0.0,118.0,66.0,3.0,72.12118683,167.64,0.0,44,21.0,0.5684875943,112.0,53.0,0.0,159.0,6.0,37.4,26.0,3.0,0.0,1.24,8.1,0.0,0.0,4.0,53.942,0.0,0.0,25.663008071999997,0.0,-0.262398822,0.0,23.0,0.0,0.0
17906,0.0,0.0,0.0,0.0,0.0,0.0,0.0,120.0,72.0,3.0,75.74992579,167.64,0.0,45,22.0,0.5940599879,112.0,48.0,188.0,138.0,4.0,30.0,27.0,3.0,0.0,1.43,8.7,0.0,0.0,5.0,66.324,0.0,0.0,26.954228604,0.0,-0.147037679,100.0,23.0,0.0,0.0
17906,0.0,0.0,0.0,0.0,0.0,0.0,0.0,102.0,62.0,3.0,73.48196394,170.18,0.0,46,23.0,0.5987863911,92.0,55.0,192.0,224.0,6.0,25.5,26.0,3.0,0.0,1.47,7.7,0.0,0.0,4.0,79.336,0.0,0.0,25.372526599,0.0,-0.28835122399999996,104.0,23.0,0.0,0.0
