PtID,Pt_CGMUseNumDays,Pt_FatherT1D,Pt_MotherT1D,Pt_SiblingT1D,Pt_ChildT1D,Pt_GrandchildT1D,Pt_GrandparentT1D,BldPrSys,BldPrDia,SMBGperDayPtMeterCombo,WeightKg,HeightCm,DirectLDL,age,diabDur,TotalDailyInsPerKg,LDL,HDL,TotChol,Triglyc,BUN,AlbCreatRat_mggNew,UnitsInsBasalOrLongAct,BGTestAvgNumMeter,BGTestAvgNumPtRep,TSH,HbA1c,AutonomicNeuroCl,Pt_InsGov,NumPumpBolusOrShortAct,HbA1cImputeDtMnC,Pt_SHFlg,Pt_DKAFlg,bmi,bmiPerc,bmiZscore,GFR,diagAgeCombo,Pt_A1cGoalLev,Pt_A1cGoalLevelDsYr5
17913,0.0,0.0,0.0,0.0,0.0,0.0,0.0,124.0,68.0,6.0,32.9,144.6,0.0,10,4.0,0.6382978723,0.0,0.0,196.0,0.0,0.0,0.0,0.0,6.0,5.0,0.0,9.1,0.0,0.0,6.0,0.266,0.0,0.0,15.734730615999998,0.309902444,-0.496126891,0.0,5.0,0.0,0.0
17913,0.0,0.0,0.0,0.0,0.0,0.0,0.0,115.0,64.0,6.0,37.3,151.8,0.0,12,6.0,0.6702412869,122.0,73.0,203.0,41.0,0.0,4.0,0.0,6.0,5.0,0.0,9.2,0.0,0.0,6.0,19.187,0.0,0.0,16.18695982,0.2093398896,-0.8087138159999999,0.0,5.0,8.0,0.0
17913,0.0,0.0,0.0,0.0,0.0,0.0,0.0,114.0,76.0,5.0,40.2,156.0,0.0,13,7.0,0.6467661692,116.0,66.0,192.0,50.0,21.0,5.2,9.0,5.0,0.0,1.55,9.2,0.0,0.0,7.0,30.274,0.0,0.0,16.518737673,0.1741966637,-0.937710264,0.0,5.0,0.0,0.0
17913,0.0,0.0,0.0,0.0,0.0,0.0,0.0,125.0,73.0,5.0,42.2,161.3,0.0,14,8.0,0.7109004739,107.0,85.0,202.0,51.0,13.0,5.2,10.0,5.0,0.0,1.31,9.9,0.0,0.0,6.0,40.763000000000005,0.0,0.0,16.219733574,0.070160085,-1.474599795,0.0,5.0,0.0,0.0
17913,0.0,0.0,0.0,0.0,0.0,0.0,0.0,127.0,60.0,5.0,50.1,170.0,0.0,15,9.0,0.7584830339,115.0,70.0,200.0,77.0,10.0,5.9,13.0,5.0,0.0,1.86,9.7,0.0,0.0,5.0,52.548,0.0,0.0,17.335640138,0.1247515188,-1.151557297,0.0,5.0,0.0,0.0
17913,0.0,0.0,0.0,0.0,0.0,0.0,0.0,118.0,58.0,4.0,56.9,178.1,0.0,15,9.0,0.7908611598999999,92.0,75.0,193.0,130.0,0.0,4.4,0.0,4.0,4.0,1.04,10.6,0.0,0.0,0.0,63.303000000000004,0.0,0.0,17.938429885999998,0.2042481645,-0.82654266,0.0,5.0,0.0,0.0
17913,0.0,0.0,0.0,0.0,0.0,0.0,0.0,123.0,78.0,5.0,59.3,181.5,0.0,16,10.0,0.8263069140000001,0.0,0.0,0.0,0.0,0.0,0.0,15.0,5.0,4.0,1.04,9.9,0.0,0.0,0.0,70.307,0.0,0.0,18.001199068,0.1308008792,-1.122613314,0.0,5.0,0.0,0.0
17913,0.0,0.0,0.0,0.0,0.0,0.0,0.0,138.0,66.0,3.0,64.6,184.4,0.0,17,11.0,0.773993808,83.0,59.0,161.0,95.0,11.0,0.0,19.0,3.0,0.0,1.29,8.6,0.0,0.0,6.0,84.116,0.0,0.0,18.998122538,0.17746031920000002,-0.9250870309999999,0.0,5.0,0.0,0.0
