PtID,Pt_CGMUseNumDays,Pt_FatherT1D,Pt_MotherT1D,Pt_SiblingT1D,Pt_ChildT1D,Pt_GrandchildT1D,Pt_GrandparentT1D,BldPrSys,BldPrDia,SMBGperDayPtMeterCombo,WeightKg,HeightCm,DirectLDL,age,diabDur,TotalDailyInsPerKg,LDL,HDL,TotChol,Triglyc,BUN,AlbCreatRat_mggNew,UnitsInsBasalOrLongAct,BGTestAvgNumMeter,BGTestAvgNumPtRep,TSH,HbA1c,AutonomicNeuroCl,Pt_InsGov,NumPumpBolusOrShortAct,HbA1cImputeDtMnC,Pt_SHFlg,Pt_DKAFlg,bmi,bmiPerc,bmiZscore,GFR,diagAgeCombo,Pt_A1cGoalLev,Pt_A1cGoalLevelDsYr5
17917,0.0,1.0,0.0,1.0,0.0,0.0,0.0,124.0,66.0,7.0,67.13167076,158.75,1.0,28,25.0,1.0129347181000001,116.0,40.0,0.0,213.0,11.0,5.0,0.0,7.0,6.0,0.0,7.9,0.0,0.0,5.0,-0.299,0.0,0.0,26.637900233000003,0.0,-0.02185725,0.0,3.0,0.0,0.0
17917,0.0,1.0,0.0,1.0,0.0,0.0,0.0,116.0,72.0,5.0,70.125380402,159.004,0.0,29,26.0,0.7843094709,101.0,52.0,0.0,104.0,12.0,0.0,0.0,0.0,5.0,0.0,7.6,0.0,0.0,0.0,9.062000000000001,0.0,0.0,27.736977261,0.0,0.1263403802,0.0,3.0,7.0,0.0
17917,0.0,0.0,0.0,0.0,0.0,0.0,0.0,154.0,84.0,0.0,83.00740371,159.004,0.0,31,28.0,0.0,0.0,0.0,0.0,0.0,7.0,8.6,0.0,0.0,0.0,0.88,7.7,0.0,0.0,0.0,34.622,0.0,0.0,32.832256396,0.0,0.5657232054,98.3,3.0,0.0,0.0
17917,0.0,0.0,0.0,0.0,0.0,0.0,0.0,108.0,70.0,8.0,75.114896472,159.004,0.0,32,29.0,0.7055857425,118.0,54.0,191.0,94.0,10.0,17.2,28.0,8.0,8.0,1.67,8.2,0.0,0.0,7.0,46.672,0.0,0.0,29.71050087,0.0,0.2076620259,97.0,3.0,0.0,0.0
17917,0.0,0.0,0.0,0.0,0.0,0.0,0.0,122.0,76.0,6.0,68.49244787,157.988,1.0,33,30.0,0.7008071911,121.0,0.0,0.0,0.0,8.0,5.2,25.0,0.0,6.0,1.67,8.5,0.0,0.0,7.0,58.656000000000006,0.0,0.0,27.440655733000003,0.0,-0.052686172,115.1,3.0,0.0,0.0
17917,0.0,0.0,0.0,0.0,0.0,0.0,0.0,142.0,82.0,6.0,71.758312934,158.75,0.0,35,32.0,0.7385903853,107.0,42.0,0.0,177.0,13.0,18.3,31.0,0.0,6.0,1.5,9.3,0.0,0.0,0.0,83.087,0.0,0.0,28.47375552,0.0,0.06580899,95.2,3.0,0.0,0.0
