PtID,Pt_CGMUseNumDays,Pt_FatherT1D,Pt_MotherT1D,Pt_SiblingT1D,Pt_ChildT1D,Pt_GrandchildT1D,Pt_GrandparentT1D,BldPrSys,BldPrDia,SMBGperDayPtMeterCombo,WeightKg,HeightCm,DirectLDL,age,diabDur,TotalDailyInsPerKg,LDL,HDL,TotChol,Triglyc,BUN,AlbCreatRat_mggNew,UnitsInsBasalOrLongAct,BGTestAvgNumMeter,BGTestAvgNumPtRep,TSH,HbA1c,AutonomicNeuroCl,Pt_InsGov,NumPumpBolusOrShortAct,HbA1cImputeDtMnC,Pt_SHFlg,Pt_DKAFlg,bmi,bmiPerc,bmiZscore,GFR,diagAgeCombo,Pt_A1cGoalLev,Pt_A1cGoalLevelDsYr5
17932,0.0,0.0,0.0,0.0,0.0,0.0,0.0,105.0,58.0,8.0,36.6,141.4,1.0,9,2.0,1.4207650272999999,126.0,56.0,188.0,43.0,0.0,0.0,0.0,8.0,6.0,0.0,8.7,0.0,0.0,0.0,0.0,0.0,0.0,18.30552827,0.7883664362999999,0.8007659971,0.0,6.0,0.0,0.0
17932,0.0,0.0,0.0,0.0,0.0,0.0,0.0,118.0,73.0,9.0,46.3,150.3,0.0,10,4.0,1.2958963283,79.0,73.0,169.0,87.0,0.0,5.0,0.0,9.0,6.0,0.0,7.4,0.0,0.0,5.0,16.73,0.0,0.0,20.495712943,0.8789217638,1.1696136729,0.0,6.0,7.5,0.0
17932,0.0,0.0,0.0,0.0,0.0,0.0,0.0,103.0,66.0,0.0,52.6,156.1,0.0,11,5.0,0.0,0.0,0.0,0.0,0.0,0.0,5.0,22.0,0.0,0.0,4.604,8.6,0.0,0.0,0.0,27.816999999999997,0.0,0.0,21.586385967,0.8853598645999999,1.2022149184,0.0,6.0,0.0,0.0
17932,0.0,0.0,0.0,0.0,0.0,0.0,0.0,117.0,72.0,0.0,59.8,164.6,0.0,12,6.0,0.0,0.0,0.0,0.0,0.0,0.0,0.0,26.0,0.0,0.0,3.572,8.2,0.0,0.0,0.0,40.963,0.0,0.0,22.071991601999997,0.867255773,1.1135123343,0.0,6.0,0.0,0.0
17932,0.0,0.0,0.0,0.0,0.0,0.0,0.0,107.0,61.0,0.0,70.4,170.7,0.0,13,7.0,0.0,0.0,0.0,0.0,0.0,0.0,0.0,43.0,0.0,0.0,7.81,8.4,0.0,0.0,0.0,52.05,0.0,0.0,24.160483265,0.9091589885,1.3355939673000001,0.0,6.0,0.0,0.0
17932,0.0,0.0,0.0,0.0,0.0,0.0,0.0,148.0,82.0,5.0,83.3,175.4,0.0,14,8.0,0.0,65.0,52.0,140.0,114.0,0.0,0.0,0.0,5.0,0.0,0.040999999999999995,8.2,0.0,0.0,0.0,64.96300000000001,0.0,0.0,27.076082166,0.9481539381999999,1.6272117942,0.0,6.0,0.0,0.0
17932,0.0,0.0,0.0,0.0,0.0,0.0,0.0,0.0,0.0,5.0,0.0,0.0,0.0,15,9.0,0.0,0.0,0.0,0.0,0.0,0.0,0.0,0.0,5.0,0.0,20.154,9.2,0.0,0.0,0.0,75.751,0.0,0.0,0.0,0.0,0.0,0.0,6.0,0.0,0.0
