PtID,Pt_CGMUseNumDays,Pt_FatherT1D,Pt_MotherT1D,Pt_SiblingT1D,Pt_ChildT1D,Pt_GrandchildT1D,Pt_GrandparentT1D,BldPrSys,BldPrDia,SMBGperDayPtMeterCombo,WeightKg,HeightCm,DirectLDL,age,diabDur,TotalDailyInsPerKg,LDL,HDL,TotChol,Triglyc,BUN,AlbCreatRat_mggNew,UnitsInsBasalOrLongAct,BGTestAvgNumMeter,BGTestAvgNumPtRep,TSH,HbA1c,AutonomicNeuroCl,Pt_InsGov,NumPumpBolusOrShortAct,HbA1cImputeDtMnC,Pt_SHFlg,Pt_DKAFlg,bmi,bmiPerc,bmiZscore,GFR,diagAgeCombo,Pt_A1cGoalLev,Pt_A1cGoalLevelDsYr5
17968,0.0,0.0,0.0,0.0,0.0,0.0,0.0,106.0,69.0,4.0,39.2,134.8,0.0,10,0.0,0.8418367347,0.0,0.0,0.0,0.0,12.0,0.0,0.0,0.0,4.0,0.0,8.2,0.0,0.0,0.0,0.0,0.0,0.0,21.572788349,0.9193378027,1.4006311715000002,0.0,9.0,0.0,0.0
17968,0.0,0.0,0.0,0.0,0.0,0.0,0.0,111.0,74.0,5.0,46.9,144.0,0.0,11,2.0,1.2153518124,85.0,63.0,0.0,81.0,0.0,0.0,0.0,5.0,4.0,0.0,7.4,0.0,0.0,0.0,17.593,0.0,0.0,22.617669753,0.9196067825,1.4024314915,0.0,9.0,0.0,0.0
17968,0.0,0.0,0.0,0.0,0.0,0.0,0.0,106.0,51.0,4.0,45.4,148.0,0.0,12,3.0,0.0,0.0,0.0,0.0,0.0,0.0,5.0,27.0,4.0,4.0,0.0,7.7,0.0,0.0,0.0,31.303,0.0,0.0,20.726807889,0.7907972026000001,0.8091904717,0.0,9.0,0.0,0.0
17968,0.0,0.0,0.0,0.0,0.0,0.0,0.0,115.0,67.0,4.0,48.2,149.5,0.0,14,4.0,0.0,0.0,0.0,0.0,0.0,0.0,5.0,27.0,4.0,4.0,2.27,8.6,0.0,0.0,3.0,45.942,0.0,0.0,21.565754298,0.7426007473999999,0.6513842034,0.0,9.0,0.0,0.0
17968,0.0,0.0,0.0,0.0,0.0,0.0,0.0,117.0,58.0,2.0,49.1,151.0,0.0,15,5.0,0.0,0.0,0.0,0.0,0.0,0.0,5.0,27.0,2.0,4.0,0.0,10.6,0.0,0.0,0.0,58.456,0.0,0.0,21.534143239000002,0.6851661808,0.4821947043,0.0,9.0,0.0,0.0
17968,0.0,0.0,0.0,0.0,0.0,0.0,0.0,118.0,72.0,3.0,53.8,150.3,0.0,16,7.0,0.0,0.0,0.0,0.0,0.0,0.0,35.0,29.0,3.0,4.0,2.4,14.1,0.0,0.0,0.0,75.419,0.0,0.0,23.815752836999998,0.8098540267000001,0.8773585003000001,0.0,9.0,0.0,0.0
