PtID,Pt_CGMUseNumDays,Pt_FatherT1D,Pt_MotherT1D,Pt_SiblingT1D,Pt_ChildT1D,Pt_GrandchildT1D,Pt_GrandparentT1D,BldPrSys,BldPrDia,SMBGperDayPtMeterCombo,WeightKg,HeightCm,DirectLDL,age,diabDur,TotalDailyInsPerKg,LDL,HDL,TotChol,Triglyc,BUN,AlbCreatRat_mggNew,UnitsInsBasalOrLongAct,BGTestAvgNumMeter,BGTestAvgNumPtRep,TSH,HbA1c,AutonomicNeuroCl,Pt_InsGov,NumPumpBolusOrShortAct,HbA1cImputeDtMnC,Pt_SHFlg,Pt_DKAFlg,bmi,bmiPerc,bmiZscore,GFR,diagAgeCombo,Pt_A1cGoalLev,Pt_A1cGoalLevelDsYr5
17986,0.0,0.0,0.0,0.0,0.0,0.0,0.0,109.0,75.0,5.0,43.5,148.2,0.0,9,1.0,0.6896551724,44.0,88.0,0.0,49.0,20.0,0.0,0.0,0.0,5.0,0.0,9.3,0.0,0.0,0.0,-0.8959999999999999,0.0,0.0,19.805820999,0.9151906132,1.3734297915,0.0,7.0,0.0,0.0
17986,0.0,0.0,0.0,0.0,0.0,0.0,0.0,123.0,83.0,4.0,51.7,158.7,0.0,10,2.0,0.7543520309,0.0,0.0,0.0,0.0,19.0,0.0,0.0,0.0,4.0,0.0,9.1,0.0,0.0,0.0,11.253,0.0,0.0,20.52752972,0.9087009484,1.3327979971,0.0,7.0,7.5,0.0
17986,0.0,0.0,0.0,0.0,0.0,0.0,0.0,123.0,67.0,4.0,62.5,157.4,0.0,11,3.0,0.0,54.0,69.0,0.0,48.0,16.0,2.5,21.0,0.0,4.0,1.61,7.8,0.0,0.0,0.0,21.344,0.0,0.0,25.227287771999997,0.9727076127,1.9221667859,0.0,7.0,0.0,0.0
17986,0.0,0.0,0.0,0.0,0.0,0.0,0.0,131.0,75.0,8.0,68.8,168.3,0.0,12,4.0,0.0,0.0,0.0,0.0,0.0,0.0,2.5,20.0,0.0,8.0,1.61,7.2,0.0,0.0,0.0,32.465,0.0,0.0,24.289591239,0.9515130638,1.6597047052,0.0,7.0,0.0,0.0
17986,0.0,0.0,0.0,0.0,0.0,0.0,0.0,111.0,63.0,7.0,80.6,174.9,0.0,13,5.0,0.0,56.0,63.0,0.0,56.0,18.0,2.5,21.0,0.0,7.0,2.05,8.0,0.0,0.0,0.0,46.606,0.0,0.0,26.348471282,0.9645275687,1.8058302252,0.0,7.0,0.0,0.0
17986,0.0,0.0,0.0,0.0,0.0,0.0,0.0,128.0,80.0,5.0,93.9,177.5,0.0,14,6.0,0.0,47.0,47.0,0.0,97.0,17.0,2.5,23.0,5.0,5.0,2.93,8.2,0.0,0.0,0.0,58.755,0.0,0.0,29.803610395,0.9813253283,2.0819247527,0.0,7.0,0.0,0.0
17986,0.0,0.0,0.0,0.0,0.0,0.0,0.0,124.0,66.0,5.0,97.3,178.7,0.0,15,7.0,0.0,63.0,54.0,0.0,74.0,18.0,2.5,25.0,0.0,5.0,2.84,7.7,0.0,0.0,0.0,67.817,0.0,0.0,30.469388285999997,0.9812574057,2.0804400553,0.0,7.0,0.0,0.0
