PtID,Pt_CGMUseNumDays,Pt_FatherT1D,Pt_MotherT1D,Pt_SiblingT1D,Pt_ChildT1D,Pt_GrandchildT1D,Pt_GrandparentT1D,BldPrSys,BldPrDia,SMBGperDayPtMeterCombo,WeightKg,HeightCm,DirectLDL,age,diabDur,TotalDailyInsPerKg,LDL,HDL,TotChol,Triglyc,BUN,AlbCreatRat_mggNew,UnitsInsBasalOrLongAct,BGTestAvgNumMeter,BGTestAvgNumPtRep,TSH,HbA1c,AutonomicNeuroCl,Pt_InsGov,NumPumpBolusOrShortAct,HbA1cImputeDtMnC,Pt_SHFlg,Pt_DKAFlg,bmi,bmiPerc,bmiZscore,GFR,diagAgeCombo,Pt_A1cGoalLev,Pt_A1cGoalLevelDsYr5
17999,0.0,0.0,0.0,0.0,0.0,0.0,0.0,108.0,61.0,10.0,49.0,153.4,0.0,11,5.0,0.34693877549999996,0.0,0.0,0.0,0.0,4.0,3.0,0.0,0.0,10.0,0.0,8.4,0.0,0.0,6.0,-3.22,0.0,0.0,20.823098850999997,0.8494650378,1.0341416995000001,0.0,5.0,0.0,0.0
17999,0.0,0.0,0.0,0.0,0.0,0.0,0.0,111.0,65.0,6.0,58.0,164.0,0.0,12,6.0,1.2068965517,90.0,78.0,182.0,72.0,0.0,0.0,0.0,0.0,6.0,0.0,8.9,0.0,0.0,0.0,12.116,0.0,0.0,21.564544914000003,0.84263172,1.0053329377,0.0,5.0,8.0,0.0
17999,0.0,0.0,0.0,0.0,0.0,0.0,0.0,110.0,61.0,5.0,67.8,168.9,0.0,14,8.0,1.0029498525,90.0,78.0,182.0,72.0,0.0,5.5,23.0,0.0,5.0,3.65,8.2,0.0,0.0,0.0,32.332,0.0,0.0,23.766782661,0.8691066609,1.1221782036,0.0,5.0,0.0,0.0
17999,0.0,0.0,0.0,0.0,0.0,0.0,0.0,110.0,67.0,4.0,65.7,170.2,0.0,15,9.0,0.6697108067,128.0,89.0,232.0,73.0,0.0,6.0,24.0,4.0,0.0,1.78,10.0,0.0,0.0,0.0,44.614,0.0,0.0,22.680167523,0.7766248568999999,0.7608439395000001,0.0,5.0,0.0,0.0
17999,0.0,0.0,0.0,0.0,0.0,0.0,0.0,127.0,79.0,1.0,72.7,171.1,0.0,16,11.0,1.1141678129,115.0,78.0,208.0,75.0,0.0,11.4,69.0,1.0,0.0,2.54,11.5,0.0,0.0,0.0,66.988,0.0,0.0,24.833297524000002,0.8580273423999999,1.0714985657,0.0,5.0,0.0,0.0
17999,0.0,0.0,0.0,0.0,0.0,0.0,0.0,116.0,66.0,0.0,74.1,170.8,0.0,17,12.0,0.7422402159,127.0,112.0,270.0,153.0,0.0,11.4,35.0,0.0,0.0,4.44,11.3,0.0,0.0,0.0,76.249,0.0,0.0,25.400512261,0.8586870721,1.0744392567,0.0,5.0,0.0,0.0
