PtID,Pt_CGMUseNumDays,Pt_FatherT1D,Pt_MotherT1D,Pt_SiblingT1D,Pt_ChildT1D,Pt_GrandchildT1D,Pt_GrandparentT1D,BldPrSys,BldPrDia,SMBGperDayPtMeterCombo,WeightKg,HeightCm,DirectLDL,age,diabDur,TotalDailyInsPerKg,LDL,HDL,TotChol,Triglyc,BUN,AlbCreatRat_mggNew,UnitsInsBasalOrLongAct,BGTestAvgNumMeter,BGTestAvgNumPtRep,TSH,HbA1c,AutonomicNeuroCl,Pt_InsGov,NumPumpBolusOrShortAct,HbA1cImputeDtMnC,Pt_SHFlg,Pt_DKAFlg,bmi,bmiPerc,bmiZscore,GFR,diagAgeCombo,Pt_A1cGoalLev,Pt_A1cGoalLevelDsYr5
18004,0.0,0.0,0.0,1.0,0.0,0.0,0.0,125.0,75.0,3.0,86.2,175.0,0.0,37,34.0,0.5336426914,83.0,24.0,0.0,96.0,12.0,0.0,0.0,3.0,3.0,0.0,7.0,0.0,0.0,0.0,0.0,0.0,0.0,28.146938776,0.0,0.09377854810000001,0.0,3.0,0.0,0.0
18004,0.0,0.0,0.0,0.0,0.0,0.0,0.0,108.0,78.0,3.0,89.4,172.8,0.0,38,35.0,0.548098434,74.0,22.0,0.0,158.0,13.0,4.8,35.0,3.0,0.0,2.18,7.2,0.0,0.0,0.0,13.642999999999999,0.0,0.0,29.939879115,0.0,0.3536784772,0.0,3.0,0.0,0.0
18004,0.0,0.0,0.0,0.0,0.0,0.0,0.0,138.0,72.0,4.0,92.6,173.2,0.0,38,35.0,0.5615550756000001,0.0,0.0,0.0,0.0,15.0,4.8,32.0,4.0,4.0,2.11,0.0,0.0,0.0,0.0,0.0,0.0,0.0,30.868477616999996,0.0,0.48828568060000005,0.0,3.0,0.0,0.0
18004,0.0,0.0,0.0,0.0,0.0,0.0,0.0,124.0,76.0,4.0,91.6,173.0,1.0,39,36.0,0.0,81.0,19.0,130.0,200.0,13.0,0.0,0.0,4.0,4.0,1.23,6.9,0.0,0.0,0.0,33.959,0.0,0.0,30.605766982,0.0,0.4502038359,90.1,3.0,0.0,0.0
18004,0.0,0.0,0.0,0.0,0.0,0.0,0.0,112.0,68.0,3.0,97.2,173.0,0.0,40,37.0,0.524691358,68.0,21.0,120.0,155.0,18.0,0.0,32.0,3.0,4.0,1.25,7.3,0.0,0.0,4.0,44.183,0.0,0.0,32.476861907,0.0,0.5861591005,90.1,3.0,0.0,0.0
18004,0.0,0.0,0.0,0.0,0.0,0.0,0.0,130.0,80.0,8.0,89.8,173.5,1.0,42,39.0,0.7082405345,96.0,27.0,143.0,124.0,16.0,0.0,33.5,8.0,5.0,1.73,6.8,0.0,0.0,10.0,64.066,0.0,0.0,29.831657101999998,0.0,0.2058394075,90.1,3.0,0.0,0.0
18004,0.0,0.0,0.0,0.0,0.0,0.0,0.0,140.0,84.0,3.0,90.0,173.6,0.0,42,39.0,0.5122222222,0.0,0.0,0.0,0.0,0.0,0.0,32.9,3.0,5.0,0.0,7.6,0.0,0.0,4.0,70.905,0.0,0.0,29.863662425999998,0.0,0.210441038,0.0,3.0,0.0,0.0
