PtID,Pt_CGMUseNumDays,Pt_FatherT1D,Pt_MotherT1D,Pt_SiblingT1D,Pt_ChildT1D,Pt_GrandchildT1D,Pt_GrandparentT1D,BldPrSys,BldPrDia,SMBGperDayPtMeterCombo,WeightKg,HeightCm,DirectLDL,age,diabDur,TotalDailyInsPerKg,LDL,HDL,TotChol,Triglyc,BUN,AlbCreatRat_mggNew,UnitsInsBasalOrLongAct,BGTestAvgNumMeter,BGTestAvgNumPtRep,TSH,HbA1c,AutonomicNeuroCl,Pt_InsGov,NumPumpBolusOrShortAct,HbA1cImputeDtMnC,Pt_SHFlg,Pt_DKAFlg,bmi,bmiPerc,bmiZscore,GFR,diagAgeCombo,Pt_A1cGoalLev,Pt_A1cGoalLevelDsYr5
18017,0.0,0.0,0.0,0.0,0.0,0.0,1.0,108.0,73.0,4.0,55.202191428999996,152.4,0.0,15,11.0,0.8695306972,150.0,39.0,0.0,256.0,10.0,19.1,0.0,0.0,4.0,0.0,11.7,0.0,0.0,0.0,-5.477,0.0,0.0,23.767657734,0.8385474075,0.9885054123999999,0.0,4.0,0.0,0.0
18017,0.0,0.0,0.0,0.0,0.0,0.0,0.0,110.0,73.0,0.0,61.325688424,153.67,0.0,15,11.0,0.0,0.0,0.0,0.0,0.0,0.0,0.0,0.0,0.0,0.0,0.0,10.3,0.0,0.0,0.0,2.656,0.0,0.0,25.969539558,0.9137447098999999,1.3641810834,0.0,4.0,0.0,0.0
18017,0.0,0.0,0.0,0.0,0.0,0.0,0.0,122.0,76.0,0.0,62.59574706,154.94,0.0,16,12.0,0.0,0.0,0.0,0.0,0.0,0.0,15.4,0.0,0.0,0.0,0.0,12.0,0.0,0.0,0.0,18.722,0.0,0.0,26.074604135999998,0.8992295173999999,1.2771736001,0.0,4.0,0.0,0.0
18017,0.0,0.0,0.0,0.0,0.0,0.0,0.0,113.0,72.0,0.0,0.0,0.0,0.0,17,13.0,0.0,0.0,0.0,0.0,0.0,0.0,15.4,0.0,0.0,0.0,0.0,13.2,0.0,0.0,0.0,27.054000000000002,0.0,0.0,0.0,0.0,0.0,0.0,4.0,0.0,0.0
18017,0.0,0.0,0.0,0.0,0.0,0.0,0.0,115.0,74.0,4.0,0.0,0.0,1.0,18,14.0,0.0,188.0,0.0,0.0,0.0,10.0,15.4,40.0,0.0,4.0,0.0,11.2,0.0,0.0,0.0,47.17,0.0,0.0,0.0,0.0,0.0,0.0,4.0,0.0,0.0
18017,0.0,0.0,0.0,0.0,0.0,0.0,0.0,110.0,70.0,0.0,0.0,0.0,0.0,19,15.0,0.0,0.0,0.0,0.0,0.0,10.0,8.7,0.0,0.0,0.0,0.0,10.6,0.0,0.0,0.0,55.768,0.0,0.0,0.0,0.0,0.0,0.0,4.0,0.0,0.0
18017,0.0,0.0,0.0,0.0,0.0,0.0,0.0,115.0,74.0,5.0,63.04933943,157.48,0.0,20,16.0,0.0,130.0,33.0,0.0,120.0,0.0,8.7,42.0,0.0,5.0,0.0,8.8,0.0,0.0,0.0,68.183,0.0,0.0,25.423171584000002,0.8060796599,-0.18564914300000002,0.0,4.0,0.0,0.0
