PtID,Pt_CGMUseNumDays,Pt_FatherT1D,Pt_MotherT1D,Pt_SiblingT1D,Pt_ChildT1D,Pt_GrandchildT1D,Pt_GrandparentT1D,BldPrSys,BldPrDia,SMBGperDayPtMeterCombo,WeightKg,HeightCm,DirectLDL,age,diabDur,TotalDailyInsPerKg,LDL,HDL,TotChol,Triglyc,BUN,AlbCreatRat_mggNew,UnitsInsBasalOrLongAct,BGTestAvgNumMeter,BGTestAvgNumPtRep,TSH,HbA1c,AutonomicNeuroCl,Pt_InsGov,NumPumpBolusOrShortAct,HbA1cImputeDtMnC,Pt_SHFlg,Pt_DKAFlg,bmi,bmiPerc,bmiZscore,GFR,diagAgeCombo,Pt_A1cGoalLev,Pt_A1cGoalLevelDsYr5
18022,0.0,0.0,0.0,0.0,0.0,0.0,0.0,105.0,71.0,4.0,33.021524536,133.858,0.0,10,4.0,0.36339933329999996,0.0,0.0,0.0,0.0,0.0,0.0,0.0,4.0,7.0,0.0,9.1,0.0,0.0,0.0,0.0,0.0,0.0,18.429283725,0.7728454526999999,0.7482504687,0.0,6.0,0.0,0.0
18022,0.0,1.0,0.0,0.0,0.0,0.0,0.0,101.0,50.0,4.0,37.9,139.7,0.0,11,5.0,1.1345646437999999,0.0,69.0,157.0,0.0,0.0,0.0,0.0,4.0,10.0,0.0,10.1,0.0,0.0,0.0,15.137,0.0,1.0,19.41987355,0.7969924445000001,0.8309265731000001,0.0,6.0,7.0,0.0
18022,0.0,0.0,0.0,0.0,0.0,0.0,0.0,111.0,70.0,3.0,43.5,145.3,0.0,12,6.0,0.0,0.0,0.0,0.0,0.0,14.0,4.9,0.0,3.0,0.0,0.0,10.6,0.0,0.0,0.0,25.061999999999998,0.0,0.0,20.604307769000002,0.8264606178,0.9402706229000001,0.0,6.0,0.0,0.0
18022,0.0,0.0,0.0,0.0,0.0,0.0,0.0,107.0,70.0,5.0,48.3,153.0,0.0,13,7.0,0.0,0.0,0.0,0.0,0.0,0.0,4.9,32.0,5.0,0.0,0.0,11.0,0.0,0.0,0.0,36.68,0.0,0.0,20.633089837,0.7691789571,0.7361456142,0.0,6.0,0.0,0.0
18022,0.0,0.0,0.0,0.0,0.0,0.0,0.0,120.0,73.0,2.0,54.7,158.6,0.0,14,7.0,1.1882998171999999,0.0,0.0,0.0,0.0,0.0,52.4,0.0,2.0,0.0,1.59,11.3,0.0,0.0,0.0,46.24100000000001,0.0,0.0,21.746078946999997,0.7952348123,0.8247203502,0.0,6.0,0.0,0.0
18022,0.0,0.0,0.0,0.0,0.0,0.0,0.0,116.0,76.0,2.0,60.5,160.9,0.0,14,8.0,1.0082644628,0.0,0.0,0.0,95.0,0.0,52.4,28.0,2.0,0.0,0.0,11.8,0.0,0.0,0.0,56.0,0.0,0.0,23.369169923,0.8837787128,1.1940904863,0.0,6.0,0.0,0.0
18022,0.0,0.0,0.0,0.0,0.0,0.0,0.0,115.0,76.0,1.0,62.8,163.7,0.0,15,9.0,0.0,106.0,53.0,210.0,257.0,11.0,13.4,14.0,1.0,3.0,0.79,9.8,0.0,0.0,0.0,69.012,0.0,0.0,23.434855766,0.8508228948000001,1.0399691999999998,0.0,6.0,0.0,0.0
18022,0.0,0.0,0.0,0.0,0.0,0.0,0.0,97.0,69.0,0.0,68.8,164.1,0.0,17,10.0,0.0,139.0,54.0,215.0,108.0,0.0,31.7,0.0,0.0,0.0,0.0,9.9,0.0,0.0,0.0,81.759,0.0,0.0,25.54884527,0.8792633287,1.1713121170999998,0.0,6.0,0.0,0.0
