PtID,Pt_CGMUseNumDays,Pt_FatherT1D,Pt_MotherT1D,Pt_SiblingT1D,Pt_ChildT1D,Pt_GrandchildT1D,Pt_GrandparentT1D,BldPrSys,BldPrDia,SMBGperDayPtMeterCombo,WeightKg,HeightCm,DirectLDL,age,diabDur,TotalDailyInsPerKg,LDL,HDL,TotChol,Triglyc,BUN,AlbCreatRat_mggNew,UnitsInsBasalOrLongAct,BGTestAvgNumMeter,BGTestAvgNumPtRep,TSH,HbA1c,AutonomicNeuroCl,Pt_InsGov,NumPumpBolusOrShortAct,HbA1cImputeDtMnC,Pt_SHFlg,Pt_DKAFlg,bmi,bmiPerc,bmiZscore,GFR,diagAgeCombo,Pt_A1cGoalLev,Pt_A1cGoalLevelDsYr5
18065,0.0,0.0,1.0,0.0,0.0,0.0,0.0,142.0,87.0,6.0,72.302623778,163.83,0.0,43,13.0,0.4840764853,88.0,50.0,161.0,117.0,5.0,5.2,0.0,0.0,6.0,0.0,7.1,0.0,0.0,0.0,0.266,0.0,1.0,26.938114535,0.0,-0.148477353,0.0,30.0,0.0,0.0
18065,0.0,0.0,1.0,1.0,0.0,0.0,0.0,132.0,72.0,10.0,72.5747792,165.1,0.0,44,14.0,0.0,109.0,65.0,191.0,85.0,11.0,13.6,0.0,0.0,10.0,0.0,7.9,0.0,0.0,0.0,8.929,1.0,0.0,26.625120176,0.0,-0.176441118,0.0,30.0,0.0,0.0
18065,0.0,0.0,0.0,0.0,0.0,0.0,0.0,119.0,75.0,5.0,76.3,165.1,0.0,45,15.0,0.0,130.0,73.0,216.0,67.0,11.0,0.0,30.0,0.0,5.0,2.37,8.0,0.0,0.0,0.0,32.598,0.0,0.0,27.99177196,0.0,-0.054340742000000004,0.0,30.0,0.0,0.0
18065,0.0,0.0,0.0,0.0,0.0,0.0,0.0,0.0,0.0,8.0,0.0,0.0,0.0,46,16.0,0.0,0.0,0.0,0.0,0.0,10.0,5.9,0.0,0.0,8.0,3.04,0.0,0.0,0.0,0.0,0.0,0.0,0.0,0.0,0.0,0.0,0.0,30.0,0.0,0.0
18065,0.0,0.0,0.0,0.0,0.0,0.0,0.0,125.0,72.0,5.0,76.65711053,165.1,0.0,47,17.0,0.8479317776,117.0,60.0,0.0,133.0,0.0,5.9,0.0,0.0,5.0,2.86,8.0,0.0,0.0,0.0,52.813,0.0,0.0,28.122783186,0.0,-0.042635844000000006,0.0,30.0,0.0,0.0
18065,0.0,0.0,0.0,0.0,0.0,0.0,0.0,126.0,76.0,0.0,78.01788764,165.1,0.0,48,18.0,0.5127029353,109.0,55.0,0.0,0.0,0.0,8.4,0.0,0.0,0.0,0.0,8.2,0.0,0.0,0.0,65.56,0.0,0.0,28.622004189000002,0.0,0.0019659139,0.0,30.0,0.0,0.0
18065,0.0,0.0,0.0,0.0,0.0,0.0,0.0,132.0,71.0,7.0,83.91458845,165.1,0.0,49,19.0,0.0,90.0,48.0,0.0,109.0,12.0,6.4,0.0,0.0,7.0,1.28,7.9,0.0,1.0,0.0,77.212,1.0,0.0,30.785295203,0.0,0.19524019829999997,0.0,30.0,0.0,0.0
