PtID,Pt_CGMUseNumDays,Pt_FatherT1D,Pt_MotherT1D,Pt_SiblingT1D,Pt_ChildT1D,Pt_GrandchildT1D,Pt_GrandparentT1D,BldPrSys,BldPrDia,SMBGperDayPtMeterCombo,WeightKg,HeightCm,DirectLDL,age,diabDur,TotalDailyInsPerKg,LDL,HDL,TotChol,Triglyc,BUN,AlbCreatRat_mggNew,UnitsInsBasalOrLongAct,BGTestAvgNumMeter,BGTestAvgNumPtRep,TSH,HbA1c,AutonomicNeuroCl,Pt_InsGov,NumPumpBolusOrShortAct,HbA1cImputeDtMnC,Pt_SHFlg,Pt_DKAFlg,bmi,bmiPerc,bmiZscore,GFR,diagAgeCombo,Pt_A1cGoalLev,Pt_A1cGoalLevelDsYr5
18072,0.0,0.0,0.0,0.0,0.0,0.0,0.0,120.0,72.0,4.0,78.47148001,186.94400000000002,1.0,16,4.0,1.5292180036,73.0,0.0,0.0,0.0,14.0,7.6,0.0,4.0,5.0,0.0,7.0,0.0,0.0,0.0,0.0,0.0,0.0,22.453744771999997,0.7291138256999999,0.6101350525,0.0,12.0,0.0,0.0
18072,0.0,0.0,0.0,0.0,0.0,0.0,0.0,112.0,80.0,2.0,79.37866475,187.452,1.0,18,6.0,1.1464037634,86.0,0.0,0.0,0.0,0.0,0.0,0.0,2.0,3.0,0.0,8.4,0.0,0.0,0.0,19.519000000000002,0.0,0.0,22.590384991999997,0.5939940618,0.23783138339999998,0.0,12.0,6.9,0.0
18072,0.0,0.0,0.0,0.0,0.0,0.0,0.0,132.0,78.0,2.0,83.91458845,186.69,1.0,19,7.0,0.0,125.0,0.0,0.0,0.0,15.0,0.0,32.0,2.0,2.0,1.16,9.8,0.0,0.0,0.0,34.523,0.0,0.0,24.076611085,0.6870331295000001,0.4874580829,0.0,12.0,0.0,0.0
18072,0.0,0.0,0.0,0.0,0.0,0.0,0.0,126.0,68.0,1.0,75.29633342,185.42,0.0,20,8.0,0.0,0.0,0.0,0.0,0.0,0.0,0.0,32.0,1.0,3.0,0.0,9.1,0.0,0.0,0.0,46.008,0.0,0.0,21.900835095,0.3516250381,-0.9268876340000001,0.0,12.0,0.0,0.0
18072,0.0,0.0,0.0,0.0,0.0,0.0,0.0,120.0,70.0,5.0,74.84274105,182.88,0.0,22,10.0,0.0,82.0,70.0,0.0,84.0,17.0,0.0,32.0,5.0,0.0,0.39,8.7,0.0,0.0,3.0,67.751,0.0,0.0,22.377793333000003,0.0,-0.832809919,0.0,12.0,0.0,0.0
18072,0.0,0.0,0.0,0.0,0.0,0.0,0.0,118.0,80.0,10.0,74.9,186.69,0.0,23,11.0,0.0,0.0,0.0,0.0,0.0,0.0,0.0,27.0,10.0,0.0,0.0,8.0,0.0,0.0,0.0,78.672,0.0,0.0,21.490162838000003,0.0,-1.007890758,0.0,12.0,0.0,0.0
