PtID,Pt_CGMUseNumDays,Pt_FatherT1D,Pt_MotherT1D,Pt_SiblingT1D,Pt_ChildT1D,Pt_GrandchildT1D,Pt_GrandparentT1D,BldPrSys,BldPrDia,SMBGperDayPtMeterCombo,WeightKg,HeightCm,DirectLDL,age,diabDur,TotalDailyInsPerKg,LDL,HDL,TotChol,Triglyc,BUN,AlbCreatRat_mggNew,UnitsInsBasalOrLongAct,BGTestAvgNumMeter,BGTestAvgNumPtRep,TSH,HbA1c,AutonomicNeuroCl,Pt_InsGov,NumPumpBolusOrShortAct,HbA1cImputeDtMnC,Pt_SHFlg,Pt_DKAFlg,bmi,bmiPerc,bmiZscore,GFR,diagAgeCombo,Pt_A1cGoalLev,Pt_A1cGoalLevelDsYr5
18097,0.0,1.0,0.0,0.0,0.0,0.0,0.0,96.0,63.0,7.0,40.324361693,145.796,0.0,14,12.0,0.6447715205,107.0,61.0,186.0,92.0,0.0,3.3,0.0,7.0,12.0,0.0,6.9,0.0,0.0,6.0,0.23199999999999998,0.0,0.0,18.970391054,0.4500268734,-0.125593452,0.0,1.0,0.0,0.0
18097,0.0,1.0,0.0,0.0,0.0,0.0,0.0,108.0,70.0,3.0,50.4,153.3,0.0,15,14.0,0.8928571429000001,114.0,73.0,0.0,90.0,0.0,1.9,0.0,3.0,8.0,0.0,7.1,0.0,0.0,0.0,23.037,0.0,0.0,21.445996300999997,0.6768373656000001,0.4588731392,0.0,1.0,0.0,0.0
18097,0.0,0.0,0.0,0.0,0.0,0.0,0.0,107.0,67.0,7.0,55.9,153.6,0.0,16,15.0,0.37567084079999996,0.0,0.0,0.0,0.0,0.0,1.4,21.0,7.0,7.0,0.0,6.4,0.0,0.0,4.0,33.494,0.0,0.0,23.693508572,0.8029680197,0.8522705264,0.0,1.0,0.0,0.0
18097,0.0,0.0,0.0,0.0,0.0,0.0,0.0,111.0,74.0,1.0,59.0,153.0,0.0,17,16.0,0.0,0.0,0.0,0.0,0.0,0.0,1.4,22.0,1.0,0.0,0.0,6.9,0.0,0.0,0.0,46.008,0.0,0.0,25.203981375,0.8508389671,1.0400383888,0.0,1.0,0.0,0.0
18097,0.0,0.0,0.0,0.0,0.0,0.0,0.0,114.0,69.0,2.0,62.7,154.0,0.0,18,17.0,0.0,143.0,74.0,231.0,68.0,10.0,1.4,23.0,2.0,0.0,2.12,6.5,0.0,0.0,0.0,59.718,0.0,0.0,26.437847866,0.8777319743,1.1637235773999999,82.0,1.0,0.0,0.0
18097,0.0,0.0,0.0,0.0,0.0,0.0,0.0,118.0,73.0,0.0,60.0,154.0,0.0,19,18.0,0.0,136.0,54.0,214.0,122.0,0.0,2.9,0.0,0.0,0.0,2.13,5.8,0.0,0.0,0.0,71.336,0.0,0.0,25.299375949,0.8161513876000001,0.9007951911,0.0,1.0,0.0,0.0
18097,30.0,0.0,0.0,0.0,0.0,0.0,0.0,115.0,76.0,2.0,61.3,154.0,0.0,20,19.0,0.0,110.0,63.0,201.0,139.0,0.0,2.8,0.0,0.0,2.0,2.18,7.0,0.0,0.0,0.0,83.154,0.0,0.0,25.847529094000002,0.8256083129,-0.128429516,0.0,1.0,0.0,0.0
