PtID,Pt_CGMUseNumDays,Pt_FatherT1D,Pt_MotherT1D,Pt_SiblingT1D,Pt_ChildT1D,Pt_GrandchildT1D,Pt_GrandparentT1D,BldPrSys,BldPrDia,SMBGperDayPtMeterCombo,WeightKg,HeightCm,DirectLDL,age,diabDur,TotalDailyInsPerKg,LDL,HDL,TotChol,Triglyc,BUN,AlbCreatRat_mggNew,UnitsInsBasalOrLongAct,BGTestAvgNumMeter,BGTestAvgNumPtRep,TSH,HbA1c,AutonomicNeuroCl,Pt_InsGov,NumPumpBolusOrShortAct,HbA1cImputeDtMnC,Pt_SHFlg,Pt_DKAFlg,bmi,bmiPerc,bmiZscore,GFR,diagAgeCombo,Pt_A1cGoalLev,Pt_A1cGoalLevelDsYr5
18135,0.0,0.0,0.0,0.0,0.0,0.0,1.0,118.0,64.0,4.0,84.82177319,171.45,0.0,50,12.0,0.4715770314,88.0,53.0,168.0,134.0,11.0,2.4,0.0,4.0,5.0,0.0,7.5,0.0,0.0,6.0,-0.033,0.0,0.0,28.855750099999998,0.0,-0.035401372,0.0,38.0,0.0,0.0
18135,0.0,0.0,0.0,0.0,0.0,0.0,1.0,108.0,82.0,6.0,0.0,0.0,0.0,52,14.0,0.0,111.0,69.0,213.0,167.0,15.0,5.8,0.0,6.0,5.0,0.0,8.5,0.0,0.0,6.0,15.734000000000002,0.0,0.0,0.0,0.0,0.0,0.0,38.0,7.8,0.0
18135,0.0,0.0,0.0,0.0,0.0,0.0,0.0,150.0,88.0,4.0,0.0,0.0,0.0,52,14.0,0.0,106.0,52.0,175.0,85.0,17.0,1.4,30.0,4.0,0.0,0.0,7.4,0.0,0.0,5.0,30.34,0.0,0.0,0.0,0.0,0.0,0.0,38.0,0.0,0.0
18135,0.0,0.0,0.0,0.0,0.0,0.0,0.0,128.0,77.0,6.0,85.72895793,170.2,0.0,53,15.0,0.5715688279,118.0,64.0,0.0,114.0,11.0,1.4,30.0,6.0,0.0,1.5019999999999998,7.1,0.0,0.0,8.0,38.573,0.0,0.0,29.594324618,0.0,0.040550868399999995,0.0,38.0,0.0,0.0
18135,0.0,0.0,0.0,0.0,0.0,0.0,0.0,138.0,92.0,5.0,84.82177319,170.18,0.0,54,16.0,0.5305241603,118.0,64.0,205.0,114.0,11.0,12.1,29.0,5.0,0.0,1.127,7.4,0.0,0.0,0.0,49.726000000000006,0.0,0.0,29.288039963000003,0.0,0.0090537004,0.0,38.0,0.0,0.0
18135,0.0,0.0,0.0,0.0,0.0,0.0,0.0,137.0,80.0,6.0,0.0,0.0,0.0,55,17.0,0.0,107.0,60.0,194.0,135.0,18.0,16.0,31.0,6.0,4.0,1.361,7.2,0.0,0.0,7.0,62.772,0.0,0.0,0.0,0.0,0.0,0.0,38.0,0.0,0.0
18135,0.0,0.0,0.0,0.0,0.0,0.0,0.0,131.0,85.0,5.0,0.0,0.0,0.0,56,18.0,0.0,124.0,68.0,218.0,131.0,14.0,15.0,35.0,5.0,0.0,1.361,0.0,0.0,0.0,8.0,0.0,0.0,0.0,0.0,0.0,0.0,0.0,38.0,0.0,0.0
