PtID,Pt_CGMUseNumDays,Pt_FatherT1D,Pt_MotherT1D,Pt_SiblingT1D,Pt_ChildT1D,Pt_GrandchildT1D,Pt_GrandparentT1D,BldPrSys,BldPrDia,SMBGperDayPtMeterCombo,WeightKg,HeightCm,DirectLDL,age,diabDur,TotalDailyInsPerKg,LDL,HDL,TotChol,Triglyc,BUN,AlbCreatRat_mggNew,UnitsInsBasalOrLongAct,BGTestAvgNumMeter,BGTestAvgNumPtRep,TSH,HbA1c,AutonomicNeuroCl,Pt_InsGov,NumPumpBolusOrShortAct,HbA1cImputeDtMnC,Pt_SHFlg,Pt_DKAFlg,bmi,bmiPerc,bmiZscore,GFR,diagAgeCombo,Pt_A1cGoalLev,Pt_A1cGoalLevelDsYr5
18147,30.0,0.0,0.0,0.0,0.0,0.0,0.0,113.0,77.0,3.0,87.49796817299999,162.05200000000002,0.0,29,20.0,1.0628818239,78.0,80.0,0.0,44.0,14.0,2.0,0.0,0.0,3.0,0.0,6.2,0.0,0.0,7.0,0.0,0.0,0.0,33.318786645,0.0,0.878981825,0.0,9.0,0.0,0.0
18147,0.0,0.0,0.0,0.0,0.0,0.0,0.0,120.0,75.0,0.0,89.5,162.0,0.0,30,21.0,0.0,0.0,0.0,0.0,0.0,0.0,0.0,0.0,0.0,0.0,0.0,7.3,0.0,0.0,0.0,16.996,0.0,0.0,34.103033074,0.0,0.7114795892,0.0,9.0,0.0,0.0
18147,0.0,0.0,0.0,0.0,0.0,0.0,0.0,110.0,75.0,2.0,92.4,168.0,0.0,32,23.0,0.6601731602,66.0,82.0,165.0,84.0,9.0,0.0,38.0,2.0,0.0,0.02,6.6,0.0,0.0,4.0,40.929,0.0,0.0,32.738095238,0.0,0.5549230467,94.0,9.0,0.0,0.0
18147,0.0,0.0,0.0,0.0,0.0,0.0,0.0,122.0,80.0,3.0,86.2,168.0,0.0,33,24.0,0.6496519722,0.0,0.0,0.0,0.0,14.0,0.0,33.0,3.0,0.0,1.92,7.2,0.0,0.0,5.0,53.443999999999996,0.0,0.0,30.54138322,0.0,0.3029631191,0.0,9.0,0.0,0.0
18147,25.0,0.0,0.0,0.0,0.0,0.0,0.0,99.0,74.0,4.0,91.5,168.0,0.0,35,26.0,0.7978142077,0.0,0.0,0.0,0.0,0.0,0.0,42.0,4.0,3.0,0.0,0.0,0.0,0.0,4.0,0.0,0.0,0.0,32.419217687,0.0,0.5183482185,0.0,9.0,0.0,0.0
