PtID,Pt_CGMUseNumDays,Pt_FatherT1D,Pt_MotherT1D,Pt_SiblingT1D,Pt_ChildT1D,Pt_GrandchildT1D,Pt_GrandparentT1D,BldPrSys,BldPrDia,SMBGperDayPtMeterCombo,WeightKg,HeightCm,DirectLDL,age,diabDur,TotalDailyInsPerKg,LDL,HDL,TotChol,Triglyc,BUN,AlbCreatRat_mggNew,UnitsInsBasalOrLongAct,BGTestAvgNumMeter,BGTestAvgNumPtRep,TSH,HbA1c,AutonomicNeuroCl,Pt_InsGov,NumPumpBolusOrShortAct,HbA1cImputeDtMnC,Pt_SHFlg,Pt_DKAFlg,bmi,bmiPerc,bmiZscore,GFR,diagAgeCombo,Pt_A1cGoalLev,Pt_A1cGoalLevelDsYr5
1816,0.0,0.0,0.0,0.0,0.0,0.0,0.0,124.0,78.0,6.0,59.42060047,160.0,0.0,15,11.0,0.5385337702,112.0,64.0,0.0,101.0,10.0,11.0,0.0,6.0,5.0,0.0,8.1,0.0,0.0,0.0,-1.361,0.0,0.0,23.211172059000003,0.809497949,0.8760477019,0.0,4.0,0.0,0.0
1816,0.0,0.0,0.0,0.0,0.0,0.0,0.0,118.0,69.0,6.0,61.68856232,162.0,1.0,16,12.0,0.8591544041,122.0,64.0,0.0,72.0,11.0,10.7,0.0,6.0,5.0,0.0,7.6,0.0,0.0,0.0,15.734000000000002,0.0,0.0,23.505777442,0.7918761462,0.8129482876,0.0,4.0,7.0,0.0
1816,0.0,0.0,0.0,0.0,0.0,0.0,0.0,108.0,67.0,4.0,61.23496995,161.0,0.0,17,13.0,0.0,98.0,62.0,178.0,90.0,11.0,0.0,40.0,4.0,7.0,1.46,7.0,0.0,0.0,0.0,27.816999999999997,0.0,0.0,23.623691196,0.7670148651,0.7290513211,0.0,4.0,0.0,0.0
1816,0.0,0.0,0.0,0.0,0.0,0.0,0.0,103.0,69.0,0.0,58.0,161.0,0.0,20,16.0,0.0,0.0,0.0,0.0,0.0,0.0,0.0,30.0,0.0,0.0,0.0,8.6,0.0,0.0,0.0,65.527,0.0,0.0,22.375679951,0.5754964319,-0.5965676010000001,0.0,4.0,0.0,0.0
