PtID,Pt_CGMUseNumDays,Pt_FatherT1D,Pt_MotherT1D,Pt_SiblingT1D,Pt_ChildT1D,Pt_GrandchildT1D,Pt_GrandparentT1D,BldPrSys,BldPrDia,SMBGperDayPtMeterCombo,WeightKg,HeightCm,DirectLDL,age,diabDur,TotalDailyInsPerKg,LDL,HDL,TotChol,Triglyc,BUN,AlbCreatRat_mggNew,UnitsInsBasalOrLongAct,BGTestAvgNumMeter,BGTestAvgNumPtRep,TSH,HbA1c,AutonomicNeuroCl,Pt_InsGov,NumPumpBolusOrShortAct,HbA1cImputeDtMnC,Pt_SHFlg,Pt_DKAFlg,bmi,bmiPerc,bmiZscore,GFR,diagAgeCombo,Pt_A1cGoalLev,Pt_A1cGoalLevelDsYr5
18178,0.0,0.0,0.0,0.0,0.0,0.0,0.0,128.0,72.0,5.0,0.0,0.0,0.0,57,15.0,0.0,148.0,78.0,0.0,126.0,13.0,11.0,0.0,0.0,5.0,0.0,10.6,0.0,0.0,6.0,0.0,0.0,0.0,0.0,0.0,0.0,0.0,42.0,0.0,0.0
18178,0.0,0.0,0.0,0.0,0.0,0.0,0.0,138.0,70.0,4.0,90.627755526,168.40200000000002,0.0,58,16.0,0.044136589000000004,0.0,0.0,251.0,63.0,13.0,4.9,0.0,0.0,4.0,0.0,10.0,0.0,0.0,0.0,11.850999999999999,0.0,1.0,31.957053844,0.0,0.2835251024,0.0,42.0,0.0,0.0
18178,0.0,0.0,0.0,0.0,0.0,0.0,0.0,132.0,70.0,4.0,94.34721296,168.91,0.0,59,17.0,0.8479317776,89.0,90.0,197.0,91.0,25.0,3.6,17.0,0.0,4.0,2.85,11.1,0.0,0.0,3.0,24.631,0.0,0.0,33.068793615,0.0,0.39785226119999995,46.0,42.0,0.0,0.0
18178,0.0,0.0,0.0,0.0,0.0,0.0,0.0,128.0,70.0,4.0,94.34721296,168.91,0.0,60,18.0,0.38156929990000005,91.0,66.0,170.0,67.0,22.0,4.2,21.0,0.0,4.0,0.04,10.3,0.0,0.0,3.0,36.946,0.0,0.0,33.068793615,0.0,0.43091435130000005,50.7,42.0,0.0,0.0
18178,0.0,0.0,0.0,0.0,0.0,0.0,0.0,154.0,80.0,4.0,90.809192474,168.40200000000002,0.0,61,19.0,0.4184598383,0.0,0.0,0.0,0.0,13.0,9.8,27.0,0.0,4.0,0.42,11.9,0.0,0.0,2.0,51.353,0.0,0.0,32.02103193,0.0,0.3007551095,72.9,42.0,0.0,0.0
18178,0.0,0.0,0.0,0.0,0.0,0.0,0.0,142.0,80.0,1.0,0.0,0.0,0.0,63,21.0,0.0,0.0,0.0,0.0,0.0,12.0,14.3,27.0,1.0,3.0,0.0,11.7,0.0,0.0,1.0,69.809,0.0,1.0,0.0,0.0,0.0,63.2,42.0,0.0,0.0
