PtID,Pt_CGMUseNumDays,Pt_FatherT1D,Pt_MotherT1D,Pt_SiblingT1D,Pt_ChildT1D,Pt_GrandchildT1D,Pt_GrandparentT1D,BldPrSys,BldPrDia,SMBGperDayPtMeterCombo,WeightKg,HeightCm,DirectLDL,age,diabDur,TotalDailyInsPerKg,LDL,HDL,TotChol,Triglyc,BUN,AlbCreatRat_mggNew,UnitsInsBasalOrLongAct,BGTestAvgNumMeter,BGTestAvgNumPtRep,TSH,HbA1c,AutonomicNeuroCl,Pt_InsGov,NumPumpBolusOrShortAct,HbA1cImputeDtMnC,Pt_SHFlg,Pt_DKAFlg,bmi,bmiPerc,bmiZscore,GFR,diagAgeCombo,Pt_A1cGoalLev,Pt_A1cGoalLevelDsYr5
18235,0.0,0.0,0.0,1.0,1.0,0.0,0.0,100.0,60.0,4.0,68.49244787,173.99,1.0,56,35.0,0.5402055431,101.0,0.0,0.0,0.0,0.0,9.9,0.0,0.0,4.0,0.0,7.7,1.0,0.0,0.0,-5.311,0.0,0.0,22.625287767,0.0,-0.676118808,0.0,21.0,0.0,0.0
18235,0.0,0.0,0.0,1.0,1.0,0.0,0.0,104.0,60.0,4.0,0.0,0.0,1.0,58,37.0,0.0,107.0,0.0,0.0,0.0,0.0,0.0,0.0,0.0,4.0,0.0,8.6,1.0,0.0,0.0,20.017,1.0,0.0,0.0,0.0,0.0,0.0,21.0,7.0,0.0
18235,0.0,0.0,0.0,0.0,0.0,0.0,0.0,120.0,62.0,0.0,0.0,0.0,1.0,59,38.0,0.0,107.0,0.0,0.0,0.0,0.0,9.9,14.0,0.0,0.0,2.2,9.2,1.0,0.0,3.0,34.257,0.0,0.0,0.0,0.0,0.0,0.0,21.0,0.0,0.0
18235,0.0,0.0,0.0,0.0,0.0,0.0,0.0,110.0,60.0,5.0,0.0,0.0,1.0,60,39.0,0.0,89.0,0.0,0.0,0.0,0.0,9.9,17.0,0.0,5.0,1.53,8.7,1.0,0.0,3.0,46.44,0.0,0.0,0.0,0.0,0.0,0.0,21.0,0.0,0.0
18235,0.0,0.0,0.0,0.0,0.0,0.0,0.0,124.0,68.0,4.0,64.86370891,175.26,0.0,61,40.0,0.49334212520000004,93.0,50.0,0.0,87.0,0.0,41.9,22.0,0.0,4.0,3.33,9.7,1.0,0.0,4.0,63.236999999999995,0.0,0.0,21.117191743,0.0,-1.053785328,0.0,21.0,0.0,0.0
18235,0.0,0.0,0.0,0.0,0.0,0.0,0.0,100.0,60.0,4.0,0.0,0.0,1.0,61,40.0,0.0,150.0,0.0,0.0,0.0,0.0,9.9,14.0,4.0,4.0,0.0,7.9,1.0,0.0,3.0,66.49,0.0,0.0,0.0,0.0,0.0,0.0,21.0,0.0,0.0
