PtID,Pt_CGMUseNumDays,Pt_FatherT1D,Pt_MotherT1D,Pt_SiblingT1D,Pt_ChildT1D,Pt_GrandchildT1D,Pt_GrandparentT1D,BldPrSys,BldPrDia,SMBGperDayPtMeterCombo,WeightKg,HeightCm,DirectLDL,age,diabDur,TotalDailyInsPerKg,LDL,HDL,TotChol,Triglyc,BUN,AlbCreatRat_mggNew,UnitsInsBasalOrLongAct,BGTestAvgNumMeter,BGTestAvgNumPtRep,TSH,HbA1c,AutonomicNeuroCl,Pt_InsGov,NumPumpBolusOrShortAct,HbA1cImputeDtMnC,Pt_SHFlg,Pt_DKAFlg,bmi,bmiPerc,bmiZscore,GFR,diagAgeCombo,Pt_A1cGoalLev,Pt_A1cGoalLevelDsYr5
18237,0.0,0.0,0.0,0.0,0.0,0.0,0.0,129.0,86.0,2.0,68.49244787,163.322,0.0,24,18.0,0.9490097379000001,0.0,52.0,179.0,0.0,14.0,10.2,0.0,0.0,2.0,0.0,8.5,0.0,0.0,0.0,0.0,0.0,0.0,25.677533753000002,0.0,-0.151351392,0.0,5.0,0.0,0.0
18237,0.0,0.0,0.0,0.0,0.0,0.0,0.0,120.0,80.0,1.0,69.0,163.0,0.0,25,19.0,1.0144927536,0.0,0.0,0.0,0.0,0.0,0.0,0.0,1.0,2.0,0.0,9.9,0.0,0.0,5.0,14.905,0.0,1.0,25.970115548000003,0.0,-0.11190017199999999,0.0,5.0,9.0,0.0
18237,0.0,0.0,0.0,0.0,0.0,0.0,0.0,119.0,77.0,1.0,65.5,163.0,0.0,27,21.0,0.45801526719999996,0.0,0.0,0.0,0.0,0.0,0.0,30.0,1.0,0.0,0.0,9.7,0.0,0.0,2.0,39.037,0.0,0.0,24.652790846,0.0,-0.289525938,0.0,5.0,0.0,0.0
18237,0.0,0.0,0.0,0.0,0.0,0.0,0.0,130.0,85.0,5.0,68.5,163.0,0.0,28,22.0,0.7445255474,0.0,0.0,0.0,0.0,0.0,0.0,29.0,5.0,0.0,0.0,8.7,0.0,0.0,0.0,51.12,0.0,0.0,25.781926305,0.0,-0.137275282,0.0,5.0,0.0,0.0
18237,0.0,0.0,0.0,0.0,0.0,0.0,0.0,123.0,81.0,4.0,75.0,163.0,0.0,30,24.0,0.40399999999999997,0.0,0.0,0.0,0.0,0.0,0.0,30.3,4.0,0.0,0.0,7.4,0.0,0.0,0.0,69.77600000000001,0.0,0.0,28.228386465,0.0,0.037665488,0.0,5.0,0.0,0.0
