PtID,Pt_CGMUseNumDays,Pt_FatherT1D,Pt_MotherT1D,Pt_SiblingT1D,Pt_ChildT1D,Pt_GrandchildT1D,Pt_GrandparentT1D,BldPrSys,BldPrDia,SMBGperDayPtMeterCombo,WeightKg,HeightCm,DirectLDL,age,diabDur,TotalDailyInsPerKg,LDL,HDL,TotChol,Triglyc,BUN,AlbCreatRat_mggNew,UnitsInsBasalOrLongAct,BGTestAvgNumMeter,BGTestAvgNumPtRep,TSH,HbA1c,AutonomicNeuroCl,Pt_InsGov,NumPumpBolusOrShortAct,HbA1cImputeDtMnC,Pt_SHFlg,Pt_DKAFlg,bmi,bmiPerc,bmiZscore,GFR,diagAgeCombo,Pt_A1cGoalLev,Pt_A1cGoalLevelDsYr5
18243,0.0,0.0,0.0,0.0,0.0,0.0,0.0,90.0,60.0,5.0,56.8,164.2,0.0,14,9.0,1.0211267606,120.0,56.0,184.0,39.0,21.0,0.0,0.0,5.0,6.0,0.0,0.0,0.0,0.0,0.0,0.0,0.0,0.0,21.066967736,0.7395980744,0.6421067842,0.0,5.0,0.0,0.0
18243,0.0,0.0,0.0,0.0,0.0,0.0,0.0,86.0,42.0,3.0,69.5,171.5,0.0,16,11.0,0.7050359712000001,106.0,56.0,171.0,48.0,22.0,300.1,0.0,3.0,6.0,0.0,7.9,0.0,0.0,0.0,26.456,0.0,0.0,23.629610110999998,0.8187971061,0.9107904641,0.0,5.0,7.0,0.0
18243,0.0,0.0,0.0,0.0,0.0,0.0,0.0,107.0,55.0,6.0,69.0,172.6,0.0,17,12.0,0.7246376812,0.0,0.0,0.0,0.0,0.0,31.0,32.0,6.0,0.0,0.0,7.9,0.0,0.0,0.0,38.573,0.0,0.0,23.161544049,0.7278327909000001,0.6062715938000001,0.0,5.0,0.0,0.0
18243,0.0,0.0,0.0,0.0,0.0,0.0,0.0,116.0,56.0,3.0,70.8,173.8,0.0,18,13.0,0.9039548023,113.0,46.0,176.0,83.0,19.0,31.0,46.0,3.0,0.0,1.811,8.0,0.0,0.0,4.0,54.473,0.0,0.0,23.438710421,0.6883373387,0.4911429826,0.0,5.0,0.0,0.0
18243,0.0,0.0,0.0,0.0,0.0,0.0,0.0,112.0,45.0,2.0,69.4,173.6,0.0,19,14.0,0.7925072045999999,0.0,0.0,0.0,0.0,0.0,29.9,38.0,2.0,4.0,0.0,7.7,0.0,0.0,3.0,67.419,0.0,0.0,23.028201916,0.5709992488000001,0.178918747,0.0,5.0,0.0,0.0
18243,0.0,0.0,0.0,0.0,0.0,0.0,0.0,105.0,68.0,2.0,73.4,173.9,0.0,20,15.0,0.8038147139,90.0,55.0,0.0,74.0,19.0,10.0,38.0,2.0,0.0,2.99,8.4,0.0,0.0,5.0,78.971,0.0,0.0,24.271515591,0.6485537249000001,-0.459282329,113.0,5.0,0.0,0.0
