PtID,Pt_CGMUseNumDays,Pt_FatherT1D,Pt_MotherT1D,Pt_SiblingT1D,Pt_ChildT1D,Pt_GrandchildT1D,Pt_GrandparentT1D,BldPrSys,BldPrDia,SMBGperDayPtMeterCombo,WeightKg,HeightCm,DirectLDL,age,diabDur,TotalDailyInsPerKg,LDL,HDL,TotChol,Triglyc,BUN,AlbCreatRat_mggNew,UnitsInsBasalOrLongAct,BGTestAvgNumMeter,BGTestAvgNumPtRep,TSH,HbA1c,AutonomicNeuroCl,Pt_InsGov,NumPumpBolusOrShortAct,HbA1cImputeDtMnC,Pt_SHFlg,Pt_DKAFlg,bmi,bmiPerc,bmiZscore,GFR,diagAgeCombo,Pt_A1cGoalLev,Pt_A1cGoalLevelDsYr5
18246,0.0,0.0,0.0,0.0,0.0,0.0,0.0,134.0,67.0,5.0,112.1,182.9,0.0,53,50.0,1.4005352363999999,47.0,35.0,136.0,270.0,48.0,1327.0,0.0,0.0,5.0,0.0,7.7,1.0,0.0,6.0,-3.22,1.0,0.0,33.510291187,0.0,0.6366730261,0.0,3.0,0.0,0.0
18246,0.0,0.0,0.0,0.0,0.0,0.0,0.0,143.0,80.0,4.0,118.38760857,182.88,0.0,54,51.0,0.0,71.0,48.0,171.0,261.0,60.0,112.0,55.0,0.0,4.0,2.45,8.1,1.0,0.0,0.0,19.585,0.0,0.0,35.397600364,0.0,0.8864705534999999,28.0,3.0,0.0,0.0
18246,0.0,0.0,0.0,0.0,0.0,0.0,0.0,149.0,87.0,4.0,112.49090776,182.88,0.0,55,52.0,0.0,56.0,42.0,155.0,285.0,41.0,112.0,55.0,4.0,0.0,0.52,7.3,1.0,0.0,0.0,31.834,0.0,0.0,33.634501495,0.0,0.6531130605,0.0,3.0,0.0,0.0
18246,0.0,0.0,0.0,0.0,0.0,0.0,0.0,129.0,60.0,0.0,111.58372302,182.9,0.0,57,54.0,1.1112731915,31.0,45.0,127.0,254.0,70.0,112.0,0.0,0.0,0.0,0.212,7.8,1.0,0.0,0.0,49.826,0.0,0.0,33.355959412,0.0,0.6162462215,32.0,3.0,0.0,0.0
18246,0.0,0.0,0.0,0.0,0.0,0.0,0.0,174.0,69.0,2.0,125.19149412,185.4,0.0,58,55.0,0.7428619704,37.0,44.0,136.0,274.0,66.0,112.0,47.0,0.0,2.0,1.56,7.9,1.0,0.0,0.0,59.519,0.0,0.0,36.421293276,0.0,1.021962905,32.0,3.0,0.0,0.0
