PtID,Pt_CGMUseNumDays,Pt_FatherT1D,Pt_MotherT1D,Pt_SiblingT1D,Pt_ChildT1D,Pt_GrandchildT1D,Pt_GrandparentT1D,BldPrSys,BldPrDia,SMBGperDayPtMeterCombo,WeightKg,HeightCm,DirectLDL,age,diabDur,TotalDailyInsPerKg,LDL,HDL,TotChol,Triglyc,BUN,AlbCreatRat_mggNew,UnitsInsBasalOrLongAct,BGTestAvgNumMeter,BGTestAvgNumPtRep,TSH,HbA1c,AutonomicNeuroCl,Pt_InsGov,NumPumpBolusOrShortAct,HbA1cImputeDtMnC,Pt_SHFlg,Pt_DKAFlg,bmi,bmiPerc,bmiZscore,GFR,diagAgeCombo,Pt_A1cGoalLev,Pt_A1cGoalLevelDsYr5
18278,0.0,0.0,0.0,0.0,0.0,0.0,0.0,108.0,65.0,7.0,29.0,129.0,0.0,7,5.0,0.0,0.0,0.0,152.0,0.0,0.0,0.0,0.0,0.0,7.0,0.0,8.2,0.0,0.0,0.0,0.0,0.0,0.0,17.426837329,0.85445877,1.0557499719,0.0,1.0,0.0,0.0
18278,0.0,0.0,0.0,0.0,0.0,0.0,0.0,106.0,61.0,8.0,30.0,133.4,0.0,8,6.0,0.0,0.0,0.0,0.0,0.0,0.0,0.0,0.0,0.0,8.0,0.0,8.7,0.0,0.0,0.0,9.527000000000001,0.0,0.0,16.858137648,0.7229854793000001,0.5917335277,0.0,1.0,0.0,0.0
18278,0.0,0.0,0.0,0.0,0.0,0.0,0.0,113.0,67.0,11.0,34.5,139.3,0.0,9,7.0,0.0,0.0,0.0,181.0,0.0,0.0,5.1,0.0,0.0,11.0,3.56,7.2,0.0,0.0,0.0,23.004,0.0,0.0,17.779390234,0.7736817048000001,0.7510266949,0.0,1.0,0.0,0.0
18278,0.0,0.0,0.0,0.0,0.0,0.0,0.0,111.0,68.0,8.0,38.6,143.6,0.0,10,8.0,0.7512953368,0.0,0.0,178.0,0.0,0.0,5.1,13.0,0.0,8.0,3.48,8.9,0.0,0.0,6.0,35.32,0.0,0.0,18.718818135,0.800648864,0.8439411859,0.0,1.0,0.0,0.0
18278,0.0,0.0,0.0,0.0,0.0,0.0,0.0,104.0,66.0,8.0,43.2,146.0,0.0,11,9.0,0.7175925926000001,0.0,0.0,182.0,0.0,0.0,8.4,18.0,8.0,9.0,2.77,8.8,0.0,0.0,6.0,47.402,0.0,0.0,20.266466504,0.8561241495999999,1.063066708,0.0,1.0,0.0,0.0
18278,0.0,0.0,0.0,0.0,0.0,0.0,0.0,109.0,71.0,8.0,47.6,153.1,0.0,12,10.0,0.6722689076,79.0,85.0,174.0,51.0,0.0,8.4,19.0,8.0,8.0,2.44,8.7,0.0,0.0,13.0,59.253,0.0,0.0,20.307505115999998,0.8055962848999999,0.8617821120999999,0.0,1.0,0.0,0.0
18278,30.0,0.0,0.0,0.0,0.0,0.0,0.0,114.0,70.0,8.0,49.8,153.8,0.0,12,10.0,0.7871485944,108.0,80.0,203.0,67.0,0.0,0.0,21.8,8.0,8.0,1.91,9.6,0.0,0.0,0.0,62.506,0.0,0.0,21.053129982999998,0.8535549554,1.05180268,0.0,1.0,0.0,0.0
