PtID,Pt_CGMUseNumDays,Pt_FatherT1D,Pt_MotherT1D,Pt_SiblingT1D,Pt_ChildT1D,Pt_GrandchildT1D,Pt_GrandparentT1D,BldPrSys,BldPrDia,SMBGperDayPtMeterCombo,WeightKg,HeightCm,DirectLDL,age,diabDur,TotalDailyInsPerKg,LDL,HDL,TotChol,Triglyc,BUN,AlbCreatRat_mggNew,UnitsInsBasalOrLongAct,BGTestAvgNumMeter,BGTestAvgNumPtRep,TSH,HbA1c,AutonomicNeuroCl,Pt_InsGov,NumPumpBolusOrShortAct,HbA1cImputeDtMnC,Pt_SHFlg,Pt_DKAFlg,bmi,bmiPerc,bmiZscore,GFR,diagAgeCombo,Pt_A1cGoalLev,Pt_A1cGoalLevelDsYr5
18289,0.0,0.0,0.0,1.0,0.0,0.0,0.0,106.0,68.0,4.0,57.5,172.1,0.0,13,5.0,1.252173913,76.0,60.0,154.0,89.0,14.0,20.0,0.0,4.0,6.0,0.0,10.2,0.0,0.0,0.0,0.0,0.0,0.0,19.413601203,0.5934208617,0.23635362780000002,0.0,8.0,0.0,0.0
18289,0.0,0.0,0.0,0.0,0.0,0.0,1.0,116.0,78.0,4.0,63.4,172.9,0.0,14,6.0,1.2933753943000001,0.0,0.0,0.0,0.0,15.0,0.0,0.0,4.0,5.0,0.0,11.1,0.0,0.0,0.0,13.477,0.0,0.0,21.207978348,0.7125414820999999,0.5608247161,0.0,8.0,7.5,0.0
18289,0.0,0.0,0.0,0.0,0.0,0.0,0.0,106.0,68.0,3.0,65.0,174.6,0.0,15,7.0,0.0,0.0,0.0,0.0,0.0,0.0,4.3,35.0,3.0,3.0,0.0,9.7,0.0,0.0,0.0,27.285999999999998,0.0,0.0,21.321849713,0.6647747536999999,0.4255298137,0.0,8.0,0.0,0.0
18289,0.0,0.0,0.0,0.0,0.0,0.0,0.0,112.0,80.0,3.0,64.9,174.1,0.0,16,8.0,0.0,107.0,74.0,205.0,119.0,13.0,10.6,30.0,3.0,4.0,2.35,11.4,0.0,0.0,0.0,36.813,0.0,0.0,21.411503025,0.6174088652,0.2986825541,0.0,8.0,0.0,0.0
18289,0.0,0.0,0.0,0.0,0.0,0.0,0.0,118.0,66.0,2.0,66.3,173.2,0.0,17,9.0,0.0,100.0,58.0,178.0,98.0,0.0,2.7,34.0,2.0,4.0,1.39,11.2,0.0,0.0,0.0,49.129,0.0,0.0,22.101296609000002,0.6402329726,0.3590815883,0.0,8.0,0.0,0.0
18289,0.0,0.0,0.0,0.0,0.0,0.0,0.0,128.0,86.0,3.0,70.8,174.2,0.0,18,10.0,0.0,143.0,71.0,241.0,135.0,10.0,0.0,38.0,0.0,3.0,1.3,11.4,0.0,0.0,0.0,58.357,0.0,0.0,23.331193541999998,0.7149592884,0.5679315860999999,0.0,8.0,0.0,0.0
18289,0.0,0.0,0.0,0.0,0.0,0.0,0.0,118.0,80.0,2.0,70.7,174.5,0.0,19,11.0,0.37340876939999995,0.0,0.0,0.0,0.0,10.0,0.0,15.3,2.0,0.0,1.1,11.9,0.0,0.0,2.0,67.884,0.0,0.0,23.218200179,0.6781121265000001,0.4624261545,90.1,8.0,0.0,0.0
