PtID,Pt_CGMUseNumDays,Pt_FatherT1D,Pt_MotherT1D,Pt_SiblingT1D,Pt_ChildT1D,Pt_GrandchildT1D,Pt_GrandparentT1D,BldPrSys,BldPrDia,SMBGperDayPtMeterCombo,WeightKg,HeightCm,DirectLDL,age,diabDur,TotalDailyInsPerKg,LDL,HDL,TotChol,Triglyc,BUN,AlbCreatRat_mggNew,UnitsInsBasalOrLongAct,BGTestAvgNumMeter,BGTestAvgNumPtRep,TSH,HbA1c,AutonomicNeuroCl,Pt_InsGov,NumPumpBolusOrShortAct,HbA1cImputeDtMnC,Pt_SHFlg,Pt_DKAFlg,bmi,bmiPerc,bmiZscore,GFR,diagAgeCombo,Pt_A1cGoalLev,Pt_A1cGoalLevelDsYr5
18288,8.0,0.0,0.0,1.0,0.0,0.0,0.0,120.0,77.0,8.0,69.4,168.5,0.0,20,13.0,0.9221902017,57.0,45.0,0.0,63.0,15.0,0.0,0.0,8.0,7.0,0.0,7.8,0.0,0.0,0.0,0.0,0.0,0.0,24.443289982,0.7509144472,-0.31777467,0.0,7.0,0.0,0.0
18288,0.0,0.0,0.0,0.0,0.0,0.0,0.0,117.0,72.0,10.0,71.1,168.1,0.0,22,14.0,0.8157524612999999,46.0,53.0,0.0,77.0,13.0,0.0,19.0,10.0,0.0,0.78,7.5,0.0,0.0,9.0,22.307,0.0,0.0,25.161363611,0.0,-0.22095087300000002,0.0,7.0,0.0,0.0
18288,0.0,0.0,0.0,0.0,0.0,0.0,0.0,135.0,66.0,9.0,66.4,169.5,0.0,23,15.0,0.6024096386,52.0,58.0,0.0,35.0,12.0,0.0,19.0,9.0,0.0,1.53,7.0,0.0,0.0,6.0,34.39,0.0,0.0,23.111528789,0.0,-0.49734702700000005,0.0,7.0,0.0,0.0
18288,0.0,0.0,0.0,0.0,0.0,0.0,0.0,166.0,79.0,7.0,67.7,168.6,0.0,24,16.0,0.5612998523,48.0,54.0,0.0,63.0,8.0,7.9,19.0,7.0,0.0,4.77,6.8,0.0,0.0,6.0,47.402,0.0,0.0,23.816258096,0.0,-0.402322556,0.0,7.0,0.0,0.0
18288,0.0,0.0,0.0,0.0,0.0,0.0,0.0,118.0,78.0,6.0,70.4,168.5,0.0,25,17.0,0.6818181818000001,0.0,0.0,0.0,0.0,16.0,0.0,21.0,6.0,0.0,2.1,7.6,0.0,0.0,8.0,59.32,0.0,0.0,24.795498772,0.0,-0.270283451,0.0,7.0,0.0,0.0
18288,7.0,0.0,0.0,0.0,0.0,0.0,0.0,123.0,63.0,5.0,69.9,168.4,0.0,25,18.0,0.0,0.0,0.0,0.0,0.0,0.0,0.0,0.0,0.0,5.0,0.0,8.0,0.0,0.0,0.0,63.468999999999994,0.0,0.0,24.648642244,0.0,-0.290085329,0.0,7.0,0.0,0.0
18288,0.0,0.0,0.0,0.0,0.0,0.0,0.0,100.0,66.0,3.0,74.5,168.7,0.0,26,19.0,0.6174496643999999,59.0,64.0,0.0,33.0,9.0,0.0,27.0,3.0,0.0,2.02,8.0,0.0,0.0,4.0,74.357,0.0,0.0,26.17737579,0.0,-0.08395356300000001,0.0,7.0,0.0,0.0
