PtID,Pt_CGMUseNumDays,Pt_FatherT1D,Pt_MotherT1D,Pt_SiblingT1D,Pt_ChildT1D,Pt_GrandchildT1D,Pt_GrandparentT1D,BldPrSys,BldPrDia,SMBGperDayPtMeterCombo,WeightKg,HeightCm,DirectLDL,age,diabDur,TotalDailyInsPerKg,LDL,HDL,TotChol,Triglyc,BUN,AlbCreatRat_mggNew,UnitsInsBasalOrLongAct,BGTestAvgNumMeter,BGTestAvgNumPtRep,TSH,HbA1c,AutonomicNeuroCl,Pt_InsGov,NumPumpBolusOrShortAct,HbA1cImputeDtMnC,Pt_SHFlg,Pt_DKAFlg,bmi,bmiPerc,bmiZscore,GFR,diagAgeCombo,Pt_A1cGoalLev,Pt_A1cGoalLevelDsYr5
18308,0.0,0.0,0.0,0.0,0.0,0.0,0.0,167.0,90.0,3.0,69.490351084,166.62400000000002,0.0,37,13.0,0.6907433801999999,69.0,54.0,0.0,269.0,13.0,175.2,0.0,0.0,3.0,0.0,8.6,0.0,1.0,0.0,0.0,0.0,0.0,25.029339771999997,0.0,-0.329260885,0.0,23.0,0.0,0.0
18308,0.0,0.0,0.0,0.0,0.0,0.0,1.0,139.0,87.0,1.0,72.0,167.0,0.0,39,15.0,0.625,87.0,59.0,165.0,96.0,12.0,107.4,0.0,1.0,2.0,0.0,9.1,0.0,1.0,0.0,15.934000000000001,0.0,0.0,25.816630213000003,0.0,-0.238959725,0.0,23.0,7.9,0.0
18308,0.0,0.0,0.0,0.0,0.0,0.0,0.0,150.0,88.0,2.0,77.5,166.62400000000002,0.0,40,16.0,0.9032258065000001,0.0,0.0,0.0,0.0,16.0,7.6,40.0,2.0,0.0,2.61,8.9,0.0,0.0,3.0,33.129,0.0,0.0,27.914290286999996,0.0,-0.061263165,97.0,23.0,0.0,0.0
18308,0.0,0.0,0.0,0.0,0.0,0.0,0.0,133.0,81.0,3.0,78.0,166.0,0.0,41,17.0,0.5512820513000001,74.0,45.0,161.0,212.0,27.0,8.9,29.0,3.0,0.0,3.41,9.3,0.0,0.0,2.0,47.801,0.0,0.0,28.305995065,0.0,-0.026267198,0.0,23.0,0.0,0.0
18308,0.0,0.0,0.0,0.0,0.0,0.0,0.0,127.0,79.0,5.0,81.5,166.0,0.0,42,18.0,0.773006135,95.0,54.0,221.0,362.0,24.0,8.9,46.0,5.0,0.0,1.63,8.9,0.0,0.0,0.0,59.851000000000006,0.0,0.0,29.576135869,0.0,0.0872106251,67.0,23.0,0.0,0.0
18308,0.0,0.0,0.0,0.0,0.0,0.0,0.0,114.0,69.0,4.0,81.5,166.0,0.0,44,20.0,0.6625766871000001,52.0,48.0,131.0,155.0,17.0,8.9,46.0,4.0,5.0,3.4,7.4,0.0,1.0,4.0,76.21600000000001,0.0,0.0,29.576135869,0.0,0.0872106251,73.0,23.0,0.0,0.0
