PtID,Pt_CGMUseNumDays,Pt_FatherT1D,Pt_MotherT1D,Pt_SiblingT1D,Pt_ChildT1D,Pt_GrandchildT1D,Pt_GrandparentT1D,BldPrSys,BldPrDia,SMBGperDayPtMeterCombo,WeightKg,HeightCm,DirectLDL,age,diabDur,TotalDailyInsPerKg,LDL,HDL,TotChol,Triglyc,BUN,AlbCreatRat_mggNew,UnitsInsBasalOrLongAct,BGTestAvgNumMeter,BGTestAvgNumPtRep,TSH,HbA1c,AutonomicNeuroCl,Pt_InsGov,NumPumpBolusOrShortAct,HbA1cImputeDtMnC,Pt_SHFlg,Pt_DKAFlg,bmi,bmiPerc,bmiZscore,GFR,diagAgeCombo,Pt_A1cGoalLev,Pt_A1cGoalLevelDsYr5
1833,0.0,0.0,0.0,0.0,0.0,0.0,0.0,110.0,68.0,7.0,70.6,171.6,0.0,15,10.0,0.9065155806999999,71.0,74.0,158.0,63.0,19.0,5.7,0.0,7.0,7.0,0.0,9.1,0.0,0.0,6.0,0.0,0.0,0.0,23.975635864,0.8760111103,1.1552751242000001,0.0,4.0,0.0,0.0
1833,0.0,0.0,0.0,0.0,0.0,0.0,1.0,104.0,64.0,7.0,71.7,172.1,0.0,16,11.0,0.7949790795,100.0,63.0,177.0,69.0,12.0,4.3,0.0,7.0,7.0,0.0,8.2,0.0,0.0,7.0,11.618,1.0,0.0,24.20791663,0.8514404675,1.0426313476,0.0,4.0,7.0,0.0
1833,0.0,0.0,0.0,0.0,0.0,0.0,0.0,102.0,62.0,5.0,73.8,173.1,0.0,17,12.0,0.7723577236,80.0,54.0,153.0,95.0,13.0,2.1,28.0,5.0,0.0,0.0,8.1,0.0,0.0,8.0,24.73,0.0,0.0,24.62987604,0.8346902086,0.9728666481999999,0.0,4.0,0.0,0.0
1833,0.0,0.0,0.0,0.0,0.0,0.0,0.0,116.0,62.0,0.0,76.3,172.4,0.0,19,14.0,1.0091743119,117.0,60.0,186.0,46.0,16.0,3.5,28.0,0.0,0.0,1.96,8.2,0.0,0.0,8.0,48.066,0.0,0.0,25.671427264000002,0.8132316485,0.8898681215,134.7,4.0,0.0,0.0
1833,0.0,0.0,0.0,0.0,0.0,0.0,0.0,114.0,62.0,2.0,81.9,172.6,0.0,20,15.0,0.757020757,116.0,63.0,185.0,33.0,0.0,3.2,30.0,2.0,0.0,0.0,7.4,0.0,0.0,6.0,58.324,0.0,0.0,27.491745763,0.8710804284,0.17589255469999998,0.0,4.0,0.0,0.0
1833,0.0,0.0,0.0,0.0,0.0,0.0,0.0,118.0,78.0,4.0,80.5,173.0,0.0,21,16.0,0.7639751553,0.0,0.0,0.0,0.0,16.0,3.2,32.2,4.0,0.0,2.29,7.3,0.0,0.0,6.0,69.046,0.0,0.0,26.896989541999996,0.0,0.058579756,134.7,4.0,0.0,0.0
