PtID,Pt_CGMUseNumDays,Pt_FatherT1D,Pt_MotherT1D,Pt_SiblingT1D,Pt_ChildT1D,Pt_GrandchildT1D,Pt_GrandparentT1D,BldPrSys,BldPrDia,SMBGperDayPtMeterCombo,WeightKg,HeightCm,DirectLDL,age,diabDur,TotalDailyInsPerKg,LDL,HDL,TotChol,Triglyc,BUN,AlbCreatRat_mggNew,UnitsInsBasalOrLongAct,BGTestAvgNumMeter,BGTestAvgNumPtRep,TSH,HbA1c,AutonomicNeuroCl,Pt_InsGov,NumPumpBolusOrShortAct,HbA1cImputeDtMnC,Pt_SHFlg,Pt_DKAFlg,bmi,bmiPerc,bmiZscore,GFR,diagAgeCombo,Pt_A1cGoalLev,Pt_A1cGoalLevelDsYr5
18369,0.0,0.0,0.0,0.0,0.0,0.0,0.0,93.0,51.0,7.0,24.7,119.9,0.0,7,0.0,0.4858299595,46.0,64.0,0.0,50.0,25.0,5.6,0.0,7.0,9.0,0.0,5.9,0.0,0.0,0.0,0.0,0.0,0.0,17.181401515,0.828536632,0.9483982773,0.0,6.0,0.0,0.0
18369,0.0,0.0,0.0,0.0,0.0,0.0,0.0,95.0,53.0,6.0,26.8,125.7,0.0,8,1.0,0.8955223881000001,61.0,67.0,0.0,63.0,0.0,6.0,0.0,6.0,9.0,0.0,6.7,0.0,0.0,0.0,11.618,0.0,0.0,16.961499295,0.7388613923999999,0.6398390918,0.0,6.0,6.0,0.0
18369,0.0,0.0,0.0,0.0,0.0,0.0,0.0,105.0,55.0,11.0,29.5,130.6,0.0,8,2.0,0.7796610169,47.0,56.0,0.0,133.0,0.0,4.0,7.0,11.0,0.0,1.91,7.2,0.0,0.0,12.0,22.108,0.0,0.0,17.295601172,0.7844249756,0.7872251986,0.0,6.0,0.0,0.0
18369,0.0,0.0,0.0,0.0,0.0,0.0,0.0,104.0,58.0,8.0,0.0,134.5,0.0,9,3.0,0.0,61.0,77.0,0.0,37.0,0.0,4.0,6.0,8.0,0.0,1.98,7.9,0.0,0.0,10.0,33.461,0.0,0.0,0.0,0.0,0.0,0.0,6.0,0.0,0.0
18369,0.0,0.0,0.0,0.0,0.0,0.0,0.0,120.0,64.0,9.0,34.9,138.2,0.0,10,4.0,0.9169054441,0.0,0.0,0.0,0.0,0.0,4.0,8.0,9.0,0.0,0.0,8.5,0.0,0.0,10.0,42.722,0.0,0.0,18.272978401,0.7562186052,0.694190436,0.0,6.0,0.0,0.0
18369,0.0,0.0,0.0,0.0,0.0,0.0,0.0,112.0,62.0,6.0,38.8,143.2,0.0,11,5.0,0.7474226804,53.0,69.0,0.0,66.0,13.0,0.0,9.0,6.0,0.0,1.35,8.1,0.0,0.0,8.0,53.178000000000004,0.0,0.0,18.921069879,0.7505456372,0.6762077926000001,0.0,6.0,0.0,0.0
18369,0.0,0.0,0.0,0.0,0.0,0.0,0.0,116.0,57.0,7.0,40.9,146.5,0.0,12,6.0,0.7579462103,69.0,74.0,0.0,60.0,0.0,0.0,9.0,7.0,0.0,2.67,10.1,0.0,0.0,9.0,63.635,0.0,0.0,19.056715862,0.6854448076,0.48297936950000003,0.0,6.0,0.0,0.0
18369,15.0,0.0,0.0,0.0,0.0,0.0,0.0,102.0,56.0,3.0,46.3,152.3,0.0,13,6.0,0.788336933,64.0,72.0,0.0,49.0,16.0,0.0,11.8,3.0,8.0,1.73,8.9,0.0,0.0,7.0,74.622,0.0,0.0,19.960948969,0.7048725834,0.5384667806,0.0,6.0,0.0,0.0
