PtID,Pt_CGMUseNumDays,Pt_FatherT1D,Pt_MotherT1D,Pt_SiblingT1D,Pt_ChildT1D,Pt_GrandchildT1D,Pt_GrandparentT1D,BldPrSys,BldPrDia,SMBGperDayPtMeterCombo,WeightKg,HeightCm,DirectLDL,age,diabDur,TotalDailyInsPerKg,LDL,HDL,TotChol,Triglyc,BUN,AlbCreatRat_mggNew,UnitsInsBasalOrLongAct,BGTestAvgNumMeter,BGTestAvgNumPtRep,TSH,HbA1c,AutonomicNeuroCl,Pt_InsGov,NumPumpBolusOrShortAct,HbA1cImputeDtMnC,Pt_SHFlg,Pt_DKAFlg,bmi,bmiPerc,bmiZscore,GFR,diagAgeCombo,Pt_A1cGoalLev,Pt_A1cGoalLevelDsYr5
18378,0.0,0.0,0.0,0.0,0.0,0.0,0.0,111.0,77.0,5.0,59.1,154.1,0.0,12,0.0,0.6429780034,0.0,0.0,0.0,0.0,22.0,0.0,0.0,5.0,6.0,0.0,8.1,0.0,0.0,0.0,0.0,0.0,0.0,24.887553318000002,0.9451158255,1.5992352123,0.0,11.0,0.0,0.0
18378,0.0,0.0,0.0,0.0,0.0,0.0,0.0,98.0,71.0,6.0,58.2,156.6,0.0,13,1.0,0.412371134,0.0,0.0,0.0,0.0,11.0,0.0,0.0,6.0,5.0,0.0,10.9,0.0,0.0,0.0,9.527000000000001,0.0,0.0,23.732280305,0.8965808754000001,1.2623072494,0.0,11.0,0.0,0.0
18378,0.0,0.0,0.0,0.0,0.0,0.0,0.0,134.0,73.0,6.0,66.6,156.8,0.0,14,2.0,0.0,0.0,0.0,0.0,0.0,0.0,0.0,35.0,6.0,0.0,0.03,8.7,0.0,0.0,0.0,21.145,0.0,0.0,27.088322574,0.9483166317,1.6287463012,0.0,11.0,0.0,0.0
18378,0.0,0.0,0.0,0.0,0.0,0.0,0.0,124.0,74.0,4.0,68.8,159.5,0.0,15,3.0,0.0,79.0,79.0,0.0,80.0,13.0,0.0,35.0,4.0,0.0,1.9,9.8,0.0,0.0,0.0,32.332,0.0,0.0,27.043759397,0.9350825792,1.5147534944999999,0.0,11.0,0.0,0.0
18378,0.0,0.0,0.0,0.0,0.0,0.0,0.0,104.0,65.0,6.0,68.4,159.0,0.0,16,5.0,0.0,105.0,80.0,196.0,51.0,12.0,0.0,28.0,6.0,0.0,0.3,8.5,0.0,0.0,0.0,50.423,0.0,0.0,27.055891776,0.9221120112000001,1.4194221531,0.0,11.0,0.0,0.0
