PtID,Pt_CGMUseNumDays,Pt_FatherT1D,Pt_MotherT1D,Pt_SiblingT1D,Pt_ChildT1D,Pt_GrandchildT1D,Pt_GrandparentT1D,BldPrSys,BldPrDia,SMBGperDayPtMeterCombo,WeightKg,HeightCm,DirectLDL,age,diabDur,TotalDailyInsPerKg,LDL,HDL,TotChol,Triglyc,BUN,AlbCreatRat_mggNew,UnitsInsBasalOrLongAct,BGTestAvgNumMeter,BGTestAvgNumPtRep,TSH,HbA1c,AutonomicNeuroCl,Pt_InsGov,NumPumpBolusOrShortAct,HbA1cImputeDtMnC,Pt_SHFlg,Pt_DKAFlg,bmi,bmiPerc,bmiZscore,GFR,diagAgeCombo,Pt_A1cGoalLev,Pt_A1cGoalLevelDsYr5
18379,0.0,1.0,0.0,0.0,0.0,0.0,0.0,103.0,58.0,3.0,20.6,105.6,0.0,5,4.0,0.5825242718,0.0,0.0,0.0,0.0,13.0,0.0,0.0,3.0,8.0,0.0,9.4,0.0,0.0,0.0,0.033,0.0,0.0,18.473083104,0.9576735597,1.7243045380000002,0.0,0.0,0.0,0.0
18379,0.0,1.0,0.0,0.0,0.0,0.0,0.0,79.0,70.0,3.0,24.7,114.7,0.0,6,5.0,0.6072874494,0.0,0.0,0.0,0.0,18.0,0.0,0.0,3.0,6.0,0.0,11.0,0.0,0.0,0.0,14.407,0.0,1.0,18.774575120999998,0.9489999840000001,1.6352338624,0.0,0.0,7.0,0.0
18379,0.0,0.0,0.0,0.0,0.0,0.0,0.0,116.0,74.0,4.0,24.3,116.8,0.0,7,6.0,0.0,0.0,0.0,0.0,0.0,0.0,0.0,0.0,4.0,0.0,0.0,12.0,0.0,0.0,0.0,26.49,0.0,0.0,17.812324076,0.8671256156,1.1129060794,0.0,0.0,0.0,0.0
18379,0.0,0.0,0.0,0.0,0.0,0.0,0.0,104.0,55.0,3.0,31.4,122.4,0.0,8,7.0,0.0,0.0,0.0,0.0,0.0,41.0,0.0,17.0,3.0,0.0,0.0,12.1,0.0,0.0,0.0,41.129,0.0,0.0,20.958819258,0.9560503375,1.7065844091,0.0,0.0,0.0,0.0
18379,0.0,0.0,0.0,0.0,0.0,0.0,0.0,110.0,67.0,3.0,39.0,128.0,0.0,9,8.0,0.0,0.0,0.0,0.0,0.0,28.3,0.0,27.0,3.0,0.0,0.0,12.1,0.0,0.0,4.0,52.747,0.0,0.0,23.803710938000002,0.9751172217,1.9619736117,0.0,0.0,0.0,0.0
18379,0.0,0.0,0.0,0.0,0.0,0.0,0.0,127.0,71.0,4.0,50.2,137.3,0.0,10,10.0,0.0,143.0,45.0,247.0,297.0,16.0,0.0,28.0,0.0,4.0,4.45,12.4,0.0,0.0,4.0,70.17399999999999,0.0,0.0,26.629477345999998,0.9830296689,2.1207759424,0.0,0.0,0.0,0.0
18379,0.0,0.0,0.0,0.0,0.0,0.0,0.0,115.0,59.0,2.0,51.0,140.7,0.0,11,10.0,0.0,0.0,0.0,0.0,0.0,0.0,0.0,28.0,2.0,4.0,0.0,13.2,0.0,0.0,4.0,73.793,0.0,0.0,25.762142683,0.9692267190999999,1.8695483623,0.0,0.0,0.0,0.0
18379,0.0,0.0,0.0,0.0,0.0,0.0,0.0,130.0,64.0,2.0,54.6,144.8,0.0,11,11.0,0.0,175.0,50.0,283.0,292.0,10.0,0.0,28.0,2.0,4.0,5.29,13.8,0.0,0.0,4.0,80.763,0.0,0.0,26.040871768000002,0.971471434,1.9028728991,0.0,0.0,0.0,0.0
