PtID,Pt_CGMUseNumDays,Pt_FatherT1D,Pt_MotherT1D,Pt_SiblingT1D,Pt_ChildT1D,Pt_GrandchildT1D,Pt_GrandparentT1D,BldPrSys,BldPrDia,SMBGperDayPtMeterCombo,WeightKg,HeightCm,DirectLDL,age,diabDur,TotalDailyInsPerKg,LDL,HDL,TotChol,Triglyc,BUN,AlbCreatRat_mggNew,UnitsInsBasalOrLongAct,BGTestAvgNumMeter,BGTestAvgNumPtRep,TSH,HbA1c,AutonomicNeuroCl,Pt_InsGov,NumPumpBolusOrShortAct,HbA1cImputeDtMnC,Pt_SHFlg,Pt_DKAFlg,bmi,bmiPerc,bmiZscore,GFR,diagAgeCombo,Pt_A1cGoalLev,Pt_A1cGoalLevelDsYr5
18406,0.0,0.0,0.0,0.0,0.0,0.0,0.0,114.0,65.0,4.0,42.6,146.5,0.0,10,1.0,1.1502347418,65.0,45.0,125.0,77.0,0.0,0.0,0.0,4.0,5.0,0.0,8.8,0.0,1.0,0.0,6.274,0.0,0.0,19.848804295999997,0.8440555959999999,1.0112666823,0.0,8.0,0.0,0.0
18406,0.0,0.0,0.0,0.0,0.0,0.0,0.0,114.0,74.0,3.0,46.0,153.0,0.0,11,3.0,1.5,0.0,46.0,0.0,0.0,0.0,5.1,29.0,3.0,0.0,2.81,9.0,0.0,0.0,5.0,17.195,0.0,0.0,19.65056175,0.7691663124,0.736104055,0.0,8.0,0.0,0.0
18406,0.0,0.0,0.0,0.0,0.0,0.0,0.0,105.0,59.0,0.0,56.0,157.0,0.0,12,4.0,1.3035714286,0.0,48.0,145.0,0.0,0.0,5.1,33.0,0.0,0.0,2.24,11.9,0.0,0.0,5.0,29.311,0.0,0.0,22.718974401,0.8927230009999999,1.2411401007,0.0,8.0,0.0,0.0
18406,0.0,0.0,0.0,0.0,0.0,0.0,0.0,114.0,73.0,4.0,61.8,158.4,0.0,13,5.0,0.0,0.0,0.0,0.0,0.0,0.0,3.6,46.0,4.0,0.0,0.0,10.0,0.0,0.0,0.0,38.905,0.0,0.0,24.630777472,0.9209933454000001,1.4117848888999998,0.0,8.0,0.0,0.0
18406,0.0,0.0,0.0,0.0,0.0,0.0,0.0,129.0,75.0,2.0,65.6,158.8,0.0,14,6.0,0.0,0.0,0.0,0.0,0.0,10.0,11.0,36.0,2.0,0.0,2.01,10.1,0.0,0.0,5.0,56.663999999999994,0.0,0.0,26.01374287,0.931325903,1.4857389116,0.0,8.0,0.0,0.0
18406,0.0,0.0,0.0,0.0,0.0,0.0,0.0,132.0,78.0,3.0,67.9,159.6,0.0,15,7.0,0.0,0.0,0.0,0.0,0.0,12.0,8.0,0.0,3.0,0.0,2.34,10.8,0.0,0.0,0.0,70.307,0.0,0.0,26.656553665,0.9282109293999999,1.4625953327,0.0,8.0,0.0,0.0
