PtID,Pt_CGMUseNumDays,Pt_FatherT1D,Pt_MotherT1D,Pt_SiblingT1D,Pt_ChildT1D,Pt_GrandchildT1D,Pt_GrandparentT1D,BldPrSys,BldPrDia,SMBGperDayPtMeterCombo,WeightKg,HeightCm,DirectLDL,age,diabDur,TotalDailyInsPerKg,LDL,HDL,TotChol,Triglyc,BUN,AlbCreatRat_mggNew,UnitsInsBasalOrLongAct,BGTestAvgNumMeter,BGTestAvgNumPtRep,TSH,HbA1c,AutonomicNeuroCl,Pt_InsGov,NumPumpBolusOrShortAct,HbA1cImputeDtMnC,Pt_SHFlg,Pt_DKAFlg,bmi,bmiPerc,bmiZscore,GFR,diagAgeCombo,Pt_A1cGoalLev,Pt_A1cGoalLevelDsYr5
18427,0.0,0.0,0.0,0.0,0.0,0.0,0.0,110.0,76.0,3.0,57.6,167.2,0.0,17,14.0,0.3125,129.0,69.0,0.0,159.0,19.0,0.0,0.0,3.0,4.0,0.0,10.4,0.0,0.0,0.0,0.0,0.0,1.0,20.603923903,0.41069536219999997,-0.225756612,0.0,2.0,0.0,0.0
18427,0.0,0.0,0.0,0.0,0.0,0.0,0.0,107.0,80.0,5.0,48.2,166.1,0.0,18,16.0,0.0,111.0,52.0,0.0,105.0,17.0,22.0,0.0,5.0,0.0,0.0,13.5,0.0,0.0,0.0,16.929000000000002,0.0,0.0,17.470598107,0.0173755557,-2.111246714,0.0,2.0,0.0,0.0
18427,0.0,0.0,0.0,0.0,0.0,0.0,0.0,116.0,71.0,2.0,52.5,166.2,0.0,19,17.0,0.0,84.0,64.0,0.0,66.0,0.0,62.8,19.0,2.0,0.0,1.79,11.3,0.0,0.0,0.0,32.066,0.0,0.0,19.006286193,0.0691812055,-1.4819168880000002,0.0,2.0,0.0,0.0
18427,0.0,0.0,0.0,0.0,0.0,0.0,0.0,109.0,65.0,1.0,53.3,165.3,0.0,20,18.0,0.0,88.0,55.0,0.0,56.0,0.0,67.7,18.0,1.0,0.0,1.57,9.6,0.0,0.0,0.0,46.44,0.0,0.0,19.50659656,0.07614805150000001,-1.399139648,0.0,2.0,0.0,0.0
