PtID,Pt_CGMUseNumDays,Pt_FatherT1D,Pt_MotherT1D,Pt_SiblingT1D,Pt_ChildT1D,Pt_GrandchildT1D,Pt_GrandparentT1D,BldPrSys,BldPrDia,SMBGperDayPtMeterCombo,WeightKg,HeightCm,DirectLDL,age,diabDur,TotalDailyInsPerKg,LDL,HDL,TotChol,Triglyc,BUN,AlbCreatRat_mggNew,UnitsInsBasalOrLongAct,BGTestAvgNumMeter,BGTestAvgNumPtRep,TSH,HbA1c,AutonomicNeuroCl,Pt_InsGov,NumPumpBolusOrShortAct,HbA1cImputeDtMnC,Pt_SHFlg,Pt_DKAFlg,bmi,bmiPerc,bmiZscore,GFR,diagAgeCombo,Pt_A1cGoalLev,Pt_A1cGoalLevelDsYr5
18421,0.0,0.0,0.0,0.0,0.0,0.0,1.0,126.0,80.0,6.0,0.0,0.0,1.0,61,35.0,0.0,86.0,39.0,0.0,0.0,0.0,9.9,0.0,0.0,6.0,0.0,8.1,1.0,0.0,4.0,0.266,0.0,0.0,0.0,0.0,0.0,0.0,26.0,0.0,0.0
18421,0.0,0.0,0.0,0.0,1.0,0.0,1.0,124.0,60.0,5.0,0.0,0.0,0.0,63,37.0,0.0,91.0,43.0,0.0,0.0,0.0,0.0,0.0,0.0,5.0,0.0,7.8,1.0,0.0,0.0,16.929000000000002,0.0,0.0,0.0,0.0,0.0,0.0,26.0,6.5,0.0
18421,0.0,0.0,0.0,0.0,0.0,0.0,0.0,124.0,70.0,6.0,0.0,0.0,0.0,64,38.0,0.0,78.0,37.0,0.0,91.0,0.0,0.0,39.0,0.0,6.0,1.74,8.3,1.0,0.0,0.0,31.104,0.0,0.0,0.0,0.0,0.0,0.0,26.0,0.0,0.0
18421,0.0,0.0,0.0,0.0,0.0,0.0,0.0,124.0,70.0,8.0,0.0,0.0,0.0,65,39.0,0.0,73.0,44.0,0.0,75.0,0.0,10.8,39.0,0.0,8.0,0.72,7.3,1.0,0.0,0.0,45.411,0.0,0.0,0.0,0.0,0.0,0.0,26.0,0.0,0.0
18421,0.0,0.0,0.0,0.0,0.0,0.0,0.0,148.0,80.0,8.0,127.3687375,182.88,0.0,66,40.0,0.5809902921,67.0,42.0,133.0,119.0,0.0,29.5,38.0,8.0,0.0,0.72,7.4,1.0,0.0,0.0,58.158,0.0,0.0,38.082935564,0.0,1.7504806812,0.0,26.0,0.0,0.0
18421,0.0,0.0,0.0,0.0,0.0,0.0,0.0,140.0,68.0,0.0,0.0,0.0,1.0,67,41.0,0.0,57.0,0.0,0.0,0.0,15.0,41.0,38.0,0.0,0.0,0.0,8.3,1.0,0.0,5.0,71.104,0.0,0.0,0.0,0.0,0.0,0.0,26.0,0.0,0.0
18421,0.0,0.0,0.0,0.0,0.0,0.0,0.0,148.0,70.0,0.0,131.54178729999998,185.42,1.0,68,42.0,0.5093438471,64.0,0.0,0.0,0.0,0.0,18.4,37.2,0.0,0.0,0.0,7.8,1.0,0.0,0.0,80.0,0.0,0.0,38.260495045,0.0,1.78432764,0.0,26.0,0.0,0.0
