PtID,Pt_CGMUseNumDays,Pt_FatherT1D,Pt_MotherT1D,Pt_SiblingT1D,Pt_ChildT1D,Pt_GrandchildT1D,Pt_GrandparentT1D,BldPrSys,BldPrDia,SMBGperDayPtMeterCombo,WeightKg,HeightCm,DirectLDL,age,diabDur,TotalDailyInsPerKg,LDL,HDL,TotChol,Triglyc,BUN,AlbCreatRat_mggNew,UnitsInsBasalOrLongAct,BGTestAvgNumMeter,BGTestAvgNumPtRep,TSH,HbA1c,AutonomicNeuroCl,Pt_InsGov,NumPumpBolusOrShortAct,HbA1cImputeDtMnC,Pt_SHFlg,Pt_DKAFlg,bmi,bmiPerc,bmiZscore,GFR,diagAgeCombo,Pt_A1cGoalLev,Pt_A1cGoalLevelDsYr5
18461,0.0,0.0,0.0,0.0,0.0,0.0,0.0,134.0,82.0,6.0,0.0,0.0,0.0,36,24.0,0.0,96.0,55.0,172.0,107.0,16.0,8.7,0.0,6.0,6.0,0.0,6.2,0.0,0.0,0.0,-0.332,0.0,0.0,0.0,0.0,0.0,0.0,12.0,0.0,0.0
18461,0.0,0.0,0.0,0.0,0.0,0.0,0.0,121.0,69.0,6.0,0.0,0.0,0.0,37,25.0,0.0,105.0,43.0,163.0,75.0,14.0,4.6,0.0,6.0,6.0,0.0,6.1,0.0,0.0,0.0,17.826,0.0,0.0,0.0,0.0,0.0,0.0,12.0,6.8,0.0
18461,0.0,0.0,0.0,0.0,0.0,0.0,0.0,122.0,70.0,6.0,0.0,0.0,0.0,39,27.0,0.0,129.0,48.0,193.0,80.0,11.0,15.6,24.0,6.0,0.0,2.476,6.7,0.0,0.0,0.0,35.021,0.0,0.0,0.0,0.0,0.0,0.0,12.0,0.0,0.0
18461,0.0,0.0,0.0,0.0,0.0,0.0,0.0,125.0,77.0,5.0,100.69750614,188.0,0.0,40,28.0,0.4468829639,0.0,0.0,0.0,0.0,7.0,15.6,24.0,5.0,0.0,0.0,6.0,0.0,0.0,0.0,46.638999999999996,0.0,0.0,28.490693226999998,0.0,0.013039602800000001,0.0,12.0,0.0,0.0
18461,0.0,0.0,0.0,0.0,0.0,0.0,0.0,128.0,86.0,5.0,0.0,0.0,0.0,40,28.0,0.0,100.0,45.0,0.0,108.0,15.0,12.0,24.0,5.0,0.0,0.0,5.9,0.0,0.0,0.0,56.863,0.0,0.0,0.0,0.0,0.0,0.0,12.0,0.0,0.0
18461,0.0,0.0,0.0,0.0,0.0,0.0,0.0,134.0,84.0,7.0,0.0,0.0,0.0,41,29.0,0.0,122.0,48.0,196.0,128.0,17.0,9.0,0.0,7.0,6.0,0.0,6.0,0.0,0.0,0.0,68.415,0.0,0.0,0.0,0.0,0.0,0.0,12.0,0.0,0.0
18461,0.0,0.0,0.0,0.0,0.0,0.0,0.0,138.0,85.0,8.0,0.0,0.0,0.0,42,30.0,0.0,95.0,51.0,169.0,116.0,10.0,7.0,18.0,8.0,0.0,0.0,6.0,0.0,0.0,0.0,81.029,0.0,0.0,0.0,0.0,0.0,0.0,12.0,0.0,0.0
