PtID,Pt_CGMUseNumDays,Pt_FatherT1D,Pt_MotherT1D,Pt_SiblingT1D,Pt_ChildT1D,Pt_GrandchildT1D,Pt_GrandparentT1D,BldPrSys,BldPrDia,SMBGperDayPtMeterCombo,WeightKg,HeightCm,DirectLDL,age,diabDur,TotalDailyInsPerKg,LDL,HDL,TotChol,Triglyc,BUN,AlbCreatRat_mggNew,UnitsInsBasalOrLongAct,BGTestAvgNumMeter,BGTestAvgNumPtRep,TSH,HbA1c,AutonomicNeuroCl,Pt_InsGov,NumPumpBolusOrShortAct,HbA1cImputeDtMnC,Pt_SHFlg,Pt_DKAFlg,bmi,bmiPerc,bmiZscore,GFR,diagAgeCombo,Pt_A1cGoalLev,Pt_A1cGoalLevelDsYr5
18554,0.0,0.0,0.0,0.0,0.0,0.0,0.0,113.0,68.0,7.0,47.9,154.8,0.0,12,4.0,0.7933194154000001,88.0,49.0,162.0,124.0,14.0,0.0,0.0,0.0,7.0,0.0,6.5,0.0,0.0,5.0,0.19899999999999998,0.0,0.0,19.989116573,0.7802568768000001,0.7730610578,0.0,8.0,0.0,0.0
18554,0.0,0.0,0.0,0.0,0.0,0.0,0.0,108.0,69.0,5.0,56.1,168.5,0.0,13,5.0,0.0,82.0,55.0,0.0,127.0,10.0,4.0,0.0,0.0,5.0,0.0,6.8,0.0,0.0,0.0,14.739,0.0,0.0,19.758913084,0.6824683979,0.4746124872,0.0,8.0,6.8,0.0
18554,0.0,0.0,0.0,0.0,0.0,0.0,0.0,117.0,76.0,0.0,60.8,176.1,0.0,14,6.0,0.0,82.0,44.0,0.0,118.0,13.0,7.0,21.0,0.0,0.0,2.54,7.4,0.0,0.0,0.0,26.49,0.0,0.0,19.605813510999997,0.5703568991,0.1772828746,0.0,8.0,0.0,0.0
18554,0.0,0.0,0.0,0.0,0.0,0.0,0.0,124.0,73.0,9.0,69.2,179.1,0.0,15,7.0,0.7947976879,65.0,41.0,0.0,150.0,9.0,7.0,22.0,0.0,9.0,1.87,7.2,0.0,0.0,0.0,39.635,0.0,0.0,21.573217535999998,0.7160379616,0.5711114807,0.0,8.0,0.0,0.0
18554,0.0,0.0,0.0,0.0,0.0,0.0,0.0,124.0,66.0,6.0,72.2,180.4,0.0,16,8.0,0.6925207756,70.0,45.0,0.0,83.0,10.0,7.0,26.0,0.0,6.0,1.25,6.5,0.0,0.0,0.0,49.726000000000006,0.0,0.0,22.185239994,0.7035337754000001,0.5345913748,0.0,8.0,0.0,0.0
18554,0.0,0.0,0.0,0.0,0.0,0.0,0.0,117.0,72.0,8.0,74.0,180.7,0.0,17,9.0,0.0,63.0,51.0,0.0,53.0,15.0,7.0,25.0,8.0,8.0,1.82,7.0,0.0,0.0,0.0,61.876000000000005,0.0,0.0,22.662896459000002,0.6792320462,0.465552419,0.0,8.0,0.0,0.0
