PtID,Pt_CGMUseNumDays,Pt_FatherT1D,Pt_MotherT1D,Pt_SiblingT1D,Pt_ChildT1D,Pt_GrandchildT1D,Pt_GrandparentT1D,BldPrSys,BldPrDia,SMBGperDayPtMeterCombo,WeightKg,HeightCm,DirectLDL,age,diabDur,TotalDailyInsPerKg,LDL,HDL,TotChol,Triglyc,BUN,AlbCreatRat_mggNew,UnitsInsBasalOrLongAct,BGTestAvgNumMeter,BGTestAvgNumPtRep,TSH,HbA1c,AutonomicNeuroCl,Pt_InsGov,NumPumpBolusOrShortAct,HbA1cImputeDtMnC,Pt_SHFlg,Pt_DKAFlg,bmi,bmiPerc,bmiZscore,GFR,diagAgeCombo,Pt_A1cGoalLev,Pt_A1cGoalLevelDsYr5
18610,0.0,0.0,0.0,1.0,0.0,0.0,0.0,0.0,0.0,4.0,34.835894016,146.0,0.0,10,2.0,0.5741204744,81.0,51.0,0.0,56.0,0.0,7.0,0.0,4.0,6.0,0.0,9.0,0.0,0.0,0.0,-1.261,0.0,1.0,16.342603685,0.4107256703,-0.22567868100000002,0.0,8.0,0.0,0.0
18610,0.0,0.0,0.0,1.0,0.0,0.0,0.0,0.0,0.0,6.0,57.60623099,164.0,0.0,12,4.0,0.0,73.0,65.0,0.0,122.0,16.0,0.0,0.0,0.0,6.0,0.0,8.1,0.0,0.0,0.0,28.415,0.0,0.0,21.418140612000002,0.8346475158,0.9726948844,0.0,8.0,7.0,0.0
18610,0.0,0.0,0.0,0.0,0.0,0.0,0.0,116.0,52.0,10.0,59.42060047,164.4,0.0,13,5.0,1.1443842617,84.0,58.0,162.0,99.0,16.0,0.0,28.0,10.0,0.0,0.0,9.5,0.0,0.0,0.0,42.357,0.0,0.0,21.985351314000003,0.820789537,0.9183781496,0.0,8.0,0.0,0.0
18610,0.0,0.0,0.0,0.0,0.0,0.0,0.0,127.0,64.0,0.0,65.77089365,166.0,0.0,15,6.0,0.805827579,0.0,0.0,0.0,0.0,0.0,0.0,28.0,0.0,0.0,0.0,9.5,0.0,0.0,0.0,58.324,0.0,0.0,23.868084501,0.8432627141,1.0079581119,0.0,8.0,0.0,0.0
18610,0.0,0.0,0.0,0.0,0.0,0.0,0.0,130.0,82.0,3.0,71.0,168.0,0.0,16,7.0,0.7464788732,79.0,63.0,162.0,101.0,13.0,0.0,33.0,3.0,6.0,2.8,8.9,0.0,0.0,4.0,68.78,0.0,0.0,25.155895691999998,0.8703408855,1.1280040019,0.0,8.0,0.0,0.0
18610,0.0,0.0,0.0,0.0,0.0,0.0,0.0,0.0,0.0,5.0,70.0,168.0,0.0,17,8.0,0.0,75.0,55.0,0.0,118.0,9.0,0.0,35.6,5.0,0.0,1.61,7.5,0.0,0.0,0.0,81.195,0.0,0.0,24.801587301999998,0.8331903426,0.9668494202,0.0,8.0,0.0,0.0
