PtID,Pt_CGMUseNumDays,Pt_FatherT1D,Pt_MotherT1D,Pt_SiblingT1D,Pt_ChildT1D,Pt_GrandchildT1D,Pt_GrandparentT1D,BldPrSys,BldPrDia,SMBGperDayPtMeterCombo,WeightKg,HeightCm,DirectLDL,age,diabDur,TotalDailyInsPerKg,LDL,HDL,TotChol,Triglyc,BUN,AlbCreatRat_mggNew,UnitsInsBasalOrLongAct,BGTestAvgNumMeter,BGTestAvgNumPtRep,TSH,HbA1c,AutonomicNeuroCl,Pt_InsGov,NumPumpBolusOrShortAct,HbA1cImputeDtMnC,Pt_SHFlg,Pt_DKAFlg,bmi,bmiPerc,bmiZscore,GFR,diagAgeCombo,Pt_A1cGoalLev,Pt_A1cGoalLevelDsYr5
18677,0.0,0.0,0.0,0.0,0.0,0.0,1.0,95.0,51.0,4.0,16.3,101.1,0.0,4,2.0,0.5521472393,0.0,0.0,0.0,0.0,3.0,0.0,0.0,0.0,4.0,0.0,8.8,0.0,0.0,0.0,0.0,0.0,0.0,15.947231295999998,0.6873561426000001,0.48837010259999997,0.0,1.0,0.0,0.0
18677,0.0,0.0,0.0,0.0,0.0,0.0,1.0,87.0,43.0,14.0,20.2,112.5,0.0,5,4.0,0.5445544554,0.0,0.0,0.0,0.0,0.0,0.0,0.0,14.0,7.0,0.0,7.2,0.0,0.0,5.0,20.083,0.0,0.0,15.960493827,0.7146604366,0.5670515970000001,0.0,1.0,0.0,0.0
18677,0.0,0.0,0.0,0.0,0.0,0.0,0.0,91.0,55.0,1.0,25.9,120.5,0.0,7,5.0,0.0772200772,0.0,0.0,0.0,0.0,0.0,6.0,0.5,1.0,7.0,1.6,7.0,0.0,0.0,1.0,36.349000000000004,0.0,0.0,17.837158451,0.8689881945,1.1216210186,0.0,1.0,0.0,0.0
18677,0.0,0.0,0.0,0.0,0.0,0.0,0.0,92.0,49.0,9.0,25.7,126.4,0.0,8,6.0,0.5447470817,0.0,0.0,0.0,0.0,0.0,6.0,6.0,9.0,7.0,1.58,7.0,0.0,0.0,6.0,47.43600000000001,0.0,0.0,16.085663355,0.5577401074,0.1452420267,0.0,1.0,0.0,0.0
18677,0.0,0.0,0.0,0.0,0.0,0.0,0.0,93.0,54.0,10.0,31.9,133.5,0.0,9,7.0,0.5956112853,0.0,0.0,0.0,0.0,16.0,6.0,7.0,10.0,8.0,1.27,7.3,0.0,0.0,10.0,62.273999999999994,0.0,0.0,17.898974596,0.7465760270999999,0.6637537275,0.0,1.0,0.0,0.0
18677,6.0,0.0,0.0,0.0,0.0,0.0,0.0,0.0,0.0,8.0,33.7,136.1,0.0,10,8.0,0.5637982196,104.0,75.0,0.0,122.0,16.0,6.0,7.0,8.0,10.0,1.67,7.3,0.0,0.0,7.0,70.506,0.0,0.0,18.193390886,0.6988508265000001,0.5210982256000001,0.0,1.0,0.0,0.0
