PtID,Pt_CGMUseNumDays,Pt_FatherT1D,Pt_MotherT1D,Pt_SiblingT1D,Pt_ChildT1D,Pt_GrandchildT1D,Pt_GrandparentT1D,BldPrSys,BldPrDia,SMBGperDayPtMeterCombo,WeightKg,HeightCm,DirectLDL,age,diabDur,TotalDailyInsPerKg,LDL,HDL,TotChol,Triglyc,BUN,AlbCreatRat_mggNew,UnitsInsBasalOrLongAct,BGTestAvgNumMeter,BGTestAvgNumPtRep,TSH,HbA1c,AutonomicNeuroCl,Pt_InsGov,NumPumpBolusOrShortAct,HbA1cImputeDtMnC,Pt_SHFlg,Pt_DKAFlg,bmi,bmiPerc,bmiZscore,GFR,diagAgeCombo,Pt_A1cGoalLev,Pt_A1cGoalLevelDsYr5
18698,0.0,0.0,0.0,0.0,0.0,0.0,0.0,104.0,69.0,4.0,46.9,157.9,0.0,13,8.0,0.618336887,103.0,43.0,0.0,286.0,9.0,18.8,0.0,4.0,10.0,0.0,9.8,0.0,1.0,7.0,0.0,0.0,1.0,18.810857032999998,0.557121793,0.1436758858,0.0,5.0,0.0,0.0
18698,0.0,0.0,0.0,0.0,0.0,0.0,0.0,124.0,81.0,8.0,53.4,167.1,0.0,14,9.0,1.7977528090000001,0.0,46.0,0.0,400.0,14.0,0.0,0.0,0.0,8.0,0.0,10.8,0.0,1.0,0.0,11.850999999999999,0.0,0.0,19.124423716,0.4993493468,-0.001630946,0.0,5.0,7.0,0.0
18698,0.0,0.0,0.0,0.0,0.0,0.0,0.0,0.0,0.0,0.0,58.51341573,165.1,0.0,15,10.0,0.0,0.0,0.0,0.0,0.0,0.0,7.9,0.0,0.0,0.0,0.0,10.3,0.0,0.0,0.0,21.046,0.0,0.0,21.466503142,0.7055058184999999,0.5403026039,0.0,5.0,0.0,0.0
18698,0.0,0.0,0.0,0.0,0.0,0.0,0.0,114.0,71.0,5.0,0.0,0.0,0.0,16,11.0,0.0,81.0,41.0,0.0,196.0,16.0,13.6,0.0,5.0,0.0,2.05,9.9,0.0,0.0,0.0,31.27,0.0,0.0,0.0,0.0,0.0,0.0,5.0,0.0,0.0
18698,0.0,0.0,0.0,0.0,0.0,0.0,0.0,124.0,64.0,4.0,64.86370891,172.72,0.0,17,12.0,0.0,84.0,43.0,0.0,296.0,11.0,13.6,0.0,4.0,0.0,2.36,8.5,0.0,0.0,0.0,45.211999999999996,0.0,0.0,21.742852485,0.5716112056,0.1804776629,0.0,5.0,0.0,0.0
