PtID,Pt_CGMUseNumDays,Pt_FatherT1D,Pt_MotherT1D,Pt_SiblingT1D,Pt_ChildT1D,Pt_GrandchildT1D,Pt_GrandparentT1D,BldPrSys,BldPrDia,SMBGperDayPtMeterCombo,WeightKg,HeightCm,DirectLDL,age,diabDur,TotalDailyInsPerKg,LDL,HDL,TotChol,Triglyc,BUN,AlbCreatRat_mggNew,UnitsInsBasalOrLongAct,BGTestAvgNumMeter,BGTestAvgNumPtRep,TSH,HbA1c,AutonomicNeuroCl,Pt_InsGov,NumPumpBolusOrShortAct,HbA1cImputeDtMnC,Pt_SHFlg,Pt_DKAFlg,bmi,bmiPerc,bmiZscore,GFR,diagAgeCombo,Pt_A1cGoalLev,Pt_A1cGoalLevelDsYr5
186,0.0,0.0,0.0,1.0,0.0,0.0,0.0,126.0,80.0,3.0,57.2,159.6,0.0,17,13.0,0.7517482517,111.0,60.0,178.0,35.0,0.0,5.3,0.0,3.0,4.0,0.0,8.7,0.0,0.0,6.0,0.0,0.0,0.0,22.455889096,0.6570432885,0.40440704159999996,0.0,4.0,0.0,0.0
186,0.0,0.0,0.0,1.0,0.0,0.0,0.0,115.0,68.0,3.0,62.3,173.0,0.0,18,14.0,0.09630818619999999,106.0,65.0,187.0,80.0,0.0,4.3,0.0,3.0,3.0,0.0,8.9,0.0,0.0,0.0,13.444,0.0,0.0,20.815931037000002,0.34789314520000003,-0.391014808,0.0,4.0,7.0,0.0
186,0.0,0.0,0.0,0.0,0.0,0.0,0.0,109.0,58.0,0.0,69.1,174.2,0.0,19,15.0,0.0,111.0,70.0,193.0,58.0,9.0,6.5,0.0,0.0,0.0,1.73,8.9,0.0,0.0,0.0,23.834,0.0,0.0,22.770981268000003,0.5386400754,0.097008242,0.0,4.0,0.0,0.0
186,0.0,0.0,0.0,0.0,0.0,0.0,0.0,125.0,72.0,2.0,70.3,175.3,0.0,20,16.0,0.7396870555,0.0,0.0,0.0,0.0,0.0,8.5,26.0,2.0,0.0,0.0,9.0,0.0,0.0,4.0,34.988,0.0,0.0,22.876600751999998,0.4840772486,-0.73442256,0.0,4.0,0.0,0.0
