PtID,Pt_CGMUseNumDays,Pt_FatherT1D,Pt_MotherT1D,Pt_SiblingT1D,Pt_ChildT1D,Pt_GrandchildT1D,Pt_GrandparentT1D,BldPrSys,BldPrDia,SMBGperDayPtMeterCombo,WeightKg,HeightCm,DirectLDL,age,diabDur,TotalDailyInsPerKg,LDL,HDL,TotChol,Triglyc,BUN,AlbCreatRat_mggNew,UnitsInsBasalOrLongAct,BGTestAvgNumMeter,BGTestAvgNumPtRep,TSH,HbA1c,AutonomicNeuroCl,Pt_InsGov,NumPumpBolusOrShortAct,HbA1cImputeDtMnC,Pt_SHFlg,Pt_DKAFlg,bmi,bmiPerc,bmiZscore,GFR,diagAgeCombo,Pt_A1cGoalLev,Pt_A1cGoalLevelDsYr5
18706,0.0,0.0,0.0,0.0,0.0,0.0,0.0,100.0,59.0,4.0,59.647396655,165.1,0.0,45,29.0,0.0,101.0,51.0,171.0,93.0,11.0,4.6,0.0,0.0,4.0,0.0,6.8,0.0,0.0,0.0,0.531,0.0,0.0,21.882520644,0.0,-0.600157818,0.0,15.0,0.0,0.0
18706,0.0,0.0,0.0,0.0,0.0,0.0,0.0,119.0,76.0,0.0,58.9670081,153.67,0.0,46,30.0,0.5935522443,0.0,0.0,0.0,0.0,0.0,0.0,0.0,0.0,0.0,0.0,6.8,0.0,0.0,0.0,12.647,0.0,0.0,24.970711113000004,0.0,-0.32425050899999996,0.0,15.0,0.0,0.0
18706,0.0,0.0,0.0,0.0,0.0,0.0,0.0,98.0,64.0,5.0,60.32778521,162.56,0.0,47,31.0,0.8453816069,0.0,0.0,0.0,0.0,0.0,0.0,0.0,0.0,5.0,0.0,0.0,0.0,0.0,0.0,0.0,0.0,0.0,22.829163596999997,0.0,-0.51558217,0.0,15.0,0.0,0.0
18706,0.0,0.0,0.0,0.0,0.0,0.0,0.0,99.0,59.0,0.0,61.23496995,152.4,0.0,48,32.0,0.6532215176,106.0,62.0,0.0,72.0,9.0,0.0,0.0,0.0,0.0,2.57,6.6,0.0,0.0,0.0,35.154,0.0,0.0,26.365109236,0.0,-0.19967120000000002,0.0,15.0,0.0,0.0
18706,0.0,0.0,0.0,0.0,0.0,0.0,0.0,107.0,65.0,0.0,62.59574706,154.94,0.0,48,32.0,0.0,0.0,0.0,0.0,0.0,0.0,0.0,0.0,0.0,0.0,0.0,7.4,0.0,0.0,0.0,40.963,0.0,0.0,26.074604135999998,0.0,-0.225625713,0.0,15.0,0.0,0.0
18706,0.0,0.0,0.0,0.0,0.0,0.0,0.0,97.0,62.0,3.0,65.77089365,152.4,0.0,50,34.0,0.0,0.0,0.0,0.0,0.0,0.0,0.0,12.0,3.0,4.0,0.0,7.8,0.0,0.0,0.0,59.086999999999996,0.0,0.0,28.318080290999998,0.0,-0.090693323,0.0,15.0,0.0,0.0
18706,0.0,0.0,0.0,0.0,0.0,0.0,0.0,108.0,62.0,0.0,66.22448602,154.94,0.0,50,34.0,0.0,0.0,0.0,0.0,0.0,0.0,0.0,0.0,0.0,0.0,0.0,7.7,0.0,0.0,0.0,65.12899999999999,0.0,0.0,27.58617539,0.0,-0.165959685,0.0,15.0,0.0,0.0
