PtID,Pt_CGMUseNumDays,Pt_FatherT1D,Pt_MotherT1D,Pt_SiblingT1D,Pt_ChildT1D,Pt_GrandchildT1D,Pt_GrandparentT1D,BldPrSys,BldPrDia,SMBGperDayPtMeterCombo,WeightKg,HeightCm,DirectLDL,age,diabDur,TotalDailyInsPerKg,LDL,HDL,TotChol,Triglyc,BUN,AlbCreatRat_mggNew,UnitsInsBasalOrLongAct,BGTestAvgNumMeter,BGTestAvgNumPtRep,TSH,HbA1c,AutonomicNeuroCl,Pt_InsGov,NumPumpBolusOrShortAct,HbA1cImputeDtMnC,Pt_SHFlg,Pt_DKAFlg,bmi,bmiPerc,bmiZscore,GFR,diagAgeCombo,Pt_A1cGoalLev,Pt_A1cGoalLevelDsYr5
18718,1.0,0.0,0.0,0.0,0.0,0.0,0.0,133.0,77.0,5.0,86.99901656600001,173.99,0.0,27,6.0,0.44828092939999997,77.0,53.0,0.0,89.0,20.0,14.6,0.0,0.0,5.0,0.0,6.7,0.0,0.0,5.0,0.0,0.0,0.0,28.738610555,0.0,0.4218306266,0.0,20.0,0.0,0.0
18718,0.0,0.0,0.0,0.0,0.0,0.0,0.0,133.0,87.0,5.0,83.0,173.99,0.0,28,8.0,0.38554216869999997,0.0,0.0,0.0,0.0,19.0,5.3,0.0,0.0,5.0,0.0,6.6,0.0,0.0,0.0,16.066,0.0,0.0,27.417605051,0.0,0.1612686565,0.0,20.0,0.0,0.0
18718,0.0,0.0,0.0,0.0,0.0,0.0,0.0,128.0,80.0,5.0,83.5,174.0,0.0,30,9.0,0.2874251497,99.0,61.0,171.0,56.0,17.0,7.3,11.0,5.0,0.0,0.75,7.8,0.0,0.0,8.0,36.714,0.0,0.0,27.579601004,0.0,0.0115387528,89.0,20.0,0.0,0.0
18718,0.0,0.0,0.0,0.0,0.0,0.0,0.0,129.0,81.0,0.0,84.5,174.0,0.0,31,11.0,0.3431952663,0.0,0.0,0.0,0.0,0.0,5.0,15.0,0.0,0.0,0.0,7.1,0.0,0.0,4.0,51.419,0.0,0.0,27.909895626999997,0.0,0.059417395,0.0,20.0,0.0,0.0
18718,0.0,0.0,0.0,0.0,0.0,0.0,0.0,131.0,83.0,0.0,84.5,174.0,0.0,32,11.0,0.3431952663,108.0,56.0,181.0,83.0,17.0,5.0,14.0,0.0,0.0,0.86,7.1,0.0,0.0,0.0,60.714,0.0,0.0,27.909895626999997,0.0,0.059417395,100.0,20.0,0.0,0.0
18718,14.0,0.0,0.0,0.0,0.0,0.0,0.0,125.0,77.0,0.0,81.5,174.0,0.0,33,12.0,0.0,109.0,63.0,186.0,68.0,14.0,5.0,13.0,0.0,6.0,0.82,7.6,0.0,0.0,0.0,73.22800000000001,0.0,0.0,26.919011758000003,0.0,-0.084218532,101.0,20.0,0.0,0.0
18718,0.0,0.0,0.0,0.0,0.0,0.0,0.0,131.0,91.0,0.0,86.0,174.0,0.0,34,13.0,0.0,0.0,0.0,0.0,0.0,0.0,5.0,0.0,0.0,0.0,0.0,7.5,0.0,0.0,0.0,86.141,0.0,0.0,28.405337561,0.0,0.1312353583,0.0,20.0,0.0,0.0
