PtID,Pt_CGMUseNumDays,Pt_FatherT1D,Pt_MotherT1D,Pt_SiblingT1D,Pt_ChildT1D,Pt_GrandchildT1D,Pt_GrandparentT1D,BldPrSys,BldPrDia,SMBGperDayPtMeterCombo,WeightKg,HeightCm,DirectLDL,age,diabDur,TotalDailyInsPerKg,LDL,HDL,TotChol,Triglyc,BUN,AlbCreatRat_mggNew,UnitsInsBasalOrLongAct,BGTestAvgNumMeter,BGTestAvgNumPtRep,TSH,HbA1c,AutonomicNeuroCl,Pt_InsGov,NumPumpBolusOrShortAct,HbA1cImputeDtMnC,Pt_SHFlg,Pt_DKAFlg,bmi,bmiPerc,bmiZscore,GFR,diagAgeCombo,Pt_A1cGoalLev,Pt_A1cGoalLevelDsYr5
18724,0.0,0.0,0.0,0.0,0.0,0.0,0.0,124.0,62.0,13.0,80.73944186,165.1,0.0,62,54.0,0.3839511308,83.0,95.0,0.0,95.0,17.0,5.3,0.0,13.0,5.0,0.0,0.0,0.0,0.0,2.0,0.0,0.0,0.0,29.620446195,0.0,0.0025399491,0.0,8.0,0.0,0.0
18724,0.0,0.0,0.0,0.0,0.0,0.0,0.0,123.0,76.0,6.0,78.01788764,165.1,0.0,62,54.0,0.38452720149999997,0.0,0.0,0.0,0.0,15.0,0.0,0.0,6.0,4.0,0.0,7.2,0.0,0.0,0.0,8.83,0.0,0.0,28.622004189000002,0.0,-0.121492506,0.0,8.0,6.9,0.0
18724,0.0,0.0,0.0,0.0,0.0,0.0,0.0,131.0,73.0,6.0,76.20351816,165.1,0.0,63,55.0,0.4068053647,0.0,0.0,0.0,0.0,0.0,4.0,18.0,6.0,0.0,0.0,7.7,0.0,0.0,0.0,18.124000000000002,0.0,0.0,27.956376184,0.0,-0.20418081,0.0,8.0,0.0,0.0
18724,0.0,0.0,0.0,0.0,0.0,0.0,0.0,122.0,73.0,6.0,0.0,0.0,0.0,64,56.0,0.0,93.0,106.0,0.0,66.0,18.0,4.0,19.0,6.0,0.0,3.05,6.4,0.0,0.0,0.0,29.245,0.0,0.0,0.0,0.0,0.0,62.0,8.0,0.0,0.0
18724,0.0,0.0,0.0,0.0,0.0,0.0,0.0,139.0,75.0,3.0,74.84274105,165.1,0.0,65,57.0,0.42756317509999997,113.0,67.0,0.0,84.0,18.0,0.0,21.0,3.0,0.0,0.03,6.8,0.0,0.0,0.0,41.328,0.0,0.0,27.457155180999997,0.0,-0.266197038,0.0,8.0,0.0,0.0
18724,0.0,0.0,0.0,0.0,0.0,0.0,0.0,116.0,72.0,0.0,76.65711053,167.64,0.0,66,58.0,0.3783080239,0.0,0.0,0.0,0.0,0.0,10.9,19.0,0.0,0.0,0.0,7.2,0.0,0.0,0.0,51.784,0.0,0.0,27.277033736999996,0.0,-0.28857280399999996,0.0,8.0,0.0,0.0
18724,0.0,0.0,0.0,0.0,0.0,0.0,0.0,119.0,66.0,5.0,77.56429527,167.64,0.0,67,59.0,0.3867758986,135.0,73.0,0.0,55.0,14.0,10.9,12.0,0.0,5.0,0.55,6.5,0.0,1.0,0.0,59.452,0.0,0.0,27.59983887,0.0,-0.248472014,0.0,8.0,0.0,0.0
18724,0.0,0.0,0.0,0.0,0.0,0.0,0.0,117.0,69.0,5.0,79.83225712,167.64,0.0,68,60.0,0.36326168200000003,0.0,0.0,0.0,0.0,18.0,4.0,15.0,5.0,0.0,1.06,0.0,0.0,0.0,0.0,0.0,0.0,0.0,28.406851703,0.0,-0.148220039,62.0,8.0,0.0,0.0
