PtID,Pt_CGMUseNumDays,Pt_FatherT1D,Pt_MotherT1D,Pt_SiblingT1D,Pt_ChildT1D,Pt_GrandchildT1D,Pt_GrandparentT1D,BldPrSys,BldPrDia,SMBGperDayPtMeterCombo,WeightKg,HeightCm,DirectLDL,age,diabDur,TotalDailyInsPerKg,LDL,HDL,TotChol,Triglyc,BUN,AlbCreatRat_mggNew,UnitsInsBasalOrLongAct,BGTestAvgNumMeter,BGTestAvgNumPtRep,TSH,HbA1c,AutonomicNeuroCl,Pt_InsGov,NumPumpBolusOrShortAct,HbA1cImputeDtMnC,Pt_SHFlg,Pt_DKAFlg,bmi,bmiPerc,bmiZscore,GFR,diagAgeCombo,Pt_A1cGoalLev,Pt_A1cGoalLevelDsYr5
18803,0.0,0.0,0.0,0.0,0.0,0.0,0.0,0.0,0.0,7.0,34.0,150.4,0.0,9,0.0,0.6176470588,0.0,0.0,0.0,0.0,12.0,0.0,0.0,7.0,6.0,0.0,12.9,0.0,0.0,0.0,-0.598,0.0,0.0,15.030839746,0.2361727694,-0.7186679440000001,0.0,9.0,0.0,0.0
18803,0.0,0.0,0.0,0.0,0.0,0.0,0.0,114.0,58.0,6.0,40.8,158.5,0.0,10,1.0,0.7352941176000001,0.0,0.0,0.0,0.0,0.0,0.0,0.0,6.0,8.0,0.0,7.8,0.0,0.0,3.0,14.639000000000001,0.0,0.0,16.240583546,0.4201321635,-0.201555385,0.0,9.0,7.0,0.0
18803,0.0,0.0,0.0,0.0,0.0,0.0,0.0,106.0,68.0,5.0,46.4,165.0,0.0,11,2.0,0.6465517241,0.0,0.0,0.0,0.0,0.0,23.0,10.0,5.0,0.0,2.04,7.8,0.0,0.0,0.0,26.954,0.0,0.0,17.043158861,0.4751805687,-0.062253275,0.0,9.0,0.0,0.0
18803,0.0,0.0,0.0,0.0,0.0,0.0,0.0,119.0,70.0,8.0,57.3,171.6,1.0,12,3.0,0.5933682373,58.0,0.0,0.0,0.0,0.0,29.9,16.0,8.0,7.0,1.58,7.9,0.0,0.0,4.0,40.232,0.0,0.0,19.458979249000002,0.730399767,0.6140224896,0.0,9.0,0.0,0.0
18803,0.0,0.0,0.0,0.0,0.0,0.0,0.0,111.0,69.0,4.0,58.8,182.2,0.0,13,4.0,0.7142857143000001,0.0,0.0,0.0,0.0,0.0,29.9,19.0,4.0,7.0,0.0,8.5,0.0,0.0,3.0,52.315,0.0,0.0,17.712529265,0.37582400159999996,-0.316467087,0.0,9.0,0.0,0.0
18803,30.0,0.0,0.0,0.0,0.0,0.0,0.0,106.0,63.0,9.0,75.4,193.0,1.0,15,6.0,0.6366047745000001,60.0,0.0,0.0,0.0,0.0,9.9,27.4,9.0,3.0,2.6,8.6,0.0,0.0,0.0,75.054,0.0,0.0,20.242154152,0.5594229458,0.1495063383,0.0,9.0,0.0,0.0
