PtID,Pt_CGMUseNumDays,Pt_FatherT1D,Pt_MotherT1D,Pt_SiblingT1D,Pt_ChildT1D,Pt_GrandchildT1D,Pt_GrandparentT1D,BldPrSys,BldPrDia,SMBGperDayPtMeterCombo,WeightKg,HeightCm,DirectLDL,age,diabDur,TotalDailyInsPerKg,LDL,HDL,TotChol,Triglyc,BUN,AlbCreatRat_mggNew,UnitsInsBasalOrLongAct,BGTestAvgNumMeter,BGTestAvgNumPtRep,TSH,HbA1c,AutonomicNeuroCl,Pt_InsGov,NumPumpBolusOrShortAct,HbA1cImputeDtMnC,Pt_SHFlg,Pt_DKAFlg,bmi,bmiPerc,bmiZscore,GFR,diagAgeCombo,Pt_A1cGoalLev,Pt_A1cGoalLevelDsYr5
18807,0.0,0.0,0.0,1.0,0.0,0.0,0.0,142.0,68.0,3.0,67.13167076,162.56,0.0,55,43.0,0.4319868651,55.0,59.0,0.0,86.0,32.0,54.8,0.0,0.0,3.0,0.0,0.0,1.0,1.0,0.0,0.0,0.0,0.0,25.403881295999998,0.0,-0.436262544,0.0,12.0,0.0,0.0
18807,0.0,0.0,0.0,0.0,0.0,0.0,0.0,155.0,66.0,0.0,72.12118683,160.02,0.0,56,44.0,0.0,30.0,66.0,0.0,49.0,19.0,0.0,0.0,0.0,0.0,0.0,8.2,1.0,0.0,0.0,16.498,0.0,0.0,28.165296841,0.0,-0.070771408,0.0,12.0,0.0,0.0
18807,0.0,0.0,0.0,0.0,0.0,0.0,0.0,124.0,87.0,0.0,70.76040972,160.02,0.0,57,45.0,0.0,38.0,53.0,0.0,70.0,26.0,0.0,20.0,0.0,0.0,1.71,9.1,1.0,0.0,0.0,28.813000000000002,0.0,0.0,27.633876146,0.0,-0.14110836,0.0,12.0,0.0,0.0
18807,0.0,0.0,0.0,0.0,0.0,0.0,0.0,158.0,65.0,0.0,68.94604024,163.06799999999998,0.0,58,46.0,0.0,32.0,48.0,99.0,97.0,48.0,0.0,20.0,0.0,0.0,28.12,8.0,1.0,0.0,2.0,41.826,0.0,0.0,25.928168424000003,0.0,-0.366869765,0.0,12.0,0.0,0.0
18807,0.0,0.0,0.0,0.0,0.0,0.0,0.0,161.0,88.0,0.0,66.22448602,162.56,0.0,59,47.0,0.42280433840000003,34.0,47.0,0.0,104.0,40.0,0.0,20.0,0.0,0.0,9.87,7.4,1.0,0.0,1.0,53.411,0.0,0.0,25.060585602,0.0,-0.48169994,36.0,12.0,0.0,0.0
18807,0.0,0.0,0.0,0.0,0.0,0.0,0.0,155.0,79.0,0.0,64.86370891,162.56,1.0,60,48.0,0.4008404767,15.0,45.0,0.0,110.0,56.0,0.0,20.0,0.0,0.0,19.8,6.2,1.0,1.0,1.0,65.726,0.0,0.0,24.545642063000003,0.0,-0.8300417,42.0,12.0,0.0,0.0
