PtID,Pt_CGMUseNumDays,Pt_FatherT1D,Pt_MotherT1D,Pt_SiblingT1D,Pt_ChildT1D,Pt_GrandchildT1D,Pt_GrandparentT1D,BldPrSys,BldPrDia,SMBGperDayPtMeterCombo,WeightKg,HeightCm,DirectLDL,age,diabDur,TotalDailyInsPerKg,LDL,HDL,TotChol,Triglyc,BUN,AlbCreatRat_mggNew,UnitsInsBasalOrLongAct,BGTestAvgNumMeter,BGTestAvgNumPtRep,TSH,HbA1c,AutonomicNeuroCl,Pt_InsGov,NumPumpBolusOrShortAct,HbA1cImputeDtMnC,Pt_SHFlg,Pt_DKAFlg,bmi,bmiPerc,bmiZscore,GFR,diagAgeCombo,Pt_A1cGoalLev,Pt_A1cGoalLevelDsYr5
18817,0.0,0.0,0.0,0.0,0.0,0.0,0.0,120.0,79.0,6.0,39.5,146.7,0.0,10,6.0,0.835443038,96.0,61.0,0.0,117.0,10.0,15.1,0.0,6.0,8.0,0.0,8.2,0.0,0.0,5.0,0.0,0.0,0.0,18.354259513,0.7173467919,0.5749776446,0.0,3.0,0.0,0.0
18817,0.0,0.0,0.0,0.0,0.0,0.0,0.0,116.0,57.0,6.0,47.0,152.3,0.0,11,7.0,0.2978723404,0.0,65.0,191.0,120.0,0.0,0.0,0.0,6.0,6.0,0.0,8.6,0.0,0.0,0.0,11.154000000000002,0.0,0.0,20.262734374,0.8154774127,0.8982633352,0.0,3.0,7.5,0.0
18817,0.0,0.0,0.0,0.0,0.0,0.0,0.0,118.0,75.0,6.0,52.2,156.1,0.0,12,8.0,0.8812260536,0.0,59.0,207.0,116.0,0.0,0.0,23.0,6.0,0.0,1.59,9.3,0.0,0.0,5.0,21.842,0.0,0.0,21.422230941,0.8348763242,0.9736157731,0.0,3.0,0.0,0.0
18817,0.0,0.0,0.0,0.0,0.0,0.0,0.0,135.0,79.0,7.0,57.7,163.2,0.0,13,9.0,1.1958405546,93.0,62.0,171.0,78.0,0.0,0.0,27.0,7.0,0.0,0.93,10.9,0.0,0.0,6.0,40.431999999999995,0.0,0.0,21.663843233,0.8012233915000001,0.8459991526,0.0,3.0,0.0,0.0
18817,0.0,0.0,0.0,0.0,0.0,0.0,0.0,132.0,74.0,2.0,59.9,166.2,0.0,14,10.0,1.1853088481,134.0,63.0,220.0,115.0,0.0,10.8,27.0,2.0,0.0,2.28,12.1,0.0,0.0,4.0,52.515,0.0,0.0,21.685267485,0.751953205,0.680649038,0.0,3.0,0.0,0.0
