PtID,Pt_CGMUseNumDays,Pt_FatherT1D,Pt_MotherT1D,Pt_SiblingT1D,Pt_ChildT1D,Pt_GrandchildT1D,Pt_GrandparentT1D,BldPrSys,BldPrDia,SMBGperDayPtMeterCombo,WeightKg,HeightCm,DirectLDL,age,diabDur,TotalDailyInsPerKg,LDL,HDL,TotChol,Triglyc,BUN,AlbCreatRat_mggNew,UnitsInsBasalOrLongAct,BGTestAvgNumMeter,BGTestAvgNumPtRep,TSH,HbA1c,AutonomicNeuroCl,Pt_InsGov,NumPumpBolusOrShortAct,HbA1cImputeDtMnC,Pt_SHFlg,Pt_DKAFlg,bmi,bmiPerc,bmiZscore,GFR,diagAgeCombo,Pt_A1cGoalLev,Pt_A1cGoalLevelDsYr5
18828,0.0,1.0,0.0,0.0,1.0,0.0,0.0,100.0,63.0,5.0,0.0,0.0,0.0,47,15.0,0.0,95.0,90.0,0.0,62.0,15.0,29.9,0.0,5.0,5.0,0.0,6.8,0.0,0.0,3.0,0.133,0.0,0.0,0.0,0.0,0.0,0.0,32.0,0.0,0.0
18828,0.0,1.0,0.0,0.0,1.0,0.0,0.0,118.0,76.0,6.0,63.5,171.5,0.0,48,16.0,0.47244094490000005,86.0,98.0,0.0,63.0,13.0,0.0,0.0,0.0,6.0,0.0,7.3,0.0,0.0,0.0,9.062000000000001,0.0,0.0,21.589643771,0.0,-0.626324232,0.0,32.0,7.0,0.0
18828,0.0,0.0,0.0,0.0,0.0,0.0,0.0,114.0,70.0,6.0,0.0,0.0,0.0,49,17.0,0.0,0.0,0.0,0.0,0.0,0.0,1.7,14.0,6.0,0.0,0.0,7.1,0.0,0.0,0.0,27.884,0.0,0.0,0.0,0.0,0.0,0.0,32.0,0.0,0.0
18828,0.0,0.0,0.0,0.0,0.0,0.0,0.0,114.0,66.0,7.0,0.0,0.0,0.0,50,18.0,0.0,0.0,0.0,0.0,0.0,21.0,9.9,13.0,7.0,0.0,0.73,6.8,0.0,0.0,0.0,38.705,0.0,0.0,0.0,0.0,0.0,0.0,32.0,0.0,0.0
18828,0.0,0.0,0.0,0.0,0.0,0.0,0.0,102.0,66.0,6.0,66.2,171.5,0.0,51,19.0,0.4682779456,112.0,85.0,0.0,50.0,14.0,9.9,14.0,6.0,0.0,2.55,6.8,0.0,0.0,0.0,49.958999999999996,0.0,0.0,22.507628624000002,0.0,-0.688218434,0.0,32.0,0.0,0.0
18828,30.0,0.0,0.0,0.0,0.0,0.0,0.0,110.0,68.0,3.0,0.0,0.0,0.0,53,21.0,0.0,62.0,96.0,0.0,51.0,16.0,25.0,15.0,3.0,2.0,1.72,7.5,0.0,0.0,0.0,77.477,0.0,0.0,0.0,0.0,0.0,0.0,32.0,0.0,0.0
