PtID,Pt_CGMUseNumDays,Pt_FatherT1D,Pt_MotherT1D,Pt_SiblingT1D,Pt_ChildT1D,Pt_GrandchildT1D,Pt_GrandparentT1D,BldPrSys,BldPrDia,SMBGperDayPtMeterCombo,WeightKg,HeightCm,DirectLDL,age,diabDur,TotalDailyInsPerKg,LDL,HDL,TotChol,Triglyc,BUN,AlbCreatRat_mggNew,UnitsInsBasalOrLongAct,BGTestAvgNumMeter,BGTestAvgNumPtRep,TSH,HbA1c,AutonomicNeuroCl,Pt_InsGov,NumPumpBolusOrShortAct,HbA1cImputeDtMnC,Pt_SHFlg,Pt_DKAFlg,bmi,bmiPerc,bmiZscore,GFR,diagAgeCombo,Pt_A1cGoalLev,Pt_A1cGoalLevelDsYr5
18854,0.0,0.0,0.0,0.0,0.0,0.0,0.0,0.0,0.0,1.0,0.0,0.0,0.0,54,9.0,0.0,72.0,53.0,134.0,45.0,31.0,4.3,0.0,0.0,1.0,0.0,6.6,1.0,0.0,0.0,0.0,0.0,0.0,0.0,0.0,0.0,0.0,45.0,0.0,0.0
18854,0.0,0.0,0.0,0.0,0.0,0.0,0.0,101.0,62.0,0.0,85.1,180.3,0.0,56,11.0,0.47003525259999995,59.0,49.0,134.0,132.0,22.0,2.5,40.0,0.0,0.0,0.55,6.8,1.0,0.0,0.0,25.726,0.0,0.0,26.178099051999997,0.0,-0.333789836,0.0,45.0,0.0,0.0
18854,0.0,0.0,0.0,0.0,0.0,0.0,0.0,97.0,58.0,0.0,85.9,182.9,0.0,58,13.0,0.0,65.0,39.0,126.0,111.0,21.0,3.5,30.0,0.0,0.0,1.34,6.9,1.0,0.0,0.0,45.544,0.0,0.0,25.678269518,0.0,-0.399945495,0.0,45.0,0.0,0.0
18854,0.0,0.0,0.0,0.0,0.0,0.0,0.0,110.0,62.0,0.0,86.5,182.9,0.0,59,14.0,0.0,87.0,53.0,187.0,240.0,0.0,0.0,34.0,0.0,0.0,0.97,7.3,1.0,0.0,0.0,57.328,0.0,0.0,25.857628793000003,0.0,-0.37620614,0.0,45.0,0.0,0.0
18854,0.0,0.0,0.0,0.0,0.0,0.0,0.0,115.0,67.0,2.0,83.8,182.9,0.0,60,14.0,0.0,0.0,0.0,0.0,0.0,20.0,0.0,44.0,0.0,2.0,0.0,7.6,1.0,0.0,0.0,65.726,0.0,0.0,25.050512056,0.0,-0.73380176,0.0,45.0,0.0,0.0
