PtID,Pt_CGMUseNumDays,Pt_FatherT1D,Pt_MotherT1D,Pt_SiblingT1D,Pt_ChildT1D,Pt_GrandchildT1D,Pt_GrandparentT1D,BldPrSys,BldPrDia,SMBGperDayPtMeterCombo,WeightKg,HeightCm,DirectLDL,age,diabDur,TotalDailyInsPerKg,LDL,HDL,TotChol,Triglyc,BUN,AlbCreatRat_mggNew,UnitsInsBasalOrLongAct,BGTestAvgNumMeter,BGTestAvgNumPtRep,TSH,HbA1c,AutonomicNeuroCl,Pt_InsGov,NumPumpBolusOrShortAct,HbA1cImputeDtMnC,Pt_SHFlg,Pt_DKAFlg,bmi,bmiPerc,bmiZscore,GFR,diagAgeCombo,Pt_A1cGoalLev,Pt_A1cGoalLevelDsYr5
18870,0.0,0.0,0.0,0.0,0.0,0.0,0.0,114.0,68.0,1.0,89.7,186.7,0.0,22,19.0,0.8361204013,106.0,53.0,176.0,84.0,16.0,17.2,0.0,1.0,6.0,0.0,8.8,0.0,0.0,0.0,0.0,0.0,0.0,25.733793233000004,0.0,-0.170855111,0.0,2.0,0.0,0.0
18870,0.0,0.0,0.0,0.0,0.0,0.0,0.0,114.0,62.0,1.0,90.7,186.9,0.0,24,21.0,0.9371554576000001,86.0,49.0,164.0,148.0,14.0,2.8,40.0,1.0,3.0,0.0,8.7,0.0,0.0,5.0,21.875999999999998,0.0,0.0,25.965021366,0.0,-0.125246476,0.0,2.0,0.0,0.0
18870,0.0,0.0,0.0,0.0,0.0,0.0,0.0,120.0,76.0,0.0,92.4,186.3,0.0,25,22.0,1.0281385281,83.0,55.0,166.0,140.0,15.0,2.3,45.0,0.0,0.0,0.0,7.8,0.0,0.0,0.0,34.357,0.0,0.0,26.622342195999998,0.0,0.004406890399999999,0.0,2.0,0.0,0.0
18870,0.0,0.0,0.0,0.0,0.0,0.0,0.0,122.0,72.0,5.0,96.6,185.1,0.0,26,23.0,0.7246376812,78.0,42.0,146.0,128.0,13.0,21.0,45.0,5.0,0.0,1.73,7.1,0.0,0.0,7.0,49.028999999999996,0.0,0.0,28.194492968000002,0.0,0.31450605449999997,125.7,2.0,0.0,0.0
18870,25.0,0.0,0.0,0.0,0.0,0.0,0.0,118.0,64.0,3.0,103.8,186.9,0.0,28,25.0,0.8188824663,0.0,0.0,0.0,0.0,16.0,17.7,45.0,3.0,2.0,1.16,7.8,0.0,0.0,0.0,72.133,0.0,0.0,29.71520637,0.0,0.6144594454,0.0,2.0,0.0,0.0
