PtID,Pt_CGMUseNumDays,Pt_FatherT1D,Pt_MotherT1D,Pt_SiblingT1D,Pt_ChildT1D,Pt_GrandchildT1D,Pt_GrandparentT1D,BldPrSys,BldPrDia,SMBGperDayPtMeterCombo,WeightKg,HeightCm,DirectLDL,age,diabDur,TotalDailyInsPerKg,LDL,HDL,TotChol,Triglyc,BUN,AlbCreatRat_mggNew,UnitsInsBasalOrLongAct,BGTestAvgNumMeter,BGTestAvgNumPtRep,TSH,HbA1c,AutonomicNeuroCl,Pt_InsGov,NumPumpBolusOrShortAct,HbA1cImputeDtMnC,Pt_SHFlg,Pt_DKAFlg,bmi,bmiPerc,bmiZscore,GFR,diagAgeCombo,Pt_A1cGoalLev,Pt_A1cGoalLevelDsYr5
1890,0.0,0.0,0.0,0.0,0.0,0.0,0.0,115.0,66.0,4.0,69.7,164.4,0.0,13,1.0,0.8464849354,105.0,0.0,0.0,0.0,0.0,7.0,0.0,4.0,5.0,0.0,7.2,0.0,0.0,0.0,-0.066,0.0,0.0,25.788682283000004,0.9431953292,1.5821762450999999,0.0,12.0,0.0,0.0
1890,0.0,0.0,0.0,0.0,0.0,0.0,0.0,0.0,0.0,6.0,73.5,166.0,0.0,14,2.0,1.156462585,113.0,42.0,0.0,124.0,10.0,11.1,0.0,0.0,6.0,0.0,7.8,0.0,0.0,0.0,13.477,0.0,0.0,26.672956888,0.9424291976000001,1.5754977177,0.0,12.0,7.5,0.0
1890,0.0,0.0,0.0,0.0,0.0,0.0,0.0,128.0,75.0,0.0,74.38914868,165.1,0.0,15,3.0,0.0,119.0,49.0,0.0,145.0,9.0,174.5,0.0,0.0,0.0,1.23,7.4,0.0,0.0,0.0,28.349,0.0,0.0,27.29074818,0.9390512956999999,1.5468583402,0.0,12.0,0.0,0.0
1890,0.0,0.0,0.0,0.0,0.0,0.0,0.0,139.0,82.0,5.0,76.65711053,165.1,0.0,16,4.0,0.0,128.0,44.0,0.0,202.0,9.0,286.4,0.0,5.0,0.0,1.32,7.1,0.0,0.0,0.0,39.501999999999995,0.0,0.0,28.122783186,0.9402526319,1.5568978663,0.0,12.0,0.0,0.0
