PtID,Pt_CGMUseNumDays,Pt_FatherT1D,Pt_MotherT1D,Pt_SiblingT1D,Pt_ChildT1D,Pt_GrandchildT1D,Pt_GrandparentT1D,BldPrSys,BldPrDia,SMBGperDayPtMeterCombo,WeightKg,HeightCm,DirectLDL,age,diabDur,TotalDailyInsPerKg,LDL,HDL,TotChol,Triglyc,BUN,AlbCreatRat_mggNew,UnitsInsBasalOrLongAct,BGTestAvgNumMeter,BGTestAvgNumPtRep,TSH,HbA1c,AutonomicNeuroCl,Pt_InsGov,NumPumpBolusOrShortAct,HbA1cImputeDtMnC,Pt_SHFlg,Pt_DKAFlg,bmi,bmiPerc,bmiZscore,GFR,diagAgeCombo,Pt_A1cGoalLev,Pt_A1cGoalLevelDsYr5
18915,0.0,0.0,0.0,1.0,0.0,0.0,0.0,109.0,58.0,8.0,30.1,123.3,0.0,6,3.0,1.0631229236,114.0,76.0,202.0,58.0,0.0,17.0,0.0,0.0,8.0,0.0,7.7,0.0,0.0,0.0,-3.353,0.0,0.0,19.798867189,0.9712695776000001,1.8997887737,0.0,2.0,0.0,0.0
18915,0.0,0.0,0.0,1.0,0.0,0.0,0.0,105.0,59.0,8.0,38.6,136.0,0.0,8,5.0,1.0103626943000001,114.0,76.0,202.0,58.0,0.0,10.0,0.0,0.0,8.0,0.0,7.9,0.0,0.0,0.0,21.145,0.0,0.0,20.869377163,0.9543923648999999,1.6890217072999998,0.0,2.0,7.5,0.0
18915,0.0,0.0,0.0,0.0,0.0,0.0,0.0,105.0,61.0,8.0,46.4,144.3,0.0,9,6.0,0.9482758620999999,113.0,89.0,213.0,53.0,0.0,28.0,24.0,0.0,8.0,0.0,8.1,0.0,0.0,5.0,38.108000000000004,0.0,0.0,22.283598166999997,0.9585696122,1.7343230747999998,0.0,2.0,0.0,0.0
18915,0.0,0.0,0.0,0.0,0.0,0.0,0.0,118.0,59.0,8.0,54.4,152.0,0.0,10,8.0,0.9742647059,97.0,84.0,198.0,87.0,0.0,28.0,35.0,8.0,0.0,3.61,8.6,0.0,0.0,5.0,52.382,0.0,0.0,23.545706370999998,0.95910092,1.7403466913999999,0.0,2.0,0.0,0.0
18915,0.0,0.0,0.0,0.0,0.0,0.0,0.0,110.0,56.0,5.0,66.4,161.1,0.0,12,9.0,0.8283132529999999,90.0,66.0,182.0,130.0,0.0,4.9,42.0,5.0,5.0,6.68,9.5,0.0,0.0,13.0,69.477,0.0,0.0,25.584503805,0.9550172544,1.6955797721,0.0,2.0,0.0,0.0
18915,0.0,0.0,0.0,0.0,0.0,0.0,0.0,105.0,55.0,4.0,69.8,164.3,0.0,13,10.0,0.7363896848,76.0,70.0,174.0,140.0,14.0,10.3,51.4,4.0,0.0,4.23,10.3,0.0,0.0,0.0,79.934,0.0,0.0,25.857128620999998,0.9442568936,1.591548397,0.0,2.0,0.0,0.0
