PtID,Pt_CGMUseNumDays,Pt_FatherT1D,Pt_MotherT1D,Pt_SiblingT1D,Pt_ChildT1D,Pt_GrandchildT1D,Pt_GrandparentT1D,BldPrSys,BldPrDia,SMBGperDayPtMeterCombo,WeightKg,HeightCm,DirectLDL,age,diabDur,TotalDailyInsPerKg,LDL,HDL,TotChol,Triglyc,BUN,AlbCreatRat_mggNew,UnitsInsBasalOrLongAct,BGTestAvgNumMeter,BGTestAvgNumPtRep,TSH,HbA1c,AutonomicNeuroCl,Pt_InsGov,NumPumpBolusOrShortAct,HbA1cImputeDtMnC,Pt_SHFlg,Pt_DKAFlg,bmi,bmiPerc,bmiZscore,GFR,diagAgeCombo,Pt_A1cGoalLev,Pt_A1cGoalLevelDsYr5
18924,0.0,0.0,0.0,0.0,0.0,0.0,0.0,121.0,73.0,6.0,48.489024353000005,152.14600000000002,0.0,37,33.0,0.8249289511,102.0,75.0,0.0,63.0,10.0,6.0,0.0,0.0,6.0,0.0,8.0,0.0,0.0,0.0,0.0,0.0,0.0,20.947025806,0.0,-0.797496832,0.0,4.0,0.0,0.0
18924,0.0,0.0,0.0,0.0,0.0,0.0,0.0,123.0,74.0,4.0,0.0,0.0,0.0,38,33.0,0.0,0.0,0.0,0.0,0.0,0.0,0.0,0.0,0.0,4.0,0.0,7.7,0.0,0.0,0.0,6.705,0.0,0.0,0.0,0.0,0.0,0.0,4.0,6.9,0.0
18924,0.0,0.0,0.0,0.0,0.0,0.0,0.0,111.0,75.0,9.0,50.0,152.0,0.0,40,36.0,0.9,92.0,86.0,187.0,43.0,16.0,0.0,23.0,9.0,0.0,0.833,7.5,0.0,0.0,3.0,34.656,0.0,0.0,21.641274238,0.0,-0.6217114260000001,0.0,4.0,0.0,0.0
18924,0.0,0.0,0.0,0.0,0.0,0.0,0.0,120.0,76.0,3.0,49.0,152.0,0.0,42,38.0,0.7346938776,0.0,0.0,0.0,0.0,0.0,0.0,14.0,3.0,0.0,0.0,9.4,0.0,0.0,3.0,57.261,0.0,0.0,21.208448753,0.0,-0.660381229,0.0,4.0,0.0,0.0
18924,0.0,0.0,0.0,0.0,0.0,0.0,0.0,130.0,76.0,7.0,49.5,152.0,0.0,43,39.0,0.0,72.0,90.0,169.0,35.0,0.0,0.0,12.0,7.0,6.0,0.05,9.0,0.0,0.0,0.0,75.618,1.0,0.0,21.424861496,0.0,-0.6410463270000001,0.0,4.0,0.0,0.0
