PtID,Pt_CGMUseNumDays,Pt_FatherT1D,Pt_MotherT1D,Pt_SiblingT1D,Pt_ChildT1D,Pt_GrandchildT1D,Pt_GrandparentT1D,BldPrSys,BldPrDia,SMBGperDayPtMeterCombo,WeightKg,HeightCm,DirectLDL,age,diabDur,TotalDailyInsPerKg,LDL,HDL,TotChol,Triglyc,BUN,AlbCreatRat_mggNew,UnitsInsBasalOrLongAct,BGTestAvgNumMeter,BGTestAvgNumPtRep,TSH,HbA1c,AutonomicNeuroCl,Pt_InsGov,NumPumpBolusOrShortAct,HbA1cImputeDtMnC,Pt_SHFlg,Pt_DKAFlg,bmi,bmiPerc,bmiZscore,GFR,diagAgeCombo,Pt_A1cGoalLev,Pt_A1cGoalLevelDsYr5
18937,0.0,1.0,0.0,1.0,0.0,0.0,0.0,126.0,80.0,5.0,94.80080533,172.72,0.0,32,24.0,1.0548433597,111.0,55.0,182.0,80.0,7.0,8.0,0.0,0.0,5.0,0.0,7.3,0.0,0.0,5.0,0.299,0.0,0.0,31.77801517,0.0,0.4448031482,0.0,8.0,0.0,0.0
18937,0.0,1.0,0.0,1.0,0.0,0.0,1.0,118.0,74.0,5.0,91.62565874,172.72,0.0,32,24.0,0.87311787,0.0,0.0,0.0,0.0,13.0,0.0,0.0,0.0,5.0,0.0,8.4,0.0,0.0,0.0,5.311,0.0,0.0,30.713679733000003,0.0,0.32272529850000004,0.0,8.0,6.8,0.0
18937,0.0,0.0,0.0,0.0,0.0,0.0,0.0,130.0,74.0,0.0,99.33672903,170.18,0.0,34,26.0,0.0,95.0,46.0,162.0,107.0,10.0,6.0,51.0,0.0,0.0,2.9,7.0,0.0,0.0,0.0,30.573,0.0,0.0,34.299897069000004,0.0,0.7340596258,0.0,8.0,0.0,0.0
18937,0.0,0.0,0.0,0.0,0.0,0.0,0.0,110.0,62.0,4.0,88.45051215,172.72,0.0,36,28.0,0.5992051228999999,48.0,40.0,111.0,114.0,14.0,6.0,48.0,4.0,4.0,0.0,7.0,0.0,0.0,3.0,46.772,0.0,0.0,29.649344297,0.0,0.2006474489,57.0,8.0,0.0,0.0
18937,0.0,0.0,0.0,0.0,0.0,0.0,0.0,110.0,70.0,4.0,86.1825503,172.72,0.0,37,29.0,0.6265769557,76.0,47.0,146.0,116.0,13.0,6.0,43.0,4.0,4.0,3.25,7.9,0.0,0.0,3.0,58.888000000000005,0.0,0.0,28.8891047,0.0,0.11344898490000001,55.0,8.0,0.0,0.0
18937,0.0,0.0,0.0,0.0,0.0,0.0,0.0,112.0,82.0,4.0,89.81128926,170.18,0.0,37,29.0,0.601260715,63.0,54.0,135.0,92.0,15.0,6.0,41.0,4.0,5.0,2.37,7.7,0.0,0.0,4.0,66.954,0.0,0.0,31.010865843,0.0,0.3568121474,58.0,8.0,0.0,0.0
18937,0.0,0.0,0.0,0.0,0.0,0.0,0.0,119.0,76.0,4.0,90.718474,172.72,0.0,39,31.0,0.0,0.0,0.0,0.0,0.0,17.0,6.0,42.0,4.0,0.0,3.11,8.4,0.0,0.0,0.0,82.124,0.0,0.0,30.409583894,0.0,0.2878459129,59.0,8.0,0.0,0.0
