PtID,Pt_CGMUseNumDays,Pt_FatherT1D,Pt_MotherT1D,Pt_SiblingT1D,Pt_ChildT1D,Pt_GrandchildT1D,Pt_GrandparentT1D,BldPrSys,BldPrDia,SMBGperDayPtMeterCombo,WeightKg,HeightCm,DirectLDL,age,diabDur,TotalDailyInsPerKg,LDL,HDL,TotChol,Triglyc,BUN,AlbCreatRat_mggNew,UnitsInsBasalOrLongAct,BGTestAvgNumMeter,BGTestAvgNumPtRep,TSH,HbA1c,AutonomicNeuroCl,Pt_InsGov,NumPumpBolusOrShortAct,HbA1cImputeDtMnC,Pt_SHFlg,Pt_DKAFlg,bmi,bmiPerc,bmiZscore,GFR,diagAgeCombo,Pt_A1cGoalLev,Pt_A1cGoalLevelDsYr5
18946,0.0,0.0,0.0,0.0,0.0,0.0,0.0,123.0,68.0,5.0,51.25593781,162.56,0.0,62,12.0,0.4487284983,131.0,112.0,0.0,41.0,12.0,3.0,0.0,5.0,5.0,0.0,6.3,0.0,0.0,8.0,-0.19899999999999998,0.0,0.0,19.396206665,0.0,-1.267576418,0.0,50.0,0.0,0.0
18946,0.0,0.0,0.0,0.0,0.0,0.0,0.0,137.0,78.0,5.0,0.0,0.0,0.0,63,13.0,0.0,87.0,114.0,221.0,98.0,19.0,0.0,0.0,5.0,5.0,0.0,6.8,0.0,0.0,5.0,11.917,0.0,0.0,0.0,0.0,0.0,0.0,50.0,6.5,0.0
18946,0.0,0.0,0.0,0.0,0.0,0.0,0.0,131.0,70.0,4.0,0.0,0.0,0.0,65,15.0,0.0,91.0,92.0,195.0,61.0,19.0,0.0,11.0,4.0,0.0,0.0,6.6,0.0,0.0,0.0,37.211999999999996,0.0,0.0,0.0,0.0,0.0,77.0,50.0,0.0,0.0
18946,0.0,0.0,0.0,0.0,0.0,0.0,0.0,137.0,83.0,4.0,0.0,0.0,0.0,66,16.0,0.0,119.0,132.0,261.0,51.0,17.0,0.0,11.0,4.0,0.0,0.0,6.7,0.0,0.0,6.0,46.273999999999994,0.0,0.0,0.0,0.0,0.0,0.0,50.0,0.0,0.0
18946,0.0,0.0,0.0,0.0,0.0,0.0,0.0,130.0,75.0,7.0,0.0,0.0,0.0,67,17.0,0.0,90.0,131.0,236.0,72.0,18.0,0.0,10.0,7.0,0.0,0.8,7.0,0.0,0.0,7.0,56.365,0.0,0.0,0.0,0.0,0.0,67.0,50.0,0.0,0.0
18946,30.0,0.0,0.0,0.0,0.0,0.0,0.0,132.0,71.0,9.0,0.0,0.0,0.0,67,17.0,0.0,0.0,0.0,0.0,0.0,18.0,0.0,0.0,9.0,6.0,0.0,6.9,0.0,1.0,0.0,64.465,0.0,0.0,0.0,0.0,0.0,0.0,50.0,0.0,0.0
18946,0.0,0.0,0.0,0.0,0.0,0.0,0.0,127.0,75.0,4.0,50.0,152.0,0.0,69,19.0,0.54,0.0,0.0,0.0,0.0,17.0,0.0,11.0,4.0,0.0,0.0,6.9,0.0,0.0,8.0,83.685,0.0,0.0,21.641274238,0.0,-0.9886806570000001,0.0,50.0,0.0,0.0
