PtID,Pt_CGMUseNumDays,Pt_FatherT1D,Pt_MotherT1D,Pt_SiblingT1D,Pt_ChildT1D,Pt_GrandchildT1D,Pt_GrandparentT1D,BldPrSys,BldPrDia,SMBGperDayPtMeterCombo,WeightKg,HeightCm,DirectLDL,age,diabDur,TotalDailyInsPerKg,LDL,HDL,TotChol,Triglyc,BUN,AlbCreatRat_mggNew,UnitsInsBasalOrLongAct,BGTestAvgNumMeter,BGTestAvgNumPtRep,TSH,HbA1c,AutonomicNeuroCl,Pt_InsGov,NumPumpBolusOrShortAct,HbA1cImputeDtMnC,Pt_SHFlg,Pt_DKAFlg,bmi,bmiPerc,bmiZscore,GFR,diagAgeCombo,Pt_A1cGoalLev,Pt_A1cGoalLevelDsYr5
18953,0.0,0.0,0.0,0.0,0.0,0.0,0.0,130.0,71.0,4.0,44.7,137.7,0.0,11,1.0,0.9843400447,97.0,59.0,166.0,48.0,7.0,0.0,0.0,0.0,4.0,0.0,9.1,0.0,0.0,0.0,0.0,0.0,0.0,23.574345416,0.9411861565,1.5648090587999999,0.0,9.0,0.0,0.0
18953,0.0,0.0,0.0,0.0,0.0,0.0,0.0,121.0,73.0,6.0,55.9,146.5,0.0,13,3.0,1.3237924866,118.0,56.0,0.0,60.0,0.0,0.0,0.0,0.0,6.0,0.0,9.0,0.0,0.0,0.0,21.61,0.0,0.0,26.045731459000002,0.9470606089,1.6169976780000002,0.0,9.0,7.0,0.0
18953,0.0,0.0,0.0,0.0,0.0,0.0,0.0,126.0,69.0,7.0,65.5,151.9,0.0,14,4.0,1.0381679389,115.0,48.0,0.0,105.0,0.0,19.9,42.0,0.0,7.0,4.71,8.7,0.0,0.0,0.0,31.17,0.0,0.0,28.387408819,0.9625094719,1.7805802037,0.0,9.0,0.0,0.0
18953,0.0,0.0,0.0,0.0,0.0,0.0,0.0,136.0,71.0,5.0,74.3,158.1,0.0,14,4.0,1.5881561238,98.0,44.0,0.0,159.0,0.0,19.9,66.0,5.0,0.0,2.91,8.7,0.0,0.0,3.0,40.232,0.0,0.0,29.725219749,0.9723655936,1.9167569793,0.0,9.0,0.0,0.0
18953,0.0,0.0,0.0,0.0,0.0,0.0,0.0,137.0,70.0,3.0,83.0,161.0,0.0,15,5.0,1.4578313253,117.0,46.0,0.0,92.0,0.0,19.9,70.0,3.0,0.0,1.98,8.0,0.0,0.0,3.0,50.191,0.0,0.0,32.020369585,0.9785320621,2.0243332397,0.0,9.0,0.0,0.0
18953,10.0,0.0,0.0,0.0,0.0,0.0,0.0,125.0,67.0,4.0,86.7,162.2,0.0,16,6.0,1.5340253749000001,103.0,51.0,0.0,112.0,0.0,19.9,74.0,4.0,4.0,4.26,7.8,0.0,0.0,3.0,64.99600000000001,0.0,0.0,32.954702678000004,0.9781210061,2.0164017003,0.0,9.0,0.0,0.0
