PtID,Pt_CGMUseNumDays,Pt_FatherT1D,Pt_MotherT1D,Pt_SiblingT1D,Pt_ChildT1D,Pt_GrandchildT1D,Pt_GrandparentT1D,BldPrSys,BldPrDia,SMBGperDayPtMeterCombo,WeightKg,HeightCm,DirectLDL,age,diabDur,TotalDailyInsPerKg,LDL,HDL,TotChol,Triglyc,BUN,AlbCreatRat_mggNew,UnitsInsBasalOrLongAct,BGTestAvgNumMeter,BGTestAvgNumPtRep,TSH,HbA1c,AutonomicNeuroCl,Pt_InsGov,NumPumpBolusOrShortAct,HbA1cImputeDtMnC,Pt_SHFlg,Pt_DKAFlg,bmi,bmiPerc,bmiZscore,GFR,diagAgeCombo,Pt_A1cGoalLev,Pt_A1cGoalLevelDsYr5
18956,0.0,0.0,0.0,0.0,0.0,0.0,0.0,107.0,73.0,5.0,23.9,109.3,0.0,4,0.0,0.3347280335,0.0,0.0,0.0,0.0,0.0,0.0,0.0,0.0,5.0,0.0,7.9,0.0,1.0,0.0,0.0,0.0,0.0,20.005876203,0.9904314559999999,2.3428497489,0.0,4.0,0.0,0.0
18956,0.0,0.0,0.0,0.0,0.0,0.0,0.0,92.0,64.0,8.0,26.943386778,115.824,0.0,5,1.0,0.0,0.0,0.0,0.0,0.0,0.0,0.0,0.0,8.0,9.0,0.0,7.5,0.0,1.0,6.0,10.589,0.0,0.0,20.084224488,0.9850672205,2.1718688188999997,0.0,4.0,0.0,0.0
18956,0.0,0.0,0.0,0.0,0.0,0.0,0.0,95.0,64.0,8.0,34.699816305,129.032,0.0,7,2.0,0.7204649090999999,0.0,0.0,0.0,0.0,0.0,12.0,14.0,8.0,0.0,2.524,8.0,0.0,0.0,7.0,34.025,0.0,0.0,20.841660535,0.9713744709000001,1.9013891609,0.0,4.0,0.0,0.0
18956,0.0,0.0,0.0,0.0,0.0,0.0,0.0,96.0,65.0,8.0,38.0,133.2,0.0,7,3.0,0.7894736842,0.0,0.0,0.0,0.0,0.0,12.0,17.0,8.0,0.0,2.968,7.9,0.0,0.0,6.0,44.315,0.0,0.0,21.417814211,0.9775132093000001,2.0049014706,0.0,4.0,0.0,0.0
18956,0.0,0.0,0.0,0.0,0.0,0.0,0.0,98.0,67.0,0.0,40.5,138.6,0.0,8,4.0,0.0,0.0,0.0,0.0,0.0,0.0,12.0,0.0,0.0,0.0,0.0,9.0,0.0,0.0,0.0,54.672,0.0,0.0,21.082813291,0.9582282898000001,1.730486336,0.0,4.0,0.0,0.0
18956,0.0,0.0,0.0,0.0,0.0,0.0,0.0,116.0,69.0,6.0,48.0,146.3,0.0,9,5.0,1.0416666667,0.0,0.0,0.0,0.0,0.0,12.0,0.0,0.0,6.0,2.71,9.4,0.0,0.0,0.0,69.344,0.0,0.0,22.426039621999998,0.9606168789,1.7578899146,0.0,4.0,0.0,0.0
