PtID,Pt_CGMUseNumDays,Pt_FatherT1D,Pt_MotherT1D,Pt_SiblingT1D,Pt_ChildT1D,Pt_GrandchildT1D,Pt_GrandparentT1D,BldPrSys,BldPrDia,SMBGperDayPtMeterCombo,WeightKg,HeightCm,DirectLDL,age,diabDur,TotalDailyInsPerKg,LDL,HDL,TotChol,Triglyc,BUN,AlbCreatRat_mggNew,UnitsInsBasalOrLongAct,BGTestAvgNumMeter,BGTestAvgNumPtRep,TSH,HbA1c,AutonomicNeuroCl,Pt_InsGov,NumPumpBolusOrShortAct,HbA1cImputeDtMnC,Pt_SHFlg,Pt_DKAFlg,bmi,bmiPerc,bmiZscore,GFR,diagAgeCombo,Pt_A1cGoalLev,Pt_A1cGoalLevelDsYr5
1903,0.0,0.0,0.0,0.0,0.0,0.0,0.0,110.0,60.0,4.0,53.0,164.5,0.0,14,3.0,1.1698113208,78.0,46.0,148.0,121.0,0.0,0.0,0.0,4.0,4.0,0.0,10.3,0.0,1.0,0.0,0.0,0.0,0.0,19.585924003,0.5345319118999999,0.0866670399,0.0,10.0,0.0,0.0
1903,0.0,0.0,0.0,0.0,0.0,0.0,0.0,115.0,71.0,4.0,52.1,165.7,0.0,15,4.0,1.094049904,0.0,0.0,0.0,0.0,0.0,0.0,0.0,0.0,4.0,0.0,10.7,0.0,0.0,0.0,11.386,0.0,0.0,18.9754772,0.3690105507,-0.334475068,0.0,10.0,7.0,0.0
1903,0.0,0.0,0.0,0.0,0.0,0.0,0.0,114.0,70.0,4.0,55.33826914,165.1,0.0,16,5.0,0.9938872476,106.0,53.0,0.0,59.0,0.0,5.5,38.0,0.0,4.0,1.53,8.4,0.0,0.0,3.0,24.166,0.0,0.0,20.301654134,0.4826752276,-0.043440423,0.0,10.0,0.0,0.0
1903,0.0,0.0,0.0,0.0,0.0,0.0,0.0,115.0,77.0,4.0,54.74859905899999,165.608,0.0,18,7.0,0.0,106.0,53.0,171.0,59.0,0.0,5.5,30.0,0.0,4.0,1.53,9.9,0.0,0.0,3.0,43.917,0.0,0.0,19.962291172,0.3224551906,-0.460844209,0.0,10.0,0.0,0.0
1903,0.0,0.0,0.0,0.0,0.0,0.0,0.0,115.0,72.0,4.0,57.3,165.9,0.0,18,8.0,0.8551483420999999,112.0,55.0,192.0,124.0,0.0,5.5,25.0,4.0,0.0,2.532,8.5,0.0,0.0,5.0,52.979,0.0,0.0,20.819095143,0.44182203859999997,-0.146351291,0.0,10.0,0.0,0.0
1903,0.0,0.0,0.0,0.0,0.0,0.0,0.0,102.0,79.0,4.0,54.9,165.1,0.0,19,9.0,0.5974499089,102.0,55.0,188.0,153.0,0.0,5.5,16.8,4.0,0.0,0.958,9.5,0.0,0.0,0.0,66.988,0.0,0.0,20.140868684,0.3120415768,-0.49007171299999996,0.0,10.0,0.0,0.0
