PtID,Pt_CGMUseNumDays,Pt_FatherT1D,Pt_MotherT1D,Pt_SiblingT1D,Pt_ChildT1D,Pt_GrandchildT1D,Pt_GrandparentT1D,BldPrSys,BldPrDia,SMBGperDayPtMeterCombo,WeightKg,HeightCm,DirectLDL,age,diabDur,TotalDailyInsPerKg,LDL,HDL,TotChol,Triglyc,BUN,AlbCreatRat_mggNew,UnitsInsBasalOrLongAct,BGTestAvgNumMeter,BGTestAvgNumPtRep,TSH,HbA1c,AutonomicNeuroCl,Pt_InsGov,NumPumpBolusOrShortAct,HbA1cImputeDtMnC,Pt_SHFlg,Pt_DKAFlg,bmi,bmiPerc,bmiZscore,GFR,diagAgeCombo,Pt_A1cGoalLev,Pt_A1cGoalLevelDsYr5
19187,0.0,0.0,0.0,0.0,0.0,0.0,0.0,110.0,72.0,3.0,89.5,173.0,0.0,54,11.0,0.905027933,61.0,32.0,109.0,82.0,19.0,48.7,0.0,0.0,3.0,0.0,5.4,1.0,0.0,5.0,-0.465,0.0,0.0,29.904106385,0.0,0.1593712368,0.0,43.0,0.0,0.0
19187,0.0,0.0,0.0,0.0,0.0,0.0,0.0,126.0,76.0,0.0,92.6,172.9,0.0,55,12.0,0.7559395248,65.0,35.0,0.0,112.0,17.0,89.3,0.0,0.0,4.0,0.0,6.6,1.0,0.0,6.0,15.700999999999999,0.0,0.0,30.975690773,0.0,0.3012023336,0.0,43.0,6.2,0.0
19187,0.0,0.0,0.0,0.0,0.0,0.0,0.0,105.0,63.0,3.0,83.6,172.2,0.0,57,14.0,0.47846889950000004,74.0,37.0,0.0,123.0,17.0,191.7,10.0,3.0,0.0,2.62,5.0,1.0,0.0,9.0,31.866999999999997,0.0,0.0,28.19291508,0.0,-0.06711595599999999,0.0,43.0,0.0,0.0
19187,0.0,0.0,0.0,0.0,0.0,0.0,0.0,122.0,72.0,1.0,85.1,173.5,0.0,57,14.0,0.4935370153,61.0,33.0,0.0,80.0,25.0,85.3,10.0,1.0,0.0,1.45,5.5,1.0,0.0,8.0,40.929,0.0,0.0,28.27031202,0.0,-0.056871972,0.0,43.0,0.0,0.0
19187,0.0,0.0,0.0,0.0,0.0,0.0,0.0,114.0,76.0,3.0,88.2,173.6,1.0,58,15.0,0.5102040816,78.0,35.0,129.0,117.0,21.0,29.0,10.0,3.0,0.0,2.073,5.8,1.0,0.0,8.0,51.585,0.0,0.0,29.266389178,0.0,0.0749652563,99.0,43.0,0.0,0.0
19187,0.0,0.0,0.0,0.0,0.0,0.0,0.0,0.0,0.0,3.0,91.8,173.0,0.0,60,17.0,0.4466230937,69.0,36.0,124.0,93.0,23.0,29.0,11.0,3.0,4.0,2.41,5.6,1.0,0.0,7.0,68.979,0.0,0.0,30.672591801,0.0,0.3378971442,93.0,43.0,0.0,0.0
19187,0.0,0.0,0.0,0.0,0.0,0.0,0.0,124.0,72.0,3.0,95.1,173.2,0.0,61,18.0,0.5110410095,78.0,37.0,142.0,133.0,20.0,29.0,10.3,3.0,0.0,2.17,6.3,1.0,0.0,7.0,81.793,0.0,0.0,31.701859841999998,0.0,0.5340995253,90.0,43.0,0.0,0.0
