PtID,Pt_CGMUseNumDays,Pt_FatherT1D,Pt_MotherT1D,Pt_SiblingT1D,Pt_ChildT1D,Pt_GrandchildT1D,Pt_GrandparentT1D,BldPrSys,BldPrDia,SMBGperDayPtMeterCombo,WeightKg,HeightCm,DirectLDL,age,diabDur,TotalDailyInsPerKg,LDL,HDL,TotChol,Triglyc,BUN,AlbCreatRat_mggNew,UnitsInsBasalOrLongAct,BGTestAvgNumMeter,BGTestAvgNumPtRep,TSH,HbA1c,AutonomicNeuroCl,Pt_InsGov,NumPumpBolusOrShortAct,HbA1cImputeDtMnC,Pt_SHFlg,Pt_DKAFlg,bmi,bmiPerc,bmiZscore,GFR,diagAgeCombo,Pt_A1cGoalLev,Pt_A1cGoalLevelDsYr5
19221,0.0,0.0,0.0,0.0,0.0,0.0,0.0,99.0,60.0,10.0,19.5,107.4,0.0,5,3.0,0.6153846154,0.0,0.0,0.0,0.0,9.0,0.0,0.0,10.0,0.0,0.0,7.9,0.0,1.0,0.0,0.0,0.0,0.0,16.90542326,0.8623106222,1.090759423,0.0,2.0,0.0,0.0
19221,0.0,0.0,0.0,0.0,0.0,0.0,0.0,110.0,59.0,10.0,19.9,112.5,0.0,6,3.0,0.2512562814,0.0,0.0,0.0,0.0,0.0,0.0,0.0,10.0,8.0,0.0,7.7,0.0,0.0,5.0,8.133,0.0,0.0,15.72345679,0.6318595706,0.33678250979999996,0.0,2.0,6.7,0.0
19221,0.0,0.0,0.0,0.0,0.0,0.0,0.0,97.0,63.0,10.0,23.7,120.2,0.0,7,5.0,0.6751054851999999,0.0,0.0,0.0,0.0,15.0,7.0,8.0,10.0,0.0,0.0,7.7,0.0,0.0,5.0,24.465,0.0,0.0,16.403609070999998,0.7014563974,0.5285938822,0.0,2.0,0.0,0.0
19221,0.0,0.0,0.0,0.0,0.0,0.0,0.0,104.0,71.0,9.0,27.9,127.4,0.0,8,6.0,0.6093189964,0.0,0.0,0.0,0.0,0.0,7.0,8.0,9.0,0.0,0.0,7.6,0.0,0.0,5.0,38.34,0.0,0.0,17.189583236,0.7402087847,0.6439892104,0.0,2.0,0.0,0.0
19221,0.0,0.0,0.0,0.0,0.0,0.0,0.0,106.0,72.0,8.0,29.4,130.5,0.0,9,7.0,0.6462585034,0.0,0.0,0.0,0.0,0.0,7.0,9.0,8.0,0.0,1.08,7.7,0.0,0.0,0.0,51.452,0.0,0.0,17.263398952,0.6654141637,0.4272851157,0.0,2.0,0.0,0.0
19221,0.0,0.0,0.0,0.0,0.0,0.0,0.0,0.0,0.0,5.0,33.8,142.0,0.0,10,8.0,0.7100591716,0.0,0.0,0.0,0.0,22.0,7.0,12.0,5.0,0.0,0.0,9.0,0.0,0.0,3.0,61.245,0.0,0.0,16.762547114,0.48683398759999996,-0.033008292,0.0,2.0,0.0,0.0
19221,1.0,0.0,0.0,0.0,0.0,0.0,0.0,100.0,80.0,3.0,37.7,143.4,0.0,10,8.0,0.7692307692,0.0,0.0,0.0,0.0,0.0,7.0,14.0,3.0,0.0,0.0,10.4,0.0,0.0,4.0,67.253,0.0,0.0,18.333401415,0.715008436,0.5680763467000001,0.0,2.0,0.0,0.0
