PtID,Pt_CGMUseNumDays,Pt_FatherT1D,Pt_MotherT1D,Pt_SiblingT1D,Pt_ChildT1D,Pt_GrandchildT1D,Pt_GrandparentT1D,BldPrSys,BldPrDia,SMBGperDayPtMeterCombo,WeightKg,HeightCm,DirectLDL,age,diabDur,TotalDailyInsPerKg,LDL,HDL,TotChol,Triglyc,BUN,AlbCreatRat_mggNew,UnitsInsBasalOrLongAct,BGTestAvgNumMeter,BGTestAvgNumPtRep,TSH,HbA1c,AutonomicNeuroCl,Pt_InsGov,NumPumpBolusOrShortAct,HbA1cImputeDtMnC,Pt_SHFlg,Pt_DKAFlg,bmi,bmiPerc,bmiZscore,GFR,diagAgeCombo,Pt_A1cGoalLev,Pt_A1cGoalLevelDsYr5
19248,0.0,0.0,0.0,0.0,0.0,0.0,0.0,128.0,74.0,7.0,0.0,0.0,0.0,50,19.0,0.0,64.0,59.0,145.0,110.0,36.0,673.2,0.0,0.0,7.0,0.0,7.1,1.0,1.0,0.0,0.299,0.0,0.0,0.0,0.0,0.0,0.0,31.0,0.0,0.0
19248,0.0,0.0,0.0,0.0,0.0,0.0,0.0,140.0,90.0,6.0,58.9670081,151.8,0.0,51,20.0,0.7122626931999999,86.0,72.0,0.0,89.0,0.0,1349.0,0.0,0.0,6.0,0.0,6.9,1.0,1.0,0.0,21.378,0.0,0.0,25.589720933000002,0.0,-0.37126759200000004,0.0,31.0,7.0,0.0
19248,0.0,0.0,0.0,0.0,0.0,0.0,0.0,154.0,90.0,4.0,0.0,0.0,0.0,52,21.0,0.0,75.0,70.0,0.0,103.0,52.0,2031.0,12.0,0.0,4.0,0.0,7.0,1.0,0.0,3.0,34.622,0.0,0.0,0.0,0.0,0.0,33.0,31.0,0.0,0.0
19248,0.0,0.0,0.0,0.0,0.0,0.0,0.0,134.0,80.0,4.0,0.0,0.0,0.0,54,23.0,0.0,87.0,83.0,0.0,137.0,41.0,2619.0,12.0,0.0,4.0,0.0,6.8,1.0,0.0,3.0,48.332,0.0,0.0,0.0,0.0,0.0,27.0,31.0,0.0,0.0
19248,0.0,0.0,0.0,0.0,0.0,0.0,0.0,154.0,80.0,4.0,64.41011654,160.02,0.0,55,24.0,0.0,91.0,72.0,0.0,118.0,44.0,3538.0,12.0,0.0,4.0,0.0,7.2,1.0,0.0,0.0,64.83,0.0,0.0,25.153912902,0.0,-0.41608446,16.0,31.0,0.0,0.0
19248,0.0,0.0,0.0,0.0,0.0,0.0,0.0,162.0,70.0,4.0,66.995593049,160.02,1.0,56,25.0,0.0,84.0,0.0,0.0,0.0,92.0,3538.0,11.0,0.0,4.0,0.0,6.7,1.0,0.0,0.0,74.124,0.0,0.0,26.163612223,0.0,-0.312250759,5.0,31.0,0.0,0.0
19248,0.0,0.0,0.0,0.0,0.0,0.0,0.0,144.0,62.0,5.0,59.329881996000005,160.02,0.0,57,26.0,0.0,90.0,73.0,0.0,83.0,52.0,3538.0,12.0,0.0,5.0,0.0,0.0,1.0,1.0,0.0,0.0,0.0,0.0,23.169942307,0.0,-0.620108573,7.0,31.0,0.0,0.0
