PtID,Pt_CGMUseNumDays,Pt_FatherT1D,Pt_MotherT1D,Pt_SiblingT1D,Pt_ChildT1D,Pt_GrandchildT1D,Pt_GrandparentT1D,BldPrSys,BldPrDia,SMBGperDayPtMeterCombo,WeightKg,HeightCm,DirectLDL,age,diabDur,TotalDailyInsPerKg,LDL,HDL,TotChol,Triglyc,BUN,AlbCreatRat_mggNew,UnitsInsBasalOrLongAct,BGTestAvgNumMeter,BGTestAvgNumPtRep,TSH,HbA1c,AutonomicNeuroCl,Pt_InsGov,NumPumpBolusOrShortAct,HbA1cImputeDtMnC,Pt_SHFlg,Pt_DKAFlg,bmi,bmiPerc,bmiZscore,GFR,diagAgeCombo,Pt_A1cGoalLev,Pt_A1cGoalLevelDsYr5
19277,0.0,0.0,0.0,0.0,0.0,0.0,0.0,115.0,53.0,3.0,75.9,168.4,1.0,14,12.0,0.8036890645999999,104.0,42.0,0.0,57.0,0.0,6.0,0.0,3.0,5.0,0.0,7.8,0.0,0.0,5.0,0.033,0.0,0.0,26.764405526999997,0.9437926408,1.5874325225,0.0,2.0,0.0,0.0
19277,0.0,0.0,0.0,0.0,0.0,0.0,0.0,118.0,64.0,3.0,75.4,170.1,0.0,15,13.0,0.7957559681999999,0.0,0.0,0.0,0.0,0.0,0.0,0.0,0.0,3.0,0.0,8.1,0.0,0.0,5.0,14.970999999999998,0.0,0.0,26.059298383,0.9158191612000001,1.3774871737,0.0,2.0,7.0,0.0
19277,0.0,0.0,0.0,0.0,0.0,0.0,0.0,114.0,68.0,0.0,77.4,171.6,1.0,16,14.0,0.0,108.0,44.0,160.0,38.0,0.0,8.0,31.0,0.0,0.0,3.623,8.0,0.0,0.0,0.0,23.303,0.0,0.0,26.284903906999997,0.9047424897,1.3090570677,0.0,2.0,0.0,0.0
19277,0.0,0.0,0.0,0.0,0.0,0.0,0.0,108.0,56.0,0.0,80.2,170.5,1.0,17,15.0,0.0,92.0,40.0,152.0,101.0,0.0,0.0,30.0,0.0,0.0,2.845,7.9,0.0,0.0,0.0,35.419000000000004,0.0,0.0,27.588342034,0.9201407931000001,1.4060192328,0.0,2.0,0.0,0.0
19277,0.0,0.0,0.0,0.0,0.0,0.0,0.0,117.0,64.0,4.0,77.6,170.8,0.0,18,16.0,0.7731958763,0.0,0.0,0.0,0.0,10.0,0.0,30.0,0.0,4.0,1.244,10.0,0.0,0.0,6.0,48.531000000000006,0.0,0.0,26.600266551,0.8827292561,1.1887412888,0.0,2.0,0.0,0.0
19277,0.0,0.0,0.0,0.0,0.0,0.0,0.0,131.0,75.0,3.0,79.8,170.8,0.0,19,17.0,0.0,99.0,50.0,162.0,66.0,0.0,0.0,0.0,3.0,4.0,1.8159999999999998,8.8,0.0,0.0,0.0,61.676,0.0,0.0,27.354397819000003,0.8905602287000001,1.2295129578,0.0,2.0,0.0,0.0
19277,0.0,0.0,0.0,0.0,0.0,0.0,0.0,136.0,76.0,0.0,83.1,171.2,0.0,20,18.0,0.0,0.0,0.0,0.0,0.0,0.0,0.0,21.0,0.0,0.0,1.5230000000000001,9.7,0.0,0.0,0.0,72.96300000000001,0.0,0.0,28.352639969000002,0.9029576387999999,0.2093552661,0.0,2.0,0.0,0.0
