PtID,Pt_CGMUseNumDays,Pt_FatherT1D,Pt_MotherT1D,Pt_SiblingT1D,Pt_ChildT1D,Pt_GrandchildT1D,Pt_GrandparentT1D,BldPrSys,BldPrDia,SMBGperDayPtMeterCombo,WeightKg,HeightCm,DirectLDL,age,diabDur,TotalDailyInsPerKg,LDL,HDL,TotChol,Triglyc,BUN,AlbCreatRat_mggNew,UnitsInsBasalOrLongAct,BGTestAvgNumMeter,BGTestAvgNumPtRep,TSH,HbA1c,AutonomicNeuroCl,Pt_InsGov,NumPumpBolusOrShortAct,HbA1cImputeDtMnC,Pt_SHFlg,Pt_DKAFlg,bmi,bmiPerc,bmiZscore,GFR,diagAgeCombo,Pt_A1cGoalLev,Pt_A1cGoalLevelDsYr5
1928,0.0,0.0,0.0,0.0,0.0,0.0,0.0,105.0,60.0,8.0,13.1,120.3,0.0,7,3.0,0.8396946565000001,79.0,112.0,201.0,51.0,0.0,15.0,0.0,0.0,8.0,0.0,8.3,0.0,0.0,4.0,0.0,0.0,0.0,9.0519061172,2.409479e-35,-12.35086649,0.0,3.0,0.0,0.0
1928,0.0,0.0,0.0,0.0,0.0,0.0,0.0,113.0,61.0,10.0,22.4,127.8,0.0,8,4.0,0.44642857140000003,70.0,100.0,188.0,88.0,0.0,7.0,0.0,0.0,10.0,0.0,8.2,0.0,0.0,0.0,13.046,0.0,1.0,13.714699954,0.0698505445,-1.476905058,0.0,3.0,7.8,0.0
1928,0.0,0.0,0.0,0.0,0.0,0.0,0.0,108.0,61.0,0.0,24.4,133.2,0.0,9,5.0,0.0,92.0,95.0,206.0,97.0,0.0,11.0,6.0,0.0,0.0,2.92,8.3,0.0,0.0,0.0,26.256999999999998,0.0,0.0,13.75249123,0.0516547299,-1.6290168130000002,0.0,3.0,0.0,0.0
1928,0.0,0.0,0.0,0.0,0.0,0.0,0.0,108.0,55.0,7.0,27.4,137.2,0.0,10,6.0,0.0,56.0,82.0,158.0,98.0,0.0,13.0,8.0,7.0,0.0,5.07,8.3,0.0,0.0,0.0,39.27,0.0,0.0,14.556009825999999,0.10501351910000001,-1.2534910940000001,0.0,3.0,0.0,0.0
1928,0.0,0.0,0.0,0.0,0.0,0.0,0.0,101.0,62.0,9.0,28.8,141.9,0.0,11,7.0,0.0,0.0,0.0,0.0,0.0,0.0,3.9,9.0,9.0,0.0,0.0,8.2,0.0,0.0,0.0,49.261,0.0,0.0,14.303018384000001,0.044077844299999995,-1.705207731,0.0,3.0,0.0,0.0
1928,30.0,0.0,0.0,0.0,0.0,0.0,0.0,113.0,72.0,5.0,35.3,149.4,0.0,12,8.0,0.0,70.0,70.0,169.0,145.0,0.0,3.9,11.0,5.0,5.0,3.13,7.8,0.0,0.0,0.0,63.668,0.0,0.0,15.815157102999999,0.1512030267,-1.031287425,0.0,3.0,0.0,0.0
1928,0.0,0.0,0.0,0.0,0.0,0.0,0.0,112.0,64.0,5.0,38.6,155.5,0.0,13,9.0,1.0621761658,0.0,0.0,0.0,0.0,0.0,3.9,12.0,5.0,0.0,0.0,7.2,0.0,0.0,0.0,73.892,0.0,0.0,15.963441238,0.1082660388,-1.235802252,0.0,3.0,0.0,0.0
