PtID,Pt_CGMUseNumDays,Pt_FatherT1D,Pt_MotherT1D,Pt_SiblingT1D,Pt_ChildT1D,Pt_GrandchildT1D,Pt_GrandparentT1D,BldPrSys,BldPrDia,SMBGperDayPtMeterCombo,WeightKg,HeightCm,DirectLDL,age,diabDur,TotalDailyInsPerKg,LDL,HDL,TotChol,Triglyc,BUN,AlbCreatRat_mggNew,UnitsInsBasalOrLongAct,BGTestAvgNumMeter,BGTestAvgNumPtRep,TSH,HbA1c,AutonomicNeuroCl,Pt_InsGov,NumPumpBolusOrShortAct,HbA1cImputeDtMnC,Pt_SHFlg,Pt_DKAFlg,bmi,bmiPerc,bmiZscore,GFR,diagAgeCombo,Pt_A1cGoalLev,Pt_A1cGoalLevelDsYr5
19312,0.0,0.0,0.0,0.0,0.0,0.0,0.0,122.0,90.0,6.0,82.281655918,157.48,0.0,33,21.0,0.8507364031,177.0,75.0,0.0,194.0,12.0,6.0,0.0,0.0,6.0,0.0,7.1,0.0,0.0,8.0,0.0,1.0,0.0,33.17815342,0.0,0.605397131,0.0,12.0,0.0,0.0
19312,0.0,0.0,0.0,0.0,0.0,0.0,0.0,0.0,0.0,3.0,0.0,0.0,0.0,33,21.0,0.0,0.0,0.0,0.0,0.0,0.0,0.0,0.0,0.0,3.0,0.0,8.0,0.0,0.0,0.0,11.22,1.0,0.0,0.0,0.0,0.0,0.0,12.0,6.2,0.0
19312,0.0,0.0,0.0,0.0,0.0,0.0,0.0,122.0,82.0,4.0,77.1107029,157.48,0.0,34,22.0,0.9726276273000001,147.0,80.0,248.0,105.0,17.0,9.8,0.0,0.0,4.0,0.68,7.7,0.0,0.0,0.0,21.842,0.0,0.0,31.093087549,0.0,0.36624286710000004,95.8,12.0,0.0,0.0
19312,0.0,0.0,0.0,0.0,0.0,0.0,0.0,126.0,82.0,2.0,82.10021897,158.24200000000002,0.0,36,24.0,0.609011774,146.0,77.0,0.0,76.0,0.0,15.7,22.0,0.0,2.0,0.16,8.0,0.0,0.0,4.0,34.855,0.0,0.0,32.786932673,0.0,0.5605246351,0.0,12.0,0.0,0.0
19312,0.0,0.0,0.0,0.0,0.0,0.0,0.0,124.0,60.0,2.0,82.73524828800001,157.734,0.0,37,25.0,0.6285108352000001,167.0,64.0,0.0,74.0,14.0,3.4,39.0,2.0,3.0,0.15,7.7,0.0,0.0,6.0,48.199,0.0,0.0,33.253697435,0.0,0.6140619284000001,94.2,12.0,0.0,0.0
19312,0.0,0.0,0.0,0.0,0.0,0.0,0.0,128.0,70.0,2.0,77.1107029,157.988,0.0,39,27.0,0.0,167.0,77.0,0.0,107.0,0.0,3.4,0.0,0.0,2.0,9.56,8.7,0.0,0.0,0.0,73.726,0.0,0.0,30.893453474,0.0,0.34334510590000006,0.0,12.0,0.0,0.0
