PtID,Pt_CGMUseNumDays,Pt_FatherT1D,Pt_MotherT1D,Pt_SiblingT1D,Pt_ChildT1D,Pt_GrandchildT1D,Pt_GrandparentT1D,BldPrSys,BldPrDia,SMBGperDayPtMeterCombo,WeightKg,HeightCm,DirectLDL,age,diabDur,TotalDailyInsPerKg,LDL,HDL,TotChol,Triglyc,BUN,AlbCreatRat_mggNew,UnitsInsBasalOrLongAct,BGTestAvgNumMeter,BGTestAvgNumPtRep,TSH,HbA1c,AutonomicNeuroCl,Pt_InsGov,NumPumpBolusOrShortAct,HbA1cImputeDtMnC,Pt_SHFlg,Pt_DKAFlg,bmi,bmiPerc,bmiZscore,GFR,diagAgeCombo,Pt_A1cGoalLev,Pt_A1cGoalLevelDsYr5
19350,0.0,0.0,0.0,0.0,0.0,0.0,0.0,124.0,67.0,0.0,74.2,179.1,0.0,15,7.0,0.5121293801,63.0,51.0,0.0,35.0,16.0,10.6,0.0,0.0,4.0,0.0,6.8,0.0,0.0,8.0,-0.465,0.0,0.0,23.131976029,0.8343903242,0.9716607454,0.0,7.0,0.0,0.0
19350,0.0,0.0,0.0,0.0,0.0,0.0,0.0,118.0,70.0,3.0,75.5,179.7,1.0,17,9.0,0.5960264901,74.0,55.0,0.0,51.0,0.0,60.5,0.0,0.0,3.0,0.0,7.9,0.0,0.0,5.0,22.838,0.0,0.0,23.380338653000003,0.7470503789,0.6652364939000001,0.0,7.0,6.0,0.0
19350,0.0,0.0,0.0,0.0,0.0,0.0,0.0,137.0,74.0,0.0,79.2,179.4,0.0,19,11.0,0.47979797979999994,0.0,0.0,138.0,50.0,0.0,0.0,26.0,0.0,0.0,2.71,7.9,0.0,0.0,6.0,45.842,0.0,0.0,24.608225859,0.7355994748000001,0.6298372822,0.0,7.0,0.0,0.0
19350,0.0,0.0,0.0,0.0,0.0,0.0,0.0,0.0,0.0,4.0,112.6,185.4,0.0,20,12.0,0.8525754885,116.0,51.0,187.0,99.0,12.0,0.0,72.0,0.0,4.0,2.46,8.2,0.0,0.0,3.0,61.07899999999999,0.0,0.0,32.758117089,0.9734398931999999,1.2146589218000001,0.0,7.0,0.0,0.0
