PtID,Pt_CGMUseNumDays,Pt_FatherT1D,Pt_MotherT1D,Pt_SiblingT1D,Pt_ChildT1D,Pt_GrandchildT1D,Pt_GrandparentT1D,BldPrSys,BldPrDia,SMBGperDayPtMeterCombo,WeightKg,HeightCm,DirectLDL,age,diabDur,TotalDailyInsPerKg,LDL,HDL,TotChol,Triglyc,BUN,AlbCreatRat_mggNew,UnitsInsBasalOrLongAct,BGTestAvgNumMeter,BGTestAvgNumPtRep,TSH,HbA1c,AutonomicNeuroCl,Pt_InsGov,NumPumpBolusOrShortAct,HbA1cImputeDtMnC,Pt_SHFlg,Pt_DKAFlg,bmi,bmiPerc,bmiZscore,GFR,diagAgeCombo,Pt_A1cGoalLev,Pt_A1cGoalLevelDsYr5
19385,0.0,0.0,0.0,0.0,0.0,0.0,0.0,111.0,65.0,5.0,60.6,168.7,0.0,12,2.0,0.9075907591,0.0,0.0,0.0,0.0,0.0,0.0,0.0,0.0,5.0,0.0,11.7,0.0,0.0,0.0,0.0,0.0,0.0,21.293274804,0.8661080323,1.1081803501,0.0,10.0,0.0,0.0
19385,0.0,0.0,0.0,1.0,0.0,0.0,0.0,112.0,76.0,5.0,68.628525581,171.196,0.0,13,3.0,0.0,0.0,0.0,0.0,0.0,0.0,0.0,0.0,5.0,5.0,0.0,9.0,0.0,1.0,4.0,9.295,0.0,0.0,23.416255184,0.9138972165000001,1.3651510906,0.0,10.0,0.0,0.0
19385,0.0,0.0,0.0,0.0,0.0,0.0,0.0,117.0,74.0,1.0,73.48196394,172.72,0.0,15,5.0,0.9662234948,0.0,0.0,0.0,0.0,0.0,25.0,38.0,1.0,0.0,1.409,9.1,0.0,0.0,0.0,32.365,0.0,0.0,24.631762954000003,0.900545752,1.2846675109999999,0.0,10.0,0.0,0.0
19385,0.0,0.0,0.0,0.0,0.0,0.0,0.0,110.0,80.0,1.0,81.7,172.6,0.0,16,6.0,0.9179926561,73.0,44.0,144.0,135.0,0.0,25.0,37.0,1.0,0.0,1.58,8.5,0.0,0.0,5.0,44.382,0.0,0.0,27.424610851999997,0.9482831758,1.628430436,0.0,10.0,0.0,0.0
19385,0.0,0.0,0.0,0.0,0.0,0.0,0.0,116.0,72.0,4.0,73.7,173.5,0.0,17,7.0,0.8005427408,0.0,0.0,0.0,0.0,0.0,25.0,36.0,4.0,3.0,0.0,8.9,0.0,0.0,5.0,58.091,0.0,0.0,24.483219693000002,0.8261722003,0.9391463701999999,0.0,10.0,0.0,0.0
19385,0.0,0.0,0.0,0.0,0.0,0.0,0.0,116.0,68.0,9.0,76.5,173.5,0.0,18,8.0,0.8653594770999999,77.0,38.0,149.0,168.0,0.0,25.0,36.6,9.0,4.0,0.7929999999999999,9.0,0.0,0.0,7.0,68.913,0.0,0.0,25.413382720999998,0.8387105384,0.9891721473999999,0.0,10.0,0.0,0.0
