PtID,Pt_CGMUseNumDays,Pt_FatherT1D,Pt_MotherT1D,Pt_SiblingT1D,Pt_ChildT1D,Pt_GrandchildT1D,Pt_GrandparentT1D,BldPrSys,BldPrDia,SMBGperDayPtMeterCombo,WeightKg,HeightCm,DirectLDL,age,diabDur,TotalDailyInsPerKg,LDL,HDL,TotChol,Triglyc,BUN,AlbCreatRat_mggNew,UnitsInsBasalOrLongAct,BGTestAvgNumMeter,BGTestAvgNumPtRep,TSH,HbA1c,AutonomicNeuroCl,Pt_InsGov,NumPumpBolusOrShortAct,HbA1cImputeDtMnC,Pt_SHFlg,Pt_DKAFlg,bmi,bmiPerc,bmiZscore,GFR,diagAgeCombo,Pt_A1cGoalLev,Pt_A1cGoalLevelDsYr5
19414,0.0,0.0,0.0,0.0,0.0,0.0,0.0,128.0,78.0,6.0,72.9,119.2,0.0,14,8.0,2.0438957475999997,80.0,55.0,143.0,49.0,14.0,0.0,0.0,0.0,6.0,0.0,8.4,0.0,1.0,6.0,0.0,0.0,0.0,51.306810504,0.998397157,2.9472936718000002,0.0,6.0,0.0,0.0
19414,0.0,1.0,0.0,0.0,0.0,0.0,0.0,126.0,74.0,4.0,79.1,165.7,1.0,16,9.0,1.2642225031999998,147.0,39.0,221.0,274.0,19.0,0.0,0.0,0.0,4.0,0.0,8.4,0.0,1.0,0.0,12.979000000000001,0.0,0.0,28.809217784,0.9657418569,1.8215961459999999,0.0,6.0,0.0,0.0
19414,0.0,0.0,0.0,0.0,0.0,0.0,0.0,120.0,88.0,2.0,84.8,169.1,0.0,16,10.0,1.179245283,101.0,34.0,196.0,509.0,0.0,0.0,18.0,2.0,4.0,2.6239999999999997,8.7,0.0,0.0,0.0,24.066,0.0,0.0,29.655731231999997,0.972974108,1.9264213472,0.0,6.0,0.0,0.0
