PtID,Pt_CGMUseNumDays,Pt_FatherT1D,Pt_MotherT1D,Pt_SiblingT1D,Pt_ChildT1D,Pt_GrandchildT1D,Pt_GrandparentT1D,BldPrSys,BldPrDia,SMBGperDayPtMeterCombo,WeightKg,HeightCm,DirectLDL,age,diabDur,TotalDailyInsPerKg,LDL,HDL,TotChol,Triglyc,BUN,AlbCreatRat_mggNew,UnitsInsBasalOrLongAct,BGTestAvgNumMeter,BGTestAvgNumPtRep,TSH,HbA1c,AutonomicNeuroCl,Pt_InsGov,NumPumpBolusOrShortAct,HbA1cImputeDtMnC,Pt_SHFlg,Pt_DKAFlg,bmi,bmiPerc,bmiZscore,GFR,diagAgeCombo,Pt_A1cGoalLev,Pt_A1cGoalLevelDsYr5
19426,0.0,0.0,0.0,0.0,0.0,0.0,0.0,117.0,77.0,5.0,75.6,160.8,0.0,14,10.0,0.8333333333,0.0,0.0,141.0,0.0,0.0,4.1,0.0,0.0,5.0,0.0,8.0,0.0,0.0,12.0,0.0,0.0,0.0,29.23813767,0.9692107090000001,1.869318024,0.0,4.0,0.0,0.0
19426,0.0,0.0,0.0,0.0,0.0,0.0,0.0,116.0,80.0,6.0,82.8,159.6,0.0,15,11.0,0.0,0.0,0.0,176.0,0.0,0.0,5.4,0.0,6.0,7.0,0.0,8.0,0.0,0.0,0.0,12.083,0.0,0.0,32.506077223,0.980387785,2.0618246862,0.0,4.0,7.5,0.0
19426,0.0,0.0,0.0,0.0,0.0,0.0,0.0,115.0,85.0,7.0,84.3,160.5,0.0,16,12.0,0.6287069988,0.0,0.0,144.0,0.0,0.0,3.9,32.0,7.0,5.0,2.86,7.2,0.0,0.0,10.0,25.328000000000003,0.0,0.0,32.724837686,0.9772067003,1.9992011016,0.0,4.0,0.0,0.0
19426,0.0,0.0,0.0,0.0,0.0,0.0,0.0,125.0,82.0,0.0,81.7,161.4,0.0,17,13.0,0.0,0.0,0.0,127.0,0.0,0.0,5.1,0.0,0.0,0.0,2.26,6.9,0.0,0.0,0.0,37.643,0.0,0.0,31.362812073,0.9651911729000001,1.8143903248,0.0,4.0,0.0,0.0
19426,0.0,0.0,0.0,0.0,0.0,0.0,0.0,123.0,85.0,3.0,82.3,161.5,0.0,19,15.0,0.0,0.0,0.0,136.0,0.0,0.0,8.1,0.0,0.0,3.0,1.88,7.0,0.0,0.0,0.0,53.211999999999996,0.0,0.0,31.554026206,0.954917302,1.6945258918000001,0.0,4.0,0.0,0.0
19426,0.0,0.0,0.0,0.0,0.0,0.0,0.0,127.0,79.0,6.0,78.1,161.3,0.0,20,16.0,0.5377720871,70.0,41.0,124.0,66.0,8.0,1.5,22.0,6.0,0.0,2.44,6.3,0.0,0.0,8.0,69.942,0.0,0.0,30.018037727,0.9313048552,0.4339145961,0.0,4.0,0.0,0.0
19426,0.0,0.0,0.0,0.0,0.0,0.0,0.0,135.0,81.0,2.0,70.1,161.4,0.0,21,17.0,0.0,0.0,0.0,0.0,0.0,0.0,1.5,0.0,0.0,2.0,0.0,6.4,0.0,0.0,0.0,80.166,0.0,0.0,26.909830188,0.0,0.014809311,0.0,4.0,0.0,0.0
