PtID,Pt_CGMUseNumDays,Pt_FatherT1D,Pt_MotherT1D,Pt_SiblingT1D,Pt_ChildT1D,Pt_GrandchildT1D,Pt_GrandparentT1D,BldPrSys,BldPrDia,SMBGperDayPtMeterCombo,WeightKg,HeightCm,DirectLDL,age,diabDur,TotalDailyInsPerKg,LDL,HDL,TotChol,Triglyc,BUN,AlbCreatRat_mggNew,UnitsInsBasalOrLongAct,BGTestAvgNumMeter,BGTestAvgNumPtRep,TSH,HbA1c,AutonomicNeuroCl,Pt_InsGov,NumPumpBolusOrShortAct,HbA1cImputeDtMnC,Pt_SHFlg,Pt_DKAFlg,bmi,bmiPerc,bmiZscore,GFR,diagAgeCombo,Pt_A1cGoalLev,Pt_A1cGoalLevelDsYr5
19471,0.0,0.0,0.0,0.0,0.0,0.0,0.0,100.0,67.0,7.0,41.1,141.6,0.0,9,0.0,0.3406326034,0.0,0.0,0.0,0.0,0.0,0.0,0.0,0.0,7.0,0.0,6.8,0.0,0.0,0.0,0.0,0.0,0.0,20.498180599,0.937373145,1.5330898831,0.0,8.0,0.0,0.0
19471,0.0,0.0,0.0,0.0,0.0,0.0,0.0,110.0,60.0,5.0,48.1,148.5,0.0,10,1.0,0.2702702703,0.0,0.0,152.0,0.0,0.0,0.0,0.0,0.0,5.0,0.0,10.3,0.0,0.0,0.0,16.498,0.0,0.0,21.81183326,0.94437107,1.5925647795,0.0,8.0,0.0,0.0
19471,0.0,0.0,0.0,0.0,0.0,0.0,0.0,127.0,81.0,1.0,50.2,154.0,0.0,11,2.0,0.0,89.0,76.0,178.0,64.0,0.0,0.0,16.0,1.0,0.0,2.48,11.7,0.0,0.0,0.0,29.011999999999997,0.0,0.0,21.167144544,0.8987726047,1.2745888937,0.0,8.0,0.0,0.0
19471,0.0,0.0,0.0,0.0,0.0,0.0,0.0,121.0,77.0,2.0,57.8,161.7,0.0,12,3.0,0.0,89.0,76.0,178.0,64.0,0.0,7.2,22.0,2.0,0.0,0.0,11.3,0.0,0.0,0.0,42.821999999999996,0.0,0.0,22.105879514,0.9003566039,1.2835861673,0.0,8.0,0.0,0.0
19471,0.0,0.0,0.0,0.0,0.0,0.0,0.0,136.0,78.0,3.0,69.6,169.3,0.0,13,4.0,0.0,85.0,59.0,195.0,256.0,14.0,7.2,34.0,3.0,4.0,1.08,11.3,0.0,0.0,0.0,56.498000000000005,0.0,0.0,24.282607687,0.9349859654000001,1.5139912088999998,0.0,8.0,0.0,0.0
19471,0.0,0.0,0.0,0.0,0.0,0.0,0.0,120.0,78.0,10.0,80.4,170.4,0.0,14,5.0,0.0,0.0,0.0,0.0,0.0,0.0,7.2,37.0,0.0,10.0,0.0,12.8,0.0,0.0,0.0,63.733999999999995,0.0,0.0,27.68961185,0.9687070503,1.8621219734,0.0,8.0,0.0,0.0
