PtID,Pt_CGMUseNumDays,Pt_FatherT1D,Pt_MotherT1D,Pt_SiblingT1D,Pt_ChildT1D,Pt_GrandchildT1D,Pt_GrandparentT1D,BldPrSys,BldPrDia,SMBGperDayPtMeterCombo,WeightKg,HeightCm,DirectLDL,age,diabDur,TotalDailyInsPerKg,LDL,HDL,TotChol,Triglyc,BUN,AlbCreatRat_mggNew,UnitsInsBasalOrLongAct,BGTestAvgNumMeter,BGTestAvgNumPtRep,TSH,HbA1c,AutonomicNeuroCl,Pt_InsGov,NumPumpBolusOrShortAct,HbA1cImputeDtMnC,Pt_SHFlg,Pt_DKAFlg,bmi,bmiPerc,bmiZscore,GFR,diagAgeCombo,Pt_A1cGoalLev,Pt_A1cGoalLevelDsYr5
19538,0.0,1.0,0.0,0.0,0.0,0.0,1.0,98.0,49.0,6.0,34.1,135.4,0.0,9,6.0,0.6158357771,72.0,64.0,0.0,50.0,9.0,0.0,0.0,6.0,8.0,0.0,8.5,0.0,0.0,6.0,0.0,0.0,0.0,18.600175856,0.8142946195,0.8938339135,0.0,2.0,0.0,0.0
19538,0.0,0.0,0.0,0.0,0.0,0.0,0.0,94.0,52.0,4.0,46.9,150.2,0.0,12,10.0,0.7675906183,0.0,0.0,144.0,52.0,0.0,0.0,15.0,4.0,0.0,2.32,8.5,0.0,0.0,4.0,44.148999999999994,0.0,0.0,20.788970232,0.7951885784,0.8245575267,0.0,2.0,0.0,0.0
19538,0.0,0.0,0.0,0.0,0.0,0.0,0.0,109.0,56.0,4.0,0.0,0.0,0.0,13,11.0,0.0,70.0,57.0,143.0,83.0,0.0,0.0,20.0,4.0,0.0,2.53,10.5,0.0,0.0,4.0,57.394,0.0,0.0,0.0,0.0,0.0,0.0,2.0,0.0,0.0
19538,0.0,0.0,0.0,0.0,0.0,0.0,0.0,107.0,60.0,3.0,60.1,163.6,0.0,14,12.0,0.9650582363,81.0,62.0,161.0,87.0,0.0,7.6,25.0,3.0,5.0,1.66,10.1,0.0,0.0,3.0,67.154,0.0,0.0,22.454731858000002,0.804581764,0.8581014043999999,0.0,2.0,0.0,0.0
