PtID,Pt_CGMUseNumDays,Pt_FatherT1D,Pt_MotherT1D,Pt_SiblingT1D,Pt_ChildT1D,Pt_GrandchildT1D,Pt_GrandparentT1D,BldPrSys,BldPrDia,SMBGperDayPtMeterCombo,WeightKg,HeightCm,DirectLDL,age,diabDur,TotalDailyInsPerKg,LDL,HDL,TotChol,Triglyc,BUN,AlbCreatRat_mggNew,UnitsInsBasalOrLongAct,BGTestAvgNumMeter,BGTestAvgNumPtRep,TSH,HbA1c,AutonomicNeuroCl,Pt_InsGov,NumPumpBolusOrShortAct,HbA1cImputeDtMnC,Pt_SHFlg,Pt_DKAFlg,bmi,bmiPerc,bmiZscore,GFR,diagAgeCombo,Pt_A1cGoalLev,Pt_A1cGoalLevelDsYr5
19548,0.0,0.0,0.0,0.0,0.0,0.0,0.0,102.0,64.0,6.0,77.745732218,158.75,0.0,34,28.0,0.9646831776000001,140.0,42.0,195.0,63.0,12.0,4.2,0.0,0.0,6.0,0.0,0.0,0.0,0.0,3.0,0.0,0.0,0.0,30.849568243,0.0,0.3383115287,0.0,6.0,0.0,0.0
19548,27.0,0.0,0.0,0.0,0.0,0.0,0.0,110.0,70.0,6.0,77.5,158.75,0.0,36,30.0,0.5806451613,106.0,34.0,147.0,35.0,11.0,1.3,0.0,0.0,6.0,0.0,7.2,0.0,0.0,0.0,15.635,0.0,0.0,30.752061504,0.0,0.32712763629999997,0.0,6.0,6.5,0.0
19548,0.0,0.0,0.0,0.0,0.0,0.0,0.0,129.0,80.0,3.0,78.92507238,158.75,0.0,37,31.0,0.5574907779,96.0,53.0,156.0,33.0,10.0,0.0,25.0,3.0,0.0,0.0,6.8,0.0,0.0,20.0,25.361,0.0,0.0,31.317531355,0.0,0.39198627119999996,0.0,6.0,0.0,0.0
19548,0.0,0.0,0.0,0.0,0.0,0.0,0.0,143.0,79.0,4.0,77.56429527,160.02,0.0,38,32.0,0.554378788,0.0,0.0,0.0,0.0,14.0,0.0,25.0,4.0,0.0,1.82,6.7,0.0,0.0,0.0,37.378,0.0,0.0,30.290979622,0.0,0.2742421616,0.0,6.0,0.0,0.0
19548,0.0,0.0,0.0,0.0,0.0,0.0,0.0,142.0,86.0,0.0,84.36818082,160.02,0.0,39,33.0,0.48596520159999995,81.0,60.0,154.0,64.0,10.0,0.0,0.0,0.0,0.0,0.318,6.5,0.0,0.0,0.0,57.891999999999996,0.0,0.0,32.948083097,0.0,0.579008373,0.0,6.0,0.0,0.0
19548,0.0,0.0,0.0,0.0,0.0,0.0,0.0,125.0,80.0,4.0,85.72895793,160.0,0.0,40,34.0,0.4665867983,89.0,55.0,155.0,54.0,11.0,0.0,23.0,4.0,0.0,1.05,6.3,0.0,0.0,0.0,67.55199999999999,0.0,0.0,33.487874190999996,0.0,0.43669593240000004,0.0,6.0,0.0,0.0
