PtID,Pt_CGMUseNumDays,Pt_FatherT1D,Pt_MotherT1D,Pt_SiblingT1D,Pt_ChildT1D,Pt_GrandchildT1D,Pt_GrandparentT1D,BldPrSys,BldPrDia,SMBGperDayPtMeterCombo,WeightKg,HeightCm,DirectLDL,age,diabDur,TotalDailyInsPerKg,LDL,HDL,TotChol,Triglyc,BUN,AlbCreatRat_mggNew,UnitsInsBasalOrLongAct,BGTestAvgNumMeter,BGTestAvgNumPtRep,TSH,HbA1c,AutonomicNeuroCl,Pt_InsGov,NumPumpBolusOrShortAct,HbA1cImputeDtMnC,Pt_SHFlg,Pt_DKAFlg,bmi,bmiPerc,bmiZscore,GFR,diagAgeCombo,Pt_A1cGoalLev,Pt_A1cGoalLevelDsYr5
19558,0.0,0.0,0.0,0.0,0.0,0.0,0.0,142.0,60.0,4.0,72.4,177.3,0.0,16,0.0,0.5939226518999999,0.0,0.0,0.0,0.0,9.0,0.0,0.0,0.0,4.0,0.0,10.3,0.0,0.0,0.0,0.0,0.0,0.0,23.031440143,0.7774714613,0.7636814840999999,0.0,16.0,0.0,0.0
19558,0.0,0.0,0.0,0.0,0.0,0.0,0.0,127.0,68.0,4.0,74.5,178.8,0.0,17,1.0,0.4429530201,0.0,46.0,141.0,64.0,0.0,0.0,0.0,0.0,4.0,0.0,6.3,0.0,0.0,0.0,15.602,0.0,0.0,23.303504847,0.7404443817,0.6447160141,0.0,16.0,6.5,0.0
19558,0.0,0.0,0.0,0.0,0.0,0.0,0.0,127.0,67.0,4.0,84.0,180.0,0.0,19,3.0,0.0,87.0,46.0,149.0,85.0,0.0,0.0,30.0,4.0,0.0,1.12,7.1,0.0,0.0,0.0,36.979,0.0,0.0,25.925925925999998,0.8283498423000001,0.9476644284,0.0,16.0,0.0,0.0
19558,0.0,0.0,0.0,0.0,0.0,0.0,0.0,123.0,71.0,2.0,86.0,180.9,0.0,20,3.0,0.0,0.0,0.0,0.0,0.0,0.0,0.0,32.0,0.0,2.0,0.0,7.5,0.0,0.0,0.0,46.041000000000004,0.0,0.0,26.279755329,0.8104855659,-0.063166718,0.0,16.0,0.0,0.0
19558,0.0,0.0,0.0,0.0,0.0,0.0,0.0,128.0,89.0,1.0,83.6,181.7,0.0,21,4.0,0.0,0.0,0.0,0.0,0.0,14.0,0.0,35.0,1.0,0.0,2.61,9.5,0.0,0.0,0.0,58.755,0.0,0.0,25.321907781999997,0.0,-0.25209753100000004,0.0,16.0,0.0,0.0
19558,0.0,0.0,0.0,0.0,0.0,0.0,0.0,134.0,74.0,0.0,90.3,180.5,0.0,22,6.0,0.0,0.0,0.0,0.0,0.0,0.0,0.0,36.0,0.0,2.0,0.0,7.8,0.0,0.0,0.0,72.531,0.0,0.0,27.716177746,0.0,0.2201606818,0.0,16.0,0.0,0.0
