PtID,Pt_CGMUseNumDays,Pt_FatherT1D,Pt_MotherT1D,Pt_SiblingT1D,Pt_ChildT1D,Pt_GrandchildT1D,Pt_GrandparentT1D,BldPrSys,BldPrDia,SMBGperDayPtMeterCombo,WeightKg,HeightCm,DirectLDL,age,diabDur,TotalDailyInsPerKg,LDL,HDL,TotChol,Triglyc,BUN,AlbCreatRat_mggNew,UnitsInsBasalOrLongAct,BGTestAvgNumMeter,BGTestAvgNumPtRep,TSH,HbA1c,AutonomicNeuroCl,Pt_InsGov,NumPumpBolusOrShortAct,HbA1cImputeDtMnC,Pt_SHFlg,Pt_DKAFlg,bmi,bmiPerc,bmiZscore,GFR,diagAgeCombo,Pt_A1cGoalLev,Pt_A1cGoalLevelDsYr5
195,0.0,0.0,0.0,0.0,0.0,0.0,1.0,118.0,60.0,6.0,35.6,144.7,0.0,10,1.0,0.7303370787000001,0.0,0.0,0.0,0.0,12.0,0.0,0.0,0.0,6.0,0.0,8.8,0.0,0.0,0.0,0.299,0.0,0.0,17.002505959,0.5280489586,0.07036633839999999,0.0,8.0,0.0,0.0
195,0.0,0.0,0.0,0.0,0.0,0.0,1.0,101.0,62.0,4.0,40.5,150.6,0.0,11,2.0,0.0,78.0,66.0,0.0,36.0,11.0,4.0,0.0,0.0,4.0,0.0,8.2,0.0,0.0,0.0,13.477,0.0,0.0,17.856859415,0.563304672,0.15935313980000002,0.0,8.0,0.0,0.0
195,0.0,0.0,0.0,0.0,0.0,0.0,0.0,135.0,82.0,3.0,52.0,155.0,0.0,13,4.0,0.0,0.0,0.0,0.0,0.0,10.0,0.0,16.0,0.0,3.0,1.09,8.7,0.0,0.0,0.0,33.66,0.0,0.0,21.644120708000003,0.7999535851,0.841455455,0.0,8.0,0.0,0.0
195,0.0,0.0,0.0,0.0,0.0,0.0,0.0,132.0,66.0,6.0,52.6,154.6,0.0,13,5.0,0.0,73.0,60.0,0.0,55.0,8.0,0.0,17.0,0.0,6.0,1.14,7.8,0.0,0.0,0.0,43.817,0.0,0.0,22.007300064000002,0.8220499890999999,0.9232056945,0.0,8.0,0.0,0.0
195,0.0,0.0,0.0,0.0,0.0,0.0,0.0,115.0,65.0,4.0,52.2,156.0,0.0,15,6.0,0.0,0.0,0.0,0.0,0.0,0.0,0.0,15.0,0.0,4.0,0.0,9.6,0.0,0.0,0.0,58.92100000000001,0.0,0.0,21.449704142,0.6771916445999999,0.4598600032,0.0,8.0,0.0,0.0
195,28.0,0.0,0.0,0.0,0.0,0.0,0.0,114.0,70.0,7.0,54.5,155.6,0.0,16,7.0,0.5137614679,83.0,74.0,0.0,77.0,5.0,0.0,10.0,0.0,7.0,0.91,9.7,0.0,0.0,0.0,72.066,1.0,0.0,22.510094435,0.7214001354999999,0.5870059227000001,0.0,8.0,0.0,0.0
