PtID,Pt_CGMUseNumDays,Pt_FatherT1D,Pt_MotherT1D,Pt_SiblingT1D,Pt_ChildT1D,Pt_GrandchildT1D,Pt_GrandparentT1D,BldPrSys,BldPrDia,SMBGperDayPtMeterCombo,WeightKg,HeightCm,DirectLDL,age,diabDur,TotalDailyInsPerKg,LDL,HDL,TotChol,Triglyc,BUN,AlbCreatRat_mggNew,UnitsInsBasalOrLongAct,BGTestAvgNumMeter,BGTestAvgNumPtRep,TSH,HbA1c,AutonomicNeuroCl,Pt_InsGov,NumPumpBolusOrShortAct,HbA1cImputeDtMnC,Pt_SHFlg,Pt_DKAFlg,bmi,bmiPerc,bmiZscore,GFR,diagAgeCombo,Pt_A1cGoalLev,Pt_A1cGoalLevelDsYr5
19617,0.0,0.0,0.0,0.0,0.0,0.0,0.0,101.0,52.0,5.0,27.0,114.3,1.0,5,1.0,0.0,74.0,93.0,179.0,69.0,15.0,11.6,0.0,5.0,6.0,0.0,9.2,0.0,1.0,0.0,0.0,0.0,0.0,20.666708,0.9966508499,2.7114828723000004,0.0,3.0,0.0,0.0
19617,0.0,0.0,0.0,0.0,0.0,0.0,0.0,111.0,58.0,5.0,33.2,121.1,1.0,6,3.0,0.0,88.0,68.0,187.0,132.0,0.0,5.0,0.0,5.0,0.0,0.0,7.7,0.0,0.0,0.0,14.870999999999999,0.0,0.0,22.638612061999996,0.9963458517,2.6824596597,0.0,3.0,0.0,0.0
19617,0.0,0.0,0.0,0.0,0.0,0.0,0.0,115.0,56.0,4.0,42.8,128.0,1.0,8,4.0,0.0,110.0,60.0,196.0,162.0,0.0,5.0,11.0,4.0,3.0,0.71,8.0,0.0,0.0,4.0,31.369,0.0,0.0,26.123046875,0.9931785512000001,2.4665308491999998,0.0,3.0,0.0,0.0
19617,0.0,0.0,0.0,0.0,0.0,0.0,0.0,120.0,59.0,6.0,53.0,137.0,0.0,9,6.0,0.0,96.0,55.0,182.0,244.0,0.0,5.0,16.0,0.0,6.0,0.74,8.6,0.0,0.0,5.0,49.726000000000006,0.0,0.0,28.238052106999998,0.9927335621,2.4438150211000003,0.0,3.0,0.0,0.0
19617,0.0,0.0,0.0,0.0,0.0,0.0,0.0,110.0,63.0,4.0,56.7,141.7,1.0,10,7.0,0.0,96.0,55.0,182.0,244.0,0.0,0.0,22.0,4.0,4.0,0.721,8.6,0.0,0.0,4.0,61.111999999999995,0.0,0.0,28.238612791999998,0.98975547,2.3172694197,0.0,3.0,0.0,0.0
19617,0.0,0.0,0.0,0.0,0.0,0.0,0.0,130.0,64.0,4.0,60.1,145.1,0.0,11,7.0,0.0,100.0,54.0,172.0,181.0,16.0,0.0,30.0,4.0,5.0,0.721,8.2,0.0,1.0,4.0,71.9,0.0,0.0,28.545630975,0.9871297873999999,2.2301057202,0.0,3.0,0.0,0.0
