PtID,Pt_CGMUseNumDays,Pt_FatherT1D,Pt_MotherT1D,Pt_SiblingT1D,Pt_ChildT1D,Pt_GrandchildT1D,Pt_GrandparentT1D,BldPrSys,BldPrDia,SMBGperDayPtMeterCombo,WeightKg,HeightCm,DirectLDL,age,diabDur,TotalDailyInsPerKg,LDL,HDL,TotChol,Triglyc,BUN,AlbCreatRat_mggNew,UnitsInsBasalOrLongAct,BGTestAvgNumMeter,BGTestAvgNumPtRep,TSH,HbA1c,AutonomicNeuroCl,Pt_InsGov,NumPumpBolusOrShortAct,HbA1cImputeDtMnC,Pt_SHFlg,Pt_DKAFlg,bmi,bmiPerc,bmiZscore,GFR,diagAgeCombo,Pt_A1cGoalLev,Pt_A1cGoalLevelDsYr5
19629,0.0,0.0,0.0,0.0,0.0,0.0,0.0,129.0,75.0,2.0,54.6,159.9,0.0,16,11.0,0.9157509158,0.0,0.0,145.0,0.0,0.0,15.6,0.0,2.0,3.0,0.0,9.9,0.0,1.0,3.0,0.0,0.0,0.0,21.354810171,0.6112340601,0.2825368696,0.0,5.0,0.0,0.0
19629,0.0,0.0,0.0,0.0,0.0,0.0,0.0,111.0,72.0,3.0,57.3,160.1,0.0,17,12.0,0.9947643979,62.0,63.0,145.0,102.0,0.0,6.0,36.0,0.0,3.0,1.15,10.8,0.0,0.0,3.0,15.800999999999998,0.0,0.0,22.354860191999997,0.6650799658,0.4263675151,0.0,5.0,0.0,0.0
19629,0.0,0.0,0.0,0.0,0.0,0.0,0.0,121.0,74.0,3.0,57.2,160.6,0.0,18,13.0,0.0,56.0,67.0,142.0,95.0,0.0,6.0,2.0,0.0,3.0,1.79,8.7,0.0,0.0,0.0,29.278000000000002,0.0,0.0,22.177109810999998,0.607507047,0.2728273871,0.0,5.0,0.0,0.0
19629,0.0,0.0,0.0,0.0,0.0,0.0,0.0,111.0,77.0,4.0,58.9670081,160.02,0.0,20,15.0,0.8479317776,45.0,63.0,0.0,66.0,0.0,11.6,0.0,4.0,0.0,1.58,10.5,0.0,0.0,8.0,46.705,0.0,0.0,23.028230121999997,0.6405719864,-0.508578874,0.0,5.0,0.0,0.0
