PtID,Pt_CGMUseNumDays,Pt_FatherT1D,Pt_MotherT1D,Pt_SiblingT1D,Pt_ChildT1D,Pt_GrandchildT1D,Pt_GrandparentT1D,BldPrSys,BldPrDia,SMBGperDayPtMeterCombo,WeightKg,HeightCm,DirectLDL,age,diabDur,TotalDailyInsPerKg,LDL,HDL,TotChol,Triglyc,BUN,AlbCreatRat_mggNew,UnitsInsBasalOrLongAct,BGTestAvgNumMeter,BGTestAvgNumPtRep,TSH,HbA1c,AutonomicNeuroCl,Pt_InsGov,NumPumpBolusOrShortAct,HbA1cImputeDtMnC,Pt_SHFlg,Pt_DKAFlg,bmi,bmiPerc,bmiZscore,GFR,diagAgeCombo,Pt_A1cGoalLev,Pt_A1cGoalLevelDsYr5
19631,0.0,0.0,0.0,0.0,0.0,0.0,0.0,94.0,52.0,6.0,22.9,120.9,0.0,7,3.0,0.480349345,0.0,0.0,0.0,0.0,14.0,0.0,0.0,6.0,8.0,0.0,6.5,0.0,0.0,0.0,0.0,0.0,0.0,15.666893117999999,0.5539738282,0.1357077212,0.0,4.0,0.0,0.0
19631,0.0,0.0,0.0,0.0,0.0,0.0,0.0,105.0,55.0,8.0,26.1,128.1,0.0,8,4.0,0.5747126437,0.0,0.0,0.0,0.0,0.0,0.0,0.0,0.0,8.0,0.0,6.2,0.0,0.0,0.0,15.934000000000001,0.0,0.0,15.90531402,0.5205484418999999,0.0515301016,0.0,4.0,6.5,0.0
19631,0.0,0.0,0.0,0.0,0.0,0.0,0.0,120.0,55.0,10.0,28.8,133.2,0.0,9,5.0,0.0,0.0,0.0,0.0,0.0,0.0,0.0,0.0,0.0,10.0,0.0,6.3,0.0,0.0,0.0,27.419,0.0,0.0,16.232448665,0.4899590281,-0.025171642,0.0,4.0,0.0,0.0
19631,0.0,0.0,0.0,0.0,0.0,0.0,0.0,115.0,67.0,9.0,32.7,137.3,0.0,10,6.0,0.0,0.0,0.0,0.0,0.0,0.0,0.0,10.0,9.0,0.0,0.0,6.3,0.0,0.0,0.0,38.938,0.0,0.0,17.346293012,0.5834135541,0.210633984,0.0,4.0,0.0,0.0
19631,0.0,0.0,0.0,0.0,0.0,0.0,0.0,114.0,59.0,0.0,38.8,147.0,0.0,12,7.0,0.0,0.0,0.0,0.0,0.0,0.0,0.0,0.0,0.0,0.0,0.0,7.2,0.0,0.0,0.0,53.577,0.0,0.0,17.955481512000002,0.4820412319,-0.04503117,0.0,4.0,0.0,0.0
