PtID,Pt_CGMUseNumDays,Pt_FatherT1D,Pt_MotherT1D,Pt_SiblingT1D,Pt_ChildT1D,Pt_GrandchildT1D,Pt_GrandparentT1D,BldPrSys,BldPrDia,SMBGperDayPtMeterCombo,WeightKg,HeightCm,DirectLDL,age,diabDur,TotalDailyInsPerKg,LDL,HDL,TotChol,Triglyc,BUN,AlbCreatRat_mggNew,UnitsInsBasalOrLongAct,BGTestAvgNumMeter,BGTestAvgNumPtRep,TSH,HbA1c,AutonomicNeuroCl,Pt_InsGov,NumPumpBolusOrShortAct,HbA1cImputeDtMnC,Pt_SHFlg,Pt_DKAFlg,bmi,bmiPerc,bmiZscore,GFR,diagAgeCombo,Pt_A1cGoalLev,Pt_A1cGoalLevelDsYr5
19655,0.0,0.0,0.0,1.0,0.0,0.0,0.0,118.0,69.0,1.0,0.0,0.0,0.0,16,16.0,0.0,0.0,0.0,0.0,0.0,14.0,0.0,0.0,1.0,4.0,0.0,10.5,0.0,1.0,0.0,-2.589,0.0,0.0,0.0,0.0,0.0,0.0,0.0,0.0,0.0
19655,0.0,0.0,0.0,1.0,0.0,0.0,0.0,121.0,68.0,1.0,0.0,0.0,0.0,17,17.0,0.0,0.0,0.0,0.0,0.0,0.0,0.0,0.0,1.0,4.0,0.0,12.2,0.0,1.0,0.0,17.427,0.0,0.0,0.0,0.0,0.0,0.0,0.0,8.0,0.0
19655,0.0,0.0,0.0,0.0,0.0,0.0,0.0,111.0,60.0,3.0,59.4,161.4,0.0,19,19.0,0.0,91.0,51.0,0.0,82.0,0.0,0.0,40.0,3.0,4.0,0.9179999999999999,10.8,0.0,0.0,0.0,34.158,0.0,0.0,22.802338276,0.639937184,0.35829089399999997,0.0,0.0,0.0,0.0
19655,0.0,0.0,0.0,0.0,0.0,0.0,0.0,100.0,56.0,4.0,50.6,161.6,0.0,20,20.0,0.0,91.0,51.0,158.0,82.0,15.0,0.0,25.0,4.0,5.0,0.9109999999999999,9.2,0.0,0.0,0.0,45.544,0.0,0.0,19.376164102,0.19646661829999998,-1.001017088,90.1,0.0,0.0,0.0
19655,0.0,0.0,0.0,0.0,0.0,0.0,0.0,108.0,62.0,4.0,52.4,161.6,0.0,20,20.0,0.0,0.0,0.0,0.0,0.0,12.0,0.0,27.0,4.0,5.0,0.0,10.9,0.0,0.0,0.0,52.248999999999995,0.0,0.0,20.065434761,0.2852652411,-0.9080770340000001,0.0,0.0,0.0,0.0
