PtID,Pt_CGMUseNumDays,Pt_FatherT1D,Pt_MotherT1D,Pt_SiblingT1D,Pt_ChildT1D,Pt_GrandchildT1D,Pt_GrandparentT1D,BldPrSys,BldPrDia,SMBGperDayPtMeterCombo,WeightKg,HeightCm,DirectLDL,age,diabDur,TotalDailyInsPerKg,LDL,HDL,TotChol,Triglyc,BUN,AlbCreatRat_mggNew,UnitsInsBasalOrLongAct,BGTestAvgNumMeter,BGTestAvgNumPtRep,TSH,HbA1c,AutonomicNeuroCl,Pt_InsGov,NumPumpBolusOrShortAct,HbA1cImputeDtMnC,Pt_SHFlg,Pt_DKAFlg,bmi,bmiPerc,bmiZscore,GFR,diagAgeCombo,Pt_A1cGoalLev,Pt_A1cGoalLevelDsYr5
19682,0.0,0.0,0.0,0.0,0.0,0.0,0.0,117.0,68.0,0.0,23.4,120.2,1.0,6,3.0,0.0,79.0,59.0,146.0,42.0,0.0,0.0,0.0,0.0,0.0,0.0,8.8,0.0,0.0,0.0,0.1,0.0,0.0,16.19596845,0.7173370404,0.5749488079999999,0.0,3.0,0.0,0.0
19682,0.0,0.0,0.0,0.0,0.0,0.0,0.0,114.0,69.0,9.0,28.3,132.0,0.0,9,5.0,1.4134275618,0.0,0.0,0.0,0.0,0.0,0.0,0.0,9.0,10.0,0.0,8.4,0.0,1.0,0.0,28.315,0.0,0.0,16.241965106,0.5203507575,0.0510339282,0.0,3.0,7.1,0.0
19682,0.0,0.0,0.0,0.0,0.0,0.0,0.0,114.0,75.0,0.0,32.5,136.4,0.0,10,6.0,0.0,0.0,0.0,0.0,0.0,0.0,0.0,9.0,0.0,0.0,0.0,8.3,0.0,0.0,0.0,40.531,0.0,0.0,17.468460024000002,0.6503219373,0.3861897756,0.0,3.0,0.0,0.0
19682,0.0,0.0,0.0,0.0,0.0,0.0,0.0,114.0,61.0,8.0,35.4,141.6,1.0,11,7.0,0.0,46.0,74.0,142.0,111.0,0.0,0.0,11.0,8.0,0.0,2.492,8.4,0.0,0.0,0.0,51.618,0.0,0.0,17.655367232,0.5830818671,0.2097839944,0.0,3.0,0.0,0.0
19682,0.0,0.0,0.0,0.0,0.0,0.0,0.0,117.0,57.0,8.0,33.4,145.5,0.0,12,8.0,0.0,0.0,0.0,0.0,0.0,0.0,0.0,16.0,0.0,8.0,0.0,10.2,0.0,1.0,0.0,63.535,0.0,0.0,15.776856674000001,0.1438717834,-1.0630846459999999,0.0,3.0,0.0,0.0
19682,0.0,0.0,0.0,0.0,0.0,0.0,0.0,118.0,70.0,8.0,36.0,146.1,0.0,12,9.0,0.0,0.0,0.0,0.0,0.0,0.0,12.0,0.0,8.0,0.0,1.062,9.5,0.0,0.0,0.0,72.83,0.0,0.0,16.865610598,0.3323259507,-0.43349953799999996,0.0,3.0,0.0,0.0
