PtID,Pt_CGMUseNumDays,Pt_FatherT1D,Pt_MotherT1D,Pt_SiblingT1D,Pt_ChildT1D,Pt_GrandchildT1D,Pt_GrandparentT1D,BldPrSys,BldPrDia,SMBGperDayPtMeterCombo,WeightKg,HeightCm,DirectLDL,age,diabDur,TotalDailyInsPerKg,LDL,HDL,TotChol,Triglyc,BUN,AlbCreatRat_mggNew,UnitsInsBasalOrLongAct,BGTestAvgNumMeter,BGTestAvgNumPtRep,TSH,HbA1c,AutonomicNeuroCl,Pt_InsGov,NumPumpBolusOrShortAct,HbA1cImputeDtMnC,Pt_SHFlg,Pt_DKAFlg,bmi,bmiPerc,bmiZscore,GFR,diagAgeCombo,Pt_A1cGoalLev,Pt_A1cGoalLevelDsYr5
19691,0.0,0.0,0.0,0.0,0.0,0.0,0.0,104.0,60.0,3.0,60.0,159.7,0.0,12,6.0,1.0,0.0,0.0,0.0,0.0,13.0,0.0,0.0,3.0,8.0,0.0,0.0,0.0,0.0,7.0,0.0,0.0,0.0,23.525638436999998,0.9171051531000001,1.3858598791999999,0.0,6.0,0.0,0.0
19691,0.0,0.0,0.0,0.0,0.0,0.0,0.0,110.0,84.0,2.0,64.0,163.0,0.0,13,7.0,0.71875,60.0,58.0,141.0,114.0,0.0,29.9,0.0,2.0,8.0,0.0,6.8,0.0,0.0,0.0,16.266,0.0,0.0,24.088223117,0.907164786,1.3234961733,0.0,6.0,6.0,0.0
19691,0.0,0.0,0.0,0.0,0.0,0.0,0.0,115.0,78.0,2.0,66.3,143.8,1.0,15,8.0,0.7993966817,60.0,66.0,87.0,87.0,0.0,29.9,36.0,2.0,1.0,1.4,7.2,0.0,0.0,17.0,29.743000000000002,0.0,0.0,32.062379947,0.9787017109999999,2.027644165,0.0,6.0,0.0,0.0
19691,0.0,0.0,0.0,0.0,0.0,0.0,0.0,107.0,74.0,5.0,69.1,165.2,0.0,16,9.0,0.6801736614,48.0,55.0,120.0,86.0,11.0,29.9,34.0,5.0,0.0,1.5,9.0,0.0,0.0,7.0,41.461000000000006,0.0,0.0,25.319665355,0.8761257287,1.1558352719,0.0,6.0,0.0,0.0
19691,0.0,0.0,0.0,0.0,0.0,0.0,0.0,115.0,59.0,6.0,70.1,165.3,0.0,17,10.0,0.8273894437,0.0,0.0,0.0,0.0,0.0,70.0,26.0,6.0,6.0,0.0,8.4,0.0,0.0,24.0,54.373000000000005,0.0,0.0,25.655017239,0.8681603792,1.1177372196,0.0,6.0,0.0,0.0
