PtID,Pt_CGMUseNumDays,Pt_FatherT1D,Pt_MotherT1D,Pt_SiblingT1D,Pt_ChildT1D,Pt_GrandchildT1D,Pt_GrandparentT1D,BldPrSys,BldPrDia,SMBGperDayPtMeterCombo,WeightKg,HeightCm,DirectLDL,age,diabDur,TotalDailyInsPerKg,LDL,HDL,TotChol,Triglyc,BUN,AlbCreatRat_mggNew,UnitsInsBasalOrLongAct,BGTestAvgNumMeter,BGTestAvgNumPtRep,TSH,HbA1c,AutonomicNeuroCl,Pt_InsGov,NumPumpBolusOrShortAct,HbA1cImputeDtMnC,Pt_SHFlg,Pt_DKAFlg,bmi,bmiPerc,bmiZscore,GFR,diagAgeCombo,Pt_A1cGoalLev,Pt_A1cGoalLevelDsYr5
19706,0.0,1.0,0.0,0.0,0.0,0.0,0.0,104.0,59.0,6.0,28.2,129.3,0.0,8,4.0,1.3120567376,0.0,0.0,105.0,0.0,0.0,0.0,0.0,0.0,6.0,0.0,7.8,0.0,0.0,4.0,0.266,0.0,0.0,16.867552034000003,0.7244679358,0.5961663118,0.0,4.0,0.0,0.0
19706,0.0,1.0,0.0,0.0,0.0,0.0,0.0,108.0,62.0,8.0,33.6,135.7,0.0,9,5.0,0.7142857143000001,61.0,47.0,0.0,55.0,0.0,0.0,0.0,0.0,8.0,0.0,7.2,0.0,0.0,0.0,13.411,0.0,0.0,18.246500446,0.8210360592,0.9193206467,0.0,4.0,7.0,0.0
19706,0.0,0.0,0.0,0.0,0.0,0.0,0.0,108.0,64.0,0.0,37.6,142.0,0.0,10,6.0,0.7978723404000001,0.0,0.0,0.0,0.0,0.0,0.0,10.0,0.0,0.0,0.0,7.1,0.0,0.0,0.0,25.526999999999997,0.0,0.0,18.647093831,0.7941078274,0.820757616,0.0,4.0,0.0,0.0
19706,0.0,0.0,0.0,0.0,0.0,0.0,0.0,112.0,62.0,0.0,46.7,143.3,0.0,11,7.0,1.0278372591,73.0,44.0,139.0,11.0,0.0,0.0,13.0,0.0,0.0,0.0,7.1,0.0,0.0,0.0,35.618,0.0,0.0,22.741782401,0.9424177486,1.5753984462000001,0.0,4.0,0.0,0.0
19706,0.0,0.0,0.0,0.0,0.0,0.0,0.0,116.0,63.0,7.0,52.2,152.5,0.0,11,7.0,1.0536398467,0.0,0.0,0.0,0.0,0.0,0.0,14.0,0.0,7.0,0.0,7.2,0.0,0.0,5.0,44.647,0.0,0.0,22.445579145,0.9363128809000001,1.5245385355,0.0,4.0,0.0,0.0
19706,0.0,0.0,0.0,0.0,0.0,0.0,0.0,108.0,65.0,6.0,57.0,159.8,0.0,12,8.0,1.2631578947,0.0,0.0,0.0,0.0,0.0,0.0,20.0,0.0,6.0,1.6,6.9,0.0,0.0,5.0,53.909,0.0,0.0,22.321393606999997,0.9076558881,1.3264574395,0.0,4.0,0.0,0.0
19706,26.0,0.0,0.0,0.0,0.0,0.0,0.0,120.0,72.0,8.0,68.6,168.8,0.0,13,9.0,1.1661807579999999,66.0,38.0,130.0,131.0,0.0,0.0,25.0,0.0,8.0,2.39,7.9,0.0,0.0,6.0,65.759,0.0,0.0,24.075717076999997,0.9305718048999999,1.4800631663,0.0,4.0,0.0,0.0
