PtID,Pt_CGMUseNumDays,Pt_FatherT1D,Pt_MotherT1D,Pt_SiblingT1D,Pt_ChildT1D,Pt_GrandchildT1D,Pt_GrandparentT1D,BldPrSys,BldPrDia,SMBGperDayPtMeterCombo,WeightKg,HeightCm,DirectLDL,age,diabDur,TotalDailyInsPerKg,LDL,HDL,TotChol,Triglyc,BUN,AlbCreatRat_mggNew,UnitsInsBasalOrLongAct,BGTestAvgNumMeter,BGTestAvgNumPtRep,TSH,HbA1c,AutonomicNeuroCl,Pt_InsGov,NumPumpBolusOrShortAct,HbA1cImputeDtMnC,Pt_SHFlg,Pt_DKAFlg,bmi,bmiPerc,bmiZscore,GFR,diagAgeCombo,Pt_A1cGoalLev,Pt_A1cGoalLevelDsYr5
19719,30.0,0.0,1.0,0.0,0.0,0.0,0.0,134.0,82.0,5.0,87.08973504,175.26,0.0,38,29.0,0.6889445693,97.0,48.0,0.0,73.0,14.0,6.0,0.0,5.0,19.0,0.0,0.0,0.0,0.0,6.0,0.0,0.0,0.0,28.35315255,0.0,0.12367075599999999,0.0,9.0,0.0,0.0
19719,23.0,0.0,1.0,0.0,0.0,0.0,0.0,134.0,76.0,5.0,0.0,0.0,0.0,38,29.0,0.0,107.0,41.0,157.0,42.0,9.0,8.0,0.0,5.0,4.0,0.0,7.9,0.0,0.0,6.0,6.274,0.0,0.0,0.0,0.0,0.0,0.0,9.0,6.0,0.0
19719,0.0,0.0,0.0,0.0,0.0,0.0,0.0,120.0,70.0,4.0,0.0,0.0,0.0,40,31.0,0.0,125.0,53.0,195.0,86.0,13.0,0.0,30.0,4.0,0.0,0.76,6.9,0.0,0.0,7.0,26.555999999999997,0.0,0.0,0.0,0.0,0.0,71.0,9.0,0.0,0.0
19719,0.0,0.0,0.0,0.0,0.0,0.0,0.0,127.0,83.0,4.0,96.16158244,170.18,0.0,41,32.0,0.6863447785,145.0,56.0,208.0,33.0,11.0,0.0,30.0,4.0,0.0,0.76,7.8,0.0,0.0,7.0,36.647,0.0,0.0,33.203553327,0.0,0.6906406353,0.0,9.0,0.0,0.0
19719,22.0,0.0,0.0,0.0,0.0,0.0,0.0,149.0,82.0,3.0,104.0,172.0,0.0,43,34.0,0.625,0.0,0.0,0.0,0.0,0.0,0.0,31.0,3.0,3.0,0.0,7.5,0.0,0.0,0.0,61.909,0.0,0.0,35.154137372,0.0,0.9710898178,0.0,9.0,0.0,0.0
19719,0.0,0.0,0.0,0.0,0.0,0.0,0.0,136.0,87.0,1.0,104.0,172.0,0.0,44,35.0,0.6346153846,146.0,49.0,210.0,59.0,16.0,0.0,32.0,1.0,0.0,1.74,7.7,0.0,0.0,4.0,75.054,0.0,0.0,35.154137372,0.0,0.9710898178,97.0,9.0,0.0,0.0
