PtID,Pt_CGMUseNumDays,Pt_FatherT1D,Pt_MotherT1D,Pt_SiblingT1D,Pt_ChildT1D,Pt_GrandchildT1D,Pt_GrandparentT1D,BldPrSys,BldPrDia,SMBGperDayPtMeterCombo,WeightKg,HeightCm,DirectLDL,age,diabDur,TotalDailyInsPerKg,LDL,HDL,TotChol,Triglyc,BUN,AlbCreatRat_mggNew,UnitsInsBasalOrLongAct,BGTestAvgNumMeter,BGTestAvgNumPtRep,TSH,HbA1c,AutonomicNeuroCl,Pt_InsGov,NumPumpBolusOrShortAct,HbA1cImputeDtMnC,Pt_SHFlg,Pt_DKAFlg,bmi,bmiPerc,bmiZscore,GFR,diagAgeCombo,Pt_A1cGoalLev,Pt_A1cGoalLevelDsYr5
19733,0.0,0.0,0.0,0.0,0.0,0.0,0.0,104.0,60.0,9.0,0.0,0.0,0.0,45,27.0,0.0,58.0,79.0,140.0,16.0,8.0,28.0,0.0,9.0,10.0,0.0,0.0,1.0,0.0,0.0,0.0,0.0,0.0,0.0,0.0,0.0,0.0,18.0,0.0,0.0
19733,0.0,0.0,0.0,0.0,0.0,0.0,0.0,108.0,58.0,7.0,0.0,0.0,0.0,47,29.0,0.0,66.0,80.0,149.0,16.0,15.0,1.4,0.0,7.0,9.0,0.0,7.7,1.0,0.0,0.0,27.419,0.0,0.0,0.0,0.0,0.0,0.0,18.0,6.5,0.0
19733,0.0,0.0,0.0,0.0,0.0,0.0,0.0,100.0,61.0,7.0,0.0,0.0,0.0,48,30.0,0.0,0.0,0.0,0.0,0.0,0.0,1.3,12.0,7.0,0.0,0.0,0.0,1.0,0.0,0.0,0.0,0.0,0.0,0.0,0.0,0.0,0.0,18.0,0.0,0.0
19733,0.0,0.0,0.0,0.0,0.0,0.0,0.0,113.0,65.0,6.0,55.33826914,165.1,0.0,49,31.0,0.7228270890999999,0.0,0.0,0.0,0.0,11.0,2.7,12.0,6.0,0.0,0.613,7.3,1.0,0.0,3.0,47.867,0.0,0.0,20.301654134,0.0,-0.741396718,0.0,18.0,0.0,0.0
19733,0.0,0.0,0.0,0.0,0.0,0.0,0.0,108.0,69.0,7.0,0.0,0.0,0.0,50,32.0,0.0,61.0,78.0,0.0,36.0,14.0,9.9,11.0,7.0,0.0,0.0,7.2,1.0,0.0,0.0,61.343999999999994,0.0,0.0,0.0,0.0,0.0,0.0,18.0,0.0,0.0
19733,0.0,0.0,0.0,0.0,0.0,0.0,0.0,117.0,81.0,0.0,0.0,0.0,0.0,51,33.0,0.0,61.0,72.0,139.0,29.0,12.0,9.9,0.0,0.0,0.0,0.7190000000000001,0.0,1.0,0.0,0.0,0.0,0.0,0.0,0.0,0.0,0.0,0.0,18.0,0.0,0.0
