PtID,Pt_CGMUseNumDays,Pt_FatherT1D,Pt_MotherT1D,Pt_SiblingT1D,Pt_ChildT1D,Pt_GrandchildT1D,Pt_GrandparentT1D,BldPrSys,BldPrDia,SMBGperDayPtMeterCombo,WeightKg,HeightCm,DirectLDL,age,diabDur,TotalDailyInsPerKg,LDL,HDL,TotChol,Triglyc,BUN,AlbCreatRat_mggNew,UnitsInsBasalOrLongAct,BGTestAvgNumMeter,BGTestAvgNumPtRep,TSH,HbA1c,AutonomicNeuroCl,Pt_InsGov,NumPumpBolusOrShortAct,HbA1cImputeDtMnC,Pt_SHFlg,Pt_DKAFlg,bmi,bmiPerc,bmiZscore,GFR,diagAgeCombo,Pt_A1cGoalLev,Pt_A1cGoalLevelDsYr5
19769,0.0,0.0,0.0,0.0,0.0,0.0,0.0,99.0,64.0,2.0,95.5,168.0,0.0,29,11.0,0.0523560209,92.0,50.0,160.0,0.0,14.0,3.2,0.0,0.0,2.0,0.0,8.6,0.0,0.0,5.0,0.0,0.0,0.0,33.836451247,0.0,0.9487828173,0.0,18.0,0.0,0.0
19769,0.0,0.0,0.0,0.0,0.0,0.0,0.0,102.0,78.0,0.0,90.4,168.0,1.0,30,12.0,0.0,92.0,57.0,159.0,46.0,16.0,0.0,0.0,0.0,0.0,0.0,10.2,0.0,0.0,0.0,15.800999999999998,0.0,0.0,32.029478458,0.0,0.4736456507,0.0,18.0,0.0,0.0
19769,0.0,0.0,0.0,0.0,0.0,0.0,0.0,107.0,66.0,7.0,95.9,165.1,0.0,31,13.0,0.7924921793999999,0.0,0.0,0.0,0.0,0.0,0.0,33.0,7.0,0.0,0.025,7.0,0.0,0.0,0.0,24.863000000000003,0.0,0.0,35.182318885,0.0,0.8352722268,0.0,18.0,0.0,0.0
19769,0.0,0.0,0.0,0.0,0.0,0.0,0.0,124.0,67.0,5.0,111.7,165.1,0.0,32,14.0,0.0,0.0,0.0,0.0,0.0,5.0,0.0,33.0,5.0,0.0,0.0,5.5,0.0,0.0,0.0,33.626999999999995,0.0,0.0,40.978780182,0.0,1.5001185774,0.0,18.0,0.0,0.0
