PtID,Pt_CGMUseNumDays,Pt_FatherT1D,Pt_MotherT1D,Pt_SiblingT1D,Pt_ChildT1D,Pt_GrandchildT1D,Pt_GrandparentT1D,BldPrSys,BldPrDia,SMBGperDayPtMeterCombo,WeightKg,HeightCm,DirectLDL,age,diabDur,TotalDailyInsPerKg,LDL,HDL,TotChol,Triglyc,BUN,AlbCreatRat_mggNew,UnitsInsBasalOrLongAct,BGTestAvgNumMeter,BGTestAvgNumPtRep,TSH,HbA1c,AutonomicNeuroCl,Pt_InsGov,NumPumpBolusOrShortAct,HbA1cImputeDtMnC,Pt_SHFlg,Pt_DKAFlg,bmi,bmiPerc,bmiZscore,GFR,diagAgeCombo,Pt_A1cGoalLev,Pt_A1cGoalLevelDsYr5
19784,0.0,0.0,0.0,0.0,0.0,0.0,0.0,113.0,62.0,3.0,64.22867959199999,166.62400000000002,1.0,15,8.0,0.467081064,99.0,0.0,0.0,0.0,0.0,17.8,0.0,3.0,4.0,0.0,8.3,0.0,0.0,0.0,0.0,0.0,0.0,23.134167831,0.8050605216,0.8598368975,0.0,6.0,0.0,0.0
19784,0.0,0.0,0.0,1.0,0.0,0.0,0.0,100.0,64.0,3.0,68.311010922,166.37,0.0,16,9.0,0.9076135628,0.0,0.0,0.0,0.0,0.0,9.9,0.0,3.0,3.0,0.0,9.2,0.0,0.0,0.0,12.083,0.0,0.0,24.679745631,0.8517088904000001,1.043790735,0.0,6.0,8.0,0.0
19784,0.0,0.0,0.0,0.0,0.0,0.0,0.0,108.0,64.0,3.0,64.41011654,166.11599999999999,1.0,17,10.0,0.0,88.0,0.0,0.0,0.0,0.0,12.0,32.0,3.0,0.0,1.93,9.8,0.0,0.0,0.0,26.158,0.0,0.0,23.341628629000002,0.7473912866,0.6663030338,0.0,6.0,0.0,0.0
19784,0.0,0.0,0.0,0.0,0.0,0.0,0.0,110.0,54.0,3.0,66.587359916,166.37,1.0,18,11.0,0.0,77.0,0.0,0.0,0.0,0.0,34.9,28.0,3.0,0.0,2.87,9.9,0.0,0.0,0.0,38.008,0.0,0.0,24.057016326,0.7673538146,0.7301600306,0.0,6.0,0.0,0.0
19784,0.0,0.0,0.0,0.0,0.0,0.0,0.0,118.0,80.0,2.0,0.0,0.0,0.0,19,12.0,0.0,0.0,0.0,0.0,0.0,0.0,13.3,30.0,2.0,0.0,2.72,10.8,0.0,0.0,0.0,51.917,0.0,0.0,0.0,0.0,0.0,0.0,6.0,0.0,0.0
19784,0.0,0.0,0.0,0.0,0.0,0.0,0.0,134.0,66.0,0.0,68.03885550000001,167.64,0.0,20,13.0,0.0,0.0,0.0,0.0,0.0,0.0,13.3,32.0,0.0,0.0,0.0,11.1,0.0,0.0,0.0,62.44,0.0,0.0,24.210384974,0.7354437705,-0.349179175,0.0,6.0,0.0,0.0
