PtID,Pt_CGMUseNumDays,Pt_FatherT1D,Pt_MotherT1D,Pt_SiblingT1D,Pt_ChildT1D,Pt_GrandchildT1D,Pt_GrandparentT1D,BldPrSys,BldPrDia,SMBGperDayPtMeterCombo,WeightKg,HeightCm,DirectLDL,age,diabDur,TotalDailyInsPerKg,LDL,HDL,TotChol,Triglyc,BUN,AlbCreatRat_mggNew,UnitsInsBasalOrLongAct,BGTestAvgNumMeter,BGTestAvgNumPtRep,TSH,HbA1c,AutonomicNeuroCl,Pt_InsGov,NumPumpBolusOrShortAct,HbA1cImputeDtMnC,Pt_SHFlg,Pt_DKAFlg,bmi,bmiPerc,bmiZscore,GFR,diagAgeCombo,Pt_A1cGoalLev,Pt_A1cGoalLevelDsYr5
19854,0.0,0.0,0.0,0.0,0.0,0.0,0.0,106.0,72.0,4.0,42.6,150.6,0.0,11,0.0,0.0469483568,0.0,0.0,0.0,0.0,9.0,0.0,0.0,4.0,6.0,0.0,14.0,0.0,0.0,0.0,-0.6970000000000001,0.0,0.0,18.782770644,0.6836807353000001,0.4780164043,0.0,11.0,0.0,0.0
19854,0.0,0.0,0.0,0.0,0.0,0.0,0.0,113.0,65.0,5.0,49.4,156.3,0.0,13,1.0,0.6072874494,0.0,0.0,155.0,0.0,0.0,0.0,0.0,5.0,5.0,0.0,6.8,0.0,0.0,0.0,15.800999999999998,0.0,0.0,20.221296300000002,0.6837942390999999,0.4783353756,0.0,11.0,6.5,0.0
19854,0.0,0.0,0.0,0.0,0.0,0.0,0.0,108.0,60.0,5.0,52.7,158.1,0.0,13,2.0,0.6261859583,0.0,0.0,0.0,0.0,0.0,0.0,8.0,0.0,5.0,0.0,7.7,0.0,0.0,1.0,25.427,0.0,0.0,21.083702298,0.7602327741,0.7070515359,0.0,11.0,0.0,0.0
19854,0.0,0.0,0.0,0.0,0.0,0.0,0.0,121.0,81.0,5.0,56.1,158.8,0.0,14,2.0,0.0,0.0,0.0,0.0,0.0,0.0,0.0,18.0,5.0,0.0,0.0,8.3,0.0,0.0,0.0,35.32,0.0,0.0,22.246508765,0.7915694331,0.8118788809999999,0.0,11.0,0.0,0.0
19854,0.0,0.0,0.0,0.0,0.0,0.0,0.0,99.0,58.0,5.0,54.1,158.4,0.0,15,3.0,0.7578558226000001,0.0,0.0,142.0,75.0,0.0,0.0,0.0,0.0,5.0,1.19,6.8,0.0,0.0,0.0,47.635,0.0,0.0,21.561894194,0.6877480475,0.4894771821,0.0,11.0,0.0,0.0
19854,15.0,0.0,0.0,0.0,0.0,0.0,0.0,114.0,72.0,6.0,54.4,158.5,0.0,17,5.0,0.9191176470999999,90.0,48.0,152.0,70.0,0.0,3.0,18.0,6.0,8.0,0.92,6.9,0.0,0.0,0.0,63.9,0.0,0.0,21.654111395,0.5925786498,0.2341832728,0.0,11.0,0.0,0.0
19854,0.0,0.0,0.0,0.0,0.0,0.0,0.0,108.0,59.0,6.0,59.0,158.3,0.0,18,6.0,0.9322033898000001,0.0,0.0,170.0,0.0,0.0,1.0,26.0,6.0,6.0,1.22,7.0,0.0,0.0,7.0,75.51899999999999,0.0,0.0,23.544538485,0.7314926502,0.617333614,0.0,11.0,0.0,0.0
