PtID,Pt_CGMUseNumDays,Pt_FatherT1D,Pt_MotherT1D,Pt_SiblingT1D,Pt_ChildT1D,Pt_GrandchildT1D,Pt_GrandparentT1D,BldPrSys,BldPrDia,SMBGperDayPtMeterCombo,WeightKg,HeightCm,DirectLDL,age,diabDur,TotalDailyInsPerKg,LDL,HDL,TotChol,Triglyc,BUN,AlbCreatRat_mggNew,UnitsInsBasalOrLongAct,BGTestAvgNumMeter,BGTestAvgNumPtRep,TSH,HbA1c,AutonomicNeuroCl,Pt_InsGov,NumPumpBolusOrShortAct,HbA1cImputeDtMnC,Pt_SHFlg,Pt_DKAFlg,bmi,bmiPerc,bmiZscore,GFR,diagAgeCombo,Pt_A1cGoalLev,Pt_A1cGoalLevelDsYr5
19850,0.0,0.0,0.0,0.0,0.0,0.0,0.0,125.0,68.0,7.0,35.0,144.0,1.0,10,6.0,1.9142857143,152.0,59.0,0.0,63.0,0.0,0.0,0.0,0.0,7.0,0.0,9.0,0.0,1.0,0.0,0.033,0.0,0.0,16.878858025,0.5070536953,0.017681913400000002,0.0,3.0,0.0,0.0
19850,0.0,0.0,0.0,0.0,0.0,0.0,0.0,113.0,55.0,7.0,42.0,152.0,1.0,10,7.0,1.0952380952,110.0,56.0,189.0,114.0,0.0,7.0,0.0,0.0,7.0,0.0,9.8,0.0,1.0,0.0,9.129,0.0,0.0,18.17867036,0.6971049512999999,0.5160920827000001,0.0,3.0,7.7,0.0
19850,0.0,0.0,0.0,0.0,0.0,0.0,0.0,114.0,78.0,0.0,46.6,155.6,0.0,12,8.0,0.0,0.0,0.0,0.0,0.0,0.0,6.0,24.0,0.0,0.0,0.0,9.0,0.0,0.0,0.0,24.299,0.0,0.0,19.247163315,0.6549331804999999,0.3986737136,0.0,3.0,0.0,0.0
19850,0.0,0.0,0.0,0.0,0.0,0.0,0.0,130.0,77.0,0.0,53.8,157.6,1.0,13,9.0,0.0,138.0,58.0,208.0,62.0,0.0,0.0,48.0,0.0,0.0,0.981,8.8,0.0,0.0,0.0,37.444,0.0,0.0,21.660568425,0.801013121,0.8452455448999999,0.0,3.0,0.0,0.0
19850,0.0,0.0,0.0,0.0,0.0,0.0,0.0,138.0,82.0,0.0,57.6,158.1,0.0,14,10.0,0.0,0.0,0.0,0.0,0.0,0.0,0.0,0.0,0.0,0.0,0.981,9.4,0.0,0.0,0.0,49.56,0.0,0.0,23.044046535,0.8370119021,0.9822510245,0.0,3.0,0.0,0.0
19850,0.0,0.0,0.0,0.0,0.0,0.0,0.0,122.0,88.0,0.0,63.7,158.6,0.0,15,11.0,0.0,125.0,50.0,193.0,92.0,0.0,0.0,0.0,0.0,0.0,1.202,9.1,0.0,0.0,0.0,62.739,0.0,0.0,25.324044405,0.8969280437,1.2642399586,0.0,3.0,0.0,0.0
19850,0.0,0.0,0.0,0.0,0.0,0.0,0.0,133.0,66.0,3.0,66.4,158.5,0.0,16,12.0,0.0,0.0,0.0,0.0,0.0,0.0,0.0,0.0,3.0,5.0,0.0,7.1,0.0,0.0,0.0,75.054,0.0,0.0,26.430753615,0.9083572499,1.3307068136,0.0,3.0,0.0,0.0
19850,0.0,0.0,0.0,0.0,0.0,0.0,0.0,145.0,77.0,3.0,65.3,158.5,0.0,17,13.0,0.0,0.0,0.0,0.0,0.0,0.0,18.0,51.0,3.0,0.0,0.69,9.5,0.0,0.0,0.0,84.78,0.0,0.0,25.992894745,0.87962827,1.1731305428,0.0,3.0,0.0,0.0
