PtID,Pt_CGMUseNumDays,Pt_FatherT1D,Pt_MotherT1D,Pt_SiblingT1D,Pt_ChildT1D,Pt_GrandchildT1D,Pt_GrandparentT1D,BldPrSys,BldPrDia,SMBGperDayPtMeterCombo,WeightKg,HeightCm,DirectLDL,age,diabDur,TotalDailyInsPerKg,LDL,HDL,TotChol,Triglyc,BUN,AlbCreatRat_mggNew,UnitsInsBasalOrLongAct,BGTestAvgNumMeter,BGTestAvgNumPtRep,TSH,HbA1c,AutonomicNeuroCl,Pt_InsGov,NumPumpBolusOrShortAct,HbA1cImputeDtMnC,Pt_SHFlg,Pt_DKAFlg,bmi,bmiPerc,bmiZscore,GFR,diagAgeCombo,Pt_A1cGoalLev,Pt_A1cGoalLevelDsYr5
19877,0.0,0.0,0.0,0.0,0.0,0.0,0.0,100.0,76.0,3.0,78.3,172.0,0.0,23,18.0,0.6002554278,109.0,48.0,173.0,79.0,13.0,3.0,0.0,3.0,4.0,0.0,6.9,0.0,0.0,0.0,0.23199999999999998,0.0,0.0,26.467009194,0.0,-0.026231796,0.0,4.0,0.0,0.0
19877,0.0,0.0,0.0,0.0,0.0,0.0,0.0,121.0,66.0,4.0,69.7,171.8,0.0,25,20.0,0.7173601148000001,69.0,48.0,0.0,140.0,13.0,0.0,0.0,4.0,4.0,0.0,7.1,0.0,0.0,0.0,15.602,0.0,0.0,23.614918937,0.0,-0.588792856,0.0,4.0,7.5,0.0
19877,0.0,0.0,0.0,0.0,0.0,0.0,0.0,112.0,66.0,3.0,69.2,172.0,0.0,26,21.0,0.549132948,90.0,57.0,0.0,83.0,13.0,2.3,21.0,3.0,0.0,2.28,8.1,0.0,0.0,0.0,27.386,0.0,0.0,23.391022174,0.0,-0.632955413,0.0,4.0,0.0,0.0
19877,0.0,0.0,0.0,0.0,0.0,0.0,0.0,118.0,66.0,4.0,66.8,171.3,0.0,27,22.0,0.6736526945999999,78.0,58.0,0.0,83.0,15.0,2.3,25.0,4.0,3.0,3.33,7.7,0.0,0.0,4.0,39.535,0.0,0.0,22.764689785,0.0,-0.7564964590000001,0.0,4.0,0.0,0.0
19877,0.0,0.0,0.0,0.0,0.0,0.0,0.0,102.0,64.0,4.0,65.0,171.6,0.0,28,23.0,0.43076923079999996,62.0,53.0,135.0,102.0,11.0,2.3,15.0,4.0,4.0,2.21,7.6,0.0,0.0,4.0,52.78,0.0,0.0,22.07388571,0.0,-0.8927542340000001,90.1,4.0,0.0,0.0
19877,0.0,0.0,0.0,0.0,0.0,0.0,0.0,104.0,70.0,4.0,69.7,171.5,0.0,29,24.0,0.4734576758,67.0,51.0,159.0,203.0,13.0,0.0,15.0,4.0,4.0,2.21,8.2,0.0,0.0,5.0,68.979,0.0,0.0,23.697608989000003,0.0,-0.572482641,90.1,4.0,0.0,0.0
19877,0.0,0.0,0.0,0.0,0.0,0.0,0.0,102.0,70.0,4.0,0.0,0.0,0.0,30,25.0,0.0,97.0,58.0,174.0,97.0,13.0,0.0,13.9,4.0,5.0,1.5,7.8,0.0,0.0,5.0,82.05799999999999,0.0,0.0,0.0,0.0,0.0,104.0,4.0,0.0,0.0
