PtID,Pt_CGMUseNumDays,Pt_FatherT1D,Pt_MotherT1D,Pt_SiblingT1D,Pt_ChildT1D,Pt_GrandchildT1D,Pt_GrandparentT1D,BldPrSys,BldPrDia,SMBGperDayPtMeterCombo,WeightKg,HeightCm,DirectLDL,age,diabDur,TotalDailyInsPerKg,LDL,HDL,TotChol,Triglyc,BUN,AlbCreatRat_mggNew,UnitsInsBasalOrLongAct,BGTestAvgNumMeter,BGTestAvgNumPtRep,TSH,HbA1c,AutonomicNeuroCl,Pt_InsGov,NumPumpBolusOrShortAct,HbA1cImputeDtMnC,Pt_SHFlg,Pt_DKAFlg,bmi,bmiPerc,bmiZscore,GFR,diagAgeCombo,Pt_A1cGoalLev,Pt_A1cGoalLevelDsYr5
19886,0.0,0.0,0.0,1.0,0.0,0.0,0.0,110.0,58.0,5.0,63.7,168.0,0.0,14,5.0,0.3296703297,95.0,55.0,165.0,76.0,0.0,30.3,0.0,0.0,5.0,0.0,11.3,0.0,0.0,0.0,0.0,0.0,0.0,22.569444444000002,0.8468022027,1.0228144287999998,0.0,9.0,0.0,0.0
19886,0.0,0.0,0.0,0.0,0.0,0.0,0.0,125.0,77.0,0.0,85.0,174.0,0.0,15,6.0,0.4823529412,0.0,0.0,0.0,0.0,0.0,6.2,25.0,0.0,0.0,0.0,9.1,0.0,0.0,3.0,11.286,0.0,0.0,28.075042938000003,0.9653230075,1.8161068381999999,0.0,9.0,0.0,0.0
19886,0.0,0.0,0.0,0.0,0.0,0.0,0.0,124.0,83.0,0.0,83.0,176.0,0.0,16,7.0,0.5301204818999999,0.0,0.0,0.0,0.0,0.0,6.2,20.0,0.0,0.0,0.0,11.4,0.0,0.0,2.0,23.668000000000003,0.0,0.0,26.794938017,0.9370371536,1.5303678883,0.0,9.0,0.0,0.0
19886,0.0,0.0,0.0,0.0,0.0,0.0,0.0,114.0,80.0,0.0,86.5,177.8,0.0,17,8.0,0.23121387280000003,0.0,0.0,0.0,0.0,0.0,19.2,0.0,0.0,0.0,0.0,10.6,0.0,0.0,0.0,36.216,0.0,0.0,27.362299623000002,0.9340577448,1.5067119374000002,0.0,9.0,0.0,0.0
19886,0.0,0.0,0.0,0.0,0.0,0.0,0.0,141.0,87.0,0.0,94.8,178.8,0.0,20,10.0,0.0,117.0,43.0,180.0,100.0,0.0,30.4,15.0,0.0,0.0,0.0,9.5,0.0,0.0,0.0,62.306999999999995,0.0,0.0,29.65331892,0.9344748177,0.6022524439,0.0,9.0,0.0,0.0
