PtID,Pt_CGMUseNumDays,Pt_FatherT1D,Pt_MotherT1D,Pt_SiblingT1D,Pt_ChildT1D,Pt_GrandchildT1D,Pt_GrandparentT1D,BldPrSys,BldPrDia,SMBGperDayPtMeterCombo,WeightKg,HeightCm,DirectLDL,age,diabDur,TotalDailyInsPerKg,LDL,HDL,TotChol,Triglyc,BUN,AlbCreatRat_mggNew,UnitsInsBasalOrLongAct,BGTestAvgNumMeter,BGTestAvgNumPtRep,TSH,HbA1c,AutonomicNeuroCl,Pt_InsGov,NumPumpBolusOrShortAct,HbA1cImputeDtMnC,Pt_SHFlg,Pt_DKAFlg,bmi,bmiPerc,bmiZscore,GFR,diagAgeCombo,Pt_A1cGoalLev,Pt_A1cGoalLevelDsYr5
19914,0.0,0.0,0.0,0.0,0.0,0.0,0.0,109.0,60.0,5.0,52.4,153.3,0.0,12,0.0,0.2099236641,128.0,51.0,195.0,80.0,0.0,0.0,0.0,5.0,4.0,0.0,10.1,0.0,1.0,0.0,0.0,0.0,0.0,22.2970279,0.9068629812000001,1.3216820822,0.0,12.0,0.0,0.0
19914,0.0,0.0,0.0,0.0,0.0,0.0,0.0,117.0,72.0,6.0,58.0,157.5,0.0,13,1.0,0.6896551724,120.0,62.0,200.0,90.0,0.0,0.0,0.0,6.0,5.0,0.0,7.6,0.0,1.0,6.0,14.44,0.0,0.0,23.381204334,0.9128853348999999,1.3587389337,0.0,12.0,7.0,0.0
19914,0.0,0.0,0.0,0.0,0.0,0.0,0.0,100.0,65.0,4.0,64.6,161.3,0.0,14,2.0,0.8513931889,100.0,54.0,166.0,62.0,0.0,29.9,15.0,4.0,0.0,0.0,8.0,0.0,0.0,6.0,24.398000000000003,0.0,0.0,24.829260399000002,0.928160221,1.4622250181,0.0,12.0,0.0,0.0
19914,0.0,0.0,0.0,0.0,0.0,0.0,0.0,109.0,63.0,4.0,71.6,168.7,0.0,14,2.0,1.061452514,87.0,53.0,153.0,67.0,0.0,29.9,16.0,4.0,0.0,2.15,8.6,0.0,0.0,7.0,34.324,0.0,0.0,25.158390691999998,0.9352206540000001,1.5158444395,0.0,12.0,0.0,0.0
19914,0.0,0.0,0.0,0.0,0.0,0.0,0.0,133.0,90.0,5.0,78.9,172.7,0.0,15,3.0,0.9885931559000001,80.0,45.0,138.0,66.0,0.0,29.9,54.0,5.0,0.0,1.45,9.3,0.0,0.0,5.0,45.842,0.0,0.0,26.454059625,0.9444046292,1.5928638322,0.0,12.0,0.0,0.0
19914,0.0,0.0,0.0,0.0,0.0,0.0,0.0,0.0,0.0,3.0,81.5,175.5,0.0,16,4.0,1.1042944785,0.0,0.0,0.0,0.0,0.0,29.9,31.0,3.0,0.0,1.46,9.1,0.0,0.0,5.0,58.158,0.0,0.0,26.460824182,0.9299510442,1.4754265136000002,0.0,12.0,0.0,0.0
19914,0.0,0.0,0.0,0.0,0.0,0.0,0.0,129.0,80.0,7.0,77.5,176.0,0.0,17,5.0,1.0838709677,0.0,0.0,158.0,0.0,0.0,29.9,33.0,7.0,4.0,1.46,9.8,0.0,0.0,5.0,68.083,0.0,0.0,25.019369835,0.8553378812000001,1.0596052206,0.0,12.0,0.0,0.0
