PtID,Pt_CGMUseNumDays,Pt_FatherT1D,Pt_MotherT1D,Pt_SiblingT1D,Pt_ChildT1D,Pt_GrandchildT1D,Pt_GrandparentT1D,BldPrSys,BldPrDia,SMBGperDayPtMeterCombo,WeightKg,HeightCm,DirectLDL,age,diabDur,TotalDailyInsPerKg,LDL,HDL,TotChol,Triglyc,BUN,AlbCreatRat_mggNew,UnitsInsBasalOrLongAct,BGTestAvgNumMeter,BGTestAvgNumPtRep,TSH,HbA1c,AutonomicNeuroCl,Pt_InsGov,NumPumpBolusOrShortAct,HbA1cImputeDtMnC,Pt_SHFlg,Pt_DKAFlg,bmi,bmiPerc,bmiZscore,GFR,diagAgeCombo,Pt_A1cGoalLev,Pt_A1cGoalLevelDsYr5
1991,0.0,0.0,0.0,0.0,0.0,0.0,1.0,132.0,70.0,5.0,90.26488163,173.99,0.0,45,43.0,0.5539252819,46.0,70.0,123.0,39.0,18.0,64.7,0.0,5.0,8.0,0.0,7.2,0.0,0.0,8.0,2.49,0.0,0.0,29.817432223,0.0,0.2037941966,0.0,2.0,0.0,0.0
1991,0.0,0.0,0.0,0.0,0.0,0.0,1.0,134.0,84.0,4.0,93.44002822,173.99,0.0,47,45.0,0.6956333516,62.0,75.0,146.0,46.0,0.0,60.6,0.0,4.0,5.0,0.0,7.2,0.0,0.0,8.0,19.784000000000002,0.0,0.0,30.866286623,0.0,0.35459536810000003,0.0,2.0,6.5,0.0
1991,0.0,0.0,0.0,0.0,0.0,0.0,0.0,120.0,68.0,4.0,94.34721296,173.99,0.0,48,46.0,0.5511556555,53.0,68.0,130.0,47.0,20.0,44.7,28.0,4.0,8.0,1.0,7.4,0.0,0.0,6.0,38.174,0.0,0.0,31.165959308,0.0,0.3976814171,90.0,2.0,0.0,0.0
1991,0.0,0.0,0.0,0.0,0.0,0.0,0.0,122.0,68.0,4.0,94.574009145,173.99,0.0,49,47.0,0.5815551281,49.0,82.0,137.0,31.0,18.0,74.7,27.0,4.0,6.0,0.0,6.9,0.0,0.0,8.0,50.357,0.0,0.0,31.24087748,0.0,0.4084529293,89.0,2.0,0.0,0.0
1991,0.0,0.0,0.0,0.0,0.0,0.0,0.0,122.0,68.0,3.0,92.759639665,171.45,0.0,51,49.0,0.6037108402,50.0,70.0,126.0,28.0,15.0,40.5,28.0,3.0,3.0,0.0,6.9,0.0,0.0,8.0,65.793,0.0,0.0,31.556154521,0.0,0.37803045,79.0,2.0,0.0,0.0
1991,0.0,0.0,0.0,0.0,0.0,0.0,0.0,116.0,70.0,3.0,94.80080533,171.45,0.0,52,50.0,0.6750997501999999,60.0,69.0,137.0,39.0,26.0,39.0,29.0,3.0,2.0,0.0,6.9,0.0,0.0,9.0,78.705,0.0,0.0,32.250544229,0.0,0.46993740100000003,78.0,2.0,0.0,0.0
