PtID,Pt_CGMUseNumDays,Pt_FatherT1D,Pt_MotherT1D,Pt_SiblingT1D,Pt_ChildT1D,Pt_GrandchildT1D,Pt_GrandparentT1D,BldPrSys,BldPrDia,SMBGperDayPtMeterCombo,WeightKg,HeightCm,DirectLDL,age,diabDur,TotalDailyInsPerKg,LDL,HDL,TotChol,Triglyc,BUN,AlbCreatRat_mggNew,UnitsInsBasalOrLongAct,BGTestAvgNumMeter,BGTestAvgNumPtRep,TSH,HbA1c,AutonomicNeuroCl,Pt_InsGov,NumPumpBolusOrShortAct,HbA1cImputeDtMnC,Pt_SHFlg,Pt_DKAFlg,bmi,bmiPerc,bmiZscore,GFR,diagAgeCombo,Pt_A1cGoalLev,Pt_A1cGoalLevelDsYr5
19937,0.0,0.0,0.0,0.0,0.0,0.0,0.0,108.0,65.0,6.0,45.8,145.5,0.0,12,8.0,0.96069869,65.0,63.0,148.0,101.0,11.0,12.0,0.0,0.0,6.0,0.0,7.9,0.0,0.0,5.0,-5.112,0.0,0.0,21.634132804,0.8462818334000001,1.0206161536,0.0,3.0,0.0,0.0
19937,0.0,0.0,0.0,0.0,0.0,0.0,0.0,116.0,81.0,8.0,62.6,150.6,0.0,14,10.0,0.7667731629000001,72.0,61.0,149.0,79.0,0.0,3.0,0.0,0.0,8.0,0.0,7.7,0.0,0.0,0.0,18.822,0.0,0.0,27.600972824,0.9546013684,1.6912070598,0.0,3.0,7.0,0.0
19937,0.0,0.0,0.0,0.0,0.0,0.0,0.0,117.0,68.0,5.0,70.1,151.9,0.0,15,11.0,0.6704707561,82.0,56.0,156.0,89.0,0.0,8.0,23.0,0.0,5.0,1.83,6.6,0.0,0.0,0.0,34.39,0.0,0.0,30.38102837,0.9702236052,1.8840900972,0.0,3.0,0.0,0.0
19937,0.0,0.0,0.0,0.0,0.0,0.0,0.0,124.0,70.0,5.0,71.7,151.1,0.0,16,12.0,0.6694560668999999,0.0,0.0,0.0,0.0,0.0,7.0,22.0,5.0,0.0,0.0,7.2,0.0,0.0,0.0,41.095,0.0,0.0,31.404380231999998,0.9707987989,1.8926652363,0.0,3.0,0.0,0.0
19937,30.0,0.0,0.0,0.0,0.0,0.0,0.0,107.0,71.0,8.0,70.4,151.2,0.0,18,14.0,0.0,71.0,64.0,158.0,116.0,0.0,12.9,23.0,0.0,8.0,2.05,7.3,0.0,0.0,0.0,71.768,0.0,0.0,30.794210688000003,0.9547637839,1.6929108791999998,0.0,3.0,0.0,0.0
