PtID,Pt_CGMUseNumDays,Pt_FatherT1D,Pt_MotherT1D,Pt_SiblingT1D,Pt_ChildT1D,Pt_GrandchildT1D,Pt_GrandparentT1D,BldPrSys,BldPrDia,SMBGperDayPtMeterCombo,WeightKg,HeightCm,DirectLDL,age,diabDur,TotalDailyInsPerKg,LDL,HDL,TotChol,Triglyc,BUN,AlbCreatRat_mggNew,UnitsInsBasalOrLongAct,BGTestAvgNumMeter,BGTestAvgNumPtRep,TSH,HbA1c,AutonomicNeuroCl,Pt_InsGov,NumPumpBolusOrShortAct,HbA1cImputeDtMnC,Pt_SHFlg,Pt_DKAFlg,bmi,bmiPerc,bmiZscore,GFR,diagAgeCombo,Pt_A1cGoalLev,Pt_A1cGoalLevelDsYr5
19935,0.0,0.0,0.0,0.0,0.0,0.0,0.0,120.0,70.0,3.0,71.21400209,167.64,0.0,21,11.0,0.5336029275999999,87.0,72.0,0.0,62.0,14.0,5.0,0.0,3.0,7.0,0.0,7.8,0.0,0.0,5.0,-0.19899999999999998,0.0,0.0,25.340202939,0.0,-0.19683649,0.0,10.0,0.0,0.0
19935,0.0,0.0,0.0,0.0,0.0,0.0,0.0,120.0,80.0,1.0,70.76040972,167.64,0.0,24,13.0,0.0,0.0,0.0,0.0,0.0,0.0,0.0,0.0,1.0,4.0,0.0,7.3,0.0,0.0,5.0,24.631,0.0,0.0,25.178800373,0.0,-0.21859973100000002,0.0,10.0,0.0,0.0
19935,0.0,0.0,0.0,0.0,0.0,0.0,0.0,120.0,80.0,0.0,66.67807839,167.64,0.0,24,14.0,0.0,0.0,0.0,0.0,0.0,0.0,0.0,0.0,0.0,0.0,0.0,8.1,0.0,0.0,0.0,34.158,0.0,0.0,23.726177274,0.0,-0.414468897,0.0,10.0,0.0,0.0
19935,0.0,0.0,0.0,0.0,0.0,0.0,0.0,120.0,80.0,4.0,66.768796864,168.91,0.0,25,15.0,0.4642887315,0.0,0.0,0.0,0.0,0.0,0.0,17.0,4.0,0.0,0.0,7.3,0.0,0.0,13.0,46.008,0.0,0.0,23.402530866,0.0,-0.458108814,0.0,10.0,0.0,0.0
