PtID,Pt_CGMUseNumDays,Pt_FatherT1D,Pt_MotherT1D,Pt_SiblingT1D,Pt_ChildT1D,Pt_GrandchildT1D,Pt_GrandparentT1D,BldPrSys,BldPrDia,SMBGperDayPtMeterCombo,WeightKg,HeightCm,DirectLDL,age,diabDur,TotalDailyInsPerKg,LDL,HDL,TotChol,Triglyc,BUN,AlbCreatRat_mggNew,UnitsInsBasalOrLongAct,BGTestAvgNumMeter,BGTestAvgNumPtRep,TSH,HbA1c,AutonomicNeuroCl,Pt_InsGov,NumPumpBolusOrShortAct,HbA1cImputeDtMnC,Pt_SHFlg,Pt_DKAFlg,bmi,bmiPerc,bmiZscore,GFR,diagAgeCombo,Pt_A1cGoalLev,Pt_A1cGoalLevelDsYr5
19975,15.0,0.0,0.0,0.0,0.0,0.0,1.0,100.0,76.0,3.0,0.0,0.0,0.0,30,11.0,0.0,113.0,56.0,0.0,67.0,0.0,9.9,0.0,0.0,3.0,0.0,7.2,0.0,0.0,9.0,0.0,0.0,0.0,0.0,0.0,0.0,0.0,19.0,0.0,0.0
19975,7.0,0.0,0.0,0.0,0.0,0.0,1.0,116.0,80.0,3.0,113.85168487,192.4,0.0,31,12.0,0.9661692765000001,0.0,0.0,0.0,0.0,0.0,0.0,0.0,0.0,3.0,0.0,7.4,0.0,0.0,0.0,7.768,0.0,0.0,30.755962778,0.0,0.4719758246,0.0,19.0,6.2,0.0
19975,0.0,0.0,0.0,0.0,0.0,0.0,0.0,116.0,76.0,2.0,0.0,0.0,0.0,32,13.0,0.0,131.0,59.0,0.0,81.0,0.0,8.3,39.0,0.0,2.0,2.24,8.3,0.0,0.0,0.0,22.141,0.0,0.0,0.0,0.0,0.0,0.0,19.0,0.0,0.0
19975,0.0,0.0,0.0,0.0,0.0,0.0,0.0,0.0,0.0,3.0,120.20197805,193.04,1.0,33,14.0,0.8901683793999999,132.0,0.0,0.0,0.0,0.0,5.3,39.0,3.0,0.0,3.03,8.1,0.0,0.0,0.0,36.216,0.0,0.0,32.256481753,0.0,0.6894871196,0.0,19.0,0.0,0.0
19975,0.0,0.0,0.0,0.0,0.0,0.0,0.0,126.0,72.0,3.0,117.9340162,193.04,0.0,34,15.0,0.7885765532,0.0,0.0,0.0,0.0,0.0,5.3,39.0,3.0,0.0,0.0,7.9,0.0,0.0,0.0,46.705,0.0,0.0,31.64786889,0.0,0.6012641952000001,0.0,19.0,0.0,0.0
19975,0.0,0.0,0.0,0.0,0.0,0.0,0.0,106.0,68.0,7.0,0.0,0.0,0.0,35,16.0,0.0,0.0,0.0,0.0,0.0,0.0,5.3,40.0,7.0,0.0,0.0,7.3,0.0,0.0,0.0,55.801,0.0,0.0,0.0,0.0,0.0,0.0,19.0,0.0,0.0
19975,0.0,0.0,0.0,0.0,0.0,0.0,0.0,110.0,74.0,2.0,112.49090776,193.04,0.0,35,16.0,0.5600452628,91.0,62.0,163.0,49.0,0.0,5.3,40.4,2.0,2.0,0.0,7.4,0.0,0.0,0.0,63.236999999999995,0.0,0.0,30.187198018,0.0,0.38952917670000003,0.0,19.0,0.0,0.0
