PtID,Pt_CGMUseNumDays,Pt_FatherT1D,Pt_MotherT1D,Pt_SiblingT1D,Pt_ChildT1D,Pt_GrandchildT1D,Pt_GrandparentT1D,BldPrSys,BldPrDia,SMBGperDayPtMeterCombo,WeightKg,HeightCm,DirectLDL,age,diabDur,TotalDailyInsPerKg,LDL,HDL,TotChol,Triglyc,BUN,AlbCreatRat_mggNew,UnitsInsBasalOrLongAct,BGTestAvgNumMeter,BGTestAvgNumPtRep,TSH,HbA1c,AutonomicNeuroCl,Pt_InsGov,NumPumpBolusOrShortAct,HbA1cImputeDtMnC,Pt_SHFlg,Pt_DKAFlg,bmi,bmiPerc,bmiZscore,GFR,diagAgeCombo,Pt_A1cGoalLev,Pt_A1cGoalLevelDsYr5
19989,0.0,0.0,0.0,0.0,0.0,0.0,0.0,112.0,60.0,5.0,89.35769689,167.64,0.0,44,33.0,0.6602676888,155.0,60.0,257.0,210.0,20.0,5.3,0.0,5.0,6.0,0.0,6.8,0.0,0.0,8.0,-0.066,0.0,0.0,31.796305599,0.0,0.2855666081,0.0,11.0,0.0,0.0
19989,0.0,0.0,0.0,0.0,0.0,0.0,0.0,130.0,80.0,6.0,0.0,0.0,0.0,46,35.0,0.0,114.0,69.0,219.0,180.0,14.0,0.0,0.0,6.0,5.0,0.0,7.1,0.0,0.0,7.0,12.812999999999999,0.0,0.0,0.0,0.0,0.0,0.0,11.0,6.8,0.0
19989,0.0,0.0,0.0,0.0,0.0,0.0,0.0,112.0,58.0,4.0,92.07925111,167.64,0.0,47,36.0,0.7167738573000001,95.0,80.0,203.0,141.0,15.0,0.0,36.0,4.0,0.0,0.0,6.7,0.0,0.0,6.0,27.154,0.0,0.0,32.764720998,0.0,0.3720874655,60.0,11.0,0.0,0.0
19989,0.0,0.0,0.0,0.0,0.0,0.0,0.0,130.0,72.0,4.0,93.44002822,167.64,0.0,47,36.0,0.7063354031,93.0,51.0,187.0,216.0,15.0,0.0,37.0,4.0,0.0,0.8,7.2,0.0,0.0,6.0,36.382,0.0,0.0,33.248928697,0.0,0.4153478942,0.0,11.0,0.0,0.0
