PtID,Pt_CGMUseNumDays,Pt_FatherT1D,Pt_MotherT1D,Pt_SiblingT1D,Pt_ChildT1D,Pt_GrandchildT1D,Pt_GrandparentT1D,BldPrSys,BldPrDia,SMBGperDayPtMeterCombo,WeightKg,HeightCm,DirectLDL,age,diabDur,TotalDailyInsPerKg,LDL,HDL,TotChol,Triglyc,BUN,AlbCreatRat_mggNew,UnitsInsBasalOrLongAct,BGTestAvgNumMeter,BGTestAvgNumPtRep,TSH,HbA1c,AutonomicNeuroCl,Pt_InsGov,NumPumpBolusOrShortAct,HbA1cImputeDtMnC,Pt_SHFlg,Pt_DKAFlg,bmi,bmiPerc,bmiZscore,GFR,diagAgeCombo,Pt_A1cGoalLev,Pt_A1cGoalLevelDsYr5
19994,0.0,0.0,0.0,0.0,0.0,0.0,0.0,115.0,58.0,6.0,19.2,102.6,0.0,4,1.0,0.78125,76.0,90.0,176.0,49.0,0.0,6.0,0.0,0.0,6.0,0.0,9.1,0.0,0.0,0.0,0.0,1.0,0.0,18.239230304,0.9703397608,1.8858106271000001,0.0,2.0,0.0,0.0
19994,0.0,0.0,0.0,0.0,0.0,0.0,0.0,112.0,58.0,7.0,19.7,106.4,0.0,4,2.0,0.6091370558,91.0,112.0,210.0,35.0,0.0,0.0,0.0,0.0,7.0,0.0,8.7,0.0,0.0,0.0,7.202999999999999,0.0,0.0,17.401351122,0.9130436956999999,1.3597387577000002,0.0,2.0,8.0,0.0
19994,0.0,0.0,0.0,0.0,0.0,0.0,0.0,98.0,55.0,5.0,21.5,111.2,0.0,5,3.0,0.5581395349,0.0,0.0,0.0,0.0,0.0,4.4,5.0,0.0,5.0,2.28,8.9,0.0,0.0,3.0,19.685,0.0,0.0,17.387169400999998,0.9131031156,1.3601142613,0.0,2.0,0.0,0.0
19994,0.0,0.0,0.0,0.0,0.0,0.0,0.0,105.0,66.0,4.0,23.5,115.5,0.0,6,4.0,0.5957446809,75.0,99.0,185.0,55.0,0.0,4.4,5.0,0.0,4.0,3.05,7.3,0.0,0.0,3.0,31.834,0.0,0.0,17.615861772,0.9083203220999999,1.3304824777,0.0,2.0,0.0,0.0
19994,0.0,0.0,0.0,0.0,0.0,0.0,0.0,111.0,51.0,5.0,25.6,121.4,0.0,7,5.0,0.6640625,0.0,0.0,0.0,0.0,0.0,31.7,6.0,5.0,0.0,0.0,7.7,0.0,0.0,4.0,42.92100000000001,0.0,0.0,17.370110924000002,0.8488513565000001,1.0315194607,0.0,2.0,0.0,0.0
19994,0.0,0.0,0.0,0.0,0.0,0.0,0.0,120.0,58.0,7.0,30.7,131.0,0.0,9,7.0,0.6840390879000001,63.0,93.0,165.0,44.0,19.0,31.7,8.0,0.0,7.0,3.11,8.3,0.0,1.0,0.0,64.564,0.0,0.0,17.889400385,0.7858906325,0.792243455,0.0,2.0,0.0,0.0
