PtID,Pt_CGMUseNumDays,Pt_FatherT1D,Pt_MotherT1D,Pt_SiblingT1D,Pt_ChildT1D,Pt_GrandchildT1D,Pt_GrandparentT1D,BldPrSys,BldPrDia,SMBGperDayPtMeterCombo,WeightKg,HeightCm,DirectLDL,age,diabDur,TotalDailyInsPerKg,LDL,HDL,TotChol,Triglyc,BUN,AlbCreatRat_mggNew,UnitsInsBasalOrLongAct,BGTestAvgNumMeter,BGTestAvgNumPtRep,TSH,HbA1c,AutonomicNeuroCl,Pt_InsGov,NumPumpBolusOrShortAct,HbA1cImputeDtMnC,Pt_SHFlg,Pt_DKAFlg,bmi,bmiPerc,bmiZscore,GFR,diagAgeCombo,Pt_A1cGoalLev,Pt_A1cGoalLevelDsYr5
20039,0.0,0.0,0.0,0.0,0.0,0.0,0.0,119.0,60.0,9.0,28.7,131.5,0.0,7,3.0,1.0801393728,78.0,62.0,0.0,63.0,22.0,10.0,0.0,9.0,7.0,0.0,8.4,0.0,0.0,10.0,0.0,0.0,0.0,16.597030462,0.7325716108,0.62060921,0.0,4.0,0.0,0.0
20039,0.0,0.0,0.0,0.0,0.0,0.0,0.0,111.0,75.0,7.0,34.3,145.2,0.0,9,5.0,0.9912536443000001,57.0,59.0,0.0,52.0,0.0,22.0,12.0,7.0,0.0,1.87,8.4,0.0,0.0,7.0,20.88,0.0,0.0,16.269001055,0.49702552920000004,-0.007455961999999999,0.0,4.0,0.0,0.0
20039,0.0,0.0,0.0,0.0,0.0,0.0,0.0,114.0,56.0,7.0,42.3,153.5,0.0,10,6.0,1.2529550827,70.0,61.0,0.0,65.0,0.0,0.8,19.0,7.0,0.0,1.05,8.6,0.0,0.0,6.0,33.427,0.0,0.0,17.952445119,0.6691286992000001,0.4375085157,0.0,4.0,0.0,0.0
20039,0.0,0.0,0.0,0.0,0.0,0.0,0.0,122.0,57.0,5.0,46.6,159.8,0.0,11,7.0,0.0,0.0,0.0,0.0,0.0,0.0,0.8,0.0,5.0,0.0,0.0,10.4,0.0,0.0,0.0,43.286,0.0,0.0,18.248718282000002,0.6180031088,0.3002404111,0.0,4.0,0.0,0.0
20039,0.0,0.0,0.0,0.0,0.0,0.0,0.0,123.0,62.0,4.0,51.8,162.2,0.0,12,8.0,1.4285714286000002,0.0,0.0,0.0,0.0,0.0,9.0,32.0,4.0,0.0,0.0,10.7,0.0,0.0,5.0,52.714,0.0,0.0,19.689199524,0.7022830615000001,0.5309782129999999,0.0,4.0,0.0,0.0
20039,0.0,0.0,0.0,0.0,0.0,0.0,0.0,104.0,51.0,4.0,51.6,166.2,0.0,13,9.0,0.0,60.0,56.0,0.0,54.0,12.0,9.0,11.0,4.0,0.0,1.15,9.7,0.0,0.0,0.0,66.622,0.0,0.0,18.680464144000002,0.49578198700000004,-0.010573188,0.0,4.0,0.0,0.0
20039,0.0,0.0,0.0,0.0,0.0,0.0,0.0,118.0,56.0,3.0,57.4,167.2,0.0,14,9.0,1.1515679443,0.0,0.0,0.0,0.0,0.0,9.0,32.2,3.0,2.0,0.0,9.4,0.0,0.0,0.0,73.82600000000001,0.0,0.0,20.5323825,0.6468546513,0.3768424425,0.0,4.0,0.0,0.0
