PtID,Pt_CGMUseNumDays,Pt_FatherT1D,Pt_MotherT1D,Pt_SiblingT1D,Pt_ChildT1D,Pt_GrandchildT1D,Pt_GrandparentT1D,BldPrSys,BldPrDia,SMBGperDayPtMeterCombo,WeightKg,HeightCm,DirectLDL,age,diabDur,TotalDailyInsPerKg,LDL,HDL,TotChol,Triglyc,BUN,AlbCreatRat_mggNew,UnitsInsBasalOrLongAct,BGTestAvgNumMeter,BGTestAvgNumPtRep,TSH,HbA1c,AutonomicNeuroCl,Pt_InsGov,NumPumpBolusOrShortAct,HbA1cImputeDtMnC,Pt_SHFlg,Pt_DKAFlg,bmi,bmiPerc,bmiZscore,GFR,diagAgeCombo,Pt_A1cGoalLev,Pt_A1cGoalLevelDsYr5
20035,30.0,0.0,0.0,0.0,0.0,0.0,0.0,115.0,56.0,4.0,63.457572563,175.26,0.0,40,17.0,0.40972257450000005,105.0,49.0,168.0,67.0,13.0,10.0,0.0,0.0,4.0,0.0,8.2,0.0,0.0,4.0,0.0,0.0,0.0,20.659406467,0.0,-0.709434155,0.0,23.0,0.0,0.0
20035,30.0,0.0,0.0,0.0,0.0,0.0,0.0,98.0,45.0,3.0,63.775087221999996,175.26,0.0,41,18.0,0.5174434319,113.0,53.0,181.0,73.0,14.0,7.0,0.0,0.0,3.0,0.0,9.4,0.0,0.0,0.0,9.56,0.0,0.0,20.762777336,0.0,-0.7001987209999999,0.0,23.0,7.0,0.0
20035,0.0,0.0,0.0,0.0,0.0,0.0,0.0,117.0,54.0,0.0,62.9,174.0,0.0,43,20.0,0.42925278219999996,108.0,57.0,0.0,58.0,9.0,7.5,25.0,0.0,0.0,1.47,9.0,0.0,0.0,2.0,26.256999999999998,0.0,0.0,20.775531774,0.0,-0.699059205,0.0,23.0,0.0,0.0
20035,0.0,0.0,0.0,0.0,0.0,0.0,0.0,113.0,56.0,3.0,62.9,175.3,0.0,43,20.0,0.5405405405,0.0,0.0,0.0,0.0,0.0,5.7,26.0,3.0,3.0,0.0,10.8,0.0,0.0,2.0,36.747,0.0,0.0,20.468537515,0.0,-0.726486905,0.0,23.0,0.0,0.0
20035,0.0,0.0,0.0,0.0,0.0,0.0,0.0,115.0,55.0,0.0,65.0,172.7,0.0,44,21.0,0.0,126.0,52.0,190.0,60.0,14.0,6.3,0.0,0.0,0.0,1.48,8.6,0.0,0.0,0.0,49.726000000000006,0.0,0.0,21.793585243000003,0.0,-0.608103548,0.0,23.0,0.0,0.0
20035,30.0,0.0,0.0,0.0,0.0,0.0,0.0,133.0,62.0,3.0,61.4,172.7,0.0,46,23.0,0.5537459283,117.0,45.0,182.0,99.0,13.0,7.0,27.0,3.0,3.0,2.18,10.0,0.0,0.0,4.0,64.896,0.0,0.0,20.586555905999997,0.0,-0.715942822,0.0,23.0,0.0,0.0
20035,0.0,0.0,0.0,0.0,0.0,0.0,0.0,112.0,62.0,2.0,65.8,170.2,0.0,46,23.0,0.4696048632,123.0,51.0,0.0,148.0,11.0,7.0,26.5,2.0,0.0,2.6,9.9,0.0,0.0,2.0,74.589,0.0,0.0,22.714688325,0.0,-0.525809701,0.0,23.0,0.0,0.0
