PtID,Pt_CGMUseNumDays,Pt_FatherT1D,Pt_MotherT1D,Pt_SiblingT1D,Pt_ChildT1D,Pt_GrandchildT1D,Pt_GrandparentT1D,BldPrSys,BldPrDia,SMBGperDayPtMeterCombo,WeightKg,HeightCm,DirectLDL,age,diabDur,TotalDailyInsPerKg,LDL,HDL,TotChol,Triglyc,BUN,AlbCreatRat_mggNew,UnitsInsBasalOrLongAct,BGTestAvgNumMeter,BGTestAvgNumPtRep,TSH,HbA1c,AutonomicNeuroCl,Pt_InsGov,NumPumpBolusOrShortAct,HbA1cImputeDtMnC,Pt_SHFlg,Pt_DKAFlg,bmi,bmiPerc,bmiZscore,GFR,diagAgeCombo,Pt_A1cGoalLev,Pt_A1cGoalLevelDsYr5
20063,0.0,1.0,0.0,1.0,0.0,0.0,0.0,125.0,77.0,6.0,0.0,0.0,0.0,28,20.0,0.0,109.0,83.0,211.0,95.0,11.0,19.3,0.0,6.0,6.0,0.0,0.0,1.0,0.0,6.0,0.0,0.0,0.0,0.0,0.0,0.0,0.0,7.0,0.0,0.0
20063,0.0,1.0,0.0,1.0,0.0,0.0,0.0,132.0,79.0,3.0,0.0,0.0,0.0,29,21.0,0.0,175.0,82.0,270.0,62.0,14.0,0.0,0.0,3.0,4.0,0.0,8.0,1.0,0.0,5.0,14.606,0.0,0.0,0.0,0.0,0.0,0.0,7.0,7.0,0.0
20063,0.0,0.0,0.0,0.0,0.0,0.0,0.0,117.0,78.0,5.0,78.01788764,172.72,0.0,30,22.0,0.6152435224,137.0,73.0,227.0,85.0,13.0,0.0,24.0,5.0,0.0,0.98,7.6,1.0,0.0,0.0,26.191,0.0,0.0,26.152242149,0.0,-0.20046548600000003,60.1,7.0,0.0,0.0
20063,0.0,0.0,0.0,0.0,0.0,0.0,0.0,136.0,74.0,4.0,81.19303423,175.26,0.0,31,23.0,0.6650816848,84.0,73.0,169.0,60.0,14.0,0.0,26.0,4.0,0.0,0.98,7.6,1.0,0.0,7.0,38.739000000000004,0.0,0.0,26.433407845999998,0.0,-0.168216157,0.0,7.0,0.0,0.0
20063,0.0,0.0,0.0,0.0,0.0,0.0,0.0,124.0,80.0,4.0,81.64662659999999,175.26,0.0,32,24.0,0.7103784004000001,82.0,79.0,172.0,67.0,12.0,0.0,27.0,4.0,0.0,0.0,7.1,1.0,0.0,9.0,51.519,0.0,0.0,26.581080516,0.0,-0.151278299,0.0,7.0,0.0,0.0
20063,29.0,0.0,0.0,0.0,0.0,0.0,0.0,138.0,74.0,5.0,79.37866475,175.26,0.0,33,25.0,0.6172943341,83.0,77.0,181.0,105.0,17.0,0.0,26.0,5.0,4.0,1.63,8.0,1.0,1.0,10.0,65.693,0.0,0.0,25.842717168000004,0.0,-0.235967587,73.0,7.0,0.0,0.0
20063,0.0,0.0,0.0,0.0,0.0,0.0,0.0,118.0,71.0,7.0,84.82177319,175.26,0.0,34,26.0,0.5776818635000001,90.0,72.0,178.0,78.0,0.0,0.0,27.0,7.0,0.0,2.37,7.0,1.0,0.0,9.0,77.544,0.0,0.0,27.614789201999997,0.0,-0.032713297,0.0,7.0,0.0,0.0
