PtID,Pt_CGMUseNumDays,Pt_FatherT1D,Pt_MotherT1D,Pt_SiblingT1D,Pt_ChildT1D,Pt_GrandchildT1D,Pt_GrandparentT1D,BldPrSys,BldPrDia,SMBGperDayPtMeterCombo,WeightKg,HeightCm,DirectLDL,age,diabDur,TotalDailyInsPerKg,LDL,HDL,TotChol,Triglyc,BUN,AlbCreatRat_mggNew,UnitsInsBasalOrLongAct,BGTestAvgNumMeter,BGTestAvgNumPtRep,TSH,HbA1c,AutonomicNeuroCl,Pt_InsGov,NumPumpBolusOrShortAct,HbA1cImputeDtMnC,Pt_SHFlg,Pt_DKAFlg,bmi,bmiPerc,bmiZscore,GFR,diagAgeCombo,Pt_A1cGoalLev,Pt_A1cGoalLevelDsYr5
20106,0.0,0.0,0.0,0.0,0.0,0.0,0.0,92.0,71.0,10.0,23.5,123.6,0.0,6,0.0,0.17021276600000002,0.0,0.0,0.0,0.0,11.0,0.0,0.0,10.0,8.0,0.0,11.6,0.0,1.0,0.0,-0.929,0.0,1.0,15.382641572999999,0.5002887918,0.0007238937,0.0,6.0,0.0,0.0
20106,0.0,0.0,0.0,0.0,0.0,0.0,0.0,109.0,70.0,5.0,37.6,146.7,0.0,10,3.0,0.7180851064,0.0,0.0,0.0,0.0,0.0,0.0,10.0,5.0,0.0,0.6,6.5,0.0,0.0,0.0,46.538999999999994,0.0,0.0,17.471396397,0.6507745867,0.3874125333,0.0,6.0,0.0,0.0
20106,0.0,0.0,0.0,0.0,0.0,0.0,0.0,111.0,64.0,10.0,37.6,149.4,0.0,11,4.0,0.8244680851,86.0,64.0,170.0,100.0,12.0,0.0,10.0,10.0,0.0,0.86,7.3,0.0,0.0,0.0,56.663999999999994,0.0,0.0,16.845606433,0.4373285023,-0.157745933,0.0,6.0,0.0,0.0
20106,0.0,0.0,0.0,0.0,0.0,0.0,0.0,109.0,61.0,5.0,41.4,155.4,0.0,12,5.0,0.8695652173999999,0.0,0.0,0.0,0.0,15.0,0.0,12.0,0.0,5.0,1.11,7.0,0.0,1.0,0.0,66.755,1.0,0.0,17.143453437,0.38421789520000005,-0.294421565,0.0,6.0,0.0,0.0
