PtID,Pt_CGMUseNumDays,Pt_FatherT1D,Pt_MotherT1D,Pt_SiblingT1D,Pt_ChildT1D,Pt_GrandchildT1D,Pt_GrandparentT1D,BldPrSys,BldPrDia,SMBGperDayPtMeterCombo,WeightKg,HeightCm,DirectLDL,age,diabDur,TotalDailyInsPerKg,LDL,HDL,TotChol,Triglyc,BUN,AlbCreatRat_mggNew,UnitsInsBasalOrLongAct,BGTestAvgNumMeter,BGTestAvgNumPtRep,TSH,HbA1c,AutonomicNeuroCl,Pt_InsGov,NumPumpBolusOrShortAct,HbA1cImputeDtMnC,Pt_SHFlg,Pt_DKAFlg,bmi,bmiPerc,bmiZscore,GFR,diagAgeCombo,Pt_A1cGoalLev,Pt_A1cGoalLevelDsYr5
20109,30.0,0.0,0.0,0.0,0.0,0.0,0.0,122.0,66.0,4.0,77.01998442600001,170.18,0.0,53,38.0,0.4024929404,104.0,52.0,0.0,79.0,18.0,4.0,0.0,0.0,4.0,0.0,0.0,0.0,0.0,3.0,0.0,0.0,0.0,26.594166768,0.0,-0.26797414,0.0,14.0,0.0,0.0
20109,30.0,0.0,0.0,0.0,0.0,0.0,0.0,126.0,70.0,4.0,77.01998442600001,169.418,0.0,55,40.0,0.4544275133,0.0,0.0,0.0,0.0,13.0,15.2,0.0,0.0,4.0,0.0,6.8,0.0,0.0,0.0,17.427,0.0,0.0,26.833932649,0.0,-0.24331751399999998,0.0,14.0,6.8,0.0
20109,0.0,0.0,0.0,0.0,0.0,0.0,0.0,110.0,62.0,4.0,81.64662659999999,170.18,0.0,56,41.0,0.5511556555,0.0,0.0,0.0,0.0,19.0,7.0,0.0,0.0,4.0,1.78,6.9,0.0,0.0,3.0,31.070999999999998,0.0,0.0,28.191696220999997,0.0,-0.103690188,86.6,14.0,0.0,0.0
20109,0.0,0.0,0.0,0.0,0.0,0.0,0.0,112.0,64.0,2.0,79.922975594,170.688,0.0,57,42.0,0.4254095865,0.0,0.0,0.0,0.0,16.0,7.0,20.0,2.0,4.0,1.35,7.4,0.0,0.0,4.0,42.29,0.0,0.0,27.432517523,0.0,-0.181761285,73.9,14.0,0.0,0.0
20109,0.0,0.0,0.0,0.0,0.0,0.0,0.0,102.0,64.0,4.0,80.013694068,170.688,0.0,57,42.0,0.41242940200000006,0.0,0.0,0.0,0.0,0.0,15.7,19.0,0.0,4.0,1.08,7.8,0.0,0.0,2.0,51.983000000000004,0.0,0.0,27.463655455,0.0,-0.17855917699999999,102.7,14.0,0.0,0.0
20109,0.0,0.0,0.0,0.0,0.0,0.0,0.0,124.0,72.0,4.0,79.197227802,169.418,0.0,58,43.0,0.3788011378,0.0,0.0,0.0,0.0,0.0,15.7,19.0,0.0,4.0,0.99,8.5,0.0,0.0,3.0,61.71,0.0,0.0,27.592489049,0.0,-0.165310412,0.0,14.0,0.0,0.0
20109,30.0,0.0,0.0,0.0,0.0,0.0,0.0,132.0,70.0,2.0,80.920878808,169.16400000000002,0.0,59,44.0,0.40780575399999996,0.0,0.0,0.0,0.0,0.0,15.7,20.0,2.0,4.0,1.7,8.4,0.0,0.0,4.0,68.48100000000001,0.0,0.0,28.277740129,0.0,-0.094841755,0.0,14.0,0.0,0.0
20109,0.0,0.0,0.0,0.0,0.0,0.0,0.0,128.0,62.0,0.0,0.0,0.0,0.0,60,45.0,0.0,0.0,0.0,0.0,0.0,17.0,9.4,0.0,0.0,0.0,1.04,8.7,0.0,0.0,0.0,83.618,0.0,0.0,0.0,0.0,0.0,85.4,14.0,0.0,0.0
