PtID,Pt_CGMUseNumDays,Pt_FatherT1D,Pt_MotherT1D,Pt_SiblingT1D,Pt_ChildT1D,Pt_GrandchildT1D,Pt_GrandparentT1D,BldPrSys,BldPrDia,SMBGperDayPtMeterCombo,WeightKg,HeightCm,DirectLDL,age,diabDur,TotalDailyInsPerKg,LDL,HDL,TotChol,Triglyc,BUN,AlbCreatRat_mggNew,UnitsInsBasalOrLongAct,BGTestAvgNumMeter,BGTestAvgNumPtRep,TSH,HbA1c,AutonomicNeuroCl,Pt_InsGov,NumPumpBolusOrShortAct,HbA1cImputeDtMnC,Pt_SHFlg,Pt_DKAFlg,bmi,bmiPerc,bmiZscore,GFR,diagAgeCombo,Pt_A1cGoalLev,Pt_A1cGoalLevelDsYr5
2012,0.0,0.0,0.0,0.0,0.0,0.0,0.0,117.0,55.0,5.0,43.7,158.4,0.0,13,7.0,0.0,89.0,67.0,0.0,91.0,17.0,0.0,0.0,0.0,5.0,0.0,6.8,0.0,0.0,0.0,0.0,0.0,0.0,17.416908989,0.3237669917,-0.45719069799999995,0.0,5.0,0.0,0.0
2012,0.0,0.0,0.0,0.0,0.0,0.0,0.0,102.0,58.0,5.0,50.9,165.9,0.0,14,8.0,0.9626719056999999,0.0,0.0,0.0,0.0,0.0,0.0,0.0,5.0,5.0,0.0,6.7,0.0,0.0,0.0,12.349,0.0,0.0,18.493751183,0.3977249125,-0.259240318,0.0,5.0,6.5,0.0
2012,0.0,0.0,0.0,0.0,0.0,0.0,0.0,109.0,64.0,5.0,57.9,169.6,0.0,15,9.0,0.0,0.0,0.0,0.0,0.0,0.0,8.2,39.0,5.0,0.0,0.0,7.1,0.0,0.0,0.0,26.256999999999998,0.0,0.0,20.129216358,0.5436575607,0.1096526187,0.0,5.0,0.0,0.0
2012,0.0,0.0,0.0,0.0,0.0,0.0,0.0,103.0,51.0,5.0,61.7,171.5,0.0,16,10.0,0.9076175041,0.0,0.0,0.0,0.0,0.0,8.2,42.0,5.0,0.0,0.0,7.0,0.0,0.0,2.0,37.178000000000004,0.0,0.0,20.977653869,0.5626361103,0.1576561197,0.0,5.0,0.0,0.0
2012,0.0,0.0,0.0,0.0,0.0,0.0,0.0,121.0,70.0,5.0,62.7,172.2,0.0,17,11.0,0.9569377990000001,101.0,66.0,0.0,69.0,15.0,8.2,42.0,5.0,0.0,0.85,7.0,0.0,0.0,3.0,49.028999999999996,0.0,0.0,21.14468631,0.4900994007,-0.02481967,0.0,5.0,0.0,0.0
2012,27.0,0.0,0.0,0.0,0.0,0.0,0.0,124.0,67.0,3.0,63.3,172.7,0.0,18,12.0,0.0,105.0,70.0,0.0,47.0,13.0,4.4,21.0,3.0,3.0,0.87,6.6,0.0,0.0,0.0,61.343999999999994,0.0,0.0,21.223599167,0.40785155030000003,-0.23307508600000001,0.0,5.0,0.0,0.0
2012,0.0,0.0,0.0,0.0,0.0,0.0,0.0,113.0,57.0,2.0,61.7,173.4,0.0,19,13.0,0.0,93.0,64.0,0.0,60.0,17.0,10.5,21.0,2.0,0.0,0.56,7.3,0.0,0.0,0.0,72.166,0.0,0.0,20.520454603,0.2272788135,-0.747838417,0.0,5.0,0.0,0.0
