PtID,Pt_CGMUseNumDays,Pt_FatherT1D,Pt_MotherT1D,Pt_SiblingT1D,Pt_ChildT1D,Pt_GrandchildT1D,Pt_GrandparentT1D,BldPrSys,BldPrDia,SMBGperDayPtMeterCombo,WeightKg,HeightCm,DirectLDL,age,diabDur,TotalDailyInsPerKg,LDL,HDL,TotChol,Triglyc,BUN,AlbCreatRat_mggNew,UnitsInsBasalOrLongAct,BGTestAvgNumMeter,BGTestAvgNumPtRep,TSH,HbA1c,AutonomicNeuroCl,Pt_InsGov,NumPumpBolusOrShortAct,HbA1cImputeDtMnC,Pt_SHFlg,Pt_DKAFlg,bmi,bmiPerc,bmiZscore,GFR,diagAgeCombo,Pt_A1cGoalLev,Pt_A1cGoalLevelDsYr5
20128,18.0,0.0,0.0,1.0,0.0,0.0,0.0,121.0,74.0,5.0,86.99901656600001,188.976,0.0,38,26.0,0.3908090153,142.0,55.0,212.0,77.0,11.0,1.8,0.0,0.0,5.0,0.0,7.1,0.0,0.0,5.0,0.0,0.0,0.0,24.361332483,0.0,-0.45497301100000004,0.0,12.0,0.0,0.0
20128,0.0,0.0,0.0,0.0,0.0,0.0,0.0,114.0,78.0,0.0,86.0,188.976,0.0,39,27.0,0.0,104.0,60.0,176.0,58.0,11.0,0.0,0.0,0.0,0.0,0.0,7.6,0.0,0.0,0.0,15.302999999999999,0.0,0.0,24.081589381999997,0.0,-0.495523837,0.0,12.0,0.0,0.0
20128,0.0,0.0,0.0,0.0,0.0,0.0,0.0,134.0,71.0,6.0,85.5,189.0,0.0,41,29.0,0.45614035090000005,140.0,57.0,208.0,53.0,12.0,2.3,21.0,6.0,0.0,3.24,7.5,0.0,0.0,7.0,38.306999999999995,0.0,0.0,23.935500125999997,0.0,-0.641892537,110.0,12.0,0.0,0.0
20128,0.0,0.0,0.0,0.0,0.0,0.0,0.0,137.0,87.0,5.0,86.0,189.0,0.0,42,30.0,0.41860465119999996,85.0,62.0,154.0,37.0,12.0,2.3,21.0,5.0,0.0,1.81,7.2,0.0,0.0,5.0,49.394,0.0,0.0,24.075473811,0.0,-0.621767536,0.0,12.0,0.0,0.0
20128,0.0,0.0,0.0,0.0,0.0,0.0,0.0,131.0,84.0,5.0,91.0,189.0,0.0,42,30.0,0.4065934066,168.0,62.0,0.0,77.0,0.0,2.3,20.0,5.0,0.0,0.0,7.4,0.0,0.0,4.0,59.386,0.0,0.0,25.47521066,0.0,-0.420517527,0.0,12.0,0.0,0.0
20128,18.0,0.0,0.0,0.0,0.0,0.0,0.0,121.0,77.0,3.0,89.5,189.0,1.0,44,32.0,0.3575418994,116.0,0.0,0.0,0.0,11.0,4.8,20.0,3.0,4.0,1.37,7.9,0.0,0.0,3.0,74.09100000000001,0.0,0.0,25.055289606,0.0,-0.48089253,109.0,12.0,0.0,0.0
20128,0.0,0.0,0.0,0.0,0.0,0.0,0.0,116.0,72.0,4.0,90.0,189.0,0.0,44,32.0,0.4122222222,0.0,0.0,0.0,0.0,0.0,4.8,19.9,4.0,0.0,0.0,7.5,0.0,0.0,5.0,84.05,0.0,0.0,25.195263291,0.0,-0.460767529,0.0,12.0,0.0,0.0
