PtID,Pt_CGMUseNumDays,Pt_FatherT1D,Pt_MotherT1D,Pt_SiblingT1D,Pt_ChildT1D,Pt_GrandchildT1D,Pt_GrandparentT1D,BldPrSys,BldPrDia,SMBGperDayPtMeterCombo,WeightKg,HeightCm,DirectLDL,age,diabDur,TotalDailyInsPerKg,LDL,HDL,TotChol,Triglyc,BUN,AlbCreatRat_mggNew,UnitsInsBasalOrLongAct,BGTestAvgNumMeter,BGTestAvgNumPtRep,TSH,HbA1c,AutonomicNeuroCl,Pt_InsGov,NumPumpBolusOrShortAct,HbA1cImputeDtMnC,Pt_SHFlg,Pt_DKAFlg,bmi,bmiPerc,bmiZscore,GFR,diagAgeCombo,Pt_A1cGoalLev,Pt_A1cGoalLevelDsYr5
20138,0.0,0.0,0.0,0.0,0.0,0.0,0.0,95.0,53.0,2.0,88.8,173.8,0.0,13,0.0,0.4166666667,84.0,34.0,0.0,85.0,11.0,0.0,0.0,2.0,3.0,0.0,7.5,0.0,0.0,5.0,0.166,0.0,0.0,29.397704595,0.98296968,2.1193530673,0.0,12.0,0.0,0.0
20138,0.0,0.0,0.0,0.0,0.0,0.0,0.0,128.0,81.0,3.0,95.5,176.5,0.0,14,1.0,0.0,0.0,0.0,0.0,0.0,0.0,0.0,0.0,3.0,4.0,0.0,7.7,0.0,0.0,9.0,14.739,0.0,0.0,30.655891629,0.9844990028,2.1570471047999997,0.0,12.0,7.5,0.0
20138,0.0,0.0,0.0,0.0,0.0,0.0,0.0,131.0,62.0,2.0,103.3,177.0,0.0,15,2.0,0.7163601162000001,0.0,0.0,0.0,0.0,0.0,4.0,32.0,2.0,3.0,0.0,7.3,0.0,0.0,8.0,26.822,0.0,0.0,32.972645153,0.9891388792,2.295189937,0.0,12.0,0.0,0.0
20138,0.0,0.0,0.0,0.0,0.0,0.0,0.0,146.0,84.0,2.0,97.3,177.6,0.0,16,3.0,0.5652620761,80.0,34.0,151.0,183.0,0.0,4.0,32.0,2.0,5.0,1.45,6.3,0.0,0.0,4.0,37.046,0.0,0.0,30.847993264,0.9802761774,2.0594866221,0.0,12.0,0.0,0.0
20138,0.0,0.0,0.0,0.0,0.0,0.0,0.0,120.0,80.0,1.0,99.9,177.0,0.0,17,4.0,0.7807807808,0.0,0.0,0.0,0.0,0.0,4.0,32.0,1.0,4.0,0.0,9.0,0.0,0.0,6.0,48.56399999999999,0.0,0.0,31.887388680999997,0.9826315292,2.1114116837,0.0,12.0,0.0,0.0
20138,0.0,0.0,0.0,0.0,0.0,0.0,0.0,120.0,64.0,2.0,103.7,181.7,0.0,18,5.0,0.675024108,0.0,0.0,0.0,0.0,0.0,4.0,34.0,2.0,2.0,0.0,8.8,0.0,0.0,6.0,62.34,0.0,0.0,31.41006982,0.9764704681,1.9857682407,0.0,12.0,0.0,0.0
