PtID,Pt_CGMUseNumDays,Pt_FatherT1D,Pt_MotherT1D,Pt_SiblingT1D,Pt_ChildT1D,Pt_GrandchildT1D,Pt_GrandparentT1D,BldPrSys,BldPrDia,SMBGperDayPtMeterCombo,WeightKg,HeightCm,DirectLDL,age,diabDur,TotalDailyInsPerKg,LDL,HDL,TotChol,Triglyc,BUN,AlbCreatRat_mggNew,UnitsInsBasalOrLongAct,BGTestAvgNumMeter,BGTestAvgNumPtRep,TSH,HbA1c,AutonomicNeuroCl,Pt_InsGov,NumPumpBolusOrShortAct,HbA1cImputeDtMnC,Pt_SHFlg,Pt_DKAFlg,bmi,bmiPerc,bmiZscore,GFR,diagAgeCombo,Pt_A1cGoalLev,Pt_A1cGoalLevelDsYr5
20130,0.0,0.0,0.0,0.0,0.0,0.0,0.0,110.0,70.0,17.0,22.6796185,115.57,0.0,5,3.0,0.6172943341,0.0,0.0,0.0,0.0,0.0,0.0,0.0,17.0,14.0,0.0,7.3,0.0,0.0,10.0,0.0,0.0,0.0,16.980306234,0.869379552,1.1234630243000001,0.0,2.0,0.0,0.0
20130,0.0,0.0,0.0,0.0,0.0,0.0,0.0,110.0,70.0,17.0,26.76194983,114.3,0.0,7,5.0,0.6725967320999999,103.0,117.0,0.0,45.0,14.0,0.0,0.0,17.0,15.0,0.0,6.8,0.0,0.0,10.0,22.539,0.0,0.0,20.484496394,0.9761521465,1.9800696138,0.0,2.0,6.8,0.0
20130,0.0,0.0,0.0,0.0,0.0,0.0,0.0,98.0,68.0,17.0,32.20505827,132.08,0.0,9,7.0,0.7141735254000001,0.0,0.0,0.0,0.0,0.0,9.7,11.0,17.0,0.0,0.0,7.6,0.0,0.0,12.0,46.473,0.0,0.0,18.460776684000002,0.8391430490999999,0.9909420011,0.0,2.0,0.0,0.0
20130,0.0,0.0,0.0,0.0,0.0,0.0,0.0,110.0,70.0,15.0,33.56583538,137.16,0.0,10,8.0,0.6256361494,141.0,142.0,292.0,47.0,14.0,9.7,10.0,15.0,0.0,3.49,7.5,0.0,0.0,0.0,57.361000000000004,0.0,0.0,17.841957782,0.7039172972,0.5357007206000001,0.0,2.0,0.0,0.0
20130,0.0,0.0,0.0,0.0,0.0,0.0,0.0,0.0,0.0,10.0,38.55535145,142.24,0.0,11,9.0,0.7521653651000001,111.0,117.0,239.0,52.0,19.0,9.7,12.0,10.0,0.0,6.02,7.9,0.0,0.0,10.0,71.071,0.0,0.0,19.056413989,0.7641246201999999,0.7196333712999999,0.0,2.0,0.0,0.0
