PtID,Pt_CGMUseNumDays,Pt_FatherT1D,Pt_MotherT1D,Pt_SiblingT1D,Pt_ChildT1D,Pt_GrandchildT1D,Pt_GrandparentT1D,BldPrSys,BldPrDia,SMBGperDayPtMeterCombo,WeightKg,HeightCm,DirectLDL,age,diabDur,TotalDailyInsPerKg,LDL,HDL,TotChol,Triglyc,BUN,AlbCreatRat_mggNew,UnitsInsBasalOrLongAct,BGTestAvgNumMeter,BGTestAvgNumPtRep,TSH,HbA1c,AutonomicNeuroCl,Pt_InsGov,NumPumpBolusOrShortAct,HbA1cImputeDtMnC,Pt_SHFlg,Pt_DKAFlg,bmi,bmiPerc,bmiZscore,GFR,diagAgeCombo,Pt_A1cGoalLev,Pt_A1cGoalLevelDsYr5
20159,0.0,0.0,0.0,0.0,0.0,0.0,0.0,113.0,70.0,8.0,62.0,175.7,0.0,16,13.0,1.0806451612999999,78.0,52.0,0.0,39.0,11.0,8.7,0.0,8.0,8.0,0.0,6.9,0.0,0.0,8.0,0.0,0.0,0.0,20.083905374,0.4337379825,-0.166865391,0.0,2.0,0.0,0.0
20159,0.0,0.0,0.0,0.0,0.0,0.0,0.0,114.0,62.0,6.0,62.6,178.6,0.0,17,15.0,1.1980830671,0.0,41.0,142.0,135.0,0.0,9.3,0.0,6.0,8.0,0.0,6.7,0.0,0.0,6.0,16.498,0.0,0.0,19.625079472,0.2637283232,-0.631893232,0.0,2.0,6.4,0.0
20159,0.0,0.0,0.0,0.0,0.0,0.0,0.0,130.0,68.0,5.0,72.2,179.2,0.0,19,16.0,1.1911357341,67.0,42.0,128.0,97.0,0.0,0.0,35.0,5.0,0.0,0.82,6.5,0.0,0.0,6.0,37.61,0.0,0.0,22.483358578,0.5008987975,0.002252953,0.0,2.0,0.0,0.0
20159,0.0,0.0,0.0,0.0,0.0,0.0,0.0,128.0,89.0,5.0,71.4,179.4,0.0,20,17.0,1.0504201681,74.0,46.0,135.0,77.0,0.0,0.0,34.0,5.0,0.0,1.38,7.2,0.0,0.0,5.0,50.622,0.0,0.0,22.184688464,0.3907637986,-0.870898925,0.0,2.0,0.0,0.0
20159,0.0,0.0,0.0,0.0,0.0,0.0,0.0,143.0,81.0,5.0,75.3,178.8,0.0,21,18.0,0.9561752988,91.0,48.0,154.0,79.0,0.0,0.0,38.0,5.0,0.0,1.41,6.6,0.0,0.0,0.0,61.809,0.0,0.0,23.553743825,0.0,-0.600859351,0.0,2.0,0.0,0.0
20159,14.0,0.0,0.0,0.0,0.0,0.0,0.0,144.0,85.0,4.0,76.3,179.4,0.0,21,19.0,1.0380078637,0.0,0.0,0.0,0.0,0.0,0.0,37.6,0.0,4.0,0.0,7.4,0.0,0.0,0.0,65.959,0.0,0.0,23.707167084,0.0,-0.5705973529999999,0.0,2.0,0.0,0.0
