PtID,Pt_CGMUseNumDays,Pt_FatherT1D,Pt_MotherT1D,Pt_SiblingT1D,Pt_ChildT1D,Pt_GrandchildT1D,Pt_GrandparentT1D,BldPrSys,BldPrDia,SMBGperDayPtMeterCombo,WeightKg,HeightCm,DirectLDL,age,diabDur,TotalDailyInsPerKg,LDL,HDL,TotChol,Triglyc,BUN,AlbCreatRat_mggNew,UnitsInsBasalOrLongAct,BGTestAvgNumMeter,BGTestAvgNumPtRep,TSH,HbA1c,AutonomicNeuroCl,Pt_InsGov,NumPumpBolusOrShortAct,HbA1cImputeDtMnC,Pt_SHFlg,Pt_DKAFlg,bmi,bmiPerc,bmiZscore,GFR,diagAgeCombo,Pt_A1cGoalLev,Pt_A1cGoalLevelDsYr5
20160,0.0,0.0,0.0,0.0,0.0,0.0,0.0,105.0,58.0,7.0,28.3,131.6,0.0,7,2.0,0.9540636042,0.0,0.0,127.0,0.0,23.0,0.0,0.0,0.0,7.0,0.0,8.7,0.0,0.0,4.0,0.0,0.0,0.0,16.34085051,0.6906911263,0.49781031159999994,0.0,5.0,0.0,0.0
20160,0.0,0.0,0.0,0.0,0.0,0.0,0.0,112.0,64.0,10.0,32.5,140.6,0.0,8,3.0,0.9230769231,0.0,0.0,0.0,0.0,20.0,0.0,0.0,0.0,10.0,0.0,8.4,0.0,0.0,0.0,14.44,0.0,0.0,16.440412862,0.62507875,0.3188470475,0.0,5.0,0.0,0.0
20160,0.0,0.0,0.0,0.0,0.0,0.0,0.0,113.0,64.0,5.0,39.0,148.1,0.0,9,4.0,1.0256410256,0.0,0.0,151.0,0.0,0.0,19.1,14.0,5.0,10.0,2.15,8.3,0.0,0.0,25.0,26.788,0.0,0.0,17.780930727,0.733021756,0.6219777662,0.0,5.0,0.0,0.0
20160,0.0,0.0,0.0,0.0,0.0,0.0,0.0,114.0,66.0,0.0,43.5,154.0,0.0,10,5.0,0.0,0.0,0.0,164.0,0.0,0.0,22.2,0.0,0.0,0.0,1.63,8.2,0.0,0.0,0.0,37.477,0.0,0.0,18.342047563,0.7159798815999999,0.5709401156,0.0,5.0,0.0,0.0
20160,0.0,0.0,0.0,0.0,0.0,0.0,0.0,104.0,64.0,5.0,46.5,159.1,0.0,11,5.0,1.0322580645000001,0.0,0.0,143.0,0.0,0.0,22.2,20.0,5.0,10.0,1.51,8.4,0.0,0.0,0.0,47.004,0.0,0.0,18.370145392999998,0.6338430812,0.3420492384,0.0,5.0,0.0,0.0
20160,0.0,0.0,0.0,0.0,0.0,0.0,0.0,106.0,66.0,5.0,57.6,166.5,0.0,12,7.0,0.9375,0.0,0.0,147.0,90.0,9.0,10.8,23.0,5.0,9.0,1.2,10.9,0.0,0.0,0.0,59.95,0.0,0.0,20.777534291,0.7943877656999999,0.8217407376000001,0.0,5.0,0.0,0.0
20160,0.0,0.0,0.0,0.0,0.0,0.0,0.0,115.0,71.0,0.0,62.4,170.7,0.0,12,7.0,0.0,0.0,0.0,0.0,0.0,0.0,3.7,0.0,0.0,0.0,0.0,11.3,0.0,0.0,0.0,70.407,0.0,0.0,21.414973803,0.8344701377,0.9719815554000001,0.0,5.0,0.0,0.0
20160,0.0,0.0,0.0,0.0,0.0,0.0,0.0,113.0,77.0,3.0,67.7,172.8,0.0,13,8.0,0.8655834564,90.0,61.0,167.0,74.0,12.0,3.7,35.6,3.0,5.0,1.65,10.8,0.0,0.0,0.0,79.469,0.0,0.0,22.672593020999997,0.8561188412,1.0630432957,0.0,5.0,0.0,0.0
