PtID,Pt_CGMUseNumDays,Pt_FatherT1D,Pt_MotherT1D,Pt_SiblingT1D,Pt_ChildT1D,Pt_GrandchildT1D,Pt_GrandparentT1D,BldPrSys,BldPrDia,SMBGperDayPtMeterCombo,WeightKg,HeightCm,DirectLDL,age,diabDur,TotalDailyInsPerKg,LDL,HDL,TotChol,Triglyc,BUN,AlbCreatRat_mggNew,UnitsInsBasalOrLongAct,BGTestAvgNumMeter,BGTestAvgNumPtRep,TSH,HbA1c,AutonomicNeuroCl,Pt_InsGov,NumPumpBolusOrShortAct,HbA1cImputeDtMnC,Pt_SHFlg,Pt_DKAFlg,bmi,bmiPerc,bmiZscore,GFR,diagAgeCombo,Pt_A1cGoalLev,Pt_A1cGoalLevelDsYr5
20187,0.0,0.0,0.0,0.0,0.0,0.0,0.0,120.0,76.0,5.0,0.0,0.0,0.0,48,19.0,0.0,60.0,31.0,130.0,196.0,0.0,5.6,0.0,0.0,5.0,0.0,7.9,0.0,1.0,4.0,0.1,0.0,0.0,0.0,0.0,0.0,0.0,29.0,0.0,0.0
20187,0.0,0.0,0.0,0.0,0.0,0.0,1.0,124.0,65.0,3.0,0.0,0.0,0.0,49,20.0,0.0,58.0,29.0,0.0,221.0,0.0,9.9,0.0,0.0,3.0,0.0,8.8,0.0,1.0,0.0,12.448,0.0,0.0,0.0,0.0,0.0,0.0,29.0,7.0,0.0
20187,0.0,0.0,0.0,0.0,0.0,0.0,0.0,134.0,80.0,4.0,0.0,0.0,1.0,50,21.0,0.0,76.0,0.0,0.0,0.0,0.0,0.0,81.0,0.0,4.0,0.0,8.2,0.0,0.0,0.0,24.133000000000003,0.0,0.0,0.0,0.0,0.0,0.0,29.0,0.0,0.0
20187,0.0,0.0,0.0,0.0,0.0,0.0,0.0,132.0,72.0,0.0,0.0,0.0,0.0,51,22.0,0.0,0.0,0.0,0.0,0.0,0.0,0.0,91.0,0.0,0.0,0.0,8.0,0.0,0.0,0.0,33.361,0.0,0.0,0.0,0.0,0.0,0.0,29.0,0.0,0.0
20187,0.0,0.0,0.0,0.0,0.0,0.0,0.0,120.0,72.0,3.0,124.42038709,190.5,1.0,52,23.0,1.3663355659,78.0,0.0,0.0,0.0,0.0,0.0,91.0,3.0,0.0,0.0,7.8,0.0,0.0,0.0,48.531000000000006,0.0,0.0,34.284797456999996,0.0,0.7391839202,0.0,29.0,0.0,0.0
20187,0.0,0.0,0.0,0.0,0.0,0.0,0.0,134.0,76.0,2.0,116.11964672,185.42,1.0,53,24.0,0.0,93.0,34.0,0.0,127.0,0.0,0.0,89.0,0.0,2.0,1.53,7.2,0.0,0.0,0.0,58.523,0.0,0.0,33.774781833,0.0,0.6716800668999999,0.0,29.0,0.0,0.0
20187,0.0,0.0,0.0,0.0,0.0,0.0,0.0,129.0,78.0,0.0,128.8,189.2,1.0,54,25.0,0.0,90.0,0.0,0.0,0.0,0.0,0.0,108.4,0.0,0.0,0.0,0.0,0.0,0.0,0.0,0.0,0.0,0.0,35.981030622,0.0,0.9636913066,0.0,29.0,0.0,0.0
