PtID,Pt_CGMUseNumDays,Pt_FatherT1D,Pt_MotherT1D,Pt_SiblingT1D,Pt_ChildT1D,Pt_GrandchildT1D,Pt_GrandparentT1D,BldPrSys,BldPrDia,SMBGperDayPtMeterCombo,WeightKg,HeightCm,DirectLDL,age,diabDur,TotalDailyInsPerKg,LDL,HDL,TotChol,Triglyc,BUN,AlbCreatRat_mggNew,UnitsInsBasalOrLongAct,BGTestAvgNumMeter,BGTestAvgNumPtRep,TSH,HbA1c,AutonomicNeuroCl,Pt_InsGov,NumPumpBolusOrShortAct,HbA1cImputeDtMnC,Pt_SHFlg,Pt_DKAFlg,bmi,bmiPerc,bmiZscore,GFR,diagAgeCombo,Pt_A1cGoalLev,Pt_A1cGoalLevelDsYr5
2019,0.0,0.0,0.0,0.0,0.0,0.0,0.0,105.0,56.0,4.0,38.3,134.8,0.0,11,10.0,0.861618799,110.0,44.0,0.0,137.0,13.0,0.0,0.0,4.0,5.0,0.0,8.5,0.0,1.0,0.0,0.0,0.0,0.0,21.077494739000002,0.8626328922,1.0922250019,0.0,1.0,0.0,0.0
2019,0.0,0.0,0.0,0.0,0.0,0.0,1.0,105.0,53.0,4.0,39.4,140.5,0.0,12,11.0,0.0,66.0,47.0,0.0,170.0,0.0,5.0,0.0,4.0,5.0,0.0,9.2,0.0,1.0,0.0,12.78,0.0,0.0,19.959220375,0.7282535409,0.6075395286,0.0,1.0,0.0,0.0
2019,0.0,0.0,0.0,0.0,0.0,0.0,0.0,113.0,69.0,4.0,46.7,149.0,0.0,13,12.0,0.0,77.0,49.0,0.0,165.0,0.0,7.0,27.0,4.0,0.0,2.53,9.7,0.0,0.0,0.0,28.083000000000002,0.0,0.0,21.03508851,0.7564383182,0.6948913983,0.0,1.0,0.0,0.0
2019,0.0,0.0,0.0,0.0,0.0,0.0,0.0,107.0,57.0,3.0,51.2,151.3,0.0,14,13.0,0.0,60.0,42.0,0.0,44.0,9.0,0.0,34.0,3.0,0.0,2.97,8.3,0.0,0.0,0.0,38.306999999999995,0.0,0.0,22.366194894,0.7991541906,0.8386039045999999,0.0,1.0,0.0,0.0
2019,0.0,0.0,0.0,0.0,0.0,0.0,0.0,115.0,69.0,3.0,54.7,152.9,0.0,15,14.0,0.0,60.0,68.0,0.0,85.0,14.0,7.6,32.0,3.0,0.0,1.79,8.8,0.0,0.0,0.0,49.925,0.0,0.0,23.397656214,0.8198091635,0.9146380565000001,0.0,1.0,0.0,0.0
2019,0.0,0.0,0.0,0.0,0.0,0.0,0.0,122.0,63.0,3.0,57.9,153.2,0.0,16,15.0,0.0,60.0,58.0,0.0,103.0,13.0,21.8,38.0,3.0,4.0,1.71,8.6,0.0,1.0,0.0,63.17,0.0,0.0,24.669538956999997,0.8512779127,1.0419299127,0.0,1.0,0.0,0.0
2019,0.0,0.0,0.0,0.0,0.0,0.0,0.0,119.0,57.0,3.0,57.8,153.6,0.0,17,16.0,0.0,56.0,58.0,0.0,75.0,9.0,43.2,38.0,3.0,0.0,1.44,8.0,0.0,0.0,0.0,74.822,0.0,0.0,24.49883355,0.8183822301000001,0.9092170995000001,0.0,1.0,0.0,0.0
