PtID,Pt_CGMUseNumDays,Pt_FatherT1D,Pt_MotherT1D,Pt_SiblingT1D,Pt_ChildT1D,Pt_GrandchildT1D,Pt_GrandparentT1D,BldPrSys,BldPrDia,SMBGperDayPtMeterCombo,WeightKg,HeightCm,DirectLDL,age,diabDur,TotalDailyInsPerKg,LDL,HDL,TotChol,Triglyc,BUN,AlbCreatRat_mggNew,UnitsInsBasalOrLongAct,BGTestAvgNumMeter,BGTestAvgNumPtRep,TSH,HbA1c,AutonomicNeuroCl,Pt_InsGov,NumPumpBolusOrShortAct,HbA1cImputeDtMnC,Pt_SHFlg,Pt_DKAFlg,bmi,bmiPerc,bmiZscore,GFR,diagAgeCombo,Pt_A1cGoalLev,Pt_A1cGoalLevelDsYr5
20207,0.0,0.0,0.0,0.0,0.0,0.0,0.0,104.0,55.0,8.0,24.8,121.2,0.0,7,0.0,0.7258064516,0.0,0.0,0.0,0.0,10.0,0.0,0.0,8.0,8.0,0.0,8.0,0.0,0.0,0.0,0.0,0.0,0.0,16.882876405999998,0.7731016160999999,0.7491002775,0.0,7.0,0.0,0.0
20207,0.0,0.0,0.0,0.0,0.0,0.0,0.0,111.0,59.0,8.0,26.4,126.8,0.0,8,0.0,0.0,0.0,0.0,0.0,0.0,0.0,0.0,0.0,8.0,8.0,0.0,6.6,0.0,0.0,11.0,10.456,0.0,0.0,16.41970763,0.6213721579,0.3090865577,0.0,7.0,6.0,0.0
20207,0.0,0.0,0.0,0.0,0.0,0.0,0.0,119.0,69.0,9.0,30.5,133.1,0.0,9,2.0,0.8524590164,0.0,0.0,0.0,0.0,0.0,0.0,6.0,9.0,0.0,2.73,6.9,0.0,0.0,11.0,28.149,0.0,0.0,17.216454867,0.6585985913,0.4086414362,0.0,7.0,0.0,0.0
20207,0.0,0.0,0.0,0.0,0.0,0.0,0.0,108.0,62.0,8.0,34.3,137.9,0.0,10,3.0,0.9037900875,0.0,0.0,0.0,0.0,0.0,0.0,7.0,8.0,0.0,0.0,7.0,0.0,0.0,12.0,38.606,0.0,0.0,18.037053261,0.6798450751999999,0.4672656214,0.0,7.0,0.0,0.0
20207,0.0,0.0,0.0,0.0,0.0,0.0,0.0,105.0,66.0,8.0,37.3,141.5,0.0,11,4.0,0.8579088471999999,0.0,0.0,0.0,0.0,16.0,0.0,9.0,8.0,0.0,2.08,7.0,0.0,0.0,9.0,48.797,0.0,0.0,18.629274932,0.6658595225,0.4285084882,0.0,7.0,0.0,0.0
20207,0.0,0.0,0.0,0.0,0.0,0.0,0.0,114.0,58.0,8.0,41.5,146.0,0.0,12,5.0,0.8192771084,60.0,53.0,0.0,48.0,13.0,5.5,9.0,8.0,0.0,2.06,7.3,0.0,0.0,10.0,60.216,0.0,0.0,19.468943517,0.6794538028,0.46617199340000004,0.0,7.0,0.0,0.0
20207,0.0,0.0,0.0,0.0,0.0,0.0,0.0,125.0,68.0,7.0,44.4,150.2,0.0,12,5.0,0.8828828829,0.0,0.0,0.0,0.0,0.0,5.5,9.1,7.0,8.0,0.0,7.9,0.0,1.0,10.0,66.921,0.0,0.0,19.680816169,0.7014415316,0.5285510325,0.0,7.0,0.0,0.0
