PtID,Pt_CGMUseNumDays,Pt_FatherT1D,Pt_MotherT1D,Pt_SiblingT1D,Pt_ChildT1D,Pt_GrandchildT1D,Pt_GrandparentT1D,BldPrSys,BldPrDia,SMBGperDayPtMeterCombo,WeightKg,HeightCm,DirectLDL,age,diabDur,TotalDailyInsPerKg,LDL,HDL,TotChol,Triglyc,BUN,AlbCreatRat_mggNew,UnitsInsBasalOrLongAct,BGTestAvgNumMeter,BGTestAvgNumPtRep,TSH,HbA1c,AutonomicNeuroCl,Pt_InsGov,NumPumpBolusOrShortAct,HbA1cImputeDtMnC,Pt_SHFlg,Pt_DKAFlg,bmi,bmiPerc,bmiZscore,GFR,diagAgeCombo,Pt_A1cGoalLev,Pt_A1cGoalLevelDsYr5
20218,0.0,0.0,0.0,0.0,0.0,0.0,0.0,131.0,67.0,2.0,86.7,173.1,0.0,17,12.0,0.461361015,111.0,49.0,204.0,219.0,18.0,3.1,0.0,2.0,3.0,0.0,6.9,0.0,0.0,0.0,0.266,0.0,0.0,28.935098274,0.9598310994,1.7487294250999998,0.0,5.0,0.0,0.0
20218,0.0,0.0,0.0,0.0,0.0,0.0,0.0,153.0,61.0,3.0,85.3,173.1,0.0,18,13.0,1.1254396249,98.0,45.0,0.0,221.0,17.0,0.0,0.0,0.0,3.0,0.0,7.7,0.0,0.0,0.0,18.090999999999998,0.0,0.0,28.467864853000002,0.9420241148,1.5719947431999999,0.0,5.0,0.0,0.0
20218,0.0,0.0,0.0,0.0,0.0,0.0,0.0,131.0,67.0,2.0,87.5,173.5,0.0,18,13.0,0.0,0.0,0.0,0.0,0.0,0.0,0.0,40.0,2.0,0.0,0.0,7.8,0.0,0.0,3.0,21.643,0.0,0.0,29.067594615,0.9521626065000001,1.6661939681,0.0,5.0,0.0,0.0
20218,0.0,0.0,0.0,0.0,0.0,0.0,0.0,114.0,80.0,1.0,90.9,173.5,0.0,19,14.0,0.0,119.0,47.0,196.0,151.0,0.0,0.0,40.0,1.0,0.0,1.72,7.1,0.0,0.0,0.0,25.793000000000003,0.0,0.0,30.197078291,0.9572772663,1.719928345,0.0,5.0,0.0,0.0
