PtID,Pt_CGMUseNumDays,Pt_FatherT1D,Pt_MotherT1D,Pt_SiblingT1D,Pt_ChildT1D,Pt_GrandchildT1D,Pt_GrandparentT1D,BldPrSys,BldPrDia,SMBGperDayPtMeterCombo,WeightKg,HeightCm,DirectLDL,age,diabDur,TotalDailyInsPerKg,LDL,HDL,TotChol,Triglyc,BUN,AlbCreatRat_mggNew,UnitsInsBasalOrLongAct,BGTestAvgNumMeter,BGTestAvgNumPtRep,TSH,HbA1c,AutonomicNeuroCl,Pt_InsGov,NumPumpBolusOrShortAct,HbA1cImputeDtMnC,Pt_SHFlg,Pt_DKAFlg,bmi,bmiPerc,bmiZscore,GFR,diagAgeCombo,Pt_A1cGoalLev,Pt_A1cGoalLevelDsYr5
20241,0.0,0.0,0.0,0.0,0.0,0.0,0.0,108.0,73.0,8.0,29.2,137.3,0.0,10,5.0,1.4383561644,69.0,81.0,0.0,37.0,14.0,17.7,0.0,0.0,8.0,0.0,0.0,0.0,1.0,6.0,0.0,0.0,0.0,15.489656146,0.2571548162,-0.652141906,0.0,4.0,0.0,0.0
20241,0.0,0.0,0.0,0.0,0.0,0.0,0.0,97.0,55.0,10.0,33.4,143.1,0.0,11,7.0,0.7185628743000001,76.0,77.0,0.0,49.0,9.0,0.0,0.0,0.0,10.0,0.0,7.1,0.0,1.0,0.0,12.979000000000001,0.0,0.0,16.310497172,0.33078783030000003,-0.437738771,0.0,4.0,5.9,0.0
20241,0.0,0.0,0.0,0.0,0.0,0.0,0.0,103.0,53.0,6.0,39.2,146.0,0.0,12,7.0,0.0,0.0,0.0,0.0,0.0,0.0,0.0,15.0,0.0,6.0,0.0,7.4,0.0,0.0,0.0,22.274,0.0,0.0,18.389941827999998,0.5961790477000001,0.2434692486,0.0,4.0,0.0,0.0
20241,0.0,0.0,0.0,0.0,0.0,0.0,0.0,100.0,59.0,8.0,46.2,150.9,0.0,13,8.0,0.0,104.0,79.0,0.0,58.0,13.0,0.0,20.0,0.0,8.0,1.52,7.8,0.0,0.0,0.0,34.39,0.0,0.0,20.289133325,0.7381702827,0.6377146694,0.0,4.0,0.0,0.0
20241,0.0,0.0,0.0,0.0,0.0,0.0,0.0,114.0,68.0,7.0,48.7,157.1,0.0,14,9.0,1.0061601643,82.0,64.0,0.0,55.0,8.0,0.0,20.0,0.0,7.0,2.37,8.1,0.0,0.0,0.0,45.51,0.0,0.0,19.732249181,0.5878248939,0.2219533328,0.0,4.0,0.0,0.0
20241,0.0,0.0,0.0,0.0,0.0,0.0,0.0,103.0,59.0,7.0,53.0,163.8,0.0,14,10.0,0.8490566037999999,66.0,66.0,0.0,42.0,10.0,0.0,24.0,0.0,7.0,1.47,8.1,0.0,0.0,0.0,55.668,0.0,0.0,19.753682757,0.5907343932,0.22943451350000002,0.0,4.0,0.0,0.0
20241,0.0,0.0,0.0,0.0,0.0,0.0,0.0,114.0,56.0,9.0,57.5,168.5,0.0,16,11.0,0.8869565217000001,73.0,63.0,0.0,46.0,9.0,0.0,23.0,0.0,9.0,1.3,7.3,0.0,0.0,0.0,70.77199999999999,0.0,0.0,20.252005389,0.45918577549999995,-0.10248521099999999,0.0,4.0,0.0,0.0
