PtID,Pt_CGMUseNumDays,Pt_FatherT1D,Pt_MotherT1D,Pt_SiblingT1D,Pt_ChildT1D,Pt_GrandchildT1D,Pt_GrandparentT1D,BldPrSys,BldPrDia,SMBGperDayPtMeterCombo,WeightKg,HeightCm,DirectLDL,age,diabDur,TotalDailyInsPerKg,LDL,HDL,TotChol,Triglyc,BUN,AlbCreatRat_mggNew,UnitsInsBasalOrLongAct,BGTestAvgNumMeter,BGTestAvgNumPtRep,TSH,HbA1c,AutonomicNeuroCl,Pt_InsGov,NumPumpBolusOrShortAct,HbA1cImputeDtMnC,Pt_SHFlg,Pt_DKAFlg,bmi,bmiPerc,bmiZscore,GFR,diagAgeCombo,Pt_A1cGoalLev,Pt_A1cGoalLevelDsYr5
20264,0.0,0.0,1.0,0.0,0.0,0.0,0.0,113.0,64.0,8.0,40.2,152.2,0.0,11,5.0,0.5472636815999999,0.0,0.0,0.0,0.0,19.0,0.0,0.0,0.0,8.0,0.0,9.4,0.0,0.0,5.0,-0.1,0.0,0.0,17.353886320999997,0.5319340936,0.08013257780000001,0.0,6.0,0.0,0.0
20264,0.0,0.0,0.0,0.0,0.0,0.0,0.0,117.0,66.0,7.0,48.0,163.0,0.0,12,6.0,0.0,0.0,0.0,0.0,0.0,0.0,0.0,0.0,7.0,0.0,0.0,12.3,0.0,0.0,0.0,13.277999999999999,0.0,0.0,18.066167338,0.5461600115999999,0.1159653834,0.0,6.0,0.0,0.0
20264,0.0,0.0,0.0,0.0,0.0,0.0,0.0,115.0,78.0,0.0,55.5,167.5,0.0,13,7.0,0.0,0.0,0.0,0.0,0.0,12.0,26.3,23.0,0.0,0.0,2.58,8.8,0.0,0.0,0.0,24.166,0.0,0.0,19.781688572,0.6850685065000001,0.48191970549999996,0.0,6.0,0.0,0.0
20264,0.0,0.0,0.0,0.0,0.0,0.0,0.0,114.0,52.0,5.0,59.4,171.4,0.0,14,8.0,0.0,65.0,55.0,0.0,103.0,0.0,26.3,31.0,0.0,5.0,2.58,8.2,0.0,0.0,0.0,38.306999999999995,0.0,0.0,20.219239185,0.6501294046,0.38566985530000003,0.0,6.0,0.0,0.0
20264,0.0,0.0,0.0,0.0,0.0,0.0,0.0,123.0,70.0,6.0,59.2,171.9,0.0,15,9.0,0.0,0.0,0.0,0.0,0.0,0.0,26.3,29.0,0.0,6.0,0.0,7.6,0.0,0.0,0.0,47.402,0.0,0.0,20.034105357,0.5301080724,0.0755415308,0.0,6.0,0.0,0.0
20264,0.0,0.0,0.0,0.0,0.0,0.0,0.0,124.0,68.0,5.0,58.7,171.2,0.0,16,10.0,0.0,0.0,0.0,0.0,0.0,0.0,26.3,28.0,5.0,4.0,0.0,9.8,0.0,0.0,0.0,64.631,0.0,0.0,20.02767709,0.4251373308,-0.188767989,0.0,6.0,0.0,0.0
20264,0.0,0.0,0.0,0.0,0.0,0.0,0.0,119.0,66.0,4.0,59.3,172.0,0.0,17,11.0,0.6779089376,0.0,0.0,0.0,0.0,0.0,26.3,26.3,0.0,4.0,0.0,8.9,0.0,0.0,0.0,75.718,0.0,0.0,20.044618713,0.3261234711,-0.4506429,0.0,6.0,0.0,0.0
