PtID,Pt_CGMUseNumDays,Pt_FatherT1D,Pt_MotherT1D,Pt_SiblingT1D,Pt_ChildT1D,Pt_GrandchildT1D,Pt_GrandparentT1D,BldPrSys,BldPrDia,SMBGperDayPtMeterCombo,WeightKg,HeightCm,DirectLDL,age,diabDur,TotalDailyInsPerKg,LDL,HDL,TotChol,Triglyc,BUN,AlbCreatRat_mggNew,UnitsInsBasalOrLongAct,BGTestAvgNumMeter,BGTestAvgNumPtRep,TSH,HbA1c,AutonomicNeuroCl,Pt_InsGov,NumPumpBolusOrShortAct,HbA1cImputeDtMnC,Pt_SHFlg,Pt_DKAFlg,bmi,bmiPerc,bmiZscore,GFR,diagAgeCombo,Pt_A1cGoalLev,Pt_A1cGoalLevelDsYr5
20299,0.0,0.0,0.0,0.0,0.0,0.0,0.0,126.0,74.0,3.0,78.92507238,157.988,1.0,49,23.0,0.5068097981,69.0,0.0,0.0,0.0,23.0,114.7,0.0,0.0,3.0,0.0,6.2,0.0,0.0,0.0,0.0,0.0,0.0,31.620358261999996,0.0,0.269846996,0.0,26.0,0.0,0.0
20299,0.0,0.0,0.0,0.0,0.0,0.0,0.0,138.0,78.0,3.0,0.0,0.0,0.0,50,24.0,0.0,0.0,0.0,0.0,0.0,0.0,233.0,0.0,0.0,3.0,0.0,6.5,0.0,0.0,0.0,10.191,0.0,0.0,0.0,0.0,0.0,0.0,26.0,0.0,0.0
20299,0.0,0.0,0.0,0.0,0.0,0.0,0.0,128.0,70.0,3.0,0.0,0.0,0.0,52,26.0,0.0,77.0,0.0,0.0,0.0,0.0,648.4,14.0,0.0,3.0,0.0,0.0,0.0,0.0,0.0,0.0,0.0,0.0,0.0,0.0,0.0,28.0,26.0,0.0,0.0
20299,0.0,0.0,0.0,0.0,0.0,0.0,0.0,138.0,82.0,3.0,81.64662659999999,157.48,1.0,53,27.0,0.5389077520000001,106.0,0.0,0.0,0.0,0.0,1141.0,26.0,0.0,3.0,0.0,6.5,0.0,0.0,3.0,43.552,0.0,0.0,32.922092699000004,0.0,0.3827660878,29.0,26.0,0.0,0.0
20299,0.0,0.0,0.0,0.0,0.0,0.0,0.0,134.0,74.0,3.0,85.27536556,158.24200000000002,0.0,54,28.0,0.4690686429,0.0,0.0,0.0,0.0,50.0,1051.8,16.0,3.0,3.0,0.0,6.2,0.0,0.0,3.0,58.888000000000005,0.0,0.0,34.054935594,0.0,0.49926341280000003,31.0,26.0,0.0,0.0
20299,0.0,0.0,0.0,0.0,0.0,0.0,0.0,181.0,97.0,2.0,86.772220381,162.56,1.0,55,29.0,0.460977025,89.0,61.0,0.0,89.0,33.0,1051.8,16.0,0.0,2.0,0.0,6.8,0.0,0.0,0.0,71.502,0.0,0.0,32.836233053,0.0,0.373936603,25.0,26.0,0.0,0.0
