PtID,Pt_CGMUseNumDays,Pt_FatherT1D,Pt_MotherT1D,Pt_SiblingT1D,Pt_ChildT1D,Pt_GrandchildT1D,Pt_GrandparentT1D,BldPrSys,BldPrDia,SMBGperDayPtMeterCombo,WeightKg,HeightCm,DirectLDL,age,diabDur,TotalDailyInsPerKg,LDL,HDL,TotChol,Triglyc,BUN,AlbCreatRat_mggNew,UnitsInsBasalOrLongAct,BGTestAvgNumMeter,BGTestAvgNumPtRep,TSH,HbA1c,AutonomicNeuroCl,Pt_InsGov,NumPumpBolusOrShortAct,HbA1cImputeDtMnC,Pt_SHFlg,Pt_DKAFlg,bmi,bmiPerc,bmiZscore,GFR,diagAgeCombo,Pt_A1cGoalLev,Pt_A1cGoalLevelDsYr5
20297,25.0,0.0,0.0,0.0,0.0,0.0,0.0,133.0,82.0,4.0,100.01711759,167.386,0.0,18,7.0,2.8395139438,129.0,51.0,198.0,92.0,0.0,6.1,0.0,0.0,4.0,0.0,6.3,0.0,1.0,3.0,0.0,0.0,0.0,35.697357773,0.9800936893000001,2.0556877711,0.0,10.0,0.0,0.0
20297,0.0,0.0,0.0,0.0,0.0,0.0,0.0,151.0,83.0,0.0,97.5,169.0,0.0,20,9.0,0.0,134.0,39.0,219.0,230.0,0.0,0.0,0.0,0.0,0.0,0.0,6.9,0.0,0.0,0.0,19.32,0.0,0.0,34.137460173,0.9660310745999999,0.9893703359999999,0.0,10.0,0.0,0.0
20297,0.0,0.0,0.0,0.0,0.0,0.0,0.0,114.0,80.0,2.0,83.5,169.0,0.0,21,10.0,0.0,0.0,0.0,0.0,0.0,0.0,28.4,0.0,2.0,0.0,1.83,11.9,0.0,0.0,0.0,29.245,0.0,0.0,29.23567102,0.0,0.3284216334,0.0,10.0,0.0,0.0
20297,0.0,0.0,0.0,0.0,0.0,0.0,0.0,115.0,76.0,1.0,90.0,169.0,1.0,22,11.0,0.8666666667,151.0,0.0,0.0,0.0,16.0,28.4,50.0,1.0,0.0,2.38,8.1,0.0,0.0,4.0,48.332,0.0,0.0,31.511501698000004,0.0,0.6352906739,0.0,10.0,0.0,0.0
20297,0.0,0.0,0.0,0.0,0.0,0.0,0.0,120.0,77.0,2.0,104.5,169.0,0.0,25,14.0,0.0,0.0,0.0,0.0,0.0,0.0,28.4,80.0,2.0,3.0,0.0,7.8,0.0,1.0,0.0,79.27,0.0,1.0,36.588354749000004,0.0,1.3198446873,0.0,10.0,0.0,0.0
