PtID,Pt_CGMUseNumDays,Pt_FatherT1D,Pt_MotherT1D,Pt_SiblingT1D,Pt_ChildT1D,Pt_GrandchildT1D,Pt_GrandparentT1D,BldPrSys,BldPrDia,SMBGperDayPtMeterCombo,WeightKg,HeightCm,DirectLDL,age,diabDur,TotalDailyInsPerKg,LDL,HDL,TotChol,Triglyc,BUN,AlbCreatRat_mggNew,UnitsInsBasalOrLongAct,BGTestAvgNumMeter,BGTestAvgNumPtRep,TSH,HbA1c,AutonomicNeuroCl,Pt_InsGov,NumPumpBolusOrShortAct,HbA1cImputeDtMnC,Pt_SHFlg,Pt_DKAFlg,bmi,bmiPerc,bmiZscore,GFR,diagAgeCombo,Pt_A1cGoalLev,Pt_A1cGoalLevelDsYr5
20300,0.0,0.0,0.0,0.0,0.0,0.0,0.0,97.0,59.0,5.0,18.0,99.4,0.0,3,1.0,0.6111111111,0.0,0.0,0.0,0.0,14.0,0.0,0.0,5.0,4.0,0.0,8.2,0.0,1.0,0.0,0.166,0.0,0.0,18.217959669000003,0.9466457542,1.6131657993000001,0.0,1.0,0.0,0.0
20300,0.0,0.0,0.0,0.0,0.0,0.0,0.0,109.0,64.0,5.0,21.4,108.2,0.0,4,2.0,0.9813084112,0.0,0.0,0.0,0.0,0.0,0.0,0.0,5.0,4.0,0.0,9.0,0.0,1.0,0.0,12.083,0.0,1.0,18.279287005,0.9718914535,1.9093489397,0.0,1.0,7.0,0.0
20300,0.0,0.0,0.0,0.0,0.0,0.0,0.0,116.0,72.0,0.0,25.5,115.9,0.0,5,3.0,0.0,0.0,0.0,0.0,0.0,15.0,0.0,15.0,0.0,7.0,0.0,8.8,0.0,0.0,0.0,25.361,0.0,0.0,18.983369824,0.983075844,2.1218740987999998,0.0,1.0,0.0,0.0
20300,0.0,0.0,0.0,0.0,0.0,0.0,0.0,103.0,60.0,6.0,27.5,122.0,0.0,6,4.0,0.0,0.0,0.0,0.0,0.0,0.0,0.0,17.0,6.0,0.0,0.0,8.1,0.0,0.0,0.0,36.282,0.0,0.0,18.476216071,0.9532362648999999,1.6770767724000002,0.0,1.0,0.0,0.0
20300,0.0,0.0,0.0,0.0,0.0,0.0,0.0,94.0,66.0,8.0,29.8,128.7,0.0,7,5.0,0.4026845638,0.0,0.0,0.0,0.0,11.0,0.0,12.0,8.0,0.0,2.06,7.6,0.0,0.0,0.0,48.598,0.0,0.0,17.991160182,0.8995970823999999,1.2792590855,0.0,1.0,0.0,0.0
20300,0.0,0.0,0.0,0.0,0.0,0.0,0.0,100.0,64.0,8.0,31.6,134.5,0.0,8,6.0,0.0,0.0,0.0,0.0,0.0,17.0,0.0,11.0,8.0,0.0,2.23,8.2,0.0,0.0,0.0,62.273999999999994,0.0,0.0,17.467973079,0.8047500045,0.8587109803,0.0,1.0,0.0,0.0
20300,0.0,0.0,0.0,0.0,0.0,0.0,0.0,99.0,63.0,8.0,35.4,139.7,0.0,9,7.0,0.988700565,0.0,0.0,0.0,0.0,0.0,0.0,12.0,8.0,8.0,0.0,7.9,0.0,0.0,2.0,75.187,0.0,0.0,18.138879253,0.8111300291,0.8820681736,0.0,1.0,0.0,0.0
