PtID,Pt_CGMUseNumDays,Pt_FatherT1D,Pt_MotherT1D,Pt_SiblingT1D,Pt_ChildT1D,Pt_GrandchildT1D,Pt_GrandparentT1D,BldPrSys,BldPrDia,SMBGperDayPtMeterCombo,WeightKg,HeightCm,DirectLDL,age,diabDur,TotalDailyInsPerKg,LDL,HDL,TotChol,Triglyc,BUN,AlbCreatRat_mggNew,UnitsInsBasalOrLongAct,BGTestAvgNumMeter,BGTestAvgNumPtRep,TSH,HbA1c,AutonomicNeuroCl,Pt_InsGov,NumPumpBolusOrShortAct,HbA1cImputeDtMnC,Pt_SHFlg,Pt_DKAFlg,bmi,bmiPerc,bmiZscore,GFR,diagAgeCombo,Pt_A1cGoalLev,Pt_A1cGoalLevelDsYr5
2034,0.0,1.0,0.0,0.0,0.0,0.0,0.0,124.0,70.0,4.0,0.0,0.0,0.0,36,20.0,0.0,156.0,47.0,0.0,78.0,14.0,43.0,0.0,0.0,4.0,0.0,9.6,0.0,0.0,0.0,0.0,0.0,0.0,0.0,0.0,0.0,0.0,16.0,0.0,0.0
2034,0.0,1.0,0.0,0.0,0.0,0.0,0.0,128.0,70.0,3.0,68.311010922,163.83,0.0,38,22.0,0.6294739226,118.0,46.0,0.0,77.0,20.0,37.6,0.0,0.0,3.0,0.0,9.2,0.0,0.0,0.0,18.456,0.0,0.0,25.450941336,0.0,-0.28090375,0.0,16.0,6.9,0.0
2034,0.0,0.0,0.0,0.0,0.0,0.0,0.0,110.0,70.0,3.0,67.13167076,163.83,0.0,39,23.0,0.0,135.0,52.0,211.0,121.0,22.0,37.0,31.0,0.0,3.0,0.0,8.3,0.0,0.0,0.0,30.772,0.0,0.0,25.011549255,0.0,-0.331301434,80.3,16.0,0.0,0.0
2034,0.0,0.0,0.0,0.0,0.0,0.0,0.0,132.0,72.0,3.0,69.39963261,163.83,0.0,40,24.0,0.0,118.0,57.0,0.0,88.0,0.0,36.6,35.0,0.0,3.0,4.26,8.9,0.0,0.0,2.0,41.693000000000005,0.0,0.0,25.856534027,0.0,-0.24510868800000002,0.0,16.0,0.0,0.0
2034,0.0,0.0,0.0,0.0,0.0,0.0,0.0,120.0,70.0,4.0,64.047242644,163.576,0.0,40,24.0,0.0,113.0,46.0,0.0,84.0,0.0,21.0,31.0,0.0,4.0,0.69,9.5,0.0,0.0,0.0,52.614,0.0,0.0,23.93653424,0.0,-0.416646675,0.0,16.0,0.0,0.0
2034,0.0,0.0,0.0,0.0,0.0,0.0,0.0,124.0,70.0,0.0,67.494544656,163.83,0.0,41,25.0,0.0,110.0,58.0,0.0,54.0,20.0,21.0,30.0,0.0,0.0,4.81,9.8,0.0,0.0,0.0,63.303000000000004,0.0,0.0,25.146746818,0.0,-0.308523002,79.0,16.0,0.0,0.0
2034,0.0,0.0,0.0,0.0,0.0,0.0,0.0,120.0,68.0,3.0,0.0,0.0,0.0,42,26.0,0.0,118.0,46.0,0.0,75.0,18.0,36.4,30.0,0.0,3.0,2.08,9.1,0.0,0.0,0.0,70.041,0.0,0.0,0.0,0.0,0.0,78.7,16.0,0.0,0.0
