PtID,Pt_CGMUseNumDays,Pt_FatherT1D,Pt_MotherT1D,Pt_SiblingT1D,Pt_ChildT1D,Pt_GrandchildT1D,Pt_GrandparentT1D,BldPrSys,BldPrDia,SMBGperDayPtMeterCombo,WeightKg,HeightCm,DirectLDL,age,diabDur,TotalDailyInsPerKg,LDL,HDL,TotChol,Triglyc,BUN,AlbCreatRat_mggNew,UnitsInsBasalOrLongAct,BGTestAvgNumMeter,BGTestAvgNumPtRep,TSH,HbA1c,AutonomicNeuroCl,Pt_InsGov,NumPumpBolusOrShortAct,HbA1cImputeDtMnC,Pt_SHFlg,Pt_DKAFlg,bmi,bmiPerc,bmiZscore,GFR,diagAgeCombo,Pt_A1cGoalLev,Pt_A1cGoalLevelDsYr5
20350,0.0,0.0,0.0,0.0,0.0,0.0,0.0,137.0,86.0,5.0,67.2,178.2,0.0,16,0.0,5.2083333333,0.0,0.0,0.0,0.0,0.0,7.0,0.0,0.0,5.0,0.0,0.0,0.0,0.0,0.0,0.0,0.0,0.0,21.16186179,0.5868358982999999,0.21941318079999997,0.0,15.0,0.0,0.0
20350,0.0,0.0,0.0,0.0,0.0,0.0,0.0,133.0,72.0,5.0,70.0,179.0,0.0,17,2.0,0.5142857143,104.0,66.0,189.0,93.0,0.0,0.0,0.0,0.0,5.0,0.0,9.5,0.0,0.0,0.0,15.734000000000002,0.0,0.0,21.84700852,0.5849364761,0.2145386275,0.0,15.0,0.0,0.0
20350,0.0,0.0,0.0,0.0,0.0,0.0,0.0,137.0,80.0,4.0,74.5,180.4,0.0,18,3.0,1.2214765101,106.0,58.0,182.0,92.0,0.0,3.0,26.0,0.0,4.0,2.58,7.0,0.0,0.0,4.0,23.502,0.0,0.0,22.891972016,0.6296719388,0.33098459399999997,0.0,15.0,0.0,0.0
20350,0.0,0.0,0.0,0.0,0.0,0.0,0.0,135.0,80.0,4.0,76.7,181.2,0.0,19,3.0,1.3820078227,78.0,52.0,146.0,81.0,0.0,3.0,26.0,0.0,4.0,0.6409999999999999,8.4,0.0,0.0,4.0,37.544000000000004,0.0,0.0,23.3603302,0.6106143192,0.2809205197,0.0,15.0,0.0,0.0
