PtID,Pt_CGMUseNumDays,Pt_FatherT1D,Pt_MotherT1D,Pt_SiblingT1D,Pt_ChildT1D,Pt_GrandchildT1D,Pt_GrandparentT1D,BldPrSys,BldPrDia,SMBGperDayPtMeterCombo,WeightKg,HeightCm,DirectLDL,age,diabDur,TotalDailyInsPerKg,LDL,HDL,TotChol,Triglyc,BUN,AlbCreatRat_mggNew,UnitsInsBasalOrLongAct,BGTestAvgNumMeter,BGTestAvgNumPtRep,TSH,HbA1c,AutonomicNeuroCl,Pt_InsGov,NumPumpBolusOrShortAct,HbA1cImputeDtMnC,Pt_SHFlg,Pt_DKAFlg,bmi,bmiPerc,bmiZscore,GFR,diagAgeCombo,Pt_A1cGoalLev,Pt_A1cGoalLevelDsYr5
20363,0.0,0.0,0.0,0.0,0.0,0.0,0.0,93.0,67.0,5.0,23.4,121.5,0.0,9,7.0,0.6837606838,62.0,38.0,121.0,107.0,12.0,0.0,0.0,5.0,8.0,0.0,8.0,0.0,0.0,6.0,-0.299,0.0,0.0,15.851242189,0.4317331382,-0.171963434,0.0,2.0,0.0,0.0
20363,0.0,0.0,0.0,0.0,0.0,0.0,0.0,98.0,57.0,4.0,25.8,128.0,0.0,11,9.0,0.6976744186,0.0,0.0,0.0,0.0,13.0,19.2,0.0,4.0,7.0,0.0,8.8,0.0,0.0,0.0,15.800999999999998,0.0,0.0,15.747070313,0.2204778104,-0.7705805040000001,0.0,2.0,7.0,0.0
20363,0.0,0.0,0.0,0.0,0.0,0.0,0.0,93.0,61.0,5.0,29.8,133.5,0.0,12,10.0,0.8389261745000001,0.0,0.0,0.0,0.0,10.0,0.0,9.0,5.0,7.0,1.83,9.0,0.0,0.0,5.0,31.866999999999997,0.0,0.0,16.720672193,0.3052908093,-0.50924341,0.0,2.0,0.0,0.0
20363,0.0,0.0,0.0,0.0,0.0,0.0,0.0,98.0,62.0,3.0,31.2,136.9,0.0,13,11.0,0.6730769231,77.0,58.0,160.0,127.0,13.0,0.0,10.0,3.0,5.0,1.4,8.6,0.0,0.0,4.0,41.494,0.0,0.0,16.647449179000002,0.19393115809999997,-0.863500552,0.0,2.0,0.0,0.0
20363,0.0,0.0,0.0,0.0,0.0,0.0,0.0,96.0,54.0,3.0,33.5,140.7,0.0,14,11.0,0.7462686567,62.0,73.0,169.0,169.0,13.0,0.0,12.0,3.0,4.0,1.42,8.9,0.0,0.0,3.0,51.817,0.0,0.0,16.922191762,0.1486254127,-1.042347008,0.0,2.0,0.0,0.0
20363,0.0,0.0,0.0,0.0,0.0,0.0,0.0,104.0,70.0,3.0,39.6,147.4,0.0,14,12.0,0.9090909091,85.0,55.0,161.0,105.0,19.0,0.0,15.0,3.0,4.0,1.72,8.8,0.0,0.0,4.0,61.278,0.0,0.0,18.226371534000002,0.3529886627,-0.377264131,0.0,2.0,0.0,0.0
20363,0.0,0.0,0.0,0.0,0.0,0.0,0.0,102.0,58.0,3.0,40.6,150.1,0.0,15,13.0,0.7881773398999999,0.0,0.0,0.0,0.0,0.0,0.0,17.0,3.0,5.0,0.0,8.6,0.0,0.0,3.0,64.398,0.0,0.0,18.020409222999998,0.2162405275,-0.7849531209999999,0.0,2.0,0.0,0.0
20363,0.0,0.0,0.0,0.0,0.0,0.0,0.0,102.0,70.0,3.0,49.2,158.6,0.0,16,14.0,0.6727642276000001,76.0,47.0,148.0,126.0,10.0,0.0,16.6,3.0,4.0,1.48,8.3,0.0,0.0,3.0,81.925,0.0,0.0,19.559544500999998,0.3524839573,-0.37862290000000004,0.0,2.0,0.0,0.0
