PtID,Pt_CGMUseNumDays,Pt_FatherT1D,Pt_MotherT1D,Pt_SiblingT1D,Pt_ChildT1D,Pt_GrandchildT1D,Pt_GrandparentT1D,BldPrSys,BldPrDia,SMBGperDayPtMeterCombo,WeightKg,HeightCm,DirectLDL,age,diabDur,TotalDailyInsPerKg,LDL,HDL,TotChol,Triglyc,BUN,AlbCreatRat_mggNew,UnitsInsBasalOrLongAct,BGTestAvgNumMeter,BGTestAvgNumPtRep,TSH,HbA1c,AutonomicNeuroCl,Pt_InsGov,NumPumpBolusOrShortAct,HbA1cImputeDtMnC,Pt_SHFlg,Pt_DKAFlg,bmi,bmiPerc,bmiZscore,GFR,diagAgeCombo,Pt_A1cGoalLev,Pt_A1cGoalLevelDsYr5
20362,0.0,0.0,0.0,1.0,0.0,0.0,0.0,94.0,54.0,5.0,38.5,142.8,0.0,9,3.0,0.5454545454999999,60.0,67.0,0.0,64.0,11.0,154.7,0.0,5.0,6.0,0.0,7.1,0.0,0.0,7.0,-0.299,0.0,0.0,18.88010106,0.8690498740000001,1.1219110731,0.0,5.0,0.0,0.0
20362,0.0,0.0,0.0,0.0,0.0,0.0,0.0,97.0,55.0,6.0,47.7,163.3,0.0,13,7.0,0.7337526205,0.0,0.0,140.0,77.0,0.0,16.5,17.0,6.0,0.0,1.82,8.0,0.0,0.0,6.0,42.29,0.0,0.0,17.887350193,0.40638014060000005,-0.236866601,0.0,5.0,0.0,0.0
20362,0.0,0.0,0.0,0.0,0.0,0.0,0.0,103.0,62.0,4.0,52.9,171.9,0.0,14,8.0,0.9073724008,0.0,0.0,0.0,0.0,0.0,16.5,23.0,4.0,0.0,0.0,8.2,0.0,0.0,8.0,52.05,0.0,0.0,17.902097523,0.2987062414,-0.52812514,0.0,5.0,0.0,0.0
20362,0.0,0.0,0.0,0.0,0.0,0.0,0.0,124.0,69.0,2.0,60.3,180.0,0.0,15,9.0,0.9618573798000001,65.0,48.0,124.0,53.0,0.0,17.2,29.0,2.0,0.0,1.47,9.8,0.0,0.0,0.0,65.56,0.0,0.0,18.611111111,0.3078173352,-0.502046701,0.0,5.0,0.0,0.0
20362,0.0,0.0,0.0,0.0,0.0,0.0,0.0,109.0,65.0,2.0,66.3,182.6,0.0,15,9.0,0.8717948718,0.0,0.0,0.0,0.0,0.0,17.2,31.1,2.0,4.0,0.0,8.4,0.0,0.0,4.0,74.124,0.0,0.0,19.884376698,0.5082979335,0.0208013348,0.0,5.0,0.0,0.0
