PtID,Pt_CGMUseNumDays,Pt_FatherT1D,Pt_MotherT1D,Pt_SiblingT1D,Pt_ChildT1D,Pt_GrandchildT1D,Pt_GrandparentT1D,BldPrSys,BldPrDia,SMBGperDayPtMeterCombo,WeightKg,HeightCm,DirectLDL,age,diabDur,TotalDailyInsPerKg,LDL,HDL,TotChol,Triglyc,BUN,AlbCreatRat_mggNew,UnitsInsBasalOrLongAct,BGTestAvgNumMeter,BGTestAvgNumPtRep,TSH,HbA1c,AutonomicNeuroCl,Pt_InsGov,NumPumpBolusOrShortAct,HbA1cImputeDtMnC,Pt_SHFlg,Pt_DKAFlg,bmi,bmiPerc,bmiZscore,GFR,diagAgeCombo,Pt_A1cGoalLev,Pt_A1cGoalLevelDsYr5
20398,0.0,0.0,0.0,0.0,0.0,0.0,0.0,135.0,83.0,3.0,104.59840052,181.102,0.0,15,5.0,0.0286811269,85.0,43.0,0.0,165.0,0.0,6.0,0.0,3.0,2.0,0.0,8.2,0.0,0.0,0.0,0.266,0.0,0.0,31.891764656,0.9864102886,2.2089312559,0.0,9.0,0.0,0.0
20398,0.0,0.0,0.0,0.0,0.0,0.0,0.0,116.0,73.0,4.0,87.9,181.9,0.0,17,8.0,0.0,83.0,48.0,153.0,109.0,0.0,0.0,26.0,4.0,0.0,1.72,6.4,0.0,0.0,0.0,27.95,0.0,0.0,26.565835369000002,0.914299602,1.3677166186,0.0,9.0,0.0,0.0
20398,0.0,0.0,0.0,0.0,0.0,0.0,0.0,107.0,68.0,2.0,89.3,181.8,0.0,18,9.0,0.0,0.0,0.0,0.0,0.0,0.0,0.0,30.0,2.0,0.0,0.0,7.1,0.0,0.0,0.0,42.123999999999995,0.0,0.0,27.018653461,0.9064264979000001,1.3190661332,0.0,9.0,0.0,0.0
20398,0.0,0.0,0.0,0.0,0.0,0.0,0.0,122.0,83.0,4.0,76.7,182.2,0.0,20,10.0,0.0,0.0,0.0,0.0,0.0,0.0,0.0,25.0,4.0,0.0,0.0,8.2,0.0,0.0,0.0,55.602,0.0,0.0,23.104608751999997,0.5135280387,-0.68944908,0.0,9.0,0.0,0.0
20398,0.0,0.0,0.0,0.0,0.0,0.0,0.0,144.0,88.0,3.0,76.5,182.0,0.0,21,12.0,0.0,0.0,0.0,0.0,0.0,0.0,0.0,20.0,0.0,3.0,0.0,7.5,0.0,0.0,0.0,78.407,0.0,0.0,23.095036830999998,0.0,-0.6913370959999999,0.0,9.0,0.0,0.0
