PtID,Pt_CGMUseNumDays,Pt_FatherT1D,Pt_MotherT1D,Pt_SiblingT1D,Pt_ChildT1D,Pt_GrandchildT1D,Pt_GrandparentT1D,BldPrSys,BldPrDia,SMBGperDayPtMeterCombo,WeightKg,HeightCm,DirectLDL,age,diabDur,TotalDailyInsPerKg,LDL,HDL,TotChol,Triglyc,BUN,AlbCreatRat_mggNew,UnitsInsBasalOrLongAct,BGTestAvgNumMeter,BGTestAvgNumPtRep,TSH,HbA1c,AutonomicNeuroCl,Pt_InsGov,NumPumpBolusOrShortAct,HbA1cImputeDtMnC,Pt_SHFlg,Pt_DKAFlg,bmi,bmiPerc,bmiZscore,GFR,diagAgeCombo,Pt_A1cGoalLev,Pt_A1cGoalLevelDsYr5
20400,0.0,0.0,0.0,0.0,0.0,0.0,0.0,114.0,63.0,10.0,54.2,164.5,0.0,13,6.0,1.5129151291999998,0.0,0.0,131.0,0.0,0.0,5.9,0.0,0.0,10.0,0.0,7.7,0.0,1.0,7.0,-0.498,0.0,0.0,20.029378886,0.6640130138,0.4234404024,0.0,7.0,0.0,0.0
20400,0.0,0.0,0.0,0.0,0.0,0.0,0.0,108.0,59.0,9.0,55.7,161.6,0.0,14,7.0,0.8078994614,69.0,49.0,0.0,120.0,0.0,0.0,0.0,0.0,9.0,0.0,7.8,0.0,1.0,0.0,12.647,0.0,0.0,21.329097637,0.7230709107,0.5919886653,0.0,7.0,7.0,0.0
20400,0.0,0.0,0.0,0.0,0.0,0.0,0.0,109.0,73.0,0.0,58.4,162.0,0.0,15,7.0,1.0273972603000001,0.0,0.0,0.0,0.0,0.0,5.0,0.0,0.0,0.0,0.0,7.9,0.0,0.0,0.0,21.743000000000002,0.0,0.0,22.25270538,0.7460093031,0.661984128,0.0,7.0,0.0,0.0
20400,0.0,0.0,0.0,0.0,0.0,0.0,0.0,114.0,70.0,0.0,56.8,161.4,0.0,16,8.0,0.9683098592,0.0,0.0,0.0,0.0,0.0,5.0,18.0,0.0,0.0,0.0,7.6,0.0,0.0,0.0,31.104,0.0,0.0,21.804256129000002,0.6579850078,0.40697005140000003,0.0,7.0,0.0,0.0
20400,0.0,0.0,0.0,0.0,0.0,0.0,0.0,118.0,75.0,0.0,58.1,162.0,0.0,17,9.0,1.0154905336,0.0,0.0,0.0,0.0,0.0,5.0,22.0,0.0,0.0,0.0,8.1,0.0,0.0,0.0,39.734,0.0,0.0,22.138393538000003,0.643966136,0.3690804935,0.0,7.0,0.0,0.0
20400,0.0,0.0,0.0,0.0,0.0,0.0,0.0,116.0,71.0,4.0,61.1,162.4,0.0,18,10.0,1.1129296236,0.0,0.0,0.0,0.0,0.0,12.0,26.0,0.0,4.0,0.0,7.8,0.0,0.0,6.0,51.286,0.0,0.0,23.166965954000002,0.7015539745999999,0.5288751654,0.0,7.0,0.0,0.0
20400,30.0,0.0,0.0,0.0,0.0,0.0,0.0,119.0,71.0,5.0,64.6,162.5,0.0,18,11.0,1.3312693498000001,60.0,73.0,0.0,75.0,0.0,12.0,29.0,0.0,5.0,0.7709999999999999,8.0,0.0,0.0,7.0,61.51,0.0,0.0,24.463905325,0.7922491451000001,0.8142500651000001,0.0,7.0,0.0,0.0
20400,0.0,0.0,0.0,0.0,0.0,0.0,0.0,126.0,81.0,5.0,64.1,162.5,0.0,19,12.0,1.1700468018999999,71.0,76.0,155.0,38.0,11.0,8.8,30.0,0.0,5.0,1.276,8.9,0.0,0.0,5.0,73.328,0.0,0.0,24.274556213,0.7582452122,0.7006690496,0.0,7.0,0.0,0.0
