PtID,Pt_CGMUseNumDays,Pt_FatherT1D,Pt_MotherT1D,Pt_SiblingT1D,Pt_ChildT1D,Pt_GrandchildT1D,Pt_GrandparentT1D,BldPrSys,BldPrDia,SMBGperDayPtMeterCombo,WeightKg,HeightCm,DirectLDL,age,diabDur,TotalDailyInsPerKg,LDL,HDL,TotChol,Triglyc,BUN,AlbCreatRat_mggNew,UnitsInsBasalOrLongAct,BGTestAvgNumMeter,BGTestAvgNumPtRep,TSH,HbA1c,AutonomicNeuroCl,Pt_InsGov,NumPumpBolusOrShortAct,HbA1cImputeDtMnC,Pt_SHFlg,Pt_DKAFlg,bmi,bmiPerc,bmiZscore,GFR,diagAgeCombo,Pt_A1cGoalLev,Pt_A1cGoalLevelDsYr5
20409,0.0,0.0,0.0,0.0,0.0,0.0,0.0,118.0,78.0,2.0,84.36818082,177.0,0.0,19,10.0,0.0,47.0,41.0,0.0,50.0,14.0,10.2,0.0,0.0,2.0,0.0,7.6,0.0,0.0,5.0,0.133,0.0,0.0,26.929739481,0.8771185618999999,1.1607025704,0.0,8.0,0.0,0.0
20409,30.0,0.0,0.0,0.0,0.0,0.0,0.0,123.0,89.0,2.0,83.46099608,177.0,0.0,20,12.0,0.8986233512999999,53.0,45.0,0.0,101.0,16.0,10.2,0.0,0.0,2.0,0.0,8.0,0.0,0.0,0.0,18.722,0.0,0.0,26.64017239,0.8309643508,0.0079238103,0.0,8.0,5.5,0.0
20409,0.0,0.0,0.0,0.0,0.0,0.0,0.0,0.0,0.0,0.0,84.776413953,176.8,0.0,22,13.0,0.8257013565000001,77.0,48.0,135.0,51.0,19.0,2.9,30.0,0.0,0.0,0.91,0.0,0.0,0.0,0.0,0.0,0.0,0.0,27.12130112,0.0,0.102824134,117.0,8.0,0.0,0.0
20409,0.0,0.0,0.0,0.0,0.0,0.0,0.0,0.0,0.0,5.0,0.0,0.0,0.0,23,14.0,0.0,0.0,0.0,0.0,0.0,0.0,2.9,31.0,5.0,10.0,0.92,6.6,0.0,0.0,7.0,47.402,0.0,0.0,0.0,0.0,0.0,0.0,8.0,0.0,0.0
20409,0.0,0.0,0.0,0.0,0.0,0.0,0.0,125.0,76.0,0.0,86.0,175.0,0.0,24,15.0,0.0,54.0,55.0,117.0,41.0,17.0,3.0,0.0,0.0,0.0,0.8,6.6,0.0,0.0,0.0,61.577,0.0,0.0,28.081632653000003,0.0,0.29224490129999997,0.0,8.0,0.0,0.0
20409,0.0,0.0,0.0,0.0,0.0,0.0,0.0,135.0,94.0,4.0,84.0,175.0,0.0,25,17.0,0.0,43.0,44.0,106.0,94.0,11.0,3.0,0.0,0.0,4.0,1.01,6.8,0.0,0.0,0.0,79.237,0.0,0.0,27.428571429,0.0,0.1634317217,118.0,8.0,0.0,0.0
