PtID,Pt_CGMUseNumDays,Pt_FatherT1D,Pt_MotherT1D,Pt_SiblingT1D,Pt_ChildT1D,Pt_GrandchildT1D,Pt_GrandparentT1D,BldPrSys,BldPrDia,SMBGperDayPtMeterCombo,WeightKg,HeightCm,DirectLDL,age,diabDur,TotalDailyInsPerKg,LDL,HDL,TotChol,Triglyc,BUN,AlbCreatRat_mggNew,UnitsInsBasalOrLongAct,BGTestAvgNumMeter,BGTestAvgNumPtRep,TSH,HbA1c,AutonomicNeuroCl,Pt_InsGov,NumPumpBolusOrShortAct,HbA1cImputeDtMnC,Pt_SHFlg,Pt_DKAFlg,bmi,bmiPerc,bmiZscore,GFR,diagAgeCombo,Pt_A1cGoalLev,Pt_A1cGoalLevelDsYr5
20416,0.0,0.0,0.0,0.0,0.0,0.0,0.0,114.0,70.0,9.0,29.1,135.5,0.0,8,5.0,0.7216494845,0.0,0.0,0.0,0.0,16.0,13.0,0.0,9.0,8.0,0.0,7.7,0.0,0.0,6.0,0.0,0.0,0.0,15.849457388,0.508663316,0.02171742,0.0,3.0,0.0,0.0
20416,0.0,0.0,0.0,0.0,0.0,0.0,0.0,104.0,68.0,7.0,31.9,140.2,0.0,9,6.0,0.7210031348,0.0,0.0,0.0,0.0,0.0,7.0,0.0,7.0,8.0,0.0,7.9,0.0,0.0,8.0,11.651,0.0,0.0,16.229108203,0.48931067990000005,-0.026797359,0.0,3.0,7.5,0.0
20416,0.0,0.0,0.0,0.0,0.0,0.0,0.0,106.0,73.0,8.0,34.8,145.6,0.0,10,7.0,0.7183908045999999,172.0,51.0,243.0,100.0,16.0,5.2,9.0,8.0,0.0,2.06,7.6,0.0,0.0,8.0,23.734,0.0,0.0,16.415589905,0.42423759759999996,-0.191064328,0.0,3.0,0.0,0.0
20416,0.0,0.0,0.0,0.0,0.0,0.0,0.0,90.0,60.0,6.0,38.8,151.2,0.0,11,8.0,0.7731958763,149.0,57.0,222.0,79.0,10.0,8.4,10.0,6.0,0.0,1.28,7.9,0.0,0.0,8.0,35.817,0.0,0.0,16.9718093,0.4222391145,-0.19616856800000002,0.0,3.0,0.0,0.0
20416,0.0,0.0,0.0,0.0,0.0,0.0,0.0,110.0,70.0,6.0,45.8,158.0,0.0,12,9.0,0.8951965065999999,134.0,51.0,201.0,80.0,11.0,16.5,13.0,6.0,0.0,1.58,7.8,0.0,0.0,8.0,48.797,0.0,0.0,18.346418843,0.5394767012,0.09911545949999999,0.0,3.0,0.0,0.0
20416,0.0,0.0,0.0,0.0,0.0,0.0,0.0,134.0,77.0,4.0,55.3,165.1,0.0,14,11.0,1.0849909584,128.0,62.0,212.0,111.0,12.0,29.9,16.0,4.0,5.0,0.9690000000000001,10.0,0.0,0.0,6.0,67.851,0.0,0.0,20.28761454,0.6200626912,0.3056454417,0.0,3.0,0.0,0.0
20416,0.0,0.0,0.0,0.0,0.0,0.0,0.0,0.0,0.0,5.0,59.6,166.0,0.0,15,12.0,1.0402684564,117.0,62.0,205.0,128.0,11.0,29.9,22.0,5.0,0.0,2.37,8.6,0.0,0.0,5.0,77.145,0.0,0.0,21.628683408,0.6938833641,0.5068881910999999,0.0,3.0,0.0,0.0
