PtID,Pt_CGMUseNumDays,Pt_FatherT1D,Pt_MotherT1D,Pt_SiblingT1D,Pt_ChildT1D,Pt_GrandchildT1D,Pt_GrandparentT1D,BldPrSys,BldPrDia,SMBGperDayPtMeterCombo,WeightKg,HeightCm,DirectLDL,age,diabDur,TotalDailyInsPerKg,LDL,HDL,TotChol,Triglyc,BUN,AlbCreatRat_mggNew,UnitsInsBasalOrLongAct,BGTestAvgNumMeter,BGTestAvgNumPtRep,TSH,HbA1c,AutonomicNeuroCl,Pt_InsGov,NumPumpBolusOrShortAct,HbA1cImputeDtMnC,Pt_SHFlg,Pt_DKAFlg,bmi,bmiPerc,bmiZscore,GFR,diagAgeCombo,Pt_A1cGoalLev,Pt_A1cGoalLevelDsYr5
20495,0.0,0.0,0.0,0.0,0.0,0.0,0.0,108.0,69.0,4.0,57.9,177.1,0.0,14,2.0,2.0379965458,0.0,0.0,0.0,0.0,0.0,0.0,0.0,0.0,4.0,0.0,12.1,0.0,0.0,4.0,0.0,0.0,0.0,18.460414208,0.3921749536,-0.27365481199999997,0.0,11.0,0.0,0.0
20495,30.0,0.0,0.0,0.0,0.0,0.0,0.0,125.0,69.0,1.0,64.2,184.8,0.0,15,4.0,0.0,0.0,0.0,0.0,0.0,0.0,0.0,0.0,1.0,4.0,0.0,13.9,0.0,1.0,1.0,15.568,0.0,0.0,18.798841851,0.3380038302,-0.417917195,0.0,11.0,10.0,0.0
20495,0.0,0.0,0.0,0.0,0.0,0.0,0.0,133.0,68.0,4.0,81.4,187.7,0.0,17,6.0,0.0,50.0,64.0,153.0,197.0,14.0,8.9,28.0,0.0,4.0,1.36,8.4,0.0,0.0,0.0,37.876,0.0,0.0,23.104461971,0.7226112075,0.5906162342,0.0,11.0,0.0,0.0
20495,0.0,0.0,0.0,0.0,0.0,0.0,0.0,130.0,66.0,4.0,76.2,188.3,0.0,18,6.0,0.0,0.0,0.0,0.0,0.0,0.0,20.0,28.0,0.0,4.0,0.0,10.6,0.0,0.0,0.0,45.31100000000001,0.0,0.0,21.490886539,0.446633826,-0.134170627,0.0,11.0,0.0,0.0
20495,0.0,0.0,0.0,0.0,0.0,0.0,0.0,134.0,73.0,2.0,73.4,188.7,0.0,19,8.0,0.0,78.0,40.0,136.0,90.0,0.0,55.0,28.0,0.0,2.0,0.8270000000000001,11.6,0.0,0.0,0.0,63.203,0.0,0.0,20.613524775,0.2395823823,-0.707646571,0.0,11.0,0.0,10.0
