PtID,Pt_CGMUseNumDays,Pt_FatherT1D,Pt_MotherT1D,Pt_SiblingT1D,Pt_ChildT1D,Pt_GrandchildT1D,Pt_GrandparentT1D,BldPrSys,BldPrDia,SMBGperDayPtMeterCombo,WeightKg,HeightCm,DirectLDL,age,diabDur,TotalDailyInsPerKg,LDL,HDL,TotChol,Triglyc,BUN,AlbCreatRat_mggNew,UnitsInsBasalOrLongAct,BGTestAvgNumMeter,BGTestAvgNumPtRep,TSH,HbA1c,AutonomicNeuroCl,Pt_InsGov,NumPumpBolusOrShortAct,HbA1cImputeDtMnC,Pt_SHFlg,Pt_DKAFlg,bmi,bmiPerc,bmiZscore,GFR,diagAgeCombo,Pt_A1cGoalLev,Pt_A1cGoalLevelDsYr5
20490,0.0,0.0,0.0,0.0,0.0,0.0,0.0,121.0,66.0,6.0,42.1,147.5,1.0,13,11.0,0.8788598575,124.0,75.0,215.0,79.0,0.0,3.9,0.0,0.0,6.0,0.0,8.1,0.0,0.0,4.0,0.133,0.0,0.0,19.350761275,0.5856099022,0.216266275,0.0,1.0,0.0,0.0
20490,0.0,0.0,0.0,0.0,0.0,0.0,1.0,113.0,64.0,4.0,52.0,154.6,0.0,14,13.0,0.0,0.0,0.0,0.0,0.0,0.0,3.4,0.0,4.0,4.0,0.0,8.7,0.0,0.0,7.0,20.415,0.0,0.0,21.756266223,0.7573514389,0.6978082448,0.0,1.0,7.0,0.0
20490,0.0,0.0,0.0,0.0,0.0,0.0,0.0,129.0,66.0,0.0,56.9,155.4,0.0,15,14.0,0.0,0.0,0.0,0.0,0.0,0.0,3.0,19.0,0.0,0.0,0.0,8.5,0.0,0.0,0.0,32.531,0.0,0.0,23.561896149000003,0.8283999475,0.9478612287999999,0.0,1.0,0.0,0.0
20490,0.0,0.0,0.0,0.0,0.0,0.0,0.0,121.0,75.0,0.0,55.0,156.5,0.0,17,15.0,0.0,0.0,0.0,0.0,0.0,0.0,3.0,15.0,0.0,0.0,2.6430000000000002,8.6,0.0,0.0,0.0,46.672,0.0,0.0,22.456083046999996,0.6745633966,0.45254944840000005,0.0,1.0,0.0,0.0
20490,0.0,0.0,0.0,0.0,0.0,0.0,0.0,135.0,75.0,0.0,59.0,157.0,0.0,17,16.0,0.0,117.0,60.0,199.0,108.0,0.0,3.0,0.0,0.0,0.0,4.474,9.7,0.0,0.0,0.0,56.631,0.0,0.0,23.936062315,0.7869235395999999,0.795792037,0.0,1.0,0.0,0.0
20490,0.0,0.0,0.0,0.0,0.0,0.0,0.0,124.0,71.0,4.0,60.4,156.2,0.0,19,17.0,0.0,0.0,0.0,0.0,0.0,0.0,3.0,0.0,4.0,0.0,3.312,9.0,0.0,0.0,0.0,70.57300000000001,0.0,0.0,24.755681101,0.7875894305,0.7980850456,0.0,1.0,0.0,0.0
20490,0.0,0.0,0.0,0.0,0.0,0.0,0.0,140.0,85.0,2.0,65.0,157.3,0.0,19,17.0,0.0,0.0,0.0,0.0,0.0,0.0,3.0,0.0,2.0,3.0,0.0,10.3,0.0,0.0,0.0,74.755,0.0,0.0,26.269748283000002,0.8569612825,1.0667661781,0.0,1.0,0.0,0.0
