PtID,Pt_CGMUseNumDays,Pt_FatherT1D,Pt_MotherT1D,Pt_SiblingT1D,Pt_ChildT1D,Pt_GrandchildT1D,Pt_GrandparentT1D,BldPrSys,BldPrDia,SMBGperDayPtMeterCombo,WeightKg,HeightCm,DirectLDL,age,diabDur,TotalDailyInsPerKg,LDL,HDL,TotChol,Triglyc,BUN,AlbCreatRat_mggNew,UnitsInsBasalOrLongAct,BGTestAvgNumMeter,BGTestAvgNumPtRep,TSH,HbA1c,AutonomicNeuroCl,Pt_InsGov,NumPumpBolusOrShortAct,HbA1cImputeDtMnC,Pt_SHFlg,Pt_DKAFlg,bmi,bmiPerc,bmiZscore,GFR,diagAgeCombo,Pt_A1cGoalLev,Pt_A1cGoalLevelDsYr5
20541,0.0,0.0,0.0,0.0,0.0,0.0,0.0,114.0,68.0,3.0,51.7,153.3,0.0,12,4.0,0.7156673114000001,116.0,68.0,194.0,50.0,0.0,7.9,0.0,3.0,8.0,0.0,9.4,0.0,0.0,0.0,-3.485,0.0,0.0,21.99916684,0.8639943764,1.0984426504,0.0,8.0,0.0,0.0
20541,0.0,0.0,0.0,0.0,0.0,0.0,0.0,124.0,76.0,4.0,63.5,159.3,0.0,13,5.0,0.47244094490000005,102.0,73.0,191.0,79.0,0.0,0.0,0.0,4.0,5.0,0.0,10.6,0.0,0.0,0.0,12.614,0.0,0.0,25.023161201999997,0.9295086964,1.4721417354,0.0,8.0,7.0,0.0
20541,0.0,0.0,0.0,0.0,0.0,0.0,0.0,127.0,77.0,3.0,71.4,159.7,0.0,14,6.0,0.5882352941,122.0,69.0,211.0,98.0,0.0,4.2,26.0,3.0,5.0,3.73,14.0,0.0,0.0,0.0,25.56,0.0,0.0,27.99550974,0.9588044027,1.736977204,0.0,8.0,0.0,0.0
20541,0.0,0.0,0.0,0.0,0.0,0.0,0.0,118.0,75.0,7.0,71.8,157.6,0.0,15,7.0,0.0,81.0,64.0,175.0,149.0,0.0,4.0,27.0,7.0,7.0,3.73,10.4,0.0,0.0,0.0,37.477,0.0,0.0,28.907598753000002,0.9587982887000001,1.7369079350999999,0.0,8.0,0.0,0.0
20541,0.0,0.0,0.0,0.0,0.0,0.0,0.0,119.0,74.0,5.0,74.8,160.1,0.0,16,7.0,0.6684491979,111.0,63.0,198.0,119.0,0.0,4.0,20.0,5.0,4.0,1.46,8.0,0.0,0.0,0.0,47.468999999999994,0.0,0.0,29.182260775,0.9533498214,1.6782394809999999,0.0,8.0,0.0,0.0
20541,0.0,0.0,0.0,0.0,0.0,0.0,0.0,123.0,78.0,2.0,70.8,161.0,0.0,17,8.0,0.0,0.0,0.0,0.0,0.0,0.0,4.0,26.0,2.0,2.0,0.0,0.0,0.0,0.0,0.0,0.0,0.0,0.0,27.313761043000003,0.9145043955,1.3690258038,0.0,8.0,0.0,0.0
