PtID,Pt_CGMUseNumDays,Pt_FatherT1D,Pt_MotherT1D,Pt_SiblingT1D,Pt_ChildT1D,Pt_GrandchildT1D,Pt_GrandparentT1D,BldPrSys,BldPrDia,SMBGperDayPtMeterCombo,WeightKg,HeightCm,DirectLDL,age,diabDur,TotalDailyInsPerKg,LDL,HDL,TotChol,Triglyc,BUN,AlbCreatRat_mggNew,UnitsInsBasalOrLongAct,BGTestAvgNumMeter,BGTestAvgNumPtRep,TSH,HbA1c,AutonomicNeuroCl,Pt_InsGov,NumPumpBolusOrShortAct,HbA1cImputeDtMnC,Pt_SHFlg,Pt_DKAFlg,bmi,bmiPerc,bmiZscore,GFR,diagAgeCombo,Pt_A1cGoalLev,Pt_A1cGoalLevelDsYr5
20543,22.0,0.0,0.0,0.0,0.0,0.0,0.0,132.0,58.0,1.0,57.7,156.0,0.0,40,30.0,0.5372616984,84.0,60.0,0.0,53.0,12.0,2.1,0.0,1.0,2.0,0.0,7.0,1.0,0.0,0.0,0.0,0.0,0.0,23.70973044,0.0,-0.436909941,0.0,10.0,0.0,0.0
20543,12.0,0.0,0.0,0.0,0.0,0.0,1.0,108.0,70.0,4.0,59.6,156.7,0.0,41,31.0,0.0,61.0,68.0,0.0,64.0,24.0,0.0,0.0,4.0,3.0,0.0,7.1,1.0,0.0,6.0,8.299,0.0,0.0,24.272151086999997,0.0,-0.386661756,0.0,10.0,6.0,0.0
20543,0.0,0.0,0.0,0.0,0.0,0.0,0.0,100.0,68.0,4.0,62.0,156.5,0.0,42,32.0,0.3870967742,123.0,95.0,0.0,41.0,15.0,0.0,16.0,4.0,0.0,1.45,6.6,1.0,0.0,5.0,22.905,0.0,0.0,25.31412998,0.0,-0.293568536,0.0,10.0,0.0,0.0
20543,0.0,0.0,0.0,0.0,0.0,0.0,0.0,112.0,76.0,4.0,57.7,155.6,0.0,43,33.0,0.3812824957,0.0,0.0,0.0,0.0,0.0,0.0,14.0,4.0,0.0,0.0,6.7,1.0,0.0,7.0,32.631,0.0,0.0,23.831788053,0.0,-0.42600498299999995,0.0,10.0,0.0,0.0
20543,0.0,0.0,0.0,0.0,0.0,0.0,0.0,90.0,56.0,4.0,58.6,155.0,0.0,44,34.0,0.4607508532,76.0,67.0,153.0,50.0,17.0,0.0,13.0,4.0,0.0,1.41,7.7,1.0,0.0,7.0,42.788000000000004,0.0,0.0,24.391259105,0.0,-0.376020322,78.0,10.0,0.0,0.0
