PtID,Pt_CGMUseNumDays,Pt_FatherT1D,Pt_MotherT1D,Pt_SiblingT1D,Pt_ChildT1D,Pt_GrandchildT1D,Pt_GrandparentT1D,BldPrSys,BldPrDia,SMBGperDayPtMeterCombo,WeightKg,HeightCm,DirectLDL,age,diabDur,TotalDailyInsPerKg,LDL,HDL,TotChol,Triglyc,BUN,AlbCreatRat_mggNew,UnitsInsBasalOrLongAct,BGTestAvgNumMeter,BGTestAvgNumPtRep,TSH,HbA1c,AutonomicNeuroCl,Pt_InsGov,NumPumpBolusOrShortAct,HbA1cImputeDtMnC,Pt_SHFlg,Pt_DKAFlg,bmi,bmiPerc,bmiZscore,GFR,diagAgeCombo,Pt_A1cGoalLev,Pt_A1cGoalLevelDsYr5
20571,0.0,0.0,0.0,0.0,0.0,0.0,0.0,100.0,64.0,5.0,54.022851267,157.734,0.0,12,7.0,0.6478739863,135.0,44.0,0.0,177.0,0.0,0.0,0.0,0.0,5.0,0.0,7.4,0.0,0.0,4.0,-2.124,0.0,0.0,21.713351779,0.8503271165,1.0378373883,0.0,4.0,0.0,0.0
20571,0.0,0.0,0.0,0.0,0.0,0.0,0.0,105.0,66.0,2.0,65.0,162.5,0.0,13,9.0,0.0,110.0,0.0,0.0,0.0,0.0,12.0,0.0,2.0,2.0,0.0,7.8,0.0,0.0,0.0,18.589000000000002,0.0,0.0,24.615384615,0.9206354845999999,1.4093590346,0.0,4.0,7.0,0.0
20571,0.0,0.0,0.0,0.0,0.0,0.0,0.0,116.0,76.0,2.0,71.4,164.3,0.0,15,10.0,0.0,0.0,61.0,254.0,0.0,0.0,3.3,34.0,2.0,0.0,5.18,9.5,0.0,0.0,0.0,41.095,0.0,0.0,26.449842171,0.9241850012,1.4337977136000002,0.0,4.0,0.0,0.0
20571,0.0,0.0,0.0,0.0,0.0,0.0,0.0,113.0,74.0,3.0,77.0,165.0,0.0,16,12.0,1.1688311688,0.0,0.0,0.0,0.0,0.0,0.0,50.0,3.0,0.0,5.18,8.1,0.0,0.0,4.0,54.273999999999994,0.0,0.0,28.282828283,0.9425032344,1.5761400487000001,0.0,4.0,0.0,0.0
20571,0.0,0.0,0.0,0.0,0.0,0.0,0.0,113.0,74.0,2.0,66.5,165.4,0.0,18,13.0,0.0,125.0,0.0,224.0,0.0,12.0,8.0,30.0,2.0,0.0,4.07,8.7,0.0,0.0,0.0,68.48100000000001,0.0,0.0,24.308078763,0.7830673522,0.7825944602,0.0,4.0,0.0,0.0
20571,0.0,0.0,0.0,0.0,0.0,0.0,0.0,107.0,71.0,2.0,75.4,166.4,0.0,18,14.0,0.0,0.0,0.0,0.0,0.0,0.0,8.0,35.0,2.0,3.0,1.87,8.3,0.0,0.0,0.0,79.635,0.0,0.0,27.231069711999996,0.8999536347,1.281287418,0.0,4.0,0.0,0.0
