PtID,Pt_CGMUseNumDays,Pt_FatherT1D,Pt_MotherT1D,Pt_SiblingT1D,Pt_ChildT1D,Pt_GrandchildT1D,Pt_GrandparentT1D,BldPrSys,BldPrDia,SMBGperDayPtMeterCombo,WeightKg,HeightCm,DirectLDL,age,diabDur,TotalDailyInsPerKg,LDL,HDL,TotChol,Triglyc,BUN,AlbCreatRat_mggNew,UnitsInsBasalOrLongAct,BGTestAvgNumMeter,BGTestAvgNumPtRep,TSH,HbA1c,AutonomicNeuroCl,Pt_InsGov,NumPumpBolusOrShortAct,HbA1cImputeDtMnC,Pt_SHFlg,Pt_DKAFlg,bmi,bmiPerc,bmiZscore,GFR,diagAgeCombo,Pt_A1cGoalLev,Pt_A1cGoalLevelDsYr5
20586,0.0,0.0,0.0,0.0,0.0,0.0,0.0,112.0,74.0,3.0,79.106509328,196.088,0.0,22,3.0,0.8848829331,0.0,47.0,124.0,0.0,0.0,2.8,0.0,0.0,3.0,0.0,7.4,0.0,1.0,0.0,0.166,0.0,0.0,20.573595044,0.0,-1.188679338,0.0,19.0,0.0,0.0
20586,0.0,0.0,0.0,0.0,0.0,0.0,0.0,100.0,65.0,3.0,74.9,194.9,0.0,25,5.0,0.0,43.0,53.0,0.0,132.0,0.0,0.0,0.0,3.0,0.0,4.06,0.0,0.0,0.0,0.0,0.0,0.0,0.0,19.717785574,0.0,-1.3574836319999999,0.0,19.0,0.0,0.0
20586,0.0,0.0,0.0,0.0,0.0,0.0,0.0,97.0,67.0,0.0,77.5,195.6,0.0,26,6.0,0.0,0.0,0.0,0.0,0.0,0.0,0.0,42.0,0.0,0.0,0.0,8.6,0.0,0.0,0.0,42.423,0.0,0.0,20.256481028,0.0,-1.25122855,0.0,19.0,0.0,0.0
20586,0.0,0.0,0.0,0.0,0.0,0.0,0.0,108.0,72.0,0.0,76.3,195.6,0.0,27,8.0,0.629095675,0.0,0.0,0.0,0.0,0.0,0.0,0.0,0.0,0.0,3.5,9.6,0.0,0.0,0.0,55.236999999999995,0.0,0.0,19.94283229,0.0,-1.313094252,0.0,19.0,0.0,0.0
20586,0.0,0.0,0.0,0.0,0.0,0.0,0.0,102.0,67.0,4.0,78.9,196.4,0.0,28,9.0,0.0,0.0,0.0,0.0,0.0,0.0,0.0,0.0,4.0,0.0,2.97,8.8,0.0,0.0,0.0,70.407,0.0,0.0,20.454743426,0.0,-1.212122247,0.0,19.0,0.0,0.0
20586,0.0,0.0,0.0,0.0,0.0,0.0,0.0,105.0,69.0,4.0,81.7,195.8,0.0,29,10.0,0.0,101.0,42.0,162.0,94.0,0.0,0.0,0.0,4.0,0.0,3.5810000000000004,9.0,0.0,0.0,0.0,81.494,0.0,0.0,21.310649273,0.0,-1.043298943,0.0,19.0,0.0,0.0
