PtID,Pt_CGMUseNumDays,Pt_FatherT1D,Pt_MotherT1D,Pt_SiblingT1D,Pt_ChildT1D,Pt_GrandchildT1D,Pt_GrandparentT1D,BldPrSys,BldPrDia,SMBGperDayPtMeterCombo,WeightKg,HeightCm,DirectLDL,age,diabDur,TotalDailyInsPerKg,LDL,HDL,TotChol,Triglyc,BUN,AlbCreatRat_mggNew,UnitsInsBasalOrLongAct,BGTestAvgNumMeter,BGTestAvgNumPtRep,TSH,HbA1c,AutonomicNeuroCl,Pt_InsGov,NumPumpBolusOrShortAct,HbA1cImputeDtMnC,Pt_SHFlg,Pt_DKAFlg,bmi,bmiPerc,bmiZscore,GFR,diagAgeCombo,Pt_A1cGoalLev,Pt_A1cGoalLevelDsYr5
20623,0.0,0.0,0.0,0.0,0.0,0.0,0.0,110.0,70.0,4.0,74.7,144.0,0.0,33,32.0,0.7764390897,164.0,61.0,0.0,89.0,16.0,88.6,0.0,4.0,6.0,0.0,7.7,0.0,0.0,4.0,0.1,0.0,0.0,36.024305556,0.0,0.9318469706,0.0,1.0,0.0,0.0
20623,0.0,0.0,0.0,0.0,0.0,0.0,0.0,104.0,60.0,5.0,74.8,143.7,0.0,34,33.0,0.5347593583,100.0,56.0,0.0,110.0,13.0,48.0,0.0,5.0,5.0,0.0,8.1,0.0,0.0,6.0,10.689,0.0,0.0,36.223304079,0.0,0.9546718348000001,0.0,1.0,7.0,0.0
20623,0.0,0.0,0.0,0.0,0.0,0.0,0.0,100.0,62.0,5.0,76.3,142.2,0.0,35,34.0,0.6946264744,75.0,49.0,0.0,140.0,13.0,61.6,27.0,0.0,5.0,2.35,0.0,0.0,0.0,5.0,0.0,0.0,0.0,37.733348367,0.0,1.1278718931,0.0,1.0,0.0,0.0
20623,0.0,0.0,0.0,0.0,0.0,0.0,0.0,110.0,64.0,6.0,73.5,143.2,0.0,36,35.0,0.6530612245,152.0,53.0,228.0,116.0,16.0,61.6,26.0,6.0,5.0,2.14,8.1,0.0,0.0,6.0,34.556,0.0,0.0,35.842748354,0.0,0.9110226026,81.0,1.0,0.0,0.0
20623,0.0,0.0,0.0,0.0,0.0,0.0,0.0,118.0,76.0,4.0,71.4,142.5,0.0,37,36.0,0.5462184874,115.0,55.0,221.0,254.0,0.0,42.3,28.0,4.0,4.0,0.0,7.8,0.0,0.0,3.0,45.942,0.0,0.0,35.161588181,0.0,0.8328944426999999,0.0,1.0,0.0,0.0
20623,0.0,0.0,0.0,0.0,0.0,0.0,0.0,112.0,62.0,4.0,73.8,143.5,0.0,39,38.0,0.5284552846,121.0,58.0,194.0,76.0,23.0,17.5,27.0,4.0,6.0,1.72,8.4,0.0,0.0,3.0,61.51,0.0,0.0,35.838725734,0.0,0.9105612136,90.1,1.0,0.0,0.0
20623,0.0,0.0,0.0,0.0,0.0,0.0,0.0,112.0,52.0,5.0,69.6,143.5,0.0,39,38.0,0.5617816092,0.0,0.0,0.0,0.0,15.0,17.5,25.2,5.0,5.0,2.59,9.7,0.0,0.0,4.0,72.432,0.0,0.0,33.799123457,0.0,0.6766215629000001,90.1,1.0,0.0,0.0
