PtID,Pt_CGMUseNumDays,Pt_FatherT1D,Pt_MotherT1D,Pt_SiblingT1D,Pt_ChildT1D,Pt_GrandchildT1D,Pt_GrandparentT1D,BldPrSys,BldPrDia,SMBGperDayPtMeterCombo,WeightKg,HeightCm,DirectLDL,age,diabDur,TotalDailyInsPerKg,LDL,HDL,TotChol,Triglyc,BUN,AlbCreatRat_mggNew,UnitsInsBasalOrLongAct,BGTestAvgNumMeter,BGTestAvgNumPtRep,TSH,HbA1c,AutonomicNeuroCl,Pt_InsGov,NumPumpBolusOrShortAct,HbA1cImputeDtMnC,Pt_SHFlg,Pt_DKAFlg,bmi,bmiPerc,bmiZscore,GFR,diagAgeCombo,Pt_A1cGoalLev,Pt_A1cGoalLevelDsYr5
20670,0.0,0.0,0.0,0.0,0.0,0.0,0.0,0.0,0.0,5.0,50.2,157.0,0.0,13,0.0,0.0,0.0,0.0,0.0,0.0,10.0,0.0,0.0,0.0,5.0,0.0,14.0,0.0,0.0,0.0,-0.066,0.0,0.0,20.365937766,0.6980155238,0.5187014472,0.0,13.0,0.0,0.0
20670,0.0,0.0,0.0,0.0,0.0,0.0,0.0,115.0,58.0,9.0,66.1,158.4,0.0,14,0.0,0.5295007564,0.0,0.0,0.0,0.0,15.0,0.0,0.0,0.0,9.0,0.0,8.1,0.0,0.0,0.0,11.386,0.0,0.0,26.344569431999997,0.9371918404999999,1.5316196569,0.0,13.0,5.0,0.0
20670,0.0,0.0,0.0,0.0,0.0,0.0,0.0,117.0,57.0,4.0,67.2,158.8,0.0,15,2.0,0.7589285714,0.0,0.0,0.0,0.0,13.0,6.0,24.0,4.0,0.0,0.02,7.0,0.0,0.0,0.0,30.539,0.0,0.0,26.648224403,0.928053737,1.4614480366999998,0.19,13.0,0.0,0.0
20670,0.0,0.0,0.0,0.0,0.0,0.0,0.0,100.0,54.0,2.0,55.5,159.4,0.0,16,3.0,0.954954955,43.0,62.0,114.0,46.0,8.0,23.0,22.0,2.0,0.0,2.0,7.1,0.0,0.0,0.0,42.589,0.0,0.0,21.843204363,0.6617995293,0.41737937090000005,110.0,13.0,0.0,0.0
