PtID,Pt_CGMUseNumDays,Pt_FatherT1D,Pt_MotherT1D,Pt_SiblingT1D,Pt_ChildT1D,Pt_GrandchildT1D,Pt_GrandparentT1D,BldPrSys,BldPrDia,SMBGperDayPtMeterCombo,WeightKg,HeightCm,DirectLDL,age,diabDur,TotalDailyInsPerKg,LDL,HDL,TotChol,Triglyc,BUN,AlbCreatRat_mggNew,UnitsInsBasalOrLongAct,BGTestAvgNumMeter,BGTestAvgNumPtRep,TSH,HbA1c,AutonomicNeuroCl,Pt_InsGov,NumPumpBolusOrShortAct,HbA1cImputeDtMnC,Pt_SHFlg,Pt_DKAFlg,bmi,bmiPerc,bmiZscore,GFR,diagAgeCombo,Pt_A1cGoalLev,Pt_A1cGoalLevelDsYr5
20688,28.0,0.0,0.0,0.0,0.0,0.0,0.0,130.0,80.0,12.0,123.37712464,172.72,0.0,21,11.0,0.5916818065999999,108.0,38.0,0.0,85.0,11.0,3.0,0.0,0.0,12.0,0.0,7.1,0.0,0.0,10.0,0.0,0.0,0.0,41.357034096,0.0,1.9628450956,0.0,10.0,0.0,0.0
20688,1.0,0.0,0.0,0.0,0.0,0.0,0.0,121.0,89.0,9.0,122.01634753,175.0,0.0,22,12.0,0.5736936190999999,93.0,41.0,0.0,68.0,8.0,4.0,0.0,9.0,10.0,0.0,7.1,0.0,0.0,4.0,11.917,0.0,0.0,39.842072663,0.0,1.7585703374000001,0.0,10.0,6.8,0.0
20688,0.0,0.0,0.0,0.0,0.0,0.0,0.0,155.0,85.0,0.0,0.0,0.0,0.0,24,13.0,0.0,98.0,0.0,0.0,0.0,11.0,1.4,0.0,0.0,0.0,3.42,5.9,0.0,0.0,6.0,32.763000000000005,0.0,0.0,0.0,0.0,0.0,123.0,10.0,0.0,0.0
20688,0.0,0.0,0.0,0.0,0.0,0.0,0.0,117.0,75.0,10.0,0.0,0.0,0.0,24,14.0,0.0,111.0,63.0,187.0,64.0,13.0,6.8,0.0,10.0,0.0,1.98,6.1,0.0,0.0,0.0,43.917,0.0,0.0,0.0,0.0,0.0,120.0,10.0,0.0,0.0
20688,30.0,0.0,0.0,0.0,0.0,0.0,0.0,135.0,84.0,3.0,116.0,173.0,0.0,26,16.0,0.0,96.0,60.0,166.0,49.0,11.0,0.0,33.0,0.0,3.0,1.6540000000000001,0.0,0.0,0.0,0.0,0.0,0.0,0.0,38.758394868,0.0,1.6124491131,0.0,10.0,0.0,0.0
20688,0.0,0.0,0.0,0.0,0.0,0.0,0.0,126.0,79.0,3.0,113.0,173.0,0.0,27,17.0,0.0,0.0,0.0,0.0,0.0,0.0,0.0,0.0,0.0,3.0,3.21,5.9,0.0,0.0,0.0,74.656,0.0,0.0,37.756022587,0.0,1.4772909825,0.0,10.0,0.0,0.0
