PtID,Pt_CGMUseNumDays,Pt_FatherT1D,Pt_MotherT1D,Pt_SiblingT1D,Pt_ChildT1D,Pt_GrandchildT1D,Pt_GrandparentT1D,BldPrSys,BldPrDia,SMBGperDayPtMeterCombo,WeightKg,HeightCm,DirectLDL,age,diabDur,TotalDailyInsPerKg,LDL,HDL,TotChol,Triglyc,BUN,AlbCreatRat_mggNew,UnitsInsBasalOrLongAct,BGTestAvgNumMeter,BGTestAvgNumPtRep,TSH,HbA1c,AutonomicNeuroCl,Pt_InsGov,NumPumpBolusOrShortAct,HbA1cImputeDtMnC,Pt_SHFlg,Pt_DKAFlg,bmi,bmiPerc,bmiZscore,GFR,diagAgeCombo,Pt_A1cGoalLev,Pt_A1cGoalLevelDsYr5
20740,0.0,0.0,0.0,0.0,0.0,0.0,0.0,132.0,78.0,4.0,95.25439770000001,180.34,0.0,57,41.0,0.6508885836,71.0,49.0,0.0,183.0,18.0,8.0,0.0,0.0,4.0,0.0,7.1,0.0,0.0,0.0,0.033,0.0,0.0,29.288754556999997,0.0,0.0779254584,0.0,16.0,0.0,0.0
20740,0.0,0.0,0.0,0.0,0.0,0.0,0.0,128.0,76.0,4.0,93.89362059,181.61,0.0,59,43.0,0.7029231548,81.0,46.0,0.0,69.0,17.0,4.4,0.0,0.0,4.0,0.0,7.4,0.0,0.0,0.0,24.73,1.0,0.0,28.467974568000002,0.0,-0.030710061,0.0,16.0,0.0,0.0
20740,0.0,0.0,0.0,0.0,0.0,0.0,0.0,140.0,72.0,5.0,89.72057078600001,179.07,0.0,60,44.0,0.0,0.0,0.0,0.0,0.0,0.0,11.0,40.0,0.0,5.0,0.0,9.4,0.0,0.0,3.0,39.602,0.0,0.0,27.979913053,0.0,-0.17538993,0.0,16.0,0.0,0.0
20740,0.0,0.0,0.0,0.0,0.0,0.0,0.0,130.0,82.0,4.0,97.250204128,179.07,0.0,61,45.0,0.0,0.0,0.0,0.0,0.0,0.0,7.1,40.0,0.0,4.0,0.0,7.6,0.0,0.0,3.0,49.361000000000004,0.0,0.0,30.328075625,0.0,0.2722243639,0.0,16.0,0.0,0.0
20740,0.0,0.0,0.0,0.0,0.0,0.0,0.0,130.0,70.0,5.0,94.80080533,179.578,0.0,62,46.0,0.0,61.0,54.0,129.0,72.0,0.0,4.9,27.0,0.0,5.0,0.0,8.6,0.0,0.0,0.0,67.154,0.0,0.0,29.397186379,0.0,0.094775265,0.0,16.0,0.0,0.0
20740,0.0,0.0,0.0,0.0,0.0,0.0,0.0,134.0,74.0,0.0,99.971758348,180.34,0.0,63,47.0,0.0,86.0,57.0,0.0,76.0,20.0,4.9,26.0,0.0,0.0,0.0,8.0,0.0,0.0,0.0,77.61,0.0,0.0,30.739245259,0.0,0.35060284070000003,55.8,16.0,0.0,0.0
