PtID,Pt_CGMUseNumDays,Pt_FatherT1D,Pt_MotherT1D,Pt_SiblingT1D,Pt_ChildT1D,Pt_GrandchildT1D,Pt_GrandparentT1D,BldPrSys,BldPrDia,SMBGperDayPtMeterCombo,WeightKg,HeightCm,DirectLDL,age,diabDur,TotalDailyInsPerKg,LDL,HDL,TotChol,Triglyc,BUN,AlbCreatRat_mggNew,UnitsInsBasalOrLongAct,BGTestAvgNumMeter,BGTestAvgNumPtRep,TSH,HbA1c,AutonomicNeuroCl,Pt_InsGov,NumPumpBolusOrShortAct,HbA1cImputeDtMnC,Pt_SHFlg,Pt_DKAFlg,bmi,bmiPerc,bmiZscore,GFR,diagAgeCombo,Pt_A1cGoalLev,Pt_A1cGoalLevelDsYr5
20757,12.0,0.0,0.0,0.0,0.0,0.0,0.0,85.0,54.0,8.0,37.5,141.0,0.0,11,1.0,0.4,89.0,60.0,0.0,50.0,22.0,9.0,0.0,0.0,8.0,0.0,6.5,0.0,0.0,3.0,0.19899999999999998,0.0,0.0,18.86223027,0.7444025027,0.6569781056,0.0,9.0,0.0,0.0
20757,0.0,0.0,0.0,0.0,0.0,0.0,0.0,91.0,63.0,6.0,41.0,147.0,0.0,12,2.0,0.7317073170999999,71.0,63.0,0.0,27.0,17.0,0.0,0.0,0.0,6.0,0.0,7.1,0.0,0.0,0.0,15.335999999999999,0.0,0.0,18.973575825,0.6753340220999999,0.4546904452,0.0,9.0,0.0,0.0
20757,0.0,0.0,0.0,0.0,0.0,0.0,0.0,0.0,0.0,0.0,46.6,154.6,0.0,13,3.0,1.0515021459,65.0,54.0,0.0,28.0,17.0,0.0,15.0,0.0,0.0,1.39,7.5,0.0,0.0,33.0,25.494,0.0,0.0,19.496961654,0.6511806842,0.3885100319,0.0,9.0,0.0,0.0
20757,0.0,0.0,0.0,0.0,0.0,0.0,0.0,104.0,59.0,6.0,51.1,163.7,0.0,14,4.0,1.1154598826,79.0,50.0,0.0,64.0,18.0,0.0,20.0,0.0,6.0,0.0,6.7,0.0,0.0,0.0,39.568000000000005,0.0,0.0,19.068807795999998,0.49072635649999996,-0.023247671,0.0,9.0,0.0,0.0
20757,0.0,0.0,0.0,0.0,0.0,0.0,0.0,102.0,72.0,5.0,60.3,167.7,0.0,15,5.0,1.127694859,124.0,48.0,0.0,42.0,16.0,0.0,22.0,0.0,5.0,1.63,7.1,0.0,0.0,0.0,49.726000000000006,0.0,0.0,21.441303631,0.7029683675,0.5329571179,0.0,9.0,0.0,0.0
20757,0.0,0.0,0.0,0.0,0.0,0.0,0.0,121.0,60.0,4.0,62.3,170.3,0.0,16,6.0,1.0433386838,68.0,46.0,0.0,45.0,14.0,0.0,23.0,0.0,4.0,1.47,7.0,0.0,0.0,0.0,61.842,0.0,0.0,21.481210492,0.6265327786,0.3226841688,0.0,9.0,0.0,0.0
20757,30.0,0.0,0.0,0.0,0.0,0.0,0.0,106.0,55.0,4.0,65.2,170.9,0.0,17,7.0,1.1809815951,60.0,45.0,0.0,55.0,16.0,0.0,35.0,0.0,4.0,1.42,6.5,0.0,0.0,0.0,75.95,0.0,0.0,22.323560841,0.642235303,0.3644401025,0.0,9.0,0.0,0.0
