PtID,Pt_CGMUseNumDays,Pt_FatherT1D,Pt_MotherT1D,Pt_SiblingT1D,Pt_ChildT1D,Pt_GrandchildT1D,Pt_GrandparentT1D,BldPrSys,BldPrDia,SMBGperDayPtMeterCombo,WeightKg,HeightCm,DirectLDL,age,diabDur,TotalDailyInsPerKg,LDL,HDL,TotChol,Triglyc,BUN,AlbCreatRat_mggNew,UnitsInsBasalOrLongAct,BGTestAvgNumMeter,BGTestAvgNumPtRep,TSH,HbA1c,AutonomicNeuroCl,Pt_InsGov,NumPumpBolusOrShortAct,HbA1cImputeDtMnC,Pt_SHFlg,Pt_DKAFlg,bmi,bmiPerc,bmiZscore,GFR,diagAgeCombo,Pt_A1cGoalLev,Pt_A1cGoalLevelDsYr5
20764,0.0,0.0,0.0,0.0,0.0,0.0,0.0,116.0,70.0,3.0,60.6,171.5,0.0,15,12.0,0.6435643564,113.0,46.0,176.0,87.0,15.0,4.8,0.0,3.0,3.0,0.0,9.2,0.0,0.0,0.0,0.0,0.0,0.0,20.60366004,0.6073828223,0.272504209,0.0,3.0,0.0,0.0
20764,0.0,0.0,0.0,0.0,0.0,0.0,0.0,118.0,62.0,1.0,63.0,171.6,0.0,16,13.0,0.0,123.0,45.0,181.0,69.0,0.0,4.7,0.0,1.0,0.0,0.0,10.4,0.0,0.0,3.0,12.315,0.0,0.0,21.394689227,0.6160670801,0.2951676152,0.0,3.0,7.0,0.0
20764,0.0,0.0,0.0,0.0,0.0,0.0,0.0,116.0,64.0,0.0,65.5,172.6,0.0,18,15.0,0.7175572519,116.0,56.0,198.0,127.0,0.0,6.2,22.0,0.0,0.0,0.0,10.1,0.0,0.0,4.0,34.755,0.0,0.0,21.986683119000002,0.5160355247,0.0402059294,0.0,3.0,0.0,0.0
20764,0.0,0.0,0.0,0.0,0.0,0.0,0.0,120.0,88.0,1.0,70.2,172.2,0.0,19,16.0,0.6837606838,0.0,0.0,0.0,0.0,0.0,6.2,24.0,1.0,0.0,0.0,8.7,0.0,0.0,3.0,42.49,0.0,0.0,23.673955006999996,0.6456249704,0.3735353251,0.0,3.0,0.0,0.0
20764,0.0,0.0,0.0,0.0,0.0,0.0,0.0,120.0,76.0,0.0,71.7,171.5,0.0,21,18.0,0.59972106,154.0,53.0,222.0,76.0,0.0,7.9,23.0,0.0,2.0,3.22,9.6,0.0,0.0,3.0,62.871,0.0,0.0,24.37759777,0.0,-0.43835813100000004,0.0,3.0,0.0,0.0
