PtID,Pt_CGMUseNumDays,Pt_FatherT1D,Pt_MotherT1D,Pt_SiblingT1D,Pt_ChildT1D,Pt_GrandchildT1D,Pt_GrandparentT1D,BldPrSys,BldPrDia,SMBGperDayPtMeterCombo,WeightKg,HeightCm,DirectLDL,age,diabDur,TotalDailyInsPerKg,LDL,HDL,TotChol,Triglyc,BUN,AlbCreatRat_mggNew,UnitsInsBasalOrLongAct,BGTestAvgNumMeter,BGTestAvgNumPtRep,TSH,HbA1c,AutonomicNeuroCl,Pt_InsGov,NumPumpBolusOrShortAct,HbA1cImputeDtMnC,Pt_SHFlg,Pt_DKAFlg,bmi,bmiPerc,bmiZscore,GFR,diagAgeCombo,Pt_A1cGoalLev,Pt_A1cGoalLevelDsYr5
2076,0.0,0.0,0.0,0.0,0.0,0.0,0.0,106.0,83.0,5.0,75.74992579,162.56,0.0,29,13.0,0.7260733186,108.0,49.0,0.0,165.0,11.0,3.2,0.0,5.0,5.0,0.0,6.8,0.0,0.0,0.0,0.0,0.0,0.0,28.665190381,0.0,0.2514990188,0.0,15.0,0.0,0.0
2076,25.0,0.0,0.0,0.0,0.0,0.0,0.0,117.0,88.0,5.0,80.28584949,162.56,0.0,29,14.0,0.5604972767,0.0,0.0,0.0,0.0,0.0,0.0,0.0,5.0,2.0,0.0,7.4,0.0,0.0,6.0,10.124,0.0,0.0,30.381668846999997,0.0,0.4829459822,0.0,15.0,6.5,0.0
2076,0.0,0.0,0.0,0.0,0.0,0.0,0.0,105.0,80.0,8.0,73.02837157,162.56,0.0,31,16.0,0.7668252598,120.0,59.0,210.0,157.0,12.0,4.0,23.0,8.0,0.0,3.39,7.4,0.0,0.0,0.0,31.9,0.0,0.0,27.635303301,0.0,-0.030360357,85.0,15.0,0.0,0.0
2076,0.0,0.0,0.0,0.0,0.0,0.0,0.0,0.0,0.0,4.0,0.0,0.0,0.0,32,17.0,0.0,0.0,0.0,0.0,0.0,0.0,4.0,23.0,4.0,0.0,3.39,7.3,0.0,0.0,0.0,43.983000000000004,0.0,0.0,0.0,0.0,0.0,0.0,15.0,0.0,0.0
2076,0.0,0.0,0.0,0.0,0.0,0.0,0.0,104.0,77.0,0.0,81.0,163.0,0.0,33,18.0,0.0,112.0,61.0,192.0,95.0,12.0,2.1,0.0,0.0,0.0,4.3,6.8,0.0,0.0,0.0,56.133,0.0,0.0,30.486657383,0.0,0.2966861388,0.0,15.0,0.0,0.0
2076,20.0,0.0,0.0,0.0,0.0,0.0,0.0,124.0,83.0,6.0,79.0,162.0,0.0,34,19.0,0.0,94.0,73.0,194.0,135.0,18.0,2.1,23.0,6.0,4.0,3.28,7.3,0.0,0.0,0.0,67.253,0.0,0.0,30.102118579000003,0.0,0.2525800529,88.0,15.0,0.0,0.0
