PtID,Pt_CGMUseNumDays,Pt_FatherT1D,Pt_MotherT1D,Pt_SiblingT1D,Pt_ChildT1D,Pt_GrandchildT1D,Pt_GrandparentT1D,BldPrSys,BldPrDia,SMBGperDayPtMeterCombo,WeightKg,HeightCm,DirectLDL,age,diabDur,TotalDailyInsPerKg,LDL,HDL,TotChol,Triglyc,BUN,AlbCreatRat_mggNew,UnitsInsBasalOrLongAct,BGTestAvgNumMeter,BGTestAvgNumPtRep,TSH,HbA1c,AutonomicNeuroCl,Pt_InsGov,NumPumpBolusOrShortAct,HbA1cImputeDtMnC,Pt_SHFlg,Pt_DKAFlg,bmi,bmiPerc,bmiZscore,GFR,diagAgeCombo,Pt_A1cGoalLev,Pt_A1cGoalLevelDsYr5
20783,0.0,0.0,0.0,0.0,0.0,0.0,1.0,95.0,50.0,5.0,23.0,117.3,0.0,7,1.0,0.7826086956999999,91.0,50.0,0.0,149.0,11.0,0.0,0.0,0.0,5.0,0.0,8.0,0.0,0.0,0.0,0.0,0.0,0.0,16.715978804000002,0.7502035225,0.6751303462999999,0.0,5.0,0.0,0.0
20783,0.0,0.0,0.0,0.0,0.0,0.0,1.0,88.0,53.0,2.0,26.4,124.9,0.0,8,2.0,0.7575757576000001,0.0,56.0,178.0,105.0,9.0,0.0,0.0,2.0,7.0,0.0,8.4,0.0,0.0,0.0,16.0,0.0,0.0,16.923066075,0.7034273812,0.5342837438,0.0,5.0,7.0,0.0
20783,0.0,0.0,0.0,0.0,0.0,0.0,0.0,0.0,0.0,6.0,30.1,130.8,0.0,9,3.0,0.0,0.0,57.0,171.0,59.0,9.0,0.0,16.0,6.0,0.0,1.65,8.0,0.0,0.0,2.0,27.95,0.0,0.0,17.593449859,0.7100989437,0.5536737949,0.0,5.0,0.0,0.0
20783,0.0,0.0,0.0,0.0,0.0,0.0,0.0,101.0,40.0,6.0,36.9,140.2,0.0,11,5.0,0.7317073170999999,106.0,71.0,186.0,43.0,15.0,0.0,13.0,6.0,0.0,2.38,8.5,0.0,0.0,0.0,48.398,0.0,0.0,18.77285557,0.6825550786,0.4748556802,0.0,5.0,0.0,0.0
20783,0.0,0.0,0.0,0.0,0.0,0.0,0.0,0.0,0.0,5.0,41.3,144.9,0.0,12,6.0,0.799031477,117.0,49.0,178.0,58.0,20.0,0.0,18.0,5.0,8.0,1.16,8.5,0.0,0.0,0.0,60.448,0.0,0.0,19.670404042999998,0.7003933575,0.5255321854999999,0.0,5.0,0.0,0.0
20783,0.0,0.0,0.0,0.0,0.0,0.0,0.0,115.0,49.0,5.0,50.0,152.5,0.0,12,7.0,0.98,114.0,56.0,187.0,88.0,10.0,0.0,24.0,5.0,0.0,1.25,8.7,0.0,0.0,0.0,71.402,0.0,0.0,21.499596883000002,0.8391415023000001,0.9909356659,0.0,5.0,0.0,0.0
