PtID,Pt_CGMUseNumDays,Pt_FatherT1D,Pt_MotherT1D,Pt_SiblingT1D,Pt_ChildT1D,Pt_GrandchildT1D,Pt_GrandparentT1D,BldPrSys,BldPrDia,SMBGperDayPtMeterCombo,WeightKg,HeightCm,DirectLDL,age,diabDur,TotalDailyInsPerKg,LDL,HDL,TotChol,Triglyc,BUN,AlbCreatRat_mggNew,UnitsInsBasalOrLongAct,BGTestAvgNumMeter,BGTestAvgNumPtRep,TSH,HbA1c,AutonomicNeuroCl,Pt_InsGov,NumPumpBolusOrShortAct,HbA1cImputeDtMnC,Pt_SHFlg,Pt_DKAFlg,bmi,bmiPerc,bmiZscore,GFR,diagAgeCombo,Pt_A1cGoalLev,Pt_A1cGoalLevelDsYr5
20796,0.0,0.0,0.0,0.0,0.0,0.0,0.0,98.0,63.0,3.0,34.7,133.0,0.0,8,3.0,0.0,0.0,78.0,262.0,0.0,0.0,0.0,0.0,3.0,0.0,0.0,10.1,0.0,1.0,0.0,2.9539999999999997,0.0,0.0,19.61671095,0.9390256157,1.5466454296,0.0,5.0,0.0,0.0
20796,0.0,0.0,0.0,0.0,0.0,0.0,0.0,104.0,62.0,7.0,39.0,138.0,0.0,9,4.0,1.3333333333,0.0,0.0,0.0,0.0,0.0,26.0,40.0,7.0,0.0,1.66,0.0,0.0,0.0,4.0,0.0,0.0,0.0,20.478890989,0.9368590349,1.5289294675999998,0.0,5.0,0.0,0.0
20796,0.0,0.0,0.0,0.0,0.0,0.0,0.0,94.0,57.0,5.0,44.0,143.0,0.0,11,5.0,1.2954545455,172.0,76.0,0.0,64.0,0.0,26.0,24.0,5.0,0.0,1.67,11.0,0.0,0.0,4.0,29.776,0.0,0.0,21.516944594,0.9112227615999999,1.3483231269999998,0.0,5.0,0.0,0.0
20796,0.0,0.0,0.0,0.0,0.0,0.0,0.0,105.0,65.0,6.0,44.1,144.1,0.0,11,6.0,0.0,0.0,0.0,0.0,0.0,0.0,26.0,16.0,6.0,0.0,0.0,11.7,0.0,0.0,0.0,32.797,0.0,0.0,21.23785385,0.9014480859999999,1.2898468779999999,0.0,5.0,0.0,0.0
20796,0.0,0.0,0.0,0.0,0.0,0.0,0.0,110.0,70.0,0.0,47.1,146.8,0.0,12,7.0,0.0,0.0,0.0,0.0,0.0,0.0,2.1,19.0,0.0,0.0,0.0,11.9,0.0,0.0,0.0,42.058,0.0,0.0,21.855905085,0.8910286225,1.2320169434000001,0.0,5.0,0.0,0.0
20796,0.0,0.0,0.0,0.0,0.0,0.0,0.0,104.0,70.0,4.0,54.3,154.6,0.0,13,8.0,0.8287292818,138.0,61.0,223.0,122.0,20.0,2.0,22.0,4.0,0.0,1.2,12.2,0.0,0.0,3.0,56.166000000000004,0.0,0.0,22.718562614,0.8908810897,1.2312274148,0.0,5.0,0.0,0.0
20796,0.0,0.0,0.0,0.0,0.0,0.0,0.0,120.0,73.0,4.0,57.0,159.9,0.0,13,8.0,0.5438596491,0.0,0.0,0.0,0.0,16.0,2.0,0.0,4.0,5.0,0.0,15.0,0.0,0.0,4.0,63.635,0.0,1.0,22.293483146,0.8734136015999999,1.1426768215,0.0,5.0,0.0,0.0
