PtID,Pt_CGMUseNumDays,Pt_FatherT1D,Pt_MotherT1D,Pt_SiblingT1D,Pt_ChildT1D,Pt_GrandchildT1D,Pt_GrandparentT1D,BldPrSys,BldPrDia,SMBGperDayPtMeterCombo,WeightKg,HeightCm,DirectLDL,age,diabDur,TotalDailyInsPerKg,LDL,HDL,TotChol,Triglyc,BUN,AlbCreatRat_mggNew,UnitsInsBasalOrLongAct,BGTestAvgNumMeter,BGTestAvgNumPtRep,TSH,HbA1c,AutonomicNeuroCl,Pt_InsGov,NumPumpBolusOrShortAct,HbA1cImputeDtMnC,Pt_SHFlg,Pt_DKAFlg,bmi,bmiPerc,bmiZscore,GFR,diagAgeCombo,Pt_A1cGoalLev,Pt_A1cGoalLevelDsYr5
20828,0.0,0.0,0.0,0.0,0.0,0.0,0.0,120.0,67.0,8.0,35.7,137.4,0.0,9,0.0,0.1680672269,0.0,0.0,0.0,0.0,0.0,0.0,0.0,0.0,8.0,0.0,6.7,0.0,0.0,0.0,0.0,0.0,0.0,18.910140285,0.8709415971,1.1308533856999998,0.0,9.0,0.0,0.0
20828,0.0,0.0,0.0,0.0,0.0,0.0,0.0,100.0,81.0,0.0,41.27690567,147.32,0.0,11,2.0,0.0,79.0,55.0,0.0,62.0,13.0,0.0,0.0,0.0,0.0,0.0,7.9,0.0,0.0,0.0,20.480999999999998,0.0,0.0,19.018826322,0.7604294441,0.7076846501999999,0.0,9.0,0.0,0.0
20828,0.0,0.0,0.0,0.0,0.0,0.0,0.0,110.0,66.0,5.0,48.08079122,157.48,0.0,12,3.0,0.0,72.0,54.0,0.0,49.0,14.0,7.1,0.0,5.0,0.0,1.92,7.8,0.0,0.0,0.0,33.992,0.0,0.0,19.387454589,0.7228758795999999,0.5914062693,0.0,9.0,0.0,0.0
20828,0.0,0.0,0.0,0.0,0.0,0.0,0.0,114.0,75.0,4.0,56.69904625,165.1,0.0,13,4.0,0.0,0.0,0.0,0.0,0.0,0.0,4.5,0.0,0.0,4.0,0.0,7.1,0.0,0.0,0.0,44.448,0.0,0.0,20.800875137000002,0.7829533395999999,0.7822063373,0.0,9.0,0.0,0.0
20828,0.0,0.0,0.0,0.0,0.0,0.0,0.0,123.0,57.0,0.0,62.14215469,170.18,0.0,14,4.0,0.0,0.0,0.0,0.0,0.0,0.0,4.5,0.0,0.0,0.0,0.94,7.4,0.0,0.0,0.0,55.137,0.0,0.0,21.457013235,0.7731530137,0.7492708516,0.0,9.0,0.0,0.0
20828,0.0,0.0,0.0,0.0,0.0,0.0,0.0,130.0,60.0,7.0,62.5,172.7,0.0,14,5.0,0.0,0.0,0.0,0.0,0.0,0.0,11.7,24.0,7.0,10.0,0.92,7.1,0.0,0.0,3.0,63.27,0.0,0.0,20.955370425999998,0.7291527865999999,0.6102526967,0.0,9.0,0.0,0.0
20828,0.0,0.0,0.0,0.0,0.0,0.0,0.0,122.0,72.0,8.0,57.7,174.9,0.0,15,6.0,0.0,0.0,0.0,0.0,0.0,0.0,9.6,25.0,8.0,0.0,0.81,8.4,0.0,0.0,0.0,76.747,0.0,0.0,18.862367157999998,0.3482528271,-0.39004177799999995,0.0,9.0,0.0,0.0
