PtID,Pt_CGMUseNumDays,Pt_FatherT1D,Pt_MotherT1D,Pt_SiblingT1D,Pt_ChildT1D,Pt_GrandchildT1D,Pt_GrandparentT1D,BldPrSys,BldPrDia,SMBGperDayPtMeterCombo,WeightKg,HeightCm,DirectLDL,age,diabDur,TotalDailyInsPerKg,LDL,HDL,TotChol,Triglyc,BUN,AlbCreatRat_mggNew,UnitsInsBasalOrLongAct,BGTestAvgNumMeter,BGTestAvgNumPtRep,TSH,HbA1c,AutonomicNeuroCl,Pt_InsGov,NumPumpBolusOrShortAct,HbA1cImputeDtMnC,Pt_SHFlg,Pt_DKAFlg,bmi,bmiPerc,bmiZscore,GFR,diagAgeCombo,Pt_A1cGoalLev,Pt_A1cGoalLevelDsYr5
20831,0.0,0.0,0.0,0.0,0.0,0.0,0.0,133.0,73.0,6.0,106.0,160.0,0.0,14,4.0,0.0,0.0,0.0,0.0,0.0,0.0,3.0,0.0,6.0,6.0,0.0,8.9,0.0,1.0,6.0,0.1,0.0,0.0,41.40625,0.9953889459,2.6037087743000003,0.0,10.0,0.0,0.0
20831,0.0,0.0,0.0,0.0,0.0,0.0,0.0,125.0,63.0,4.0,105.1,160.5,0.0,15,4.0,0.0,0.0,0.0,0.0,0.0,0.0,2.0,0.0,4.0,10.0,0.0,8.8,0.0,1.0,6.0,11.187000000000001,0.0,0.0,40.799293485,0.9939320068,2.5081653442,0.0,10.0,7.0,0.0
20831,0.0,0.0,0.0,0.0,0.0,0.0,0.0,125.0,71.0,0.0,113.9,160.8,0.0,16,5.0,0.0,0.0,0.0,0.0,0.0,0.0,0.0,41.0,0.0,0.0,1.136,9.7,0.0,0.0,0.0,22.373,0.0,0.0,44.05058043100001,0.9945423309999999,2.5453975765,0.0,10.0,0.0,0.0
20831,0.0,0.0,0.0,0.0,0.0,0.0,0.0,109.0,52.0,0.0,115.0,161.9,1.0,17,6.0,0.0,98.0,64.0,178.0,82.0,0.0,0.0,43.0,0.0,0.0,1.147,9.6,0.0,0.0,0.0,33.461,0.0,0.0,43.873688034,0.9931881455,2.4670348695,0.0,10.0,0.0,0.0
