PtID,Pt_CGMUseNumDays,Pt_FatherT1D,Pt_MotherT1D,Pt_SiblingT1D,Pt_ChildT1D,Pt_GrandchildT1D,Pt_GrandparentT1D,BldPrSys,BldPrDia,SMBGperDayPtMeterCombo,WeightKg,HeightCm,DirectLDL,age,diabDur,TotalDailyInsPerKg,LDL,HDL,TotChol,Triglyc,BUN,AlbCreatRat_mggNew,UnitsInsBasalOrLongAct,BGTestAvgNumMeter,BGTestAvgNumPtRep,TSH,HbA1c,AutonomicNeuroCl,Pt_InsGov,NumPumpBolusOrShortAct,HbA1cImputeDtMnC,Pt_SHFlg,Pt_DKAFlg,bmi,bmiPerc,bmiZscore,GFR,diagAgeCombo,Pt_A1cGoalLev,Pt_A1cGoalLevelDsYr5
20840,0.0,0.0,0.0,0.0,0.0,0.0,0.0,92.0,64.0,1.0,27.0,125.5,0.0,7,2.0,0.7407407407,0.0,0.0,0.0,0.0,15.0,29.9,0.0,1.0,6.0,0.0,6.8,0.0,1.0,0.0,0.0,0.0,0.0,17.142585038,0.8047290399,0.8586350032,0.0,4.0,0.0,0.0
20840,0.0,0.0,0.0,0.0,0.0,0.0,0.0,82.0,66.0,8.0,34.7,135.5,0.0,8,3.0,0.9510086455,94.0,62.0,199.0,214.0,13.0,29.9,0.0,8.0,7.0,0.0,6.8,0.0,1.0,7.0,14.008,0.0,0.0,18.899524789,0.8890034489,1.2212454455,0.0,4.0,6.5,0.0
20840,0.0,0.0,0.0,0.0,0.0,0.0,0.0,98.0,67.0,6.0,44.3,144.5,0.0,9,4.0,0.6997742664,91.0,63.0,183.0,146.0,0.0,29.9,14.0,6.0,0.0,1.3,7.2,0.0,0.0,0.0,32.431999999999995,0.0,0.0,21.21622107,0.9382610615000001,1.5403384463,0.0,4.0,0.0,0.0
20840,0.0,0.0,0.0,0.0,0.0,0.0,0.0,0.0,0.0,7.0,0.0,0.0,0.0,10,5.0,0.0,0.0,0.0,173.0,120.0,9.0,29.9,16.0,7.0,0.0,1.2,7.5,0.0,0.0,7.0,44.913000000000004,0.0,0.0,0.0,0.0,0.0,0.0,4.0,0.0,0.0
20840,0.0,0.0,0.0,0.0,0.0,0.0,0.0,104.0,77.0,6.0,57.7,155.0,0.0,11,6.0,0.6065857886,96.0,66.0,182.0,98.0,0.0,20.0,16.0,6.0,6.0,1.8,7.6,0.0,0.0,16.0,55.535,0.0,0.0,24.016649324,0.9487975301999999,1.633304649,0.0,4.0,0.0,0.0
20840,14.0,0.0,0.0,0.0,0.0,0.0,0.0,92.0,57.0,4.0,61.2,160.1,0.0,12,7.0,0.7941176470999999,0.0,0.0,0.0,0.0,12.0,100.0,27.2,0.0,4.0,0.0,7.1,0.0,0.0,6.0,65.029,0.0,0.0,23.876395179,0.9256717686,1.4442933952,0.0,4.0,0.0,0.0
20840,0.0,0.0,0.0,0.0,0.0,0.0,0.0,121.0,77.0,0.0,70.216098876,166.878,0.0,13,8.0,0.8829883886,100.0,61.0,0.0,113.0,10.0,29.9,34.0,0.0,0.0,2.5,7.1,0.0,0.0,0.0,78.83800000000001,0.0,0.0,25.213812826999998,0.9332537721999999,1.5004709396,0.0,4.0,0.0,0.0
