PtID,Pt_CGMUseNumDays,Pt_FatherT1D,Pt_MotherT1D,Pt_SiblingT1D,Pt_ChildT1D,Pt_GrandchildT1D,Pt_GrandparentT1D,BldPrSys,BldPrDia,SMBGperDayPtMeterCombo,WeightKg,HeightCm,DirectLDL,age,diabDur,TotalDailyInsPerKg,LDL,HDL,TotChol,Triglyc,BUN,AlbCreatRat_mggNew,UnitsInsBasalOrLongAct,BGTestAvgNumMeter,BGTestAvgNumPtRep,TSH,HbA1c,AutonomicNeuroCl,Pt_InsGov,NumPumpBolusOrShortAct,HbA1cImputeDtMnC,Pt_SHFlg,Pt_DKAFlg,bmi,bmiPerc,bmiZscore,GFR,diagAgeCombo,Pt_A1cGoalLev,Pt_A1cGoalLevelDsYr5
20850,0.0,0.0,0.0,1.0,0.0,0.0,1.0,138.0,77.0,5.0,53.4,150.9,0.0,12,1.0,0.0,0.0,0.0,0.0,0.0,17.0,19.8,0.0,0.0,5.0,0.0,6.4,0.0,0.0,0.0,-2.191,0.0,0.0,23.45107618,0.9369286501,1.5294912777,0.0,11.0,0.0,0.0
20850,0.0,0.0,0.0,1.0,0.0,0.0,1.0,119.0,67.0,6.0,59.4,158.2,0.0,13,2.0,1.0774410773999998,75.0,47.0,165.0,215.0,0.0,0.0,0.0,0.0,6.0,0.0,8.9,0.0,0.0,0.0,11.917,0.0,0.0,23.734139281999997,0.9224682769,1.4218718856,0.0,11.0,6.0,0.0
20850,0.0,0.0,0.0,0.0,0.0,0.0,0.0,141.0,59.0,0.0,71.7,169.3,0.0,14,3.0,0.9344490934,60.0,54.0,0.0,55.0,11.0,6.6,38.0,0.0,0.0,1.71,8.5,0.0,0.0,3.0,28.480999999999998,0.0,0.0,25.015272574,0.9322563701000001,1.4928087362,0.0,11.0,0.0,0.0
20850,0.0,0.0,0.0,0.0,0.0,0.0,0.0,119.0,66.0,3.0,74.9,173.5,0.0,15,4.0,0.9345794393000001,0.0,0.0,0.0,0.0,0.0,8.6,40.0,0.0,3.0,1.71,9.3,0.0,0.0,3.0,39.137,0.0,0.0,24.88186099,0.9084378223,1.3311965223,0.0,11.0,0.0,0.0
20850,0.0,0.0,0.0,0.0,0.0,0.0,0.0,127.0,60.0,1.0,74.4,175.2,0.0,16,5.0,0.8467741934999999,69.0,48.0,0.0,95.0,0.0,96.7,42.0,0.0,1.0,2.47,14.0,0.0,0.0,2.0,48.166000000000004,0.0,0.0,24.238443736,0.852985973,1.0493261076,0.0,11.0,0.0,0.0
20850,0.0,0.0,0.0,0.0,0.0,0.0,0.0,134.0,74.0,3.0,86.2,176.4,0.0,17,6.0,0.9048723898000001,0.0,0.0,0.0,0.0,15.0,12.7,44.0,3.0,0.0,0.0,8.8,0.0,0.0,3.0,61.411,0.0,0.0,27.701934893,0.9409060963,1.5624253993000001,0.0,11.0,0.0,0.0
