PtID,Pt_CGMUseNumDays,Pt_FatherT1D,Pt_MotherT1D,Pt_SiblingT1D,Pt_ChildT1D,Pt_GrandchildT1D,Pt_GrandparentT1D,BldPrSys,BldPrDia,SMBGperDayPtMeterCombo,WeightKg,HeightCm,DirectLDL,age,diabDur,TotalDailyInsPerKg,LDL,HDL,TotChol,Triglyc,BUN,AlbCreatRat_mggNew,UnitsInsBasalOrLongAct,BGTestAvgNumMeter,BGTestAvgNumPtRep,TSH,HbA1c,AutonomicNeuroCl,Pt_InsGov,NumPumpBolusOrShortAct,HbA1cImputeDtMnC,Pt_SHFlg,Pt_DKAFlg,bmi,bmiPerc,bmiZscore,GFR,diagAgeCombo,Pt_A1cGoalLev,Pt_A1cGoalLevelDsYr5
20863,0.0,0.0,0.0,0.0,0.0,0.0,0.0,108.0,61.0,5.0,36.922418918000005,151.13,0.0,11,0.0,0.189586712,0.0,0.0,0.0,0.0,0.0,0.0,0.0,5.0,4.0,0.0,9.3,0.0,0.0,0.0,0.332,0.0,0.0,16.165486557,0.3017291441,-0.519433768,0.0,10.0,0.0,0.0
20863,0.0,0.0,0.0,0.0,0.0,0.0,0.0,100.0,58.0,4.0,46.9,167.64,0.0,13,2.0,0.34115138590000005,0.0,0.0,0.0,0.0,0.0,0.0,0.0,4.0,4.0,0.0,8.2,0.0,0.0,0.0,16.332,0.0,0.0,16.688509043,0.20039042969999998,-0.840227469,0.0,10.0,7.9,0.0
20863,0.0,0.0,0.0,0.0,0.0,0.0,0.0,110.0,66.0,5.0,53.3,173.99,1.0,13,3.0,0.0,81.0,0.0,0.0,0.0,0.0,0.0,23.0,5.0,0.0,1.85,8.5,0.0,0.0,0.0,27.718000000000004,0.0,0.0,17.606727099,0.3572094955,-0.365927747,0.0,10.0,0.0,0.0
20863,0.0,0.0,0.0,0.0,0.0,0.0,0.0,102.0,60.0,4.0,56.0,175.26,1.0,14,4.0,0.0,86.0,0.0,0.0,0.0,0.0,0.0,25.0,4.0,0.0,2.15,8.2,0.0,0.0,0.0,38.838,0.0,0.0,18.231500440999998,0.3538497868,-0.374947417,0.0,10.0,0.0,0.0
20863,0.0,0.0,0.0,0.0,0.0,0.0,0.0,110.0,54.0,4.0,61.23496995,175.26,0.0,15,5.0,0.0,0.0,0.0,0.0,0.0,0.0,2.9,25.0,4.0,0.0,0.0,8.0,0.0,0.0,0.0,49.261,0.0,0.0,19.935810387,0.5158540739999999,0.039750736200000004,0.0,10.0,0.0,0.0
20863,0.0,0.0,0.0,0.0,0.0,0.0,0.0,102.0,58.0,4.0,64.41011654,177.8,1.0,17,6.0,0.0,102.0,0.0,0.0,0.0,0.0,2.9,29.0,4.0,4.0,2.24,8.2,0.0,0.0,0.0,63.203,0.0,0.0,20.374669451,0.3761026083,-0.315732947,0.0,10.0,0.0,0.0
