PtID,Pt_CGMUseNumDays,Pt_FatherT1D,Pt_MotherT1D,Pt_SiblingT1D,Pt_ChildT1D,Pt_GrandchildT1D,Pt_GrandparentT1D,BldPrSys,BldPrDia,SMBGperDayPtMeterCombo,WeightKg,HeightCm,DirectLDL,age,diabDur,TotalDailyInsPerKg,LDL,HDL,TotChol,Triglyc,BUN,AlbCreatRat_mggNew,UnitsInsBasalOrLongAct,BGTestAvgNumMeter,BGTestAvgNumPtRep,TSH,HbA1c,AutonomicNeuroCl,Pt_InsGov,NumPumpBolusOrShortAct,HbA1cImputeDtMnC,Pt_SHFlg,Pt_DKAFlg,bmi,bmiPerc,bmiZscore,GFR,diagAgeCombo,Pt_A1cGoalLev,Pt_A1cGoalLevelDsYr5
20865,0.0,0.0,0.0,0.0,0.0,0.0,0.0,103.0,56.0,4.0,18.3,110.5,0.0,5,1.0,0.0,0.0,0.0,178.0,0.0,9.0,0.0,0.0,4.0,6.0,0.0,9.1,0.0,0.0,0.0,0.0,0.0,0.0,14.98740812,0.446774584,-0.133814618,0.0,3.0,0.0,0.0
20865,29.0,0.0,0.0,0.0,0.0,0.0,0.0,116.0,64.0,13.0,21.3,118.9,0.0,6,3.0,0.7981220656999999,0.0,0.0,168.0,0.0,0.0,0.0,0.0,13.0,7.0,0.0,8.5,0.0,0.0,6.0,13.212,0.0,0.0,15.066622056,0.4587821526,-0.103502324,0.0,3.0,7.0,0.0
20865,0.0,0.0,0.0,0.0,0.0,0.0,0.0,107.0,68.0,5.0,24.7,125.4,0.0,7,4.0,0.971659919,0.0,0.0,176.0,0.0,0.0,3.7,9.0,5.0,8.0,2.03,8.1,0.0,0.0,6.0,25.261,0.0,0.0,15.707312358,0.5632325175999999,0.1591699672,0.0,3.0,0.0,0.0
20865,0.0,0.0,0.0,0.0,0.0,0.0,0.0,110.0,71.0,15.0,27.3,129.5,0.0,8,4.0,0.9157509158,0.0,0.0,0.0,0.0,0.0,3.7,9.0,15.0,9.0,0.0,8.3,0.0,0.0,16.0,31.768,0.0,0.0,16.27882709,0.5954056953,0.2414729108,0.0,3.0,0.0,0.0
20865,0.0,0.0,0.0,0.0,0.0,0.0,0.0,115.0,65.0,14.0,29.8,133.9,0.0,9,5.0,0.0,0.0,0.0,164.0,0.0,0.0,3.7,0.0,14.0,10.0,1.56,8.5,0.0,0.0,0.0,42.722,0.0,0.0,16.620921948,0.5621640654,0.15645819460000002,0.0,3.0,0.0,0.0
20865,0.0,0.0,0.0,0.0,0.0,0.0,0.0,105.0,65.0,9.0,32.9,142.3,0.0,10,6.0,0.0,117.0,62.0,192.0,66.0,0.0,3.4,0.0,0.0,9.0,3.06,8.2,0.0,0.0,0.0,59.452,0.0,0.0,16.247483245,0.3929900235,-0.271534398,0.0,3.0,0.0,0.0
20865,30.0,0.0,0.0,0.0,0.0,0.0,0.0,110.0,70.0,7.0,40.6,149.5,0.0,11,7.0,1.1157635468,84.0,64.0,157.0,46.0,9.0,3.4,20.6,7.0,10.0,2.54,9.7,0.0,0.0,0.0,70.108,0.0,0.0,18.165344907,0.6068195302,0.2710391264,0.0,3.0,0.0,0.0
