PtID,Pt_CGMUseNumDays,Pt_FatherT1D,Pt_MotherT1D,Pt_SiblingT1D,Pt_ChildT1D,Pt_GrandchildT1D,Pt_GrandparentT1D,BldPrSys,BldPrDia,SMBGperDayPtMeterCombo,WeightKg,HeightCm,DirectLDL,age,diabDur,TotalDailyInsPerKg,LDL,HDL,TotChol,Triglyc,BUN,AlbCreatRat_mggNew,UnitsInsBasalOrLongAct,BGTestAvgNumMeter,BGTestAvgNumPtRep,TSH,HbA1c,AutonomicNeuroCl,Pt_InsGov,NumPumpBolusOrShortAct,HbA1cImputeDtMnC,Pt_SHFlg,Pt_DKAFlg,bmi,bmiPerc,bmiZscore,GFR,diagAgeCombo,Pt_A1cGoalLev,Pt_A1cGoalLevelDsYr5
20868,0.0,0.0,0.0,0.0,0.0,0.0,0.0,120.0,74.0,5.0,73.48196394,182.88,0.0,73,34.0,0.8845708051000001,68.0,52.0,0.0,37.0,21.0,0.0,0.0,0.0,5.0,0.0,8.9,0.0,1.0,0.0,-2.523,0.0,0.0,21.970924364000002,0.0,-1.409376296,0.0,39.0,0.0,0.0
20868,0.0,0.0,0.0,1.0,0.0,0.0,0.0,135.0,74.0,6.0,70.30681735,175.26,0.0,74,35.0,0.8534023051999999,71.0,54.0,136.0,55.0,0.0,0.0,0.0,0.0,6.0,0.0,9.7,0.0,1.0,0.0,15.104000000000001,0.0,0.0,22.889263776999996,0.0,-1.183461003,0.0,39.0,7.0,0.0
20868,0.0,0.0,0.0,0.0,0.0,0.0,0.0,116.0,56.0,5.0,78.92507238,175.26,0.0,76,37.0,0.0,57.0,50.0,117.0,48.0,17.0,0.0,60.0,0.0,5.0,0.0,7.5,0.0,0.0,0.0,34.855,0.0,0.0,25.695044498,0.0,-0.493227344,0.0,39.0,0.0,0.0
20868,0.0,0.0,0.0,0.0,0.0,0.0,0.0,120.0,69.0,4.0,76.20351816,175.26,0.0,77,38.0,0.0,54.0,46.0,123.0,113.0,17.0,0.0,2.0,0.0,4.0,0.93,7.4,0.0,0.0,3.0,44.05,0.0,0.0,24.809008481,0.0,-0.711195867,0.0,39.0,0.0,0.0
20868,0.0,0.0,0.0,0.0,0.0,0.0,0.0,163.0,66.0,4.0,0.0,0.0,0.0,78,39.0,0.0,0.0,0.0,0.0,0.0,22.0,22.0,0.0,4.0,0.0,0.0,7.4,0.0,0.0,0.0,54.739,0.0,0.0,0.0,0.0,0.0,0.0,39.0,0.0,0.0
20868,0.0,0.0,0.0,0.0,0.0,0.0,0.0,148.0,63.0,5.0,76.20351816,175.26,0.0,78,39.0,0.9842065276,56.0,47.0,0.0,91.0,21.0,41.0,50.0,0.0,5.0,1.49,7.6,0.0,1.0,3.0,63.336000000000006,0.0,0.0,24.809008481,0.0,-0.711195867,0.0,39.0,0.0,0.0
