PtID,Pt_CGMUseNumDays,Pt_FatherT1D,Pt_MotherT1D,Pt_SiblingT1D,Pt_ChildT1D,Pt_GrandchildT1D,Pt_GrandparentT1D,BldPrSys,BldPrDia,SMBGperDayPtMeterCombo,WeightKg,HeightCm,DirectLDL,age,diabDur,TotalDailyInsPerKg,LDL,HDL,TotChol,Triglyc,BUN,AlbCreatRat_mggNew,UnitsInsBasalOrLongAct,BGTestAvgNumMeter,BGTestAvgNumPtRep,TSH,HbA1c,AutonomicNeuroCl,Pt_InsGov,NumPumpBolusOrShortAct,HbA1cImputeDtMnC,Pt_SHFlg,Pt_DKAFlg,bmi,bmiPerc,bmiZscore,GFR,diagAgeCombo,Pt_A1cGoalLev,Pt_A1cGoalLevelDsYr5
20905,0.0,0.0,0.0,0.0,0.0,0.0,0.0,120.0,78.0,8.0,59.42060047,162.56,0.0,33,2.0,0.45438786859999997,0.0,47.0,347.0,623.0,13.0,23.0,0.0,0.0,8.0,0.0,7.0,0.0,0.0,0.0,-0.166,0.0,0.0,22.485867903000003,0.0,-0.726835438,0.0,31.0,0.0,0.0
20905,0.0,0.0,0.0,0.0,0.0,0.0,0.0,114.0,72.0,7.0,61.23496995,165.1,0.0,34,3.0,0.45725506229999996,0.0,0.0,0.0,0.0,0.0,0.0,0.0,0.0,7.0,0.0,6.5,0.0,0.0,0.0,11.982999999999999,0.0,0.0,22.464945148,0.0,-0.729868345,0.0,31.0,6.3,0.0
20905,0.0,0.0,0.0,0.0,0.0,0.0,0.0,128.0,82.0,5.0,60.32778521,162.56,1.0,35,4.0,0.0,88.0,0.0,0.0,0.0,17.0,0.0,13.0,0.0,5.0,1.61,6.7,0.0,0.0,0.0,23.070999999999998,0.0,0.0,22.829163596999997,0.0,-0.6770721940000001,0.0,31.0,0.0,0.0
20905,0.0,0.0,0.0,0.0,0.0,0.0,0.0,122.0,70.0,7.0,62.14215469,165.1,0.0,36,5.0,0.0,121.0,71.0,210.0,90.0,23.0,0.0,13.0,7.0,7.0,1.3,7.8,0.0,0.0,0.0,35.187,0.0,0.0,22.79775915,0.0,-0.6816245009999999,0.0,31.0,0.0,0.0
20905,0.0,0.0,0.0,0.0,0.0,0.0,0.0,141.0,75.0,7.0,60.32778521,165.1,0.0,37,6.0,0.0,82.0,50.0,187.0,86.0,18.0,0.0,18.0,7.0,8.0,1.49,7.8,0.0,0.0,0.0,50.357,0.0,0.0,22.132131146,0.0,-0.77811219,0.0,31.0,0.0,0.0
20905,30.0,0.0,0.0,0.0,0.0,0.0,0.0,129.0,76.0,2.0,62.59574706,165.1,0.0,38,7.0,0.0,113.0,75.0,203.0,76.0,16.0,0.0,18.0,0.0,2.0,1.72,7.5,0.0,0.0,3.0,64.465,0.0,0.0,22.964166151999997,0.0,-0.657502578,0.0,31.0,0.0,0.0
