PtID,Pt_CGMUseNumDays,Pt_FatherT1D,Pt_MotherT1D,Pt_SiblingT1D,Pt_ChildT1D,Pt_GrandchildT1D,Pt_GrandparentT1D,BldPrSys,BldPrDia,SMBGperDayPtMeterCombo,WeightKg,HeightCm,DirectLDL,age,diabDur,TotalDailyInsPerKg,LDL,HDL,TotChol,Triglyc,BUN,AlbCreatRat_mggNew,UnitsInsBasalOrLongAct,BGTestAvgNumMeter,BGTestAvgNumPtRep,TSH,HbA1c,AutonomicNeuroCl,Pt_InsGov,NumPumpBolusOrShortAct,HbA1cImputeDtMnC,Pt_SHFlg,Pt_DKAFlg,bmi,bmiPerc,bmiZscore,GFR,diagAgeCombo,Pt_A1cGoalLev,Pt_A1cGoalLevelDsYr5
20957,0.0,0.0,0.0,0.0,0.0,0.0,0.0,110.0,62.0,3.0,0.0,0.0,0.0,50,36.0,0.0,109.0,38.0,168.0,104.0,15.0,2.1,0.0,3.0,8.0,0.0,7.5,0.0,1.0,3.0,-2.2569999999999997,0.0,0.0,0.0,0.0,0.0,0.0,14.0,0.0,0.0
20957,0.0,0.0,0.0,0.0,0.0,0.0,0.0,118.0,60.0,6.0,0.0,0.0,0.0,52,38.0,0.0,106.0,41.0,0.0,127.0,0.0,10.0,0.0,6.0,6.0,0.0,8.5,0.0,1.0,6.0,18.954,0.0,0.0,0.0,0.0,0.0,0.0,14.0,7.0,0.0
20957,0.0,0.0,0.0,0.0,0.0,0.0,0.0,134.0,65.0,5.0,0.0,0.0,0.0,53,39.0,0.0,0.0,0.0,0.0,0.0,15.0,50.7,55.0,5.0,0.0,0.0,8.0,0.0,0.0,0.0,32.1,0.0,0.0,0.0,0.0,0.0,0.0,14.0,0.0,0.0
20957,0.0,0.0,0.0,0.0,0.0,0.0,0.0,144.0,66.0,0.0,94.34721296,170.18,0.0,54,40.0,0.9115266609999999,72.0,37.0,126.0,84.0,20.0,50.7,58.0,0.0,0.0,0.0,0.0,0.0,0.0,6.0,0.0,0.0,0.0,32.577071188000005,0.0,0.34728536649999997,0.0,14.0,0.0,0.0
20957,0.0,0.0,0.0,0.0,0.0,0.0,0.0,146.0,65.0,4.0,93.89362059,160.02,0.0,55,41.0,0.8413777156000001,0.0,0.0,0.0,0.0,0.0,50.7,58.0,4.0,0.0,0.0,7.2,0.0,0.0,6.0,53.211999999999996,0.0,0.0,36.668027963,0.0,0.7679840558,0.0,14.0,0.0,0.0
20957,0.0,0.0,0.0,0.0,0.0,0.0,0.0,126.0,51.0,4.0,0.0,0.0,0.0,56,42.0,0.0,0.0,0.0,0.0,0.0,0.0,50.7,0.0,4.0,6.0,0.0,0.0,0.0,1.0,0.0,0.0,0.0,0.0,0.0,0.0,0.0,0.0,14.0,0.0,0.0
20957,0.0,0.0,0.0,0.0,0.0,0.0,0.0,147.0,56.0,7.0,0.0,0.0,0.0,57,43.0,0.0,0.0,0.0,0.0,0.0,33.0,50.7,54.0,7.0,0.0,0.0,0.0,0.0,0.0,20.0,0.0,0.0,0.0,0.0,0.0,0.0,53.0,14.0,0.0,0.0
