PtID,Pt_CGMUseNumDays,Pt_FatherT1D,Pt_MotherT1D,Pt_SiblingT1D,Pt_ChildT1D,Pt_GrandchildT1D,Pt_GrandparentT1D,BldPrSys,BldPrDia,SMBGperDayPtMeterCombo,WeightKg,HeightCm,DirectLDL,age,diabDur,TotalDailyInsPerKg,LDL,HDL,TotChol,Triglyc,BUN,AlbCreatRat_mggNew,UnitsInsBasalOrLongAct,BGTestAvgNumMeter,BGTestAvgNumPtRep,TSH,HbA1c,AutonomicNeuroCl,Pt_InsGov,NumPumpBolusOrShortAct,HbA1cImputeDtMnC,Pt_SHFlg,Pt_DKAFlg,bmi,bmiPerc,bmiZscore,GFR,diagAgeCombo,Pt_A1cGoalLev,Pt_A1cGoalLevelDsYr5
20958,0.0,0.0,0.0,1.0,0.0,0.0,0.0,112.0,64.0,5.0,73.0,167.6,0.0,26,11.0,0.6301369863,75.0,78.0,162.0,47.0,8.0,3.0,0.0,5.0,6.0,0.0,6.9,0.0,0.0,0.0,0.033,0.0,0.0,25.98811809,0.0,-0.109472741,0.0,15.0,0.0,0.0
20958,0.0,0.0,0.0,0.0,0.0,0.0,0.0,115.0,59.0,0.0,82.10021897,167.64,0.0,28,13.0,0.0,83.0,77.0,181.0,105.0,14.0,3.0,19.0,0.0,0.0,1.77,6.3,0.0,0.0,0.0,29.278000000000002,0.0,0.0,29.213864535,0.0,0.325481285,0.0,15.0,0.0,0.0
20958,0.0,0.0,0.0,0.0,0.0,0.0,0.0,118.0,73.0,8.0,83.00740371,167.64,0.0,29,14.0,0.554167435,72.0,74.0,168.0,109.0,11.0,0.0,18.0,8.0,0.0,2.83,6.5,0.0,0.0,0.0,39.137,0.0,0.0,29.536669668000002,0.0,0.36900776630000004,0.0,15.0,0.0,0.0
20958,0.0,0.0,0.0,0.0,0.0,0.0,0.0,122.0,59.0,10.0,84.82177319,165.1,0.0,30,15.0,0.5305241603,91.0,75.0,177.0,54.0,15.0,0.0,18.0,10.0,0.0,2.59,6.3,0.0,0.0,0.0,49.593,0.0,0.0,31.118109205,0.0,0.3691128175,0.0,15.0,0.0,0.0
20958,0.0,0.0,0.0,0.0,0.0,0.0,0.0,121.0,60.0,0.0,84.36818082,165.1,0.0,31,16.0,0.5333764408,0.0,0.0,0.0,0.0,0.0,0.0,24.0,0.0,0.0,3.13,6.3,0.0,0.0,0.0,58.821999999999996,0.0,0.0,30.951702204,0.0,0.3500261573,0.0,15.0,0.0,0.0
