PtID,Pt_CGMUseNumDays,Pt_FatherT1D,Pt_MotherT1D,Pt_SiblingT1D,Pt_ChildT1D,Pt_GrandchildT1D,Pt_GrandparentT1D,BldPrSys,BldPrDia,SMBGperDayPtMeterCombo,WeightKg,HeightCm,DirectLDL,age,diabDur,TotalDailyInsPerKg,LDL,HDL,TotChol,Triglyc,BUN,AlbCreatRat_mggNew,UnitsInsBasalOrLongAct,BGTestAvgNumMeter,BGTestAvgNumPtRep,TSH,HbA1c,AutonomicNeuroCl,Pt_InsGov,NumPumpBolusOrShortAct,HbA1cImputeDtMnC,Pt_SHFlg,Pt_DKAFlg,bmi,bmiPerc,bmiZscore,GFR,diagAgeCombo,Pt_A1cGoalLev,Pt_A1cGoalLevelDsYr5
21009,0.0,0.0,0.0,0.0,0.0,0.0,0.0,134.0,82.0,2.0,112.49090776,167.64,0.0,21,6.0,0.8267334832,98.0,57.0,195.0,198.0,10.0,2.7,0.0,0.0,2.0,0.0,9.7,0.0,0.0,2.0,0.0,0.0,0.0,40.02783649,0.0,1.7836184080000002,0.0,15.0,0.0,0.0
21009,0.0,0.0,0.0,0.0,0.0,0.0,0.0,139.0,81.0,3.0,114.75886961,167.64,0.0,22,7.0,0.8191088002,146.0,56.0,0.0,185.0,10.0,0.0,0.0,0.0,3.0,0.0,8.5,0.0,0.0,2.0,14.274000000000001,0.0,0.0,40.834849322,0.0,1.8924346112000001,0.0,15.0,7.0,0.0
21009,0.0,0.0,0.0,0.0,0.0,0.0,0.0,154.0,85.0,2.0,111.58372302,167.64,0.0,22,7.0,0.824493013,0.0,0.0,0.0,0.0,0.0,0.0,34.0,2.0,0.0,0.0,8.6,0.0,0.0,0.0,20.78,0.0,0.0,39.705031356999996,0.0,1.7400919267,0.0,15.0,0.0,0.0
21009,0.0,0.0,0.0,0.0,0.0,0.0,0.0,139.0,85.0,0.0,100.69750614,167.64,0.0,23,8.0,0.0,159.0,62.0,0.0,177.0,9.0,0.0,0.0,0.0,0.0,1.29,8.7,0.0,0.0,0.0,29.311,0.0,0.0,35.831369761,0.0,1.2177741513,0.0,15.0,0.0,0.0
21009,0.0,0.0,0.0,0.0,0.0,0.0,0.0,136.0,83.0,5.0,107.50139169,167.64,0.0,24,9.0,1.0697535929000002,160.0,51.0,0.0,208.0,11.0,0.0,0.0,0.0,5.0,1.67,8.7,0.0,0.0,0.0,43.917,0.0,0.0,38.252408259,0.0,1.5442227609,0.0,15.0,0.0,0.0
21009,0.0,0.0,0.0,0.0,0.0,0.0,0.0,129.0,83.0,2.0,107.04779932,167.64,1.0,25,10.0,0.0,184.0,71.0,0.0,98.0,10.0,0.0,37.0,2.0,0.0,0.77,9.2,0.0,0.0,0.0,55.336000000000006,0.0,0.0,38.091005691999996,0.0,1.5224595203,0.0,15.0,0.0,0.0
21009,0.0,0.0,0.0,0.0,0.0,0.0,0.0,121.0,75.0,2.0,109.76935354,167.64,0.0,26,11.0,0.8472310076,0.0,0.0,0.0,0.0,0.0,0.0,37.0,2.0,2.0,0.0,8.4,0.0,0.0,3.0,66.22399999999999,0.0,0.0,39.059421091,0.0,1.6530389641999998,0.0,15.0,0.0,0.0
