PtID,Pt_CGMUseNumDays,Pt_FatherT1D,Pt_MotherT1D,Pt_SiblingT1D,Pt_ChildT1D,Pt_GrandchildT1D,Pt_GrandparentT1D,BldPrSys,BldPrDia,SMBGperDayPtMeterCombo,WeightKg,HeightCm,DirectLDL,age,diabDur,TotalDailyInsPerKg,LDL,HDL,TotChol,Triglyc,BUN,AlbCreatRat_mggNew,UnitsInsBasalOrLongAct,BGTestAvgNumMeter,BGTestAvgNumPtRep,TSH,HbA1c,AutonomicNeuroCl,Pt_InsGov,NumPumpBolusOrShortAct,HbA1cImputeDtMnC,Pt_SHFlg,Pt_DKAFlg,bmi,bmiPerc,bmiZscore,GFR,diagAgeCombo,Pt_A1cGoalLev,Pt_A1cGoalLevelDsYr5
21016,0.0,0.0,0.0,0.0,0.0,0.0,0.0,120.0,76.0,5.0,55.1,160.2,0.0,11,11.0,0.998185118,0.0,0.0,0.0,0.0,0.0,4.9,0.0,0.0,5.0,0.0,10.1,0.0,0.0,7.0,0.1,0.0,0.0,21.469729629,0.9096531482,1.3386221745,0.0,0.0,0.0,0.0
21016,0.0,0.0,0.0,0.0,0.0,0.0,0.0,137.0,83.0,2.0,70.8,168.1,0.0,13,13.0,1.1299435028,107.0,49.0,0.0,161.0,0.0,5.0,0.0,2.0,3.0,0.0,8.8,0.0,0.0,0.0,16.929000000000002,1.0,0.0,25.05519752,0.948719202,1.6325598754,0.0,0.0,7.9,0.0
21016,0.0,0.0,0.0,0.0,0.0,0.0,0.0,129.0,88.0,5.0,71.8,170.2,0.0,14,14.0,1.0445682451,0.0,0.0,0.0,0.0,0.0,6.0,35.0,5.0,6.0,0.0,9.4,0.0,0.0,4.0,32.266,0.0,0.0,24.785936501,0.9271646864,1.4549950672,0.0,0.0,0.0,0.0
21016,0.0,0.0,0.0,0.0,0.0,0.0,0.0,128.0,84.0,1.0,75.9,171.1,0.0,15,15.0,0.9486166008,110.0,48.0,0.0,64.0,0.0,37.0,37.0,1.0,2.0,1.98,11.4,0.0,0.0,3.0,43.419,0.0,0.0,25.926372518,0.934550245,1.5105642425,0.0,0.0,0.0,0.0
21016,0.0,0.0,0.0,0.0,0.0,0.0,0.0,132.0,86.0,3.0,78.2,172.5,0.0,16,16.0,0.9079283887,0.0,0.0,0.0,0.0,0.0,36.0,40.0,3.0,1.0,0.0,10.3,0.0,0.0,2.0,54.606,0.0,0.0,26.280193237,0.9257478137,1.4448345188,0.0,0.0,0.0,0.0
