PtID,Pt_CGMUseNumDays,Pt_FatherT1D,Pt_MotherT1D,Pt_SiblingT1D,Pt_ChildT1D,Pt_GrandchildT1D,Pt_GrandparentT1D,BldPrSys,BldPrDia,SMBGperDayPtMeterCombo,WeightKg,HeightCm,DirectLDL,age,diabDur,TotalDailyInsPerKg,LDL,HDL,TotChol,Triglyc,BUN,AlbCreatRat_mggNew,UnitsInsBasalOrLongAct,BGTestAvgNumMeter,BGTestAvgNumPtRep,TSH,HbA1c,AutonomicNeuroCl,Pt_InsGov,NumPumpBolusOrShortAct,HbA1cImputeDtMnC,Pt_SHFlg,Pt_DKAFlg,bmi,bmiPerc,bmiZscore,GFR,diagAgeCombo,Pt_A1cGoalLev,Pt_A1cGoalLevelDsYr5
21014,0.0,0.0,0.0,0.0,0.0,0.0,0.0,116.0,60.0,4.0,36.6,140.6,0.0,9,1.0,0.4371584699,0.0,0.0,0.0,0.0,0.0,5.0,0.0,0.0,4.0,0.0,6.1,0.0,0.0,0.0,-6.041,0.0,0.0,18.514434177000002,0.807101737,0.8672655533,0.0,7.0,0.0,0.0
21014,0.0,0.0,0.0,0.0,0.0,0.0,0.0,114.0,56.0,4.0,52.5,151.2,0.0,10,3.0,0.3238095238,0.0,0.0,0.0,0.0,0.0,0.0,0.0,0.0,4.0,0.0,6.3,0.0,0.0,0.0,12.083,0.0,0.0,22.964432687,0.9505102388,1.6498211465000001,0.0,7.0,0.0,0.0
21014,0.0,0.0,0.0,0.0,0.0,0.0,0.0,123.0,69.0,3.0,61.1,156.9,0.0,11,3.0,0.1800327332,126.0,57.0,200.0,86.0,0.0,9.0,6.0,0.0,3.0,1.6,6.0,0.0,0.0,0.0,24.863000000000003,0.0,0.0,24.81963115,0.9597922266,1.7482800456,0.0,7.0,0.0,0.0
21014,0.0,0.0,0.0,0.0,0.0,0.0,0.0,108.0,62.0,3.0,71.5,164.3,0.0,12,4.0,0.09790209789999998,0.0,0.0,0.0,0.0,0.0,7.0,6.0,3.0,0.0,0.0,0.0,0.0,0.0,0.0,0.0,0.0,0.0,26.486886768,0.9647964453,1.8092826091999998,0.0,7.0,0.0,0.0
21014,0.0,0.0,0.0,0.0,0.0,0.0,0.0,123.0,67.0,2.0,79.5,168.9,0.0,13,5.0,0.0754716981,0.0,0.0,0.0,0.0,0.0,11.0,5.0,2.0,0.0,0.0,0.0,0.0,0.0,0.0,0.0,0.0,0.0,27.868130112,0.9669143234,1.8372611433000001,0.0,7.0,0.0,0.0
21014,0.0,0.0,0.0,0.0,0.0,0.0,0.0,128.0,67.0,2.0,73.5,170.4,0.0,15,7.0,0.0952380952,0.0,0.0,0.0,0.0,0.0,11.0,7.0,2.0,0.0,2.53,0.0,0.0,0.0,0.0,0.0,0.0,0.0,25.313264564,0.896616443,1.2625050396,0.0,7.0,0.0,0.0
21014,0.0,0.0,0.0,0.0,0.0,0.0,0.0,117.0,66.0,1.0,71.0,170.1,0.0,15,8.0,0.1887323944,0.0,0.0,0.0,0.0,10.0,11.0,6.4,0.0,1.0,1.9,0.0,0.0,0.0,0.0,0.0,0.0,0.0,24.53859662,0.8711225012,1.1317132772,0.0,7.0,0.0,0.0
