PtID,Pt_CGMUseNumDays,Pt_FatherT1D,Pt_MotherT1D,Pt_SiblingT1D,Pt_ChildT1D,Pt_GrandchildT1D,Pt_GrandparentT1D,BldPrSys,BldPrDia,SMBGperDayPtMeterCombo,WeightKg,HeightCm,DirectLDL,age,diabDur,TotalDailyInsPerKg,LDL,HDL,TotChol,Triglyc,BUN,AlbCreatRat_mggNew,UnitsInsBasalOrLongAct,BGTestAvgNumMeter,BGTestAvgNumPtRep,TSH,HbA1c,AutonomicNeuroCl,Pt_InsGov,NumPumpBolusOrShortAct,HbA1cImputeDtMnC,Pt_SHFlg,Pt_DKAFlg,bmi,bmiPerc,bmiZscore,GFR,diagAgeCombo,Pt_A1cGoalLev,Pt_A1cGoalLevelDsYr5
21038,0.0,0.0,0.0,0.0,0.0,0.0,0.0,140.0,66.0,5.0,86.3,178.4,0.0,65,29.0,0.4519119351,106.0,64.0,0.0,81.0,13.0,0.0,0.0,5.0,6.0,0.0,6.9,1.0,1.0,4.0,-1.195,0.0,0.0,27.115717186999998,0.0,-0.340125723,0.0,36.0,0.0,0.0
21038,0.0,0.0,0.0,0.0,0.0,0.0,0.0,130.0,66.0,7.0,84.6,177.8,0.0,66,30.0,0.8865248227,99.0,70.0,0.0,42.0,16.0,0.0,0.0,7.0,6.0,0.0,7.8,1.0,1.0,0.0,12.68,0.0,0.0,26.761278012,0.0,-0.40769005700000005,0.0,36.0,6.9,0.0
21038,0.0,0.0,0.0,0.0,0.0,0.0,0.0,128.0,64.0,5.0,83.2,176.8,0.0,67,31.0,0.0,0.0,0.0,0.0,0.0,0.0,0.0,15.0,0.0,5.0,0.0,7.2,1.0,0.0,0.0,25.991999999999997,0.0,0.0,26.616981634000002,0.0,-0.43519629600000004,0.0,36.0,0.0,0.0
21038,0.0,0.0,0.0,0.0,0.0,0.0,0.0,112.0,60.0,5.0,83.0,177.8,0.0,68,32.0,0.0,87.0,65.0,0.0,94.0,15.0,0.0,0.0,5.0,0.0,0.0,7.8,1.0,0.0,0.0,38.207,0.0,0.0,26.255154551,0.0,-0.504168937,74.0,36.0,0.0,0.0
21038,0.0,0.0,0.0,0.0,0.0,0.0,0.0,122.0,64.0,6.0,84.8,178.4,0.0,69,33.0,0.0,86.0,66.0,0.0,42.0,15.0,0.0,0.0,6.0,0.0,1.45,7.8,1.0,0.0,0.0,47.336000000000006,0.0,0.0,26.644412716999998,0.0,-0.429967295,0.0,36.0,0.0,0.0
21038,0.0,0.0,0.0,0.0,0.0,0.0,0.0,111.0,66.0,6.0,81.4,177.8,0.0,71,35.0,0.85995086,77.0,69.0,160.0,70.0,16.0,0.0,14.0,0.0,6.0,0.0,7.7,1.0,1.0,6.0,71.768,0.0,0.0,25.74903109,0.0,-0.47994641899999996,69.0,36.0,0.0,0.0
