PtID,Pt_CGMUseNumDays,Pt_FatherT1D,Pt_MotherT1D,Pt_SiblingT1D,Pt_ChildT1D,Pt_GrandchildT1D,Pt_GrandparentT1D,BldPrSys,BldPrDia,SMBGperDayPtMeterCombo,WeightKg,HeightCm,DirectLDL,age,diabDur,TotalDailyInsPerKg,LDL,HDL,TotChol,Triglyc,BUN,AlbCreatRat_mggNew,UnitsInsBasalOrLongAct,BGTestAvgNumMeter,BGTestAvgNumPtRep,TSH,HbA1c,AutonomicNeuroCl,Pt_InsGov,NumPumpBolusOrShortAct,HbA1cImputeDtMnC,Pt_SHFlg,Pt_DKAFlg,bmi,bmiPerc,bmiZscore,GFR,diagAgeCombo,Pt_A1cGoalLev,Pt_A1cGoalLevelDsYr5
21108,0.0,0.0,0.0,0.0,0.0,0.0,1.0,102.0,64.0,5.0,48.625102064,159.766,0.0,12,4.0,0.9048824194,0.0,45.0,173.0,0.0,0.0,2.1,0.0,5.0,5.0,0.0,8.7,0.0,0.0,0.0,0.0,0.0,0.0,19.04986059,0.6846219597,0.48066293159999995,0.0,7.0,0.0,0.0
21108,0.0,0.0,0.0,0.0,0.0,0.0,0.0,110.0,75.0,2.0,59.0,173.0,0.0,14,6.0,1.1864406779999999,0.0,0.0,0.0,0.0,0.0,7.5,24.0,2.0,0.0,2.22,13.2,0.0,0.0,3.0,20.913,0.0,0.0,19.713321527999998,0.5852430115999999,0.2153249523,0.0,7.0,0.0,0.0
21108,0.0,0.0,0.0,0.0,0.0,0.0,0.0,88.0,56.0,7.0,66.0,179.0,0.0,15,7.0,1.0303030303,86.0,43.0,150.0,107.0,0.0,2.5,27.0,7.0,0.0,0.0,11.4,0.0,0.0,3.0,31.834,0.0,0.0,20.598608032999998,0.6067398068,0.2708318185,0.0,7.0,0.0,0.0
21108,0.0,0.0,0.0,0.0,0.0,0.0,0.0,117.0,70.0,6.0,74.0,180.0,0.0,16,8.0,0.8783783784,0.0,0.0,0.0,0.0,0.0,5.1,28.0,6.0,0.0,0.0,9.1,0.0,0.0,0.0,46.538999999999994,0.0,0.0,22.839506173,0.7623789958,0.7139760189,0.0,7.0,0.0,0.0
21108,0.0,0.0,0.0,0.0,0.0,0.0,0.0,120.0,72.0,3.0,76.2,183.0,0.0,17,9.0,0.8661417323,67.0,31.0,118.0,100.0,0.0,5.1,28.0,3.0,0.0,1.19,9.7,0.0,0.0,0.0,57.461000000000006,0.0,0.0,22.753740034,0.6885938223,0.4918684329,0.0,7.0,0.0,0.0
21108,0.0,0.0,0.0,0.0,0.0,0.0,0.0,113.0,78.0,0.0,80.9,183.8,0.0,18,10.0,0.0,0.0,0.0,0.0,0.0,0.0,1.0,0.0,0.0,0.0,0.0,8.6,0.0,0.0,0.0,73.22800000000001,0.0,0.0,23.94735253,0.7359096398,0.6307855997,0.0,7.0,0.0,0.0
21108,0.0,0.0,0.0,0.0,0.0,0.0,0.0,115.0,78.0,4.0,83.5,184.3,0.0,19,11.0,0.628742515,83.0,38.0,138.0,78.0,0.0,1.0,24.5,4.0,5.0,1.48,8.1,0.0,0.0,7.0,84.448,0.0,0.0,24.583052297,0.7334535418000001,0.6232916006,0.0,7.0,0.0,0.0
