PtID,Pt_CGMUseNumDays,Pt_FatherT1D,Pt_MotherT1D,Pt_SiblingT1D,Pt_ChildT1D,Pt_GrandchildT1D,Pt_GrandparentT1D,BldPrSys,BldPrDia,SMBGperDayPtMeterCombo,WeightKg,HeightCm,DirectLDL,age,diabDur,TotalDailyInsPerKg,LDL,HDL,TotChol,Triglyc,BUN,AlbCreatRat_mggNew,UnitsInsBasalOrLongAct,BGTestAvgNumMeter,BGTestAvgNumPtRep,TSH,HbA1c,AutonomicNeuroCl,Pt_InsGov,NumPumpBolusOrShortAct,HbA1cImputeDtMnC,Pt_SHFlg,Pt_DKAFlg,bmi,bmiPerc,bmiZscore,GFR,diagAgeCombo,Pt_A1cGoalLev,Pt_A1cGoalLevelDsYr5
21173,0.0,0.0,0.0,0.0,0.0,0.0,0.0,137.0,67.0,4.0,75.0,176.2,0.0,13,9.0,1.48,58.0,66.0,0.0,70.0,14.0,0.0,0.0,4.0,9.0,0.0,6.3,0.0,0.0,6.0,0.0,0.0,0.0,24.157359105,0.9323556403000001,1.4935674235,0.0,4.0,0.0,0.0
21173,0.0,0.0,0.0,0.0,0.0,0.0,1.0,112.0,52.0,10.0,81.0,180.1,0.0,14,10.0,1.3580246913999998,0.0,71.0,143.0,55.0,0.0,0.0,0.0,0.0,10.0,0.0,6.2,0.0,0.0,7.0,14.870999999999999,0.0,0.0,24.972245353,0.9313339435,1.4857996866999998,0.0,4.0,6.2,0.0
21173,0.0,0.0,0.0,0.0,0.0,0.0,0.0,155.0,68.0,4.0,91.9,179.5,0.0,15,11.0,1.6104461371,0.0,0.0,0.0,0.0,0.0,0.0,29.0,4.0,0.0,0.0,8.4,0.0,0.0,0.0,28.747,0.0,0.0,28.522435425,0.9693159918,1.8708345547999998,0.0,4.0,0.0,0.0
21173,0.0,0.0,0.0,0.0,0.0,0.0,0.0,135.0,57.0,2.0,99.0,180.2,0.0,16,12.0,1.2222222222,0.0,0.0,181.0,52.0,0.0,0.0,32.0,2.0,0.0,2.59,8.2,0.0,0.0,0.0,41.361000000000004,0.0,0.0,30.487767322,0.9783573918,2.0209473429,0.0,4.0,0.0,0.0
