PtID,Pt_CGMUseNumDays,Pt_FatherT1D,Pt_MotherT1D,Pt_SiblingT1D,Pt_ChildT1D,Pt_GrandchildT1D,Pt_GrandparentT1D,BldPrSys,BldPrDia,SMBGperDayPtMeterCombo,WeightKg,HeightCm,DirectLDL,age,diabDur,TotalDailyInsPerKg,LDL,HDL,TotChol,Triglyc,BUN,AlbCreatRat_mggNew,UnitsInsBasalOrLongAct,BGTestAvgNumMeter,BGTestAvgNumPtRep,TSH,HbA1c,AutonomicNeuroCl,Pt_InsGov,NumPumpBolusOrShortAct,HbA1cImputeDtMnC,Pt_SHFlg,Pt_DKAFlg,bmi,bmiPerc,bmiZscore,GFR,diagAgeCombo,Pt_A1cGoalLev,Pt_A1cGoalLevelDsYr5
21199,0.0,0.0,0.0,0.0,0.0,0.0,0.0,89.0,61.0,9.0,19.4,111.5,1.0,6,3.0,0.5154639175,83.0,45.0,139.0,90.0,0.0,9.9,0.0,9.0,8.0,0.0,7.4,0.0,0.0,0.0,0.0,0.0,0.0,15.604576805999999,0.5674860979999999,0.169977535,0.0,2.0,0.0,0.0
21199,0.0,0.0,0.0,0.0,0.0,0.0,0.0,97.0,67.0,8.0,21.092045205,116.586,0.0,6,4.0,0.7111685876999999,0.0,0.0,0.0,0.0,0.0,0.0,0.0,8.0,8.0,0.0,8.3,0.0,0.0,0.0,10.556,0.0,0.0,15.517647749000002,0.541769311,0.1048921627,0.0,2.0,7.5,0.0
21199,0.0,0.0,0.0,0.0,0.0,0.0,0.0,90.0,58.0,7.0,28.9,127.508,1.0,8,6.0,0.0,77.0,0.0,0.0,0.0,0.0,0.0,12.0,7.0,0.0,2.89,7.4,0.0,0.0,0.0,31.237,0.0,0.0,17.775547051,0.8362511295999999,0.979166454,0.0,2.0,0.0,0.0
21199,0.0,0.0,0.0,0.0,0.0,0.0,0.0,98.0,60.0,7.0,0.0,0.0,1.0,9,7.0,0.0,85.0,0.0,0.0,0.0,0.0,9.9,14.0,7.0,0.0,6.03,7.6,0.0,0.0,0.0,43.485,0.0,0.0,0.0,0.0,0.0,0.0,2.0,0.0,0.0
21199,0.0,0.0,0.0,0.0,0.0,0.0,0.0,96.0,60.0,7.0,34.01942775,137.16,0.0,10,8.0,0.0,66.0,49.0,139.0,0.0,0.0,0.0,13.0,7.0,0.0,0.0,8.8,0.0,0.0,0.0,54.44,0.0,0.0,18.08306532,0.7343796134999999,0.6261130807,0.0,2.0,0.0,0.0
21199,0.0,0.0,0.0,0.0,0.0,0.0,0.0,107.0,58.0,0.0,39.00894382,142.24,1.0,11,9.0,0.0,90.0,0.0,0.0,0.0,0.0,0.0,13.0,0.0,0.0,4.26,9.5,0.0,0.0,3.0,65.992,0.0,0.0,19.280607095,0.7849946168999999,0.7891732294,0.0,2.0,0.0,0.0
21199,0.0,0.0,0.0,0.0,0.0,0.0,0.0,90.0,58.0,5.0,42.5,144.78,1.0,12,9.0,0.0,71.0,0.0,0.0,0.0,0.0,0.0,18.0,5.0,6.0,3.61,7.8,0.0,0.0,0.0,74.888,0.0,0.0,20.275509925999998,0.8031934142,0.8530831918999999,0.0,2.0,0.0,0.0
