PtID,Pt_CGMUseNumDays,Pt_FatherT1D,Pt_MotherT1D,Pt_SiblingT1D,Pt_ChildT1D,Pt_GrandchildT1D,Pt_GrandparentT1D,BldPrSys,BldPrDia,SMBGperDayPtMeterCombo,WeightKg,HeightCm,DirectLDL,age,diabDur,TotalDailyInsPerKg,LDL,HDL,TotChol,Triglyc,BUN,AlbCreatRat_mggNew,UnitsInsBasalOrLongAct,BGTestAvgNumMeter,BGTestAvgNumPtRep,TSH,HbA1c,AutonomicNeuroCl,Pt_InsGov,NumPumpBolusOrShortAct,HbA1cImputeDtMnC,Pt_SHFlg,Pt_DKAFlg,bmi,bmiPerc,bmiZscore,GFR,diagAgeCombo,Pt_A1cGoalLev,Pt_A1cGoalLevelDsYr5
21210,0.0,0.0,0.0,0.0,0.0,0.0,0.0,108.0,72.0,5.0,54.2,159.3,0.0,13,2.0,1.1992619926,79.0,52.0,0.0,61.0,0.0,93.0,0.0,5.0,5.0,0.0,10.1,0.0,0.0,20.0,-0.39799999999999996,0.0,0.0,21.358351766,0.7806003192000001,0.7742222687,0.0,10.0,0.0,0.0
21210,0.0,0.0,0.0,0.0,0.0,0.0,0.0,116.0,79.0,5.0,65.2,161.1,0.0,14,4.0,0.9969325153,106.0,55.0,176.0,73.0,0.0,7.8,0.0,0.0,5.0,0.0,10.7,0.0,0.0,0.0,14.772,1.0,0.0,25.122133254,0.9119741208,1.3530121203,0.0,10.0,7.5,0.0
21210,0.0,0.0,0.0,0.0,0.0,0.0,0.0,119.0,73.0,0.0,62.9,161.4,0.0,17,7.0,0.0,106.0,65.0,183.0,80.0,0.0,3.3,40.0,0.0,0.0,0.0,10.6,0.0,0.0,0.0,54.141000000000005,0.0,0.0,24.145910396999998,0.7992878505,0.8390802129,0.0,10.0,0.0,0.0
21210,15.0,0.0,0.0,0.0,0.0,0.0,0.0,126.0,60.0,5.0,64.2,161.1,0.0,18,8.0,0.0,117.0,53.0,181.0,84.0,0.0,18.3,35.0,5.0,6.0,2.01,10.1,0.0,0.0,0.0,67.685,0.0,0.0,24.736824461999998,0.8073347334000001,0.8681165474,0.0,10.0,0.0,0.0
