PtID,Pt_CGMUseNumDays,Pt_FatherT1D,Pt_MotherT1D,Pt_SiblingT1D,Pt_ChildT1D,Pt_GrandchildT1D,Pt_GrandparentT1D,BldPrSys,BldPrDia,SMBGperDayPtMeterCombo,WeightKg,HeightCm,DirectLDL,age,diabDur,TotalDailyInsPerKg,LDL,HDL,TotChol,Triglyc,BUN,AlbCreatRat_mggNew,UnitsInsBasalOrLongAct,BGTestAvgNumMeter,BGTestAvgNumPtRep,TSH,HbA1c,AutonomicNeuroCl,Pt_InsGov,NumPumpBolusOrShortAct,HbA1cImputeDtMnC,Pt_SHFlg,Pt_DKAFlg,bmi,bmiPerc,bmiZscore,GFR,diagAgeCombo,Pt_A1cGoalLev,Pt_A1cGoalLevelDsYr5
21223,0.0,0.0,0.0,0.0,0.0,0.0,0.0,95.0,65.0,5.0,14.8,92.6,0.0,2,0.0,0.3378378378,0.0,20.0,188.0,609.0,0.0,11.0,0.0,0.0,5.0,0.0,13.5,0.0,0.0,0.0,-1.228,1.0,1.0,17.259958296,0.7147747932999999,0.567388276,0.0,2.0,0.0,0.0
21223,0.0,0.0,0.0,0.0,0.0,0.0,0.0,91.0,58.0,10.0,16.0,98.0,0.0,4,1.0,0.9375,0.0,0.0,0.0,0.0,0.0,0.0,0.0,0.0,10.0,0.0,11.3,0.0,0.0,0.0,13.177999999999999,0.0,0.0,16.659725115,0.8289028446,0.9498385182,0.0,2.0,8.0,0.0
21223,0.0,0.0,0.0,0.0,0.0,0.0,0.0,108.0,60.0,5.0,20.5,112.3,0.0,5,3.0,0.9268292683,107.0,45.0,165.0,65.0,13.0,0.0,10.0,0.0,5.0,1.6,8.2,0.0,0.0,4.0,35.485,0.0,0.0,16.255276026,0.7717857946,0.7447408303,0.0,2.0,0.0,0.0
21223,0.0,0.0,0.0,0.0,0.0,0.0,0.0,100.0,55.0,6.0,23.3,120.8,0.0,7,4.0,0.686695279,0.0,0.0,0.0,0.0,0.0,0.0,11.0,6.0,0.0,0.0,8.3,0.0,0.0,3.0,49.361000000000004,0.0,0.0,15.966953204000001,0.619576307,0.3043682077,0.0,2.0,0.0,0.0
21223,0.0,0.0,0.0,0.0,0.0,0.0,0.0,118.0,68.0,4.0,26.5,125.6,0.0,8,6.0,0.8679245283,110.0,46.0,169.0,64.0,0.0,12.8,12.0,4.0,0.0,1.12,11.3,0.0,0.0,0.0,67.78399999999999,0.0,0.0,16.798348817,0.6846561539,0.4807591418,0.0,2.0,0.0,0.0
21223,0.0,0.0,0.0,0.0,0.0,0.0,0.0,113.0,69.0,5.0,31.0,130.1,0.0,9,7.0,0.7741935484,93.0,59.0,171.0,94.0,13.0,12.8,10.8,5.0,0.0,1.34,8.9,0.0,0.0,0.0,77.809,0.0,0.0,18.315007494,0.7892550044,0.8038389509999999,0.0,2.0,0.0,0.0
