PtID,Pt_CGMUseNumDays,Pt_FatherT1D,Pt_MotherT1D,Pt_SiblingT1D,Pt_ChildT1D,Pt_GrandchildT1D,Pt_GrandparentT1D,BldPrSys,BldPrDia,SMBGperDayPtMeterCombo,WeightKg,HeightCm,DirectLDL,age,diabDur,TotalDailyInsPerKg,LDL,HDL,TotChol,Triglyc,BUN,AlbCreatRat_mggNew,UnitsInsBasalOrLongAct,BGTestAvgNumMeter,BGTestAvgNumPtRep,TSH,HbA1c,AutonomicNeuroCl,Pt_InsGov,NumPumpBolusOrShortAct,HbA1cImputeDtMnC,Pt_SHFlg,Pt_DKAFlg,bmi,bmiPerc,bmiZscore,GFR,diagAgeCombo,Pt_A1cGoalLev,Pt_A1cGoalLevelDsYr5
21244,0.0,0.0,0.0,1.0,0.0,0.0,0.0,102.0,49.0,4.0,55.3,169.4,0.0,16,3.0,0.9222423146,105.0,50.0,163.0,39.0,6.0,7.0,0.0,0.0,4.0,0.0,8.9,0.0,0.0,0.0,0.0,0.0,0.0,19.270736776,0.3075466181,-0.502816579,0.0,13.0,0.0,0.0
21244,0.0,0.0,0.0,1.0,0.0,0.0,0.0,106.0,45.0,3.0,58.8,169.1,0.0,17,4.0,0.8333333333,0.0,0.0,0.0,0.0,10.0,0.0,0.0,0.0,3.0,0.0,9.3,0.0,0.0,0.0,10.689,0.0,0.0,20.563172127999998,0.4045704786,-0.241534401,0.0,13.0,7.0,0.0
21244,0.0,0.0,0.0,0.0,0.0,0.0,0.0,104.0,52.0,0.0,58.9670081,170.18,0.0,18,5.0,0.0,0.0,0.0,0.0,0.0,0.0,0.0,28.0,0.0,0.0,0.0,10.1,0.0,0.0,0.0,23.934,0.0,0.0,20.360669493,0.2815480682,-0.578248829,0.0,13.0,0.0,0.0
21244,0.0,0.0,0.0,0.0,0.0,0.0,0.0,124.0,57.0,1.0,71.4,171.0,0.0,19,6.0,0.8963585434,0.0,0.0,0.0,0.0,0.0,0.0,29.0,1.0,0.0,6.85,8.8,0.0,0.0,35.0,43.22,0.0,0.0,24.41776957,0.718988119,0.5798381590999999,0.0,13.0,0.0,0.0
21244,0.0,0.0,0.0,0.0,0.0,0.0,0.0,122.0,60.0,3.0,68.1,170.5,0.0,20,7.0,0.9544787078,110.0,49.0,194.0,174.0,0.0,0.0,30.0,3.0,3.0,1.84,8.1,0.0,0.0,0.0,49.494,0.0,0.0,23.426011128000003,0.5535166443999999,-0.626054011,0.0,13.0,0.0,0.0
21244,0.0,0.0,0.0,0.0,0.0,0.0,0.0,112.0,53.0,3.0,79.1,171.5,0.0,21,8.0,0.0,0.0,0.0,0.0,0.0,0.0,0.0,30.0,0.0,3.0,0.0,6.8,0.0,0.0,0.0,66.191,0.0,0.0,26.893556256,0.0,0.057902557,0.0,13.0,0.0,0.0
21244,0.0,0.0,0.0,0.0,0.0,0.0,0.0,120.0,56.0,0.0,79.9,171.5,0.0,22,9.0,0.0,155.0,58.0,0.0,82.0,16.0,0.0,34.0,0.0,0.0,2.17,8.6,0.0,0.0,0.0,72.498,0.0,0.0,27.165551768,0.0,0.1115523611,0.0,13.0,0.0,0.0
