PtID,Pt_CGMUseNumDays,Pt_FatherT1D,Pt_MotherT1D,Pt_SiblingT1D,Pt_ChildT1D,Pt_GrandchildT1D,Pt_GrandparentT1D,BldPrSys,BldPrDia,SMBGperDayPtMeterCombo,WeightKg,HeightCm,DirectLDL,age,diabDur,TotalDailyInsPerKg,LDL,HDL,TotChol,Triglyc,BUN,AlbCreatRat_mggNew,UnitsInsBasalOrLongAct,BGTestAvgNumMeter,BGTestAvgNumPtRep,TSH,HbA1c,AutonomicNeuroCl,Pt_InsGov,NumPumpBolusOrShortAct,HbA1cImputeDtMnC,Pt_SHFlg,Pt_DKAFlg,bmi,bmiPerc,bmiZscore,GFR,diagAgeCombo,Pt_A1cGoalLev,Pt_A1cGoalLevelDsYr5
21258,0.0,0.0,0.0,1.0,0.0,0.0,0.0,120.0,70.0,4.0,78.92507238,160.02,0.0,58,26.0,0.9882791062999999,47.0,26.0,96.0,115.0,20.0,9.0,0.0,0.0,4.0,0.0,9.3,1.0,0.0,0.0,0.6970000000000001,0.0,1.0,30.822400317,0.0,0.2809133542,0.0,32.0,0.0,0.0
21258,0.0,0.0,0.0,0.0,0.0,0.0,0.0,128.0,74.0,4.0,81.64662659999999,172.72,0.0,59,27.0,1.1023113109,72.0,32.0,128.0,120.0,21.0,43.0,60.0,4.0,4.0,0.01,9.2,1.0,0.0,4.0,12.812999999999999,0.0,0.0,27.368625505,0.0,-0.17621599100000002,0.0,32.0,0.0,0.0
21258,0.0,0.0,0.0,0.0,0.0,0.0,0.0,130.0,74.0,4.0,81.19303423,172.72,0.0,60,28.0,0.0,0.0,0.0,0.0,0.0,11.0,43.0,66.0,4.0,4.0,0.01,9.2,1.0,0.0,4.0,24.929000000000002,0.0,0.0,27.216577586,0.0,-0.320899389,0.0,32.0,0.0,0.0
21258,0.0,0.0,0.0,0.0,0.0,0.0,0.0,160.0,80.0,4.0,79.83225712,165.1,0.0,61,29.0,0.851786013,0.0,0.0,0.0,0.0,15.0,43.0,38.0,4.0,4.0,0.02,7.9,1.0,0.0,3.0,36.016999999999996,0.0,0.0,29.287632193,0.0,0.0738916941,52.0,32.0,0.0,0.0
21258,0.0,0.0,0.0,0.0,0.0,0.0,0.0,141.0,77.0,3.0,83.46099608,172.72,0.0,63,31.0,1.4258157174000001,48.0,35.0,130.0,235.0,14.0,43.0,72.0,3.0,3.0,0.01,7.1,1.0,0.0,4.0,52.248999999999995,0.0,0.0,27.976817183,0.0,-0.175980075,0.0,32.0,0.0,0.0
21258,0.0,0.0,0.0,0.0,0.0,0.0,0.0,130.0,80.0,0.0,87.08973504,172.72,0.0,63,31.0,0.0,85.0,43.0,168.0,200.0,16.0,43.0,70.0,0.0,0.0,4.03,7.1,1.0,0.0,3.0,57.328,0.0,0.0,29.193200539,0.0,0.0558908287,0.0,32.0,0.0,0.0
