PtID,Pt_CGMUseNumDays,Pt_FatherT1D,Pt_MotherT1D,Pt_SiblingT1D,Pt_ChildT1D,Pt_GrandchildT1D,Pt_GrandparentT1D,BldPrSys,BldPrDia,SMBGperDayPtMeterCombo,WeightKg,HeightCm,DirectLDL,age,diabDur,TotalDailyInsPerKg,LDL,HDL,TotChol,Triglyc,BUN,AlbCreatRat_mggNew,UnitsInsBasalOrLongAct,BGTestAvgNumMeter,BGTestAvgNumPtRep,TSH,HbA1c,AutonomicNeuroCl,Pt_InsGov,NumPumpBolusOrShortAct,HbA1cImputeDtMnC,Pt_SHFlg,Pt_DKAFlg,bmi,bmiPerc,bmiZscore,GFR,diagAgeCombo,Pt_A1cGoalLev,Pt_A1cGoalLevelDsYr5
21251,0.0,0.0,0.0,0.0,0.0,0.0,0.0,124.0,62.0,4.0,81.6,180.3,0.0,68,36.0,0.612745098,74.0,57.0,0.0,81.0,41.0,60.0,0.0,4.0,5.0,0.0,5.5,0.0,1.0,0.0,-0.23199999999999998,0.0,0.0,25.101443979000003,0.0,-0.724092953,0.0,32.0,0.0,0.0
21251,0.0,0.0,0.0,0.0,0.0,0.0,0.0,146.0,62.0,7.0,80.1,180.3,0.0,70,38.0,0.7490636704000001,0.0,0.0,149.0,250.0,43.0,62.0,0.0,0.0,7.0,0.0,5.0,0.0,1.0,0.0,23.701,0.0,0.0,24.640020376,0.0,-0.75276764,0.0,32.0,5.7,0.0
21251,0.0,0.0,0.0,0.0,0.0,0.0,0.0,150.0,80.0,8.0,81.5,180.3,0.0,71,39.0,0.0,55.0,62.0,0.0,153.0,38.0,428.0,17.0,8.0,0.0,2.94,5.8,0.0,0.0,0.0,34.855,0.0,0.0,25.070682406,0.0,-0.6468229999999999,35.0,32.0,0.0,0.0
21251,0.0,0.0,0.0,0.0,0.0,0.0,0.0,164.0,80.0,7.0,79.1,180.3,0.0,72,40.0,0.5941845765,0.0,0.0,0.0,0.0,38.0,290.0,17.0,7.0,0.0,0.0,5.6,0.0,0.0,3.0,46.606,0.0,0.0,24.332404641,0.0,-0.828442383,31.0,32.0,0.0,0.0
21251,0.0,0.0,0.0,0.0,0.0,0.0,0.0,130.0,82.0,7.0,76.7,180.3,0.0,73,41.0,0.8865710561,0.0,0.0,0.0,0.0,37.0,290.0,18.0,7.0,0.0,0.0,5.9,0.0,0.0,3.0,58.855,0.0,0.0,23.594126876999997,0.0,-1.010061765,29.0,32.0,0.0,0.0
21251,0.0,0.0,0.0,0.0,0.0,0.0,0.0,118.0,60.0,6.0,77.9,180.3,0.0,75,43.0,0.8600770218000001,64.0,68.0,0.0,82.0,35.0,290.0,22.0,6.0,8.0,3.45,5.9,0.0,1.0,3.0,79.568,0.0,0.0,23.963265759000002,0.0,-0.9192520740000001,28.0,32.0,0.0,0.0
