PtID,Pt_CGMUseNumDays,Pt_FatherT1D,Pt_MotherT1D,Pt_SiblingT1D,Pt_ChildT1D,Pt_GrandchildT1D,Pt_GrandparentT1D,BldPrSys,BldPrDia,SMBGperDayPtMeterCombo,WeightKg,HeightCm,DirectLDL,age,diabDur,TotalDailyInsPerKg,LDL,HDL,TotChol,Triglyc,BUN,AlbCreatRat_mggNew,UnitsInsBasalOrLongAct,BGTestAvgNumMeter,BGTestAvgNumPtRep,TSH,HbA1c,AutonomicNeuroCl,Pt_InsGov,NumPumpBolusOrShortAct,HbA1cImputeDtMnC,Pt_SHFlg,Pt_DKAFlg,bmi,bmiPerc,bmiZscore,GFR,diagAgeCombo,Pt_A1cGoalLev,Pt_A1cGoalLevelDsYr5
21355,0.0,0.0,0.0,0.0,0.0,0.0,0.0,128.0,82.0,7.0,0.0,0.0,0.0,35,14.0,0.0,84.0,42.0,140.0,68.0,0.0,9.9,0.0,0.0,7.0,0.0,7.6,0.0,0.0,0.0,-0.166,0.0,0.0,0.0,0.0,0.0,0.0,20.0,0.0,0.0
21355,0.0,0.0,0.0,0.0,0.0,0.0,1.0,110.0,70.0,6.0,0.0,0.0,0.0,36,15.0,0.0,60.0,40.0,0.0,59.0,0.0,0.0,0.0,0.0,6.0,0.0,6.5,0.0,0.0,0.0,12.216,0.0,0.0,0.0,0.0,0.0,0.0,20.0,6.0,0.0
21355,0.0,0.0,0.0,0.0,0.0,0.0,0.0,136.0,80.0,4.0,0.0,0.0,0.0,38,17.0,0.0,62.0,41.0,0.0,41.0,0.0,0.0,18.0,0.0,4.0,0.0,7.1,0.0,0.0,0.0,29.311,0.0,0.0,0.0,0.0,0.0,0.0,20.0,0.0,0.0
21355,0.0,0.0,0.0,0.0,0.0,0.0,0.0,120.0,80.0,0.0,0.0,0.0,1.0,39,18.0,0.0,82.0,0.0,0.0,0.0,15.0,9.9,20.0,0.0,0.0,1.08,6.5,0.0,0.0,0.0,39.967,0.0,0.0,0.0,0.0,0.0,0.0,20.0,0.0,0.0
21355,0.0,0.0,0.0,0.0,0.0,0.0,0.0,126.0,80.0,4.0,91.62565874,185.42,1.0,40,19.0,0.0,76.0,0.0,0.0,0.0,0.0,0.0,10.0,0.0,4.0,0.0,7.0,0.0,0.0,4.0,55.43600000000001,0.0,0.0,26.65041379,0.0,-0.251550311,0.0,20.0,0.0,0.0
21355,0.0,0.0,0.0,0.0,0.0,0.0,0.0,126.0,80.0,7.0,95.163679226,185.42,0.0,41,20.0,0.0,0.0,0.0,0.0,0.0,0.0,0.0,19.0,7.0,7.0,0.0,6.9,0.0,0.0,0.0,63.934,0.0,0.0,27.679489174,0.0,-0.103592907,0.0,20.0,0.0,0.0
