PtID,Pt_CGMUseNumDays,Pt_FatherT1D,Pt_MotherT1D,Pt_SiblingT1D,Pt_ChildT1D,Pt_GrandchildT1D,Pt_GrandparentT1D,BldPrSys,BldPrDia,SMBGperDayPtMeterCombo,WeightKg,HeightCm,DirectLDL,age,diabDur,TotalDailyInsPerKg,LDL,HDL,TotChol,Triglyc,BUN,AlbCreatRat_mggNew,UnitsInsBasalOrLongAct,BGTestAvgNumMeter,BGTestAvgNumPtRep,TSH,HbA1c,AutonomicNeuroCl,Pt_InsGov,NumPumpBolusOrShortAct,HbA1cImputeDtMnC,Pt_SHFlg,Pt_DKAFlg,bmi,bmiPerc,bmiZscore,GFR,diagAgeCombo,Pt_A1cGoalLev,Pt_A1cGoalLevelDsYr5
21367,0.0,0.0,0.0,0.0,0.0,0.0,0.0,124.0,77.0,1.0,54.3,158.9,0.0,14,11.0,0.9576427256000001,54.0,52.0,0.0,59.0,11.0,24.6,0.0,1.0,2.0,0.0,10.0,0.0,0.0,6.0,0.0,0.0,0.0,21.505623344,0.7377671526999999,0.6364768048,0.0,3.0,0.0,0.0
21367,0.0,0.0,0.0,0.0,0.0,0.0,0.0,134.0,72.0,1.0,57.2,159.2,0.0,16,13.0,0.0,107.0,57.0,0.0,75.0,11.0,11.2,0.0,1.0,2.0,0.0,9.9,0.0,0.0,6.0,14.705,0.0,0.0,22.568874523,0.7261509376999999,0.6012130034000001,0.0,3.0,7.5,0.0
21367,0.0,0.0,0.0,0.0,0.0,0.0,0.0,80.0,54.0,1.0,56.5,158.5,0.0,17,14.0,0.8849557522,0.0,0.0,0.0,0.0,0.0,6.8,28.0,1.0,1.0,0.0,10.3,0.0,0.0,5.0,26.49,0.0,0.0,22.490023784,0.6776881631,0.4612438374,0.0,3.0,0.0,0.0
21367,0.0,0.0,0.0,0.0,0.0,0.0,0.0,110.0,80.0,0.0,59.8,158.3,0.0,17,14.0,0.8862876254000001,0.0,0.0,0.0,0.0,0.0,6.8,29.0,0.0,0.0,0.0,8.8,0.0,0.0,7.0,35.817,0.0,0.0,23.863786465,0.7824807603,0.7805988311,0.0,3.0,0.0,0.0
21367,0.0,0.0,0.0,0.0,0.0,0.0,0.0,122.0,74.0,2.0,60.9,158.5,0.0,18,15.0,0.0,112.0,49.0,176.0,82.0,0.0,6.8,0.0,2.0,2.0,2.58,9.3,0.0,0.0,0.0,45.51,0.0,0.0,24.241459264,0.7790104455,0.7688554801,0.0,3.0,0.0,0.0
21367,0.0,0.0,0.0,0.0,0.0,0.0,0.0,124.0,80.0,1.0,60.9,188.7,0.0,19,16.0,0.8538587849,0.0,0.0,0.0,0.0,0.0,20.0,25.0,1.0,2.0,0.0,9.1,0.0,0.0,7.0,57.162,0.0,0.0,17.103047123,0.019600253999999998,-2.062075925,0.0,3.0,0.0,0.0
21367,0.0,0.0,0.0,0.0,0.0,0.0,0.0,110.0,64.0,2.0,60.3,160.0,0.0,20,17.0,0.7628524045999999,0.0,0.0,0.0,0.0,0.0,20.0,22.0,2.0,3.0,0.0,9.3,0.0,0.0,7.0,63.236999999999995,0.0,1.0,23.5546875,0.68635462,-0.437592279,0.0,3.0,0.0,0.0
21367,0.0,0.0,0.0,0.0,0.0,0.0,0.0,108.0,76.0,2.0,59.4,160.0,0.0,21,18.0,0.7441077440999999,104.0,69.0,205.0,159.0,14.0,14.4,29.9,2.0,2.0,1.57,9.1,0.0,0.0,7.0,81.39399999999999,0.0,0.0,23.203125,0.0,-0.484996353,75.0,3.0,0.0,0.0
