PtID,Pt_CGMUseNumDays,Pt_FatherT1D,Pt_MotherT1D,Pt_SiblingT1D,Pt_ChildT1D,Pt_GrandchildT1D,Pt_GrandparentT1D,BldPrSys,BldPrDia,SMBGperDayPtMeterCombo,WeightKg,HeightCm,DirectLDL,age,diabDur,TotalDailyInsPerKg,LDL,HDL,TotChol,Triglyc,BUN,AlbCreatRat_mggNew,UnitsInsBasalOrLongAct,BGTestAvgNumMeter,BGTestAvgNumPtRep,TSH,HbA1c,AutonomicNeuroCl,Pt_InsGov,NumPumpBolusOrShortAct,HbA1cImputeDtMnC,Pt_SHFlg,Pt_DKAFlg,bmi,bmiPerc,bmiZscore,GFR,diagAgeCombo,Pt_A1cGoalLev,Pt_A1cGoalLevelDsYr5
21364,0.0,0.0,0.0,0.0,0.0,0.0,0.0,115.0,75.0,7.0,33.8,136.9,0.0,9,4.0,0.798816568,0.0,106.0,269.0,0.0,11.0,1.1,0.0,7.0,7.0,0.0,8.1,0.0,1.0,0.0,0.0,0.0,0.0,18.03473661,0.8009927459999999,0.8451725467,0.0,5.0,0.0,0.0
21364,0.0,0.0,1.0,0.0,0.0,0.0,0.0,104.0,66.0,8.0,38.6,143.9,0.0,11,5.0,0.0,106.0,105.0,223.0,59.0,0.0,0.0,0.0,8.0,7.0,0.0,7.3,0.0,1.0,0.0,15.17,0.0,0.0,18.640850216,0.7199380498000001,0.5826574828,0.0,5.0,0.0,0.0
21364,0.0,0.0,0.0,0.0,0.0,0.0,0.0,110.0,71.0,9.0,43.0,149.0,0.0,12,6.0,1.0465116279,0.0,0.0,0.0,0.0,0.0,1.8,14.0,9.0,9.0,0.0,8.0,0.0,0.0,4.0,28.116,0.0,0.0,19.368496915,0.7208483059,0.5853634074,0.0,5.0,0.0,0.0
21364,0.0,0.0,0.0,0.0,0.0,0.0,0.0,120.0,79.0,8.0,48.9,155.2,0.0,13,8.0,0.81799591,140.0,89.0,238.0,47.0,0.0,1.8,17.0,8.0,0.0,1.5190000000000001,7.9,0.0,0.0,0.0,41.527,0.0,0.0,20.301373685,0.7393404145999999,0.6413132677000001,0.0,5.0,0.0,0.0
21364,0.0,0.0,0.0,0.0,0.0,0.0,0.0,110.0,71.0,8.0,55.3,160.9,0.0,14,8.0,0.9945750452,0.0,0.0,0.0,0.0,0.0,3.7,18.0,8.0,0.0,0.0,8.1,0.0,0.0,37.0,51.32,0.0,0.0,21.360580112,0.7652716634000001,0.7233633637000001,0.0,5.0,0.0,0.0
21364,0.0,0.0,0.0,0.0,0.0,0.0,0.0,112.0,73.0,8.0,64.0,168.2,0.0,15,9.0,1.046875,135.0,87.0,242.0,98.0,0.0,3.7,24.0,8.0,0.0,0.8590000000000001,7.8,0.0,0.0,0.0,63.668,0.0,0.0,22.621843369,0.8023527036,0.8500548487,0.0,5.0,0.0,0.0
21364,29.0,0.0,0.0,0.0,0.0,0.0,0.0,108.0,67.0,4.0,76.0,171.7,0.0,15,10.0,1.0131578947,135.0,87.0,0.0,98.0,0.0,3.7,38.0,4.0,3.0,0.8590000000000001,8.4,0.0,0.0,9.0,73.12899999999999,0.0,1.0,25.77941168,0.9314526464,1.4866975613,0.0,5.0,0.0,0.0
