PtID,Pt_CGMUseNumDays,Pt_FatherT1D,Pt_MotherT1D,Pt_SiblingT1D,Pt_ChildT1D,Pt_GrandchildT1D,Pt_GrandparentT1D,BldPrSys,BldPrDia,SMBGperDayPtMeterCombo,WeightKg,HeightCm,DirectLDL,age,diabDur,TotalDailyInsPerKg,LDL,HDL,TotChol,Triglyc,BUN,AlbCreatRat_mggNew,UnitsInsBasalOrLongAct,BGTestAvgNumMeter,BGTestAvgNumPtRep,TSH,HbA1c,AutonomicNeuroCl,Pt_InsGov,NumPumpBolusOrShortAct,HbA1cImputeDtMnC,Pt_SHFlg,Pt_DKAFlg,bmi,bmiPerc,bmiZscore,GFR,diagAgeCombo,Pt_A1cGoalLev,Pt_A1cGoalLevelDsYr5
21362,0.0,0.0,0.0,0.0,0.0,0.0,0.0,96.0,63.0,9.0,26.3,126.7,0.0,8,5.0,0.7224334601000001,0.0,52.0,133.0,0.0,0.0,0.0,0.0,9.0,9.0,0.0,8.6,0.0,0.0,5.0,0.0,0.0,0.0,16.383342812000002,0.6147938297,0.29183557920000003,0.0,3.0,0.0,0.0
21362,0.0,0.0,0.0,0.0,0.0,0.0,0.0,94.0,58.0,0.0,24.0,131.0,0.0,9,6.0,1.0833333333,0.0,0.0,0.0,0.0,0.0,0.0,13.0,0.0,0.0,3.18,0.0,0.0,0.0,4.0,0.0,0.0,0.0,13.985198998,0.0754203926,-1.4365679880000002,0.0,3.0,0.0,0.0
21362,0.0,0.0,0.0,0.0,0.0,0.0,0.0,100.0,63.0,9.0,33.0,138.0,0.0,10,7.0,0.7575757576000001,0.0,0.0,0.0,0.0,0.0,0.0,12.0,9.0,9.0,0.0,7.5,0.0,0.0,3.0,25.328000000000003,0.0,0.0,17.328292376,0.5806310909000001,0.2035082241,0.0,3.0,0.0,0.0
21362,0.0,0.0,0.0,0.0,0.0,0.0,0.0,100.0,62.0,9.0,0.0,0.0,0.0,11,8.0,0.0,0.0,0.0,0.0,0.0,0.0,0.0,13.0,9.0,0.0,1.61,7.1,0.0,0.0,0.0,36.714,0.0,0.0,0.0,0.0,0.0,0.0,3.0,0.0,0.0
21362,0.0,0.0,0.0,0.0,0.0,0.0,0.0,101.0,67.0,0.0,39.5,150.0,0.0,12,9.0,0.0,0.0,0.0,0.0,0.0,0.0,0.0,18.0,0.0,0.0,0.0,7.4,0.0,0.0,12.0,47.17,0.0,0.0,17.555555555999998,0.4197666336,-0.202490522,0.0,3.0,0.0,0.0
21362,0.0,0.0,0.0,0.0,0.0,0.0,0.0,106.0,64.0,0.0,44.0,154.9,0.0,13,10.0,0.0,0.0,0.0,0.0,0.0,0.0,0.0,0.0,0.0,0.0,2.17,8.2,0.0,0.0,0.0,60.88,0.0,0.0,18.33791017,0.4458831663,-0.136069508,0.0,3.0,0.0,0.0
21362,15.0,0.0,0.0,0.0,0.0,0.0,0.0,109.0,87.0,3.0,48.4,160.0,0.0,14,11.0,0.0,0.0,0.0,0.0,0.0,0.0,0.0,0.0,0.0,3.0,0.0,9.2,0.0,0.0,0.0,72.73,0.0,0.0,18.90625,0.4408153701,-0.148902282,0.0,3.0,0.0,0.0
