PtID,Pt_CGMUseNumDays,Pt_FatherT1D,Pt_MotherT1D,Pt_SiblingT1D,Pt_ChildT1D,Pt_GrandchildT1D,Pt_GrandparentT1D,BldPrSys,BldPrDia,SMBGperDayPtMeterCombo,WeightKg,HeightCm,DirectLDL,age,diabDur,TotalDailyInsPerKg,LDL,HDL,TotChol,Triglyc,BUN,AlbCreatRat_mggNew,UnitsInsBasalOrLongAct,BGTestAvgNumMeter,BGTestAvgNumPtRep,TSH,HbA1c,AutonomicNeuroCl,Pt_InsGov,NumPumpBolusOrShortAct,HbA1cImputeDtMnC,Pt_SHFlg,Pt_DKAFlg,bmi,bmiPerc,bmiZscore,GFR,diagAgeCombo,Pt_A1cGoalLev,Pt_A1cGoalLevelDsYr5
21374,0.0,0.0,0.0,0.0,0.0,0.0,0.0,110.0,70.0,2.0,61.68856232,157.48,0.0,21,9.0,0.5673661159000001,80.0,43.0,0.0,108.0,9.0,16.2,0.0,2.0,6.0,0.0,8.5,0.0,0.0,4.0,-0.266,0.0,0.0,24.874470039000002,0.0,-0.25963510300000003,0.0,12.0,0.0,0.0
21374,0.0,0.0,0.0,0.0,0.0,0.0,0.0,120.0,70.0,5.0,66.22448602,157.48,0.0,23,11.0,0.543605578,73.0,78.0,0.0,74.0,18.0,4.9,20.0,5.0,0.0,2.31,8.8,0.0,0.0,5.0,26.058000000000003,0.0,0.0,26.703475189000002,0.0,-0.013015236999999999,115.0,12.0,0.0,0.0
21374,0.0,0.0,0.0,0.0,0.0,0.0,0.0,102.0,62.0,1.0,69.39963261,157.48,0.0,26,14.0,0.4899161382,67.0,70.0,0.0,73.0,15.0,4.0,26.0,1.0,0.0,1.43,8.0,0.0,0.0,3.0,58.191,0.0,0.0,27.983778794000003,0.0,0.1596186685,0.0,12.0,0.0,0.0
21374,0.0,0.0,0.0,0.0,0.0,0.0,0.0,110.0,72.0,3.0,68.03885550000001,157.48,0.0,27,15.0,0.4262270402,72.0,61.0,151.0,88.0,13.0,11.1,23.0,3.0,0.0,1.77,7.2,0.0,0.0,3.0,70.041,0.0,0.0,27.435077249000003,0.0,0.0856327089,122.0,12.0,0.0,0.0
21374,29.0,0.0,0.0,0.0,0.0,0.0,0.0,118.0,58.0,2.0,67.58526313,157.48,0.0,27,15.0,0.44388374939999997,0.0,0.0,0.0,0.0,0.0,11.1,23.0,2.0,2.0,1.22,7.8,0.0,0.0,4.0,74.622,0.0,1.0,27.252176734000003,0.0,0.0609707224,0.0,12.0,0.0,0.0
21374,0.0,0.0,0.0,0.0,0.0,0.0,0.0,100.0,70.0,3.0,66.67807839,157.48,0.0,28,16.0,0.4319260647,96.0,53.0,161.0,61.0,16.0,0.0,22.6,3.0,0.0,1.41,8.0,0.0,0.0,3.0,80.697,0.0,0.0,26.886375704000002,0.0,0.0116467493,92.0,12.0,0.0,0.0
