PtID,Pt_CGMUseNumDays,Pt_FatherT1D,Pt_MotherT1D,Pt_SiblingT1D,Pt_ChildT1D,Pt_GrandchildT1D,Pt_GrandparentT1D,BldPrSys,BldPrDia,SMBGperDayPtMeterCombo,WeightKg,HeightCm,DirectLDL,age,diabDur,TotalDailyInsPerKg,LDL,HDL,TotChol,Triglyc,BUN,AlbCreatRat_mggNew,UnitsInsBasalOrLongAct,BGTestAvgNumMeter,BGTestAvgNumPtRep,TSH,HbA1c,AutonomicNeuroCl,Pt_InsGov,NumPumpBolusOrShortAct,HbA1cImputeDtMnC,Pt_SHFlg,Pt_DKAFlg,bmi,bmiPerc,bmiZscore,GFR,diagAgeCombo,Pt_A1cGoalLev,Pt_A1cGoalLevelDsYr5
21394,0.0,0.0,0.0,0.0,0.0,0.0,0.0,120.0,71.0,6.0,54.5,153.1,0.0,14,2.0,0.0,0.0,0.0,0.0,0.0,0.0,9.0,0.0,0.0,6.0,0.0,14.0,0.0,0.0,0.0,0.0,0.0,0.0,23.251240101999997,0.8470094340000001,1.023691245,0.0,11.0,0.0,0.0
21394,0.0,0.0,0.0,0.0,1.0,0.0,0.0,128.0,77.0,3.0,64.1,153.6,0.0,16,4.0,2.3400936037,133.0,73.0,248.0,208.0,14.0,0.0,0.0,3.0,3.0,0.0,9.8,0.0,0.0,0.0,16.266,0.0,0.0,27.169121636,0.9243300514,1.4348147374000002,0.0,11.0,7.0,0.0
21394,0.0,0.0,0.0,0.0,0.0,0.0,0.0,125.0,78.0,1.0,63.4,153.924,0.0,16,4.0,0.0,0.0,0.0,0.0,0.0,0.0,0.0,52.0,1.0,0.0,0.0,10.6,0.0,0.0,0.0,28.05,0.0,0.0,26.759412623000003,0.9159219043000001,1.3781525577,0.0,11.0,0.0,0.0
21394,0.0,0.0,0.0,0.0,0.0,0.0,0.0,124.0,69.0,5.0,67.4,153.5,0.0,17,6.0,0.0,0.0,0.0,0.0,0.0,11.0,0.0,48.0,5.0,4.0,0.0,9.4,0.0,0.0,0.0,41.295,0.0,0.0,28.605078038000002,0.9373906756,1.5332322178,0.0,11.0,0.0,0.0
21394,0.0,0.0,0.0,0.0,0.0,0.0,0.0,118.0,76.0,0.0,55.2,154.5,0.0,18,6.0,0.0,0.0,0.0,0.0,0.0,0.0,0.0,21.0,0.0,0.0,1.784,14.0,0.0,0.0,0.0,52.946000000000005,0.0,0.0,23.125019636999998,0.6980333017,0.5187524272,0.0,11.0,0.0,0.0
21394,0.0,0.0,0.0,0.0,0.0,0.0,0.0,115.0,75.0,2.0,57.7,153.8,0.0,19,7.0,0.0,0.0,0.0,0.0,0.0,0.0,0.0,10.0,2.0,0.0,0.0,11.9,0.0,0.0,0.0,61.809,0.0,0.0,24.392883535,0.7658434345999999,0.7252264303,0.0,11.0,0.0,0.0
