PtID,Pt_CGMUseNumDays,Pt_FatherT1D,Pt_MotherT1D,Pt_SiblingT1D,Pt_ChildT1D,Pt_GrandchildT1D,Pt_GrandparentT1D,BldPrSys,BldPrDia,SMBGperDayPtMeterCombo,WeightKg,HeightCm,DirectLDL,age,diabDur,TotalDailyInsPerKg,LDL,HDL,TotChol,Triglyc,BUN,AlbCreatRat_mggNew,UnitsInsBasalOrLongAct,BGTestAvgNumMeter,BGTestAvgNumPtRep,TSH,HbA1c,AutonomicNeuroCl,Pt_InsGov,NumPumpBolusOrShortAct,HbA1cImputeDtMnC,Pt_SHFlg,Pt_DKAFlg,bmi,bmiPerc,bmiZscore,GFR,diagAgeCombo,Pt_A1cGoalLev,Pt_A1cGoalLevelDsYr5
21405,0.0,1.0,0.0,0.0,0.0,0.0,0.0,116.0,68.0,5.0,36.831700444,153.162,0.0,14,11.0,0.6787631225,64.0,72.0,0.0,98.0,0.0,8.0,0.0,0.0,5.0,0.0,13.6,0.0,0.0,8.0,0.0,0.0,0.0,15.700725193,0.033251387400000006,-1.8350196719999998,0.0,3.0,0.0,0.0
21405,0.0,0.0,0.0,0.0,0.0,0.0,0.0,108.0,68.0,0.0,45.177800051999995,161.036,0.0,14,11.0,0.0,0.0,0.0,0.0,0.0,0.0,56.0,0.0,0.0,0.0,0.0,11.5,0.0,0.0,0.0,10.025,0.0,0.0,17.421242656,0.22100925100000002,-0.7687891309999999,0.0,3.0,0.0,0.0
21405,0.0,0.0,0.0,0.0,0.0,0.0,0.0,110.0,66.0,0.0,47.990072746,169.16400000000002,0.0,16,13.0,0.0,0.0,0.0,0.0,0.0,0.0,32.3,0.0,0.0,0.0,0.84,13.2,0.0,0.0,0.0,24.166,0.0,0.0,16.770094763,0.0310753363,-1.8652192909999998,0.0,3.0,0.0,0.0
21405,0.0,0.0,0.0,0.0,0.0,0.0,0.0,128.0,66.0,2.0,51.981685602,171.45,0.0,16,13.0,1.2119653156999999,0.0,0.0,0.0,0.0,0.0,11.2,26.0,2.0,2.0,0.0,15.4,0.0,0.0,2.0,33.527,0.0,0.0,17.683791237999998,0.096951631,-1.2991185090000001,0.0,3.0,0.0,0.0
21405,0.0,0.0,0.0,0.0,0.0,0.0,0.0,122.0,82.0,5.0,60.872096054,174.498,0.0,17,14.0,1.8563513880000002,0.0,0.0,0.0,0.0,0.0,34.1,26.0,5.0,6.0,0.0,12.2,0.0,0.0,5.0,43.053999999999995,0.0,0.0,19.991130262000002,0.3180609323,-0.473127996,0.0,3.0,0.0,0.0
21405,0.0,0.0,0.0,0.0,0.0,0.0,0.0,118.0,72.0,3.0,59.511318943999996,177.292,0.0,19,16.0,1.1426397735,0.0,0.0,0.0,0.0,15.0,25.7,27.0,0.0,3.0,0.0,13.6,0.0,0.0,3.0,59.685,0.0,0.0,18.933081183,0.06404513490000001,-1.5216760569999999,145.3,3.0,0.0,0.0
21405,0.0,0.0,0.0,0.0,0.0,0.0,0.0,126.0,82.0,2.0,0.0,0.0,0.0,20,17.0,0.0,94.0,56.0,0.0,139.0,0.0,26.9,22.0,2.0,3.0,1.29,14.7,0.0,0.0,2.0,76.415,0.0,0.0,0.0,0.0,0.0,0.0,3.0,0.0,0.0
