PtID,Pt_CGMUseNumDays,Pt_FatherT1D,Pt_MotherT1D,Pt_SiblingT1D,Pt_ChildT1D,Pt_GrandchildT1D,Pt_GrandparentT1D,BldPrSys,BldPrDia,SMBGperDayPtMeterCombo,WeightKg,HeightCm,DirectLDL,age,diabDur,TotalDailyInsPerKg,LDL,HDL,TotChol,Triglyc,BUN,AlbCreatRat_mggNew,UnitsInsBasalOrLongAct,BGTestAvgNumMeter,BGTestAvgNumPtRep,TSH,HbA1c,AutonomicNeuroCl,Pt_InsGov,NumPumpBolusOrShortAct,HbA1cImputeDtMnC,Pt_SHFlg,Pt_DKAFlg,bmi,bmiPerc,bmiZscore,GFR,diagAgeCombo,Pt_A1cGoalLev,Pt_A1cGoalLevelDsYr5
21413,0.0,0.0,0.0,0.0,0.0,0.0,1.0,158.0,83.0,5.0,105.46022603,157.48,0.0,58,22.0,0.0,135.0,53.0,207.0,97.0,0.0,14.2,0.0,0.0,5.0,0.0,9.6,1.0,0.0,4.0,0.0,0.0,0.0,42.524369736,0.0,1.82974439,0.0,36.0,0.0,0.0
21413,0.0,0.0,0.0,0.0,0.0,0.0,1.0,157.0,83.0,4.0,102.28507944,186.69,0.0,59,23.0,0.6648085954999999,124.0,61.0,0.0,63.0,0.0,34.0,0.0,0.0,4.0,0.0,7.5,1.0,0.0,0.0,19.983,0.0,0.0,29.347436755,0.0,0.08569242519999999,0.0,36.0,7.0,0.0
21413,0.0,0.0,0.0,0.0,0.0,0.0,0.0,143.0,70.0,0.0,97.52235955,182.88,0.0,61,25.0,0.0,114.0,62.0,0.0,62.0,25.0,27.9,0.0,0.0,0.0,0.0,7.5,1.0,0.0,0.0,29.71,0.0,0.0,29.158942828,0.0,0.0493605139,0.0,36.0,0.0,0.0
21413,0.0,0.0,0.0,0.0,0.0,0.0,0.0,137.0,77.0,5.0,0.0,0.0,0.0,62,26.0,0.0,67.0,79.0,0.0,55.0,12.0,0.0,0.0,0.0,5.0,1.4,8.0,1.0,0.0,0.0,46.905,0.0,0.0,0.0,0.0,0.0,0.0,36.0,0.0,0.0
21413,0.0,0.0,0.0,0.0,0.0,0.0,0.0,132.0,74.0,4.0,97.06876718,185.42,0.0,63,27.0,0.0,0.0,0.0,0.0,0.0,0.0,54.4,0.0,0.0,4.0,1.25,8.0,1.0,0.0,0.0,58.523,0.0,0.0,28.233606688000002,0.0,-0.12703003400000001,0.0,36.0,0.0,0.0
21413,0.0,0.0,0.0,0.0,0.0,0.0,0.0,133.0,62.0,6.0,94.34721296,187.96,0.0,63,27.0,0.0,0.0,0.0,0.0,0.0,20.0,54.4,0.0,0.0,6.0,1.19,7.8,1.0,0.0,0.0,64.763,0.0,0.0,26.705345611,0.0,-0.418352071,0.0,36.0,0.0,0.0
21413,0.0,0.0,0.0,0.0,0.0,0.0,0.0,143.0,68.0,6.0,102.05828325,185.42,0.0,64,28.0,0.0,67.0,34.0,0.0,116.0,24.0,54.4,0.0,0.0,6.0,1.45,7.7,1.0,0.0,0.0,80.066,0.0,0.0,29.684866845,0.0,0.1496138398,55.0,36.0,0.0,0.0
