PtID,Pt_CGMUseNumDays,Pt_FatherT1D,Pt_MotherT1D,Pt_SiblingT1D,Pt_ChildT1D,Pt_GrandchildT1D,Pt_GrandparentT1D,BldPrSys,BldPrDia,SMBGperDayPtMeterCombo,WeightKg,HeightCm,DirectLDL,age,diabDur,TotalDailyInsPerKg,LDL,HDL,TotChol,Triglyc,BUN,AlbCreatRat_mggNew,UnitsInsBasalOrLongAct,BGTestAvgNumMeter,BGTestAvgNumPtRep,TSH,HbA1c,AutonomicNeuroCl,Pt_InsGov,NumPumpBolusOrShortAct,HbA1cImputeDtMnC,Pt_SHFlg,Pt_DKAFlg,bmi,bmiPerc,bmiZscore,GFR,diagAgeCombo,Pt_A1cGoalLev,Pt_A1cGoalLevelDsYr5
21447,28.0,0.0,0.0,0.0,0.0,0.0,0.0,126.0,84.0,12.0,99.79032140000001,171.45,1.0,41,18.0,0.73153387,121.0,0.0,0.0,0.0,0.0,9.9,0.0,0.0,12.0,0.0,7.0,0.0,0.0,3.0,0.0,1.0,0.0,33.947941294,0.0,0.4777995747,0.0,23.0,0.0,0.0
21447,0.0,0.0,0.0,0.0,0.0,0.0,0.0,132.0,78.0,9.0,0.0,0.0,1.0,42,19.0,0.0,98.0,0.0,0.0,0.0,0.0,0.0,0.0,0.0,9.0,0.0,7.2,0.0,0.0,0.0,12.68,0.0,0.0,0.0,0.0,0.0,0.0,23.0,0.0,0.0
21447,0.0,0.0,0.0,0.0,0.0,0.0,0.0,126.0,90.0,8.0,0.0,0.0,1.0,43,20.0,0.0,91.0,0.0,0.0,0.0,0.0,17.3,42.0,8.0,8.0,1.2,7.4,0.0,0.0,0.0,28.581,0.0,0.0,0.0,0.0,0.0,0.0,23.0,0.0,0.0
21447,0.0,0.0,0.0,0.0,0.0,0.0,0.0,100.0,70.0,4.0,0.0,0.0,1.0,44,21.0,0.0,85.0,0.0,0.0,0.0,0.0,9.9,44.0,4.0,0.0,2.7,6.9,0.0,0.0,0.0,40.896,0.0,0.0,0.0,0.0,0.0,0.0,23.0,0.0,0.0
21447,0.0,0.0,0.0,0.0,0.0,0.0,0.0,122.0,88.0,5.0,106.50348848,172.72,1.0,45,22.0,1.0046619273000001,98.0,0.0,0.0,0.0,0.0,0.0,47.0,5.0,5.0,1.28,7.2,0.0,0.0,0.0,56.465,0.0,0.0,35.700851492,0.0,0.6344093244,0.0,23.0,0.0,0.0
21447,0.0,0.0,0.0,0.0,0.0,0.0,0.0,117.0,70.0,6.0,99.699602926,172.72,1.0,47,24.0,0.8625911987,74.0,0.0,0.0,0.0,0.0,0.0,45.0,6.0,6.0,1.4,7.6,0.0,0.0,0.0,72.033,0.0,0.0,33.420132699999996,0.0,0.4306437239,0.0,23.0,0.0,0.0
