PtID,Pt_CGMUseNumDays,Pt_FatherT1D,Pt_MotherT1D,Pt_SiblingT1D,Pt_ChildT1D,Pt_GrandchildT1D,Pt_GrandparentT1D,BldPrSys,BldPrDia,SMBGperDayPtMeterCombo,WeightKg,HeightCm,DirectLDL,age,diabDur,TotalDailyInsPerKg,LDL,HDL,TotChol,Triglyc,BUN,AlbCreatRat_mggNew,UnitsInsBasalOrLongAct,BGTestAvgNumMeter,BGTestAvgNumPtRep,TSH,HbA1c,AutonomicNeuroCl,Pt_InsGov,NumPumpBolusOrShortAct,HbA1cImputeDtMnC,Pt_SHFlg,Pt_DKAFlg,bmi,bmiPerc,bmiZscore,GFR,diagAgeCombo,Pt_A1cGoalLev,Pt_A1cGoalLevelDsYr5
2144,0.0,0.0,1.0,0.0,0.0,0.0,0.0,85.0,52.0,5.0,17.4,112.9,0.0,5,1.0,0.057471264400000006,16.0,41.0,143.0,81.0,16.0,0.0,0.0,0.0,5.0,0.0,7.7,0.0,0.0,0.0,0.0,0.0,0.0,13.650902489000002,0.0290200541,-1.8953948669999998,0.0,4.0,0.0,0.0
2144,0.0,0.0,0.0,1.0,0.0,0.0,0.0,100.0,62.0,7.0,22.9,124.3,1.0,7,3.0,0.6113537118,77.0,48.0,139.0,144.0,0.0,0.0,0.0,7.0,10.0,0.0,0.0,0.0,1.0,0.0,0.0,0.0,0.0,14.821536404000001,0.2980876429,-0.529908625,0.0,4.0,0.0,0.0
2144,0.0,0.0,0.0,0.0,0.0,0.0,0.0,86.0,52.0,7.0,25.2,129.9,0.0,8,4.0,0.5952380952,73.0,62.0,163.0,56.0,0.0,0.0,8.0,0.0,7.0,5.343,7.3,0.0,0.0,4.0,30.905,0.0,0.0,14.934209474000001,0.2796166317,-0.58398075,0.0,4.0,0.0,0.0
2144,0.0,0.0,0.0,0.0,0.0,0.0,0.0,104.0,64.0,10.0,28.6,136.1,1.0,9,5.0,0.6993006993,88.0,70.0,165.0,53.0,0.0,0.0,10.0,0.0,10.0,5.196000000000001,7.5,0.0,0.0,0.0,42.755,0.0,0.0,15.440088408,0.3330502708,-0.43150593,0.0,4.0,0.0,0.0
2144,0.0,0.0,0.0,0.0,0.0,0.0,0.0,88.0,56.0,10.0,31.2,140.5,0.0,10,6.0,0.6730769231,0.0,73.0,172.0,88.0,0.0,0.0,9.0,10.0,10.0,4.935,7.6,0.0,0.0,0.0,54.838,0.0,0.0,15.805270957000001,0.3253102095,-0.45290046100000003,0.0,4.0,0.0,0.0
