PtID,Pt_CGMUseNumDays,Pt_FatherT1D,Pt_MotherT1D,Pt_SiblingT1D,Pt_ChildT1D,Pt_GrandchildT1D,Pt_GrandparentT1D,BldPrSys,BldPrDia,SMBGperDayPtMeterCombo,WeightKg,HeightCm,DirectLDL,age,diabDur,TotalDailyInsPerKg,LDL,HDL,TotChol,Triglyc,BUN,AlbCreatRat_mggNew,UnitsInsBasalOrLongAct,BGTestAvgNumMeter,BGTestAvgNumPtRep,TSH,HbA1c,AutonomicNeuroCl,Pt_InsGov,NumPumpBolusOrShortAct,HbA1cImputeDtMnC,Pt_SHFlg,Pt_DKAFlg,bmi,bmiPerc,bmiZscore,GFR,diagAgeCombo,Pt_A1cGoalLev,Pt_A1cGoalLevelDsYr5
21494,7.0,0.0,0.0,0.0,0.0,0.0,0.0,110.0,67.0,4.0,43.2,153.8,0.0,12,3.0,0.7407407407,0.0,0.0,0.0,0.0,13.0,0.0,0.0,4.0,6.0,0.0,11.0,0.0,1.0,0.0,0.23199999999999998,0.0,1.0,18.26295613,0.5770651635,0.19439108100000002,0.0,9.0,0.0,0.0
21494,0.0,0.0,0.0,0.0,0.0,0.0,0.0,108.0,64.0,2.0,50.1,160.3,0.0,13,4.0,0.0,0.0,0.0,0.0,0.0,18.0,5.6,19.0,2.0,4.0,0.0,14.0,0.0,0.0,0.0,14.937999999999999,0.0,0.0,19.497129719,0.6512015793,0.3885665145,0.0,9.0,0.0,0.0
21494,0.0,0.0,0.0,0.0,0.0,0.0,0.0,0.0,0.0,4.0,53.6,163.4,0.0,14,5.0,0.0,0.0,51.0,270.0,516.0,11.0,5.6,21.0,0.0,4.0,0.93,13.6,0.0,0.0,4.0,24.432,0.0,0.0,20.075237195,0.6325417302,0.3385927572,0.0,9.0,0.0,0.0
21494,0.0,0.0,0.0,0.0,0.0,0.0,0.0,118.0,90.0,2.0,58.8,165.5,0.0,15,6.0,0.4591836735,0.0,0.0,0.0,0.0,0.0,0.0,15.0,2.0,0.0,0.0,12.9,0.0,0.0,1.0,34.423,0.0,0.0,21.467492995,0.7056050965,0.5405905876,0.0,9.0,0.0,0.0
21494,0.0,0.0,0.0,0.0,0.0,0.0,0.0,112.0,60.0,1.0,57.7,167.4,1.0,16,7.0,0.0,157.0,32.0,275.0,618.0,17.0,0.0,49.0,1.0,0.0,1.67,13.4,0.0,0.0,0.0,46.971000000000004,0.0,0.0,20.590405799000003,0.5088964721,0.022301997200000003,0.0,9.0,0.0,0.0
