PtID,Pt_CGMUseNumDays,Pt_FatherT1D,Pt_MotherT1D,Pt_SiblingT1D,Pt_ChildT1D,Pt_GrandchildT1D,Pt_GrandparentT1D,BldPrSys,BldPrDia,SMBGperDayPtMeterCombo,WeightKg,HeightCm,DirectLDL,age,diabDur,TotalDailyInsPerKg,LDL,HDL,TotChol,Triglyc,BUN,AlbCreatRat_mggNew,UnitsInsBasalOrLongAct,BGTestAvgNumMeter,BGTestAvgNumPtRep,TSH,HbA1c,AutonomicNeuroCl,Pt_InsGov,NumPumpBolusOrShortAct,HbA1cImputeDtMnC,Pt_SHFlg,Pt_DKAFlg,bmi,bmiPerc,bmiZscore,GFR,diagAgeCombo,Pt_A1cGoalLev,Pt_A1cGoalLevelDsYr5
21523,0.0,0.0,0.0,0.0,0.0,0.0,0.0,148.0,81.0,7.0,94.34721296,175.26,0.0,25,14.0,0.4875607721,85.0,65.0,158.0,42.0,0.0,0.0,0.0,0.0,7.0,0.0,8.7,0.0,0.0,4.0,-0.23199999999999998,0.0,0.0,30.715915263000003,0.0,0.8118444522,0.0,11.0,0.0,0.0
21523,0.0,0.0,0.0,0.0,0.0,0.0,0.0,134.0,87.0,8.0,97.52235955,175.26,1.0,27,15.0,0.5537191700999999,105.0,67.0,169.0,39.0,0.0,8.0,27.0,8.0,0.0,0.0,8.0,0.0,0.0,26.0,21.212,0.0,0.0,31.749623949,0.0,1.0157385096,0.0,11.0,0.0,0.0
21523,0.0,0.0,0.0,0.0,0.0,0.0,0.0,132.0,83.0,4.0,99.79032140000001,175.26,1.0,28,16.0,0.49102958399999996,88.0,48.0,154.0,62.0,0.0,8.0,27.0,4.0,0.0,0.0,8.1,0.0,0.0,21.0,33.726,0.0,0.0,32.487987297,0.0,1.161377122,0.0,11.0,0.0,0.0
21523,0.0,0.0,0.0,0.0,0.0,0.0,0.0,136.0,80.0,4.0,98.066670394,175.26,1.0,29,18.0,0.41808292090000004,111.0,62.0,164.0,45.0,0.0,0.0,28.0,4.0,0.0,0.0,8.6,0.0,0.0,13.0,52.083,0.0,0.0,31.926831153000002,0.0,1.0506917765000001,0.0,11.0,0.0,0.0
21523,0.0,0.0,0.0,0.0,0.0,0.0,0.0,139.0,76.0,4.0,93.89362059,175.26,1.0,30,19.0,0.6390210498,102.0,53.0,155.0,46.0,0.0,0.0,31.0,4.0,0.0,0.0,8.7,0.0,0.0,7.0,63.668,0.0,0.0,30.568242593,0.0,0.4447643989,0.0,11.0,0.0,0.0
