PtID,Pt_CGMUseNumDays,Pt_FatherT1D,Pt_MotherT1D,Pt_SiblingT1D,Pt_ChildT1D,Pt_GrandchildT1D,Pt_GrandparentT1D,BldPrSys,BldPrDia,SMBGperDayPtMeterCombo,WeightKg,HeightCm,DirectLDL,age,diabDur,TotalDailyInsPerKg,LDL,HDL,TotChol,Triglyc,BUN,AlbCreatRat_mggNew,UnitsInsBasalOrLongAct,BGTestAvgNumMeter,BGTestAvgNumPtRep,TSH,HbA1c,AutonomicNeuroCl,Pt_InsGov,NumPumpBolusOrShortAct,HbA1cImputeDtMnC,Pt_SHFlg,Pt_DKAFlg,bmi,bmiPerc,bmiZscore,GFR,diagAgeCombo,Pt_A1cGoalLev,Pt_A1cGoalLevelDsYr5
21537,0.0,0.0,0.0,0.0,0.0,0.0,0.0,103.0,61.0,3.0,53.1,164.6,0.0,12,0.0,0.527306968,0.0,0.0,0.0,0.0,20.0,0.0,0.0,3.0,4.0,0.0,6.1,0.0,0.0,0.0,-1.162,0.0,0.0,19.59904271,0.7445667054999999,0.6574889263,0.0,11.0,0.0,0.0
21537,0.0,0.0,0.0,0.0,0.0,0.0,0.0,127.0,68.0,0.0,71.5,179.2,0.0,14,2.0,1.2447552448,0.0,54.0,137.0,81.0,13.0,0.0,31.0,0.0,0.0,3.89,7.1,0.0,0.0,5.0,24.398000000000003,0.0,0.0,22.265375876999997,0.8295552652,0.9524092509000001,0.0,11.0,0.0,0.0
21537,0.0,0.0,0.0,0.0,0.0,0.0,0.0,144.0,69.0,4.0,77.6,181.7,0.0,15,4.0,0.9664948454000001,0.0,0.0,144.0,66.0,13.0,0.0,30.0,4.0,0.0,2.73,8.5,0.0,0.0,0.0,44.05,0.0,0.0,23.504545979,0.8543552794,1.0552971563,0.0,11.0,0.0,0.0
21537,0.0,0.0,0.0,0.0,0.0,0.0,0.0,122.0,65.0,3.0,77.5,182.5,0.0,16,5.0,1.0322580645000001,0.0,0.0,0.0,0.0,0.0,0.0,25.0,3.0,3.0,0.0,9.8,0.0,0.0,0.0,54.34,0.0,0.0,23.268905986,0.7948768905,0.8234604151,0.0,11.0,0.0,0.0
21537,0.0,0.0,0.0,0.0,0.0,0.0,0.0,127.0,75.0,3.0,80.5,183.1,0.0,17,5.0,1.1055900620999999,0.0,0.0,194.0,147.0,14.0,0.0,32.0,3.0,0.0,3.37,9.2,0.0,0.0,0.0,66.456,0.0,0.0,24.011494495999997,0.795748343,0.8265303409999999,0.0,11.0,0.0,0.0
