PtID,Pt_CGMUseNumDays,Pt_FatherT1D,Pt_MotherT1D,Pt_SiblingT1D,Pt_ChildT1D,Pt_GrandchildT1D,Pt_GrandparentT1D,BldPrSys,BldPrDia,SMBGperDayPtMeterCombo,WeightKg,HeightCm,DirectLDL,age,diabDur,TotalDailyInsPerKg,LDL,HDL,TotChol,Triglyc,BUN,AlbCreatRat_mggNew,UnitsInsBasalOrLongAct,BGTestAvgNumMeter,BGTestAvgNumPtRep,TSH,HbA1c,AutonomicNeuroCl,Pt_InsGov,NumPumpBolusOrShortAct,HbA1cImputeDtMnC,Pt_SHFlg,Pt_DKAFlg,bmi,bmiPerc,bmiZscore,GFR,diagAgeCombo,Pt_A1cGoalLev,Pt_A1cGoalLevelDsYr5
21536,0.0,0.0,0.0,0.0,0.0,0.0,0.0,106.0,74.0,1.0,59.4,155.9,0.0,13,9.0,1.2121212121,0.0,0.0,129.0,0.0,24.0,2.4,0.0,1.0,3.0,0.0,12.0,0.0,1.0,0.0,0.0,0.0,0.0,24.43960681,0.9381102438,1.539101527,0.0,4.0,0.0,0.0
21536,0.0,0.0,0.0,0.0,0.0,0.0,0.0,119.0,81.0,1.0,65.5,161.6,0.0,14,10.0,1.2977099237,0.0,0.0,159.0,0.0,0.0,4.0,0.0,1.0,2.0,0.0,14.1,0.0,1.0,0.0,13.942,0.0,0.0,25.081793452,0.9336537462000001,1.5035684974,0.0,4.0,7.5,0.0
21536,0.0,0.0,0.0,0.0,0.0,0.0,0.0,131.0,65.0,5.0,67.0,167.2,0.0,15,11.0,0.0,0.0,0.0,144.0,0.0,0.0,3.8,40.0,0.0,5.0,1.99,14.1,0.0,0.0,0.0,27.186999999999998,0.0,0.0,23.966369818,0.8756202795,1.1533678272,0.0,4.0,0.0,0.0
21536,0.0,0.0,0.0,0.0,0.0,0.0,0.0,123.0,70.0,0.0,65.8,171.6,0.0,16,12.0,0.0,0.0,0.0,178.0,0.0,0.0,5.6,40.0,0.0,0.0,1.95,14.1,0.0,0.0,0.0,39.303000000000004,0.0,0.0,22.345564304,0.7190530223999999,0.5800306406,0.0,4.0,0.0,0.0
21536,0.0,0.0,0.0,0.0,0.0,0.0,0.0,114.0,71.0,1.0,67.0,172.0,0.0,17,13.0,0.0,0.0,0.0,0.0,0.0,21.0,6.3,36.0,0.0,1.0,0.0,15.1,0.0,0.0,0.0,48.299,0.0,0.0,22.647376961,0.6776098289,0.4610254556,0.0,4.0,0.0,0.0
21536,0.0,0.0,0.0,0.0,0.0,0.0,0.0,111.0,75.0,0.0,69.7,173.2,0.0,18,13.0,0.0,110.0,36.0,171.0,124.0,0.0,6.3,36.0,0.0,0.0,1.4569999999999999,15.1,0.0,0.0,0.0,58.589,0.0,0.0,23.234696436,0.6673645042,0.4326473405,0.0,4.0,0.0,0.0
21536,0.0,0.0,0.0,0.0,0.0,0.0,0.0,113.0,78.0,0.0,63.6,173.5,0.0,18,14.0,0.0,82.0,35.0,132.0,74.0,7.0,5.7,36.0,0.0,1.0,0.846,10.0,0.0,1.0,0.0,68.116,0.0,0.0,21.127988772000002,0.39383756090000005,-0.269330814,0.0,4.0,0.0,0.0
