PtID,Pt_CGMUseNumDays,Pt_FatherT1D,Pt_MotherT1D,Pt_SiblingT1D,Pt_ChildT1D,Pt_GrandchildT1D,Pt_GrandparentT1D,BldPrSys,BldPrDia,SMBGperDayPtMeterCombo,WeightKg,HeightCm,DirectLDL,age,diabDur,TotalDailyInsPerKg,LDL,HDL,TotChol,Triglyc,BUN,AlbCreatRat_mggNew,UnitsInsBasalOrLongAct,BGTestAvgNumMeter,BGTestAvgNumPtRep,TSH,HbA1c,AutonomicNeuroCl,Pt_InsGov,NumPumpBolusOrShortAct,HbA1cImputeDtMnC,Pt_SHFlg,Pt_DKAFlg,bmi,bmiPerc,bmiZscore,GFR,diagAgeCombo,Pt_A1cGoalLev,Pt_A1cGoalLevelDsYr5
21649,0.0,0.0,0.0,0.0,0.0,0.0,0.0,110.0,68.0,3.0,69.2,148.5,0.0,8,4.0,1.7341040462000001,121.0,80.0,0.0,71.0,12.0,0.0,0.0,3.0,8.0,0.0,9.6,0.0,1.0,0.0,0.033,0.0,1.0,31.380017912,0.9969204689,2.7391907802999995,0.0,4.0,0.0,0.0
21649,0.0,0.0,0.0,0.0,0.0,0.0,1.0,128.0,68.0,4.0,78.9,153.8,0.0,9,5.0,0.39290240810000004,0.0,0.0,0.0,0.0,12.0,0.0,0.0,4.0,12.0,0.0,9.4,0.0,1.0,0.0,14.140999999999998,0.0,1.0,33.355260154,0.9961714023999999,2.6668231559,0.0,4.0,8.0,0.0
21649,0.0,0.0,0.0,0.0,0.0,0.0,0.0,115.0,79.0,3.0,89.4,159.3,0.0,11,7.0,0.0,143.0,73.0,0.0,75.0,13.0,135.4,0.0,3.0,5.0,1.82,10.6,0.0,0.0,0.0,27.419,0.0,0.0,35.229458448,0.9949537504000001,2.5726438939,0.0,4.0,0.0,0.0
21649,0.0,0.0,0.0,0.0,0.0,0.0,0.0,132.0,71.0,2.0,96.4,165.7,0.0,12,8.0,0.0,0.0,0.0,0.0,0.0,12.0,8.1,70.0,2.0,3.0,0.0,9.7,0.0,0.0,5.0,40.398,0.0,0.0,35.11009601,0.9941411676,2.5205348092,0.0,4.0,0.0,0.0
21649,0.0,0.0,0.0,0.0,0.0,0.0,0.0,124.0,80.0,3.0,96.7,172.7,0.0,12,8.0,0.0,0.0,0.0,0.0,0.0,16.0,11.7,70.0,3.0,4.0,4.0,10.3,0.0,0.0,3.0,50.29,0.0,0.0,32.422149122,0.9916691164,2.3940876385,0.0,4.0,0.0,0.0
21649,0.0,0.0,0.0,0.0,0.0,0.0,0.0,120.0,76.0,0.0,109.4,174.3,0.0,14,10.0,0.0,93.0,71.0,189.0,127.0,13.0,0.0,50.0,0.0,0.0,2.01,9.1,0.0,0.0,0.0,62.705,0.0,0.0,36.00995244,0.993897107,2.5061383241999997,0.0,4.0,0.0,0.0
21649,0.0,0.0,0.0,0.0,0.0,0.0,0.0,106.0,74.0,1.0,100.9,175.9,0.0,14,10.0,0.0,107.0,63.0,191.0,105.0,18.0,0.0,70.0,1.0,6.0,1.48,11.3,0.0,1.0,0.0,65.992,0.0,0.0,32.610652404,0.9894474588,2.3060993371,0.0,4.0,0.0,0.0
21649,0.0,0.0,0.0,0.0,0.0,0.0,0.0,132.0,72.0,1.0,106.3,177.4,0.0,15,11.0,0.0,65.0,71.0,146.0,49.0,10.0,0.0,70.0,1.0,0.0,1.87,12.2,0.0,0.0,0.0,78.639,0.0,0.0,33.777385738,0.9907105662000001,2.3538747997,0.0,4.0,0.0,0.0
