PtID,Pt_CGMUseNumDays,Pt_FatherT1D,Pt_MotherT1D,Pt_SiblingT1D,Pt_ChildT1D,Pt_GrandchildT1D,Pt_GrandparentT1D,BldPrSys,BldPrDia,SMBGperDayPtMeterCombo,WeightKg,HeightCm,DirectLDL,age,diabDur,TotalDailyInsPerKg,LDL,HDL,TotChol,Triglyc,BUN,AlbCreatRat_mggNew,UnitsInsBasalOrLongAct,BGTestAvgNumMeter,BGTestAvgNumPtRep,TSH,HbA1c,AutonomicNeuroCl,Pt_InsGov,NumPumpBolusOrShortAct,HbA1cImputeDtMnC,Pt_SHFlg,Pt_DKAFlg,bmi,bmiPerc,bmiZscore,GFR,diagAgeCombo,Pt_A1cGoalLev,Pt_A1cGoalLevelDsYr5
21642,0.0,0.0,0.0,0.0,0.0,0.0,0.0,101.0,63.0,4.0,80.73944186,173.99,0.0,43,28.0,0.4211076918,113.0,67.0,0.0,83.0,0.0,16.0,0.0,4.0,4.0,0.0,8.2,0.0,0.0,0.0,-1.693,0.0,0.0,26.670869024,0.0,-0.248609318,0.0,15.0,0.0,0.0
21642,0.0,0.0,0.0,0.0,0.0,0.0,0.0,118.0,72.0,1.0,79.37866475,172.72,0.0,44,29.0,0.5039137421000001,113.0,61.0,0.0,58.0,0.0,9.0,0.0,0.0,1.0,0.0,9.3,0.0,0.0,0.0,10.556,0.0,0.0,26.608385908000002,0.0,-0.257592955,0.0,15.0,7.0,0.0
21642,0.0,0.0,0.0,0.0,0.0,0.0,0.0,118.0,54.0,0.0,80.013694068,173.482,0.0,45,30.0,0.3999315414,78.0,66.0,0.0,44.0,0.0,5.0,15.0,0.0,0.0,0.0,8.4,0.0,0.0,4.0,25.095,0.0,0.0,26.586151838000003,0.0,-0.260789703,91.3,15.0,0.0,0.0
21642,0.0,0.0,0.0,0.0,0.0,0.0,0.0,128.0,64.0,4.0,0.0,0.0,0.0,46,31.0,0.0,94.0,69.0,0.0,72.0,0.0,5.0,22.0,4.0,4.0,0.0,7.9,0.0,0.0,0.0,37.278,0.0,0.0,0.0,0.0,0.0,0.0,15.0,0.0,0.0
21642,0.0,0.0,0.0,0.0,0.0,0.0,0.0,134.0,86.0,2.0,84.36818082,172.72,1.0,48,33.0,0.3911427232,126.0,73.0,0.0,53.0,0.0,0.0,20.0,2.0,2.0,0.0,9.1,0.0,0.0,3.0,54.573,0.0,0.0,28.280913021999996,0.0,-0.017121972,0.0,15.0,0.0,0.0
21642,0.0,0.0,0.0,0.0,0.0,0.0,0.0,122.0,68.0,1.0,82.10021897,172.72,0.0,49,34.0,0.4263082418,144.0,71.0,0.0,102.0,12.0,3.7,17.0,1.0,1.0,0.0,8.7,1.0,0.0,3.0,72.96300000000001,0.0,0.0,27.520673424,0.0,-0.126426964,99.6,15.0,0.0,0.0
21642,0.0,0.0,0.0,0.0,0.0,0.0,0.0,137.0,71.0,3.0,85.27536556,172.72,0.0,50,35.0,0.0,133.0,75.0,0.0,79.0,0.0,0.0,17.0,3.0,0.0,0.0,7.7,1.0,0.0,3.0,83.32,0.0,0.0,28.585008861,0.0,-0.015219818000000001,0.0,15.0,0.0,0.0
