PtID,Pt_CGMUseNumDays,Pt_FatherT1D,Pt_MotherT1D,Pt_SiblingT1D,Pt_ChildT1D,Pt_GrandchildT1D,Pt_GrandparentT1D,BldPrSys,BldPrDia,SMBGperDayPtMeterCombo,WeightKg,HeightCm,DirectLDL,age,diabDur,TotalDailyInsPerKg,LDL,HDL,TotChol,Triglyc,BUN,AlbCreatRat_mggNew,UnitsInsBasalOrLongAct,BGTestAvgNumMeter,BGTestAvgNumPtRep,TSH,HbA1c,AutonomicNeuroCl,Pt_InsGov,NumPumpBolusOrShortAct,HbA1cImputeDtMnC,Pt_SHFlg,Pt_DKAFlg,bmi,bmiPerc,bmiZscore,GFR,diagAgeCombo,Pt_A1cGoalLev,Pt_A1cGoalLevelDsYr5
2167,0.0,0.0,0.0,0.0,0.0,0.0,1.0,115.0,69.0,3.0,60.4,162.0,0.0,13,9.0,1.2086092715,62.0,47.0,125.0,81.0,19.0,5.6,0.0,3.0,8.0,0.0,9.1,0.0,0.0,0.0,0.0,0.0,0.0,23.014784331999998,0.870837744,1.130360118,0.0,3.0,0.0,0.0
2167,0.0,0.0,0.0,0.0,0.0,0.0,1.0,117.0,66.0,2.0,63.1,163.0,0.0,13,10.0,0.0,0.0,0.0,0.0,0.0,0.0,0.0,0.0,2.0,4.0,0.0,9.4,0.0,0.0,7.0,9.593,0.0,0.0,23.74948248,0.8971229104999999,1.2653268681,0.0,3.0,6.9,0.0
2167,0.0,0.0,0.0,0.0,0.0,0.0,0.0,126.0,85.0,3.0,70.3,162.8,0.0,14,11.0,0.8819345661,0.0,0.0,0.0,0.0,0.0,5.1,30.0,3.0,0.0,0.0,9.5,0.0,0.0,0.0,21.875999999999998,0.0,0.0,26.524458343000003,0.9401288289,1.5558559831,0.0,3.0,0.0,0.0
2167,0.0,0.0,0.0,0.0,0.0,0.0,0.0,131.0,76.0,4.0,70.2,162.8,0.0,15,12.0,0.8831908831999999,0.0,0.0,0.0,0.0,0.0,5.1,34.0,4.0,0.0,0.0,7.6,0.0,0.0,5.0,32.1,0.0,0.0,26.486727961,0.9249228088,1.4389863774,0.0,3.0,0.0,0.0
2167,0.0,0.0,0.0,0.0,0.0,0.0,0.0,115.0,65.0,1.0,68.3,163.9,0.0,16,13.0,0.7027818448,0.0,0.0,0.0,0.0,18.0,5.1,33.0,1.0,0.0,0.0,8.5,0.0,0.0,2.0,41.427,0.0,0.0,25.425107424,0.8796942121,1.1734595325,0.0,3.0,0.0,0.0
