PtID,Pt_CGMUseNumDays,Pt_FatherT1D,Pt_MotherT1D,Pt_SiblingT1D,Pt_ChildT1D,Pt_GrandchildT1D,Pt_GrandparentT1D,BldPrSys,BldPrDia,SMBGperDayPtMeterCombo,WeightKg,HeightCm,DirectLDL,age,diabDur,TotalDailyInsPerKg,LDL,HDL,TotChol,Triglyc,BUN,AlbCreatRat_mggNew,UnitsInsBasalOrLongAct,BGTestAvgNumMeter,BGTestAvgNumPtRep,TSH,HbA1c,AutonomicNeuroCl,Pt_InsGov,NumPumpBolusOrShortAct,HbA1cImputeDtMnC,Pt_SHFlg,Pt_DKAFlg,bmi,bmiPerc,bmiZscore,GFR,diagAgeCombo,Pt_A1cGoalLev,Pt_A1cGoalLevelDsYr5
21705,0.0,0.0,0.0,0.0,0.0,0.0,0.0,122.0,58.0,9.0,0.0,0.0,0.0,60,49.0,0.0,73.0,67.0,148.0,40.0,11.0,3.7,0.0,9.0,9.0,0.0,7.2,1.0,0.0,0.0,0.166,0.0,0.0,0.0,0.0,0.0,0.0,11.0,0.0,0.0
21705,0.0,0.0,0.0,0.0,0.0,0.0,0.0,138.0,70.0,6.0,0.0,0.0,0.0,62,51.0,0.0,73.0,70.0,150.0,36.0,13.0,7.1,0.0,6.0,10.0,0.0,7.0,1.0,0.0,0.0,24.432,0.0,0.0,0.0,0.0,0.0,0.0,11.0,6.4,0.0
21705,0.0,0.0,0.0,0.0,0.0,0.0,0.0,149.0,69.0,10.0,0.0,0.0,0.0,63,52.0,0.0,62.0,68.0,142.0,58.0,8.0,15.9,23.0,0.0,10.0,0.0,6.6,1.0,0.0,3.0,38.506,0.0,0.0,0.0,0.0,0.0,0.0,11.0,0.0,0.0
21705,0.0,0.0,0.0,0.0,0.0,0.0,0.0,135.0,74.0,5.0,78.01788764,177.8,0.0,64,53.0,0.6408786690999999,90.0,80.0,183.0,66.0,12.0,15.9,18.0,5.0,0.0,0.0,6.3,1.0,0.0,3.0,50.49,0.0,0.0,24.679177081,0.0,-0.804586826,0.0,11.0,0.0,0.0
21705,0.0,0.0,0.0,0.0,0.0,0.0,0.0,98.0,42.0,0.0,74.84274105,177.8,0.0,65,54.0,0.3874791275,67.0,65.0,174.0,77.0,30.0,19.0,10.0,0.0,0.0,0.0,7.0,1.0,0.0,5.0,63.967,0.0,0.0,23.674791966999997,0.0,-0.9960459429999999,0.0,11.0,0.0,0.0
21705,30.0,0.0,0.0,0.0,0.0,0.0,0.0,130.0,57.0,2.0,0.0,0.0,0.0,66,55.0,0.0,0.0,0.0,0.0,0.0,21.0,13.9,10.0,0.0,2.0,0.0,7.0,1.0,0.0,6.0,73.42699999999999,0.0,0.0,0.0,0.0,0.0,0.0,11.0,0.0,0.0
21705,0.0,0.0,0.0,0.0,0.0,0.0,0.0,122.0,60.0,0.0,0.0,0.0,0.0,67,56.0,0.0,71.0,77.0,161.0,67.0,11.0,13.9,11.0,0.0,0.0,0.0,6.9,1.0,0.0,18.0,83.884,0.0,0.0,0.0,0.0,0.0,0.0,11.0,0.0,0.0
