PtID,Pt_CGMUseNumDays,Pt_FatherT1D,Pt_MotherT1D,Pt_SiblingT1D,Pt_ChildT1D,Pt_GrandchildT1D,Pt_GrandparentT1D,BldPrSys,BldPrDia,SMBGperDayPtMeterCombo,WeightKg,HeightCm,DirectLDL,age,diabDur,TotalDailyInsPerKg,LDL,HDL,TotChol,Triglyc,BUN,AlbCreatRat_mggNew,UnitsInsBasalOrLongAct,BGTestAvgNumMeter,BGTestAvgNumPtRep,TSH,HbA1c,AutonomicNeuroCl,Pt_InsGov,NumPumpBolusOrShortAct,HbA1cImputeDtMnC,Pt_SHFlg,Pt_DKAFlg,bmi,bmiPerc,bmiZscore,GFR,diagAgeCombo,Pt_A1cGoalLev,Pt_A1cGoalLevelDsYr5
21716,30.0,0.0,0.0,1.0,1.0,0.0,0.0,118.0,58.0,7.0,70.76040972,167.64,0.0,59,53.0,0.5087590665999999,55.0,86.0,0.0,33.0,9.0,24.0,0.0,0.0,7.0,0.0,6.1,1.0,0.0,6.0,-1.859,0.0,0.0,25.178800373,0.0,-0.466053454,0.0,6.0,0.0,0.0
21716,30.0,0.0,0.0,1.0,1.0,0.0,0.0,120.0,60.0,6.0,68.220292448,165.608,0.0,60,54.0,0.5130438282,78.0,72.0,0.0,34.0,118.0,41.0,0.0,0.0,6.0,0.0,6.1,1.0,0.0,0.0,12.216,0.0,0.0,24.874304824,0.0,-0.767390949,0.0,6.0,5.8,0.0
21716,0.0,0.0,0.0,0.0,0.0,0.0,0.0,128.0,74.0,7.0,68.94604024,165.608,0.0,61,55.0,0.5801638479,60.0,65.0,134.0,44.0,15.0,14.6,0.0,0.0,7.0,0.0,6.0,1.0,0.0,0.0,26.921,0.0,0.0,25.138925088,0.0,-0.716948184,0.0,6.0,0.0,0.0
21716,0.0,0.0,0.0,0.0,0.0,0.0,0.0,120.0,60.0,7.0,67.675981604,163.83,0.0,62,56.0,0.44328873090000004,0.0,0.0,0.0,0.0,0.0,28.0,0.0,0.0,7.0,0.0,5.9,1.0,0.0,8.0,38.008,0.0,0.0,25.2143456,0.0,-0.7025712829999999,0.0,6.0,0.0,0.0
21716,0.0,0.0,0.0,0.0,0.0,0.0,0.0,128.0,60.0,6.0,65.49873822800001,163.83,0.0,63,57.0,0.0,57.0,73.0,138.0,42.0,17.0,28.0,0.0,0.0,6.0,0.0,6.0,1.0,0.0,0.0,50.622,0.0,0.0,24.403160219,0.0,-0.857202047,85.5,6.0,0.0,0.0
21716,0.0,0.0,0.0,0.0,0.0,0.0,0.0,124.0,70.0,0.0,65.77089365,163.83,0.0,64,58.0,0.0,0.0,0.0,0.0,0.0,19.0,16.0,0.0,0.0,0.0,0.76,6.3,1.0,0.0,0.0,62.739,0.0,0.0,24.504558391,0.0,-0.837873202,113.9,6.0,0.0,0.0
21716,7.0,0.0,0.0,0.0,0.0,0.0,0.0,122.0,72.0,6.0,69.036758714,165.1,0.0,65,59.0,0.0,0.0,0.0,0.0,0.0,18.0,12.6,0.0,0.0,6.0,0.0,6.1,1.0,0.0,0.0,73.56,0.0,0.0,25.327145567,0.0,-0.681068991,84.7,6.0,0.0,0.0
21716,0.0,0.0,0.0,0.0,0.0,0.0,0.0,124.0,70.0,0.0,0.0,0.0,0.0,66,60.0,0.0,66.0,56.0,0.0,52.0,0.0,39.5,0.0,0.0,0.0,0.82,6.3,1.0,0.0,0.0,85.27799999999999,0.0,0.0,0.0,0.0,0.0,0.0,6.0,0.0,0.0
