PtID,Pt_CGMUseNumDays,Pt_FatherT1D,Pt_MotherT1D,Pt_SiblingT1D,Pt_ChildT1D,Pt_GrandchildT1D,Pt_GrandparentT1D,BldPrSys,BldPrDia,SMBGperDayPtMeterCombo,WeightKg,HeightCm,DirectLDL,age,diabDur,TotalDailyInsPerKg,LDL,HDL,TotChol,Triglyc,BUN,AlbCreatRat_mggNew,UnitsInsBasalOrLongAct,BGTestAvgNumMeter,BGTestAvgNumPtRep,TSH,HbA1c,AutonomicNeuroCl,Pt_InsGov,NumPumpBolusOrShortAct,HbA1cImputeDtMnC,Pt_SHFlg,Pt_DKAFlg,bmi,bmiPerc,bmiZscore,GFR,diagAgeCombo,Pt_A1cGoalLev,Pt_A1cGoalLevelDsYr5
21715,0.0,0.0,0.0,0.0,0.0,0.0,0.0,110.0,64.0,18.0,25.6,113.5,0.0,5,4.0,0.859375,0.0,0.0,156.0,0.0,11.0,0.0,0.0,18.0,12.0,0.0,7.0,0.0,0.0,6.0,0.0,1.0,0.0,19.872304915999997,0.9929646862999999,2.4554552384,0.0,1.0,0.0,0.0
21715,0.0,0.0,0.0,0.0,0.0,0.0,0.0,114.0,61.0,12.0,29.4,121.8,0.0,6,5.0,0.6802721088,0.0,0.0,128.0,0.0,10.0,0.0,0.0,12.0,13.0,0.0,8.7,0.0,1.0,6.0,16.266,0.0,0.0,19.817677368,0.9821166167000001,2.099569062,0.0,1.0,6.5,0.0
21715,0.0,0.0,0.0,0.0,0.0,0.0,0.0,104.0,66.0,13.0,33.2,127.2,0.0,7,6.0,0.7530120481999999,0.0,0.0,131.0,0.0,0.0,13.7,9.0,13.0,0.0,2.9,7.6,0.0,0.0,8.0,29.410999999999998,0.0,0.0,20.519362367,0.9765605316,1.987392332,0.0,1.0,0.0,0.0
21715,0.0,0.0,0.0,0.0,0.0,0.0,0.0,97.0,53.0,10.0,36.2,131.9,0.0,8,7.0,0.8011049723999999,0.0,0.0,0.0,0.0,0.0,13.7,11.0,10.0,0.0,0.0,7.8,0.0,0.0,7.0,39.535,0.0,0.0,20.807455737,0.9648413785,1.8098616605000002,0.0,1.0,0.0,0.0
21715,0.0,0.0,0.0,0.0,0.0,0.0,0.0,112.0,74.0,12.0,40.2,135.8,0.0,9,8.0,0.7462686567,0.0,0.0,0.0,0.0,0.0,13.7,11.0,12.0,0.0,2.9,8.0,0.0,0.0,6.0,48.963,0.0,0.0,21.798495145,0.9625500954,1.7810773881,0.0,1.0,0.0,0.0
21715,0.0,0.0,0.0,0.0,0.0,0.0,0.0,121.0,60.0,1.0,45.3,142.2,0.0,10,9.0,0.7726269316,77.0,58.0,145.0,50.0,11.0,6.9,14.0,1.0,7.0,1.69,9.2,0.0,0.0,0.0,65.328,0.0,0.0,22.402630158,0.9548491067,1.6938079302000002,0.0,1.0,0.0,0.0
21715,0.0,0.0,0.0,0.0,0.0,0.0,0.0,114.0,76.0,10.0,50.2,148.5,0.0,11,10.0,0.8964143426000001,84.0,52.0,147.0,56.0,12.0,29.9,17.0,10.0,0.0,2.89,9.0,0.0,0.0,7.0,75.419,0.0,0.0,22.76411704,0.9428477170999999,1.5791373085,0.0,1.0,0.0,0.0
