PtID,Pt_CGMUseNumDays,Pt_FatherT1D,Pt_MotherT1D,Pt_SiblingT1D,Pt_ChildT1D,Pt_GrandchildT1D,Pt_GrandparentT1D,BldPrSys,BldPrDia,SMBGperDayPtMeterCombo,WeightKg,HeightCm,DirectLDL,age,diabDur,TotalDailyInsPerKg,LDL,HDL,TotChol,Triglyc,BUN,AlbCreatRat_mggNew,UnitsInsBasalOrLongAct,BGTestAvgNumMeter,BGTestAvgNumPtRep,TSH,HbA1c,AutonomicNeuroCl,Pt_InsGov,NumPumpBolusOrShortAct,HbA1cImputeDtMnC,Pt_SHFlg,Pt_DKAFlg,bmi,bmiPerc,bmiZscore,GFR,diagAgeCombo,Pt_A1cGoalLev,Pt_A1cGoalLevelDsYr5
21722,30.0,0.0,0.0,0.0,0.0,0.0,0.0,118.0,60.0,9.0,0.0,0.0,0.0,54,7.0,0.0,71.0,68.0,147.0,41.0,25.0,7.3,0.0,0.0,9.0,0.0,6.4,0.0,0.0,8.0,0.332,0.0,0.0,0.0,0.0,0.0,0.0,47.0,0.0,0.0
21722,30.0,0.0,0.0,0.0,0.0,0.0,0.0,110.0,60.0,5.0,0.0,0.0,0.0,56,9.0,0.0,68.0,69.0,153.0,78.0,16.0,4.3,0.0,0.0,5.0,0.0,7.7,0.0,0.0,0.0,17.56,0.0,0.0,0.0,0.0,0.0,0.0,47.0,6.5,0.0
21722,0.0,0.0,0.0,0.0,0.0,0.0,0.0,116.0,71.0,6.0,0.0,0.0,0.0,57,10.0,0.0,83.0,67.0,161.0,54.0,17.0,12.0,0.0,6.0,0.0,0.0,7.2,0.0,0.0,0.0,36.714,0.0,0.0,0.0,0.0,0.0,47.0,47.0,0.0,0.0
21722,0.0,0.0,0.0,0.0,0.0,0.0,0.0,124.0,80.0,0.0,80.28584949,172.7,0.0,58,11.0,0.4982198015,0.0,0.0,0.0,0.0,15.0,12.0,17.0,0.0,0.0,0.0,0.0,0.0,0.0,0.0,0.0,0.0,0.0,26.918715455999997,0.0,-0.234598768,0.0,47.0,0.0,0.0
21722,0.0,0.0,0.0,0.0,0.0,0.0,0.0,130.0,70.0,0.0,81.64662659999999,175.26,0.0,59,12.0,0.4164287175,85.0,69.0,165.0,54.0,23.0,22.0,17.0,0.0,0.0,0.0,7.0,0.0,0.0,10.0,61.31100000000001,0.0,0.0,26.581080516,0.0,-0.269319882,0.0,47.0,0.0,0.0
21722,30.0,0.0,0.0,0.0,0.0,0.0,0.0,124.0,70.0,4.0,0.0,0.0,0.0,60,13.0,0.0,81.0,75.0,168.0,61.0,18.0,22.0,0.0,4.0,2.0,0.0,7.1,0.0,0.0,0.0,70.407,0.0,0.0,0.0,0.0,0.0,0.0,47.0,0.0,0.0
21722,0.0,0.0,0.0,0.0,0.0,0.0,0.0,125.0,78.0,4.0,0.0,0.0,0.0,61,14.0,0.0,0.0,0.0,0.0,0.0,24.0,22.0,18.0,4.0,0.0,0.0,6.7,0.0,0.0,7.0,79.70100000000001,0.0,0.0,0.0,0.0,0.0,47.0,47.0,0.0,0.0
