PtID,Pt_CGMUseNumDays,Pt_FatherT1D,Pt_MotherT1D,Pt_SiblingT1D,Pt_ChildT1D,Pt_GrandchildT1D,Pt_GrandparentT1D,BldPrSys,BldPrDia,SMBGperDayPtMeterCombo,WeightKg,HeightCm,DirectLDL,age,diabDur,TotalDailyInsPerKg,LDL,HDL,TotChol,Triglyc,BUN,AlbCreatRat_mggNew,UnitsInsBasalOrLongAct,BGTestAvgNumMeter,BGTestAvgNumPtRep,TSH,HbA1c,AutonomicNeuroCl,Pt_InsGov,NumPumpBolusOrShortAct,HbA1cImputeDtMnC,Pt_SHFlg,Pt_DKAFlg,bmi,bmiPerc,bmiZscore,GFR,diagAgeCombo,Pt_A1cGoalLev,Pt_A1cGoalLevelDsYr5
21750,0.0,0.0,0.0,0.0,0.0,0.0,0.0,132.0,85.0,8.0,0.0,0.0,0.0,63,30.0,0.0,64.0,56.0,0.0,88.0,9.0,18.8,0.0,0.0,8.0,0.0,7.3,1.0,1.0,0.0,0.39799999999999996,0.0,0.0,0.0,0.0,0.0,0.0,33.0,0.0,0.0
21750,0.0,0.0,0.0,0.0,0.0,0.0,0.0,182.0,78.0,6.0,69.1,170.2,0.0,64,31.0,0.5499276411,89.0,51.0,0.0,61.0,10.0,9.0,0.0,6.0,8.0,0.0,7.0,1.0,1.0,0.0,18.357,0.0,0.0,23.853874821999998,0.0,-0.9619085940000001,0.0,33.0,6.0,0.0
21750,0.0,0.0,0.0,0.0,0.0,0.0,0.0,138.0,72.0,9.0,68.0,172.1,0.0,66,33.0,0.0,83.0,56.0,153.0,69.0,9.0,0.0,14.0,9.0,8.0,5.74,7.1,1.0,0.0,3.0,33.959,0.0,0.0,22.958693596,0.0,-1.132550916,90.1,33.0,0.0,0.0
21750,0.0,0.0,0.0,0.0,0.0,0.0,0.0,158.0,60.0,6.0,69.1,171.0,0.0,67,34.0,0.0,72.0,48.0,131.0,57.0,10.0,0.0,14.0,6.0,7.0,5.7,7.2,1.0,0.0,0.0,46.075,0.0,0.0,23.631202763,0.0,-1.004355057,0.0,33.0,0.0,0.0
21750,0.0,0.0,0.0,0.0,0.0,0.0,0.0,160.0,78.0,7.0,67.4,171.2,0.0,68,35.0,0.0,0.0,0.0,0.0,0.0,15.0,0.0,12.0,7.0,8.0,4.74,7.4,1.0,0.0,0.0,60.747,0.0,0.0,22.996004018,0.0,-1.125438683,0.0,33.0,0.0,0.0
21750,0.0,0.0,0.0,0.0,0.0,0.0,0.0,148.0,70.0,8.0,68.9,171.5,0.0,69,36.0,0.0,70.0,42.0,129.0,89.0,12.0,0.0,10.0,8.0,8.0,5.21,7.7,1.0,1.0,3.0,71.203,0.0,0.0,23.425613477,0.0,-1.043545148,0.0,33.0,0.0,0.0
