PtID,Pt_CGMUseNumDays,Pt_FatherT1D,Pt_MotherT1D,Pt_SiblingT1D,Pt_ChildT1D,Pt_GrandchildT1D,Pt_GrandparentT1D,BldPrSys,BldPrDia,SMBGperDayPtMeterCombo,WeightKg,HeightCm,DirectLDL,age,diabDur,TotalDailyInsPerKg,LDL,HDL,TotChol,Triglyc,BUN,AlbCreatRat_mggNew,UnitsInsBasalOrLongAct,BGTestAvgNumMeter,BGTestAvgNumPtRep,TSH,HbA1c,AutonomicNeuroCl,Pt_InsGov,NumPumpBolusOrShortAct,HbA1cImputeDtMnC,Pt_SHFlg,Pt_DKAFlg,bmi,bmiPerc,bmiZscore,GFR,diagAgeCombo,Pt_A1cGoalLev,Pt_A1cGoalLevelDsYr5
21755,0.0,0.0,0.0,0.0,0.0,0.0,0.0,100.0,74.0,4.0,57.8,153.7,0.0,31,28.0,0.7093425606,120.0,55.0,182.0,35.0,12.0,224.9,0.0,4.0,4.0,0.0,7.6,0.0,1.0,0.0,-0.498,0.0,0.0,24.466965151999997,0.0,-0.393764501,0.0,3.0,0.0,0.0
21755,0.0,0.0,0.0,0.0,0.0,0.0,0.0,122.0,78.0,3.0,51.6,152.5,0.0,33,30.0,0.8333333333,122.0,51.0,0.0,55.0,14.0,224.9,0.0,3.0,4.0,0.0,7.2,0.0,1.0,0.0,19.054000000000002,1.0,0.0,22.187583983000003,0.0,-0.65520647,0.0,3.0,7.0,0.0
21755,0.0,0.0,0.0,0.0,0.0,0.0,0.0,129.0,78.0,0.0,55.6,154.2,0.0,34,31.0,0.0,140.0,45.0,0.0,100.0,15.0,506.4,18.0,0.0,0.0,160.0,7.9,0.0,0.0,0.0,37.344,0.0,0.0,23.383313062,0.0,-0.518057945,0.0,3.0,0.0,0.0
21755,0.0,0.0,0.0,0.0,0.0,0.0,0.0,118.0,78.0,3.0,55.7,153.2,0.0,35,32.0,0.0,131.0,54.0,199.0,68.0,11.0,506.4,15.0,3.0,0.0,64.12,6.8,0.0,0.0,3.0,48.73,0.0,0.0,23.732181690999997,0.0,-0.47804318,82.0,3.0,0.0,0.0
21755,0.0,0.0,0.0,0.0,0.0,0.0,0.0,112.0,70.0,1.0,54.2,153.5,0.0,36,33.0,0.0,104.0,52.0,168.0,62.0,9.0,230.5,12.0,1.0,0.0,0.134,6.4,0.0,0.0,0.0,64.83,0.0,0.0,23.002896581999998,0.0,-0.561691206,90.1,3.0,0.0,0.0
21755,0.0,0.0,0.0,0.0,0.0,0.0,0.0,122.0,70.0,4.0,55.5,153.5,0.0,37,34.0,0.0,151.0,55.0,220.0,71.0,10.0,230.5,12.0,4.0,6.0,11.98,7.3,0.0,1.0,3.0,70.83800000000001,1.0,0.0,23.554626574,0.0,-0.49840851399999997,90.1,3.0,0.0,0.0
21755,0.0,0.0,0.0,0.0,0.0,0.0,0.0,112.0,72.0,2.0,56.0,153.5,0.0,38,35.0,0.0,0.0,0.0,0.0,0.0,14.0,161.8,10.0,2.0,5.0,48.55,7.8,0.0,0.0,0.0,85.975,0.0,0.0,23.766830416999998,0.0,-0.47406901799999995,80.0,3.0,0.0,0.0
