PtID,Pt_CGMUseNumDays,Pt_FatherT1D,Pt_MotherT1D,Pt_SiblingT1D,Pt_ChildT1D,Pt_GrandchildT1D,Pt_GrandparentT1D,BldPrSys,BldPrDia,SMBGperDayPtMeterCombo,WeightKg,HeightCm,DirectLDL,age,diabDur,TotalDailyInsPerKg,LDL,HDL,TotChol,Triglyc,BUN,AlbCreatRat_mggNew,UnitsInsBasalOrLongAct,BGTestAvgNumMeter,BGTestAvgNumPtRep,TSH,HbA1c,AutonomicNeuroCl,Pt_InsGov,NumPumpBolusOrShortAct,HbA1cImputeDtMnC,Pt_SHFlg,Pt_DKAFlg,bmi,bmiPerc,bmiZscore,GFR,diagAgeCombo,Pt_A1cGoalLev,Pt_A1cGoalLevelDsYr5
21777,0.0,0.0,0.0,0.0,0.0,0.0,0.0,142.0,71.0,5.0,89.1,181.6,0.0,46,35.0,0.1907968575,77.0,68.0,153.0,40.0,28.0,148.0,0.0,5.0,6.0,0.0,0.0,1.0,0.0,6.0,0.0,0.0,0.0,27.017553221999997,0.0,-0.141380085,0.0,11.0,0.0,0.0
21777,0.0,0.0,0.0,0.0,0.0,0.0,0.0,138.0,62.0,4.0,95.25439770000001,181.61,0.0,48,37.0,0.0,71.0,60.0,139.0,38.0,34.0,129.0,20.0,0.0,4.0,1.7,8.3,1.0,0.0,0.0,27.451999999999998,0.0,0.0,28.88055391,0.0,0.0250654469,55.0,11.0,0.0,0.0
21777,0.0,0.0,0.0,0.0,0.0,0.0,0.0,131.0,68.0,4.0,97.52235955,180.34,0.0,49,38.0,0.0,66.0,54.0,133.0,66.0,22.0,275.0,22.0,4.0,0.0,1.4,9.4,1.0,0.0,0.0,33.793,0.0,0.0,29.986105856,0.0,0.1238384553,52.0,11.0,0.0,0.0
21777,0.0,0.0,0.0,0.0,0.0,0.0,0.0,132.0,77.0,0.0,98.42954429,181.61,0.0,50,39.0,0.0,59.0,53.0,128.0,79.0,27.0,275.0,24.0,0.0,0.0,2.14,11.1,1.0,0.0,0.0,52.581,0.0,0.0,29.84323904,0.0,0.06614829629999999,35.0,11.0,0.0,0.0
