PtID,Pt_CGMUseNumDays,Pt_FatherT1D,Pt_MotherT1D,Pt_SiblingT1D,Pt_ChildT1D,Pt_GrandchildT1D,Pt_GrandparentT1D,BldPrSys,BldPrDia,SMBGperDayPtMeterCombo,WeightKg,HeightCm,DirectLDL,age,diabDur,TotalDailyInsPerKg,LDL,HDL,TotChol,Triglyc,BUN,AlbCreatRat_mggNew,UnitsInsBasalOrLongAct,BGTestAvgNumMeter,BGTestAvgNumPtRep,TSH,HbA1c,AutonomicNeuroCl,Pt_InsGov,NumPumpBolusOrShortAct,HbA1cImputeDtMnC,Pt_SHFlg,Pt_DKAFlg,bmi,bmiPerc,bmiZscore,GFR,diagAgeCombo,Pt_A1cGoalLev,Pt_A1cGoalLevelDsYr5
21781,0.0,0.0,0.0,0.0,0.0,0.0,0.0,114.0,66.0,9.0,44.5,155.8,0.0,9,3.0,0.8539325843000001,0.0,0.0,0.0,0.0,13.0,0.0,0.0,9.0,8.0,0.0,8.0,0.0,1.0,0.0,0.0,0.0,0.0,18.332643971,0.8285662570000001,0.9485147134,0.0,5.0,0.0,0.0
21781,0.0,0.0,0.0,0.0,0.0,0.0,0.0,117.0,59.0,7.0,48.7,162.4,0.0,9,4.0,0.8008213552,64.0,63.0,137.0,50.0,8.0,0.0,0.0,7.0,7.0,0.0,8.0,0.0,1.0,0.0,10.822000000000001,0.0,0.0,18.465323109,0.8395051047,0.9924259392,0.0,5.0,7.0,0.0
21781,0.0,0.0,0.0,0.0,0.0,0.0,0.0,126.0,62.0,6.0,54.1,168.2,0.0,10,5.0,0.0,49.0,69.0,125.0,35.0,14.0,7.3,20.0,6.0,0.0,2.47,7.6,0.0,0.0,0.0,21.643,0.0,0.0,19.122526973,0.8335761718000001,0.9683939570000001,0.0,5.0,0.0,0.0
21781,0.0,0.0,0.0,0.0,0.0,0.0,0.0,121.0,56.0,7.0,59.1,174.0,0.0,11,6.0,0.0,0.0,0.0,0.0,0.0,0.0,18.3,22.0,7.0,0.0,0.0,7.2,0.0,0.0,0.0,31.27,0.0,0.0,19.520412208,0.805217374,0.8604060498999999,0.0,5.0,0.0,0.0
21781,0.0,0.0,0.0,0.0,0.0,0.0,0.0,122.0,73.0,5.0,70.0,182.2,0.0,12,7.0,1.2428571429000002,67.0,63.0,143.0,66.0,12.0,25.5,29.0,5.0,0.0,1.88,7.2,0.0,0.0,0.0,42.423,0.0,0.0,21.086344363,0.8553668740000001,1.0597326335,0.0,5.0,0.0,0.0
21781,0.0,0.0,0.0,0.0,0.0,0.0,0.0,120.0,74.0,6.0,79.4,192.0,0.0,13,8.0,0.0,58.0,61.0,131.0,60.0,0.0,46.4,0.0,6.0,6.0,3.28,7.7,0.0,0.0,0.0,54.606,0.0,0.0,21.538628472,0.8341714661,0.9707815587,0.0,5.0,0.0,0.0
21781,0.0,0.0,0.0,0.0,0.0,0.0,0.0,122.0,78.0,7.0,87.0,196.0,0.0,14,9.0,0.0,64.0,45.0,126.0,86.0,10.0,29.9,39.0,7.0,9.0,1.64,7.3,0.0,1.0,0.0,67.51899999999999,0.0,0.0,22.646813828000003,0.8508865724,1.0402433519,0.0,5.0,0.0,0.0
