PtID,Pt_CGMUseNumDays,Pt_FatherT1D,Pt_MotherT1D,Pt_SiblingT1D,Pt_ChildT1D,Pt_GrandchildT1D,Pt_GrandparentT1D,BldPrSys,BldPrDia,SMBGperDayPtMeterCombo,WeightKg,HeightCm,DirectLDL,age,diabDur,TotalDailyInsPerKg,LDL,HDL,TotChol,Triglyc,BUN,AlbCreatRat_mggNew,UnitsInsBasalOrLongAct,BGTestAvgNumMeter,BGTestAvgNumPtRep,TSH,HbA1c,AutonomicNeuroCl,Pt_InsGov,NumPumpBolusOrShortAct,HbA1cImputeDtMnC,Pt_SHFlg,Pt_DKAFlg,bmi,bmiPerc,bmiZscore,GFR,diagAgeCombo,Pt_A1cGoalLev,Pt_A1cGoalLevelDsYr5
2181,0.0,0.0,0.0,0.0,0.0,0.0,0.0,125.0,65.0,4.0,71.7,180.0,0.0,17,4.0,0.7112970711,84.0,45.0,144.0,77.0,0.0,0.0,0.0,4.0,4.0,0.0,7.6,0.0,0.0,5.0,-0.23199999999999998,0.0,0.0,22.12962963,0.6196598859,0.3045876487,0.0,12.0,0.0,0.0
2181,0.0,0.0,0.0,0.0,0.0,0.0,0.0,110.0,65.0,4.0,74.9,179.7,1.0,18,5.0,1.0680907876999999,95.0,47.0,155.0,63.0,0.0,3.5,0.0,4.0,7.0,0.0,7.6,0.0,0.0,4.0,14.407,0.0,0.0,23.194534636999997,0.6631068659,0.4209572922,0.0,12.0,7.1,0.0
2181,0.0,0.0,0.0,0.0,0.0,0.0,0.0,127.0,84.0,0.0,0.0,0.0,0.0,19,6.0,0.0,0.0,0.0,0.0,0.0,10.0,7.2,30.0,0.0,0.0,2.45,7.5,0.0,0.0,0.0,23.9,0.0,0.0,0.0,0.0,0.0,92.7,12.0,0.0,0.0
2181,0.0,0.0,0.0,0.0,0.0,0.0,0.0,120.0,70.0,3.0,77.5,180.6,0.0,19,7.0,0.7870967742,0.0,0.0,0.0,0.0,0.0,8.5,28.0,3.0,0.0,0.0,8.3,0.0,0.0,5.0,34.423,0.0,0.0,23.761081861999997,0.6549247138000001,0.39865073549999996,0.0,12.0,0.0,0.0
