PtID,Pt_CGMUseNumDays,Pt_FatherT1D,Pt_MotherT1D,Pt_SiblingT1D,Pt_ChildT1D,Pt_GrandchildT1D,Pt_GrandparentT1D,BldPrSys,BldPrDia,SMBGperDayPtMeterCombo,WeightKg,HeightCm,DirectLDL,age,diabDur,TotalDailyInsPerKg,LDL,HDL,TotChol,Triglyc,BUN,AlbCreatRat_mggNew,UnitsInsBasalOrLongAct,BGTestAvgNumMeter,BGTestAvgNumPtRep,TSH,HbA1c,AutonomicNeuroCl,Pt_InsGov,NumPumpBolusOrShortAct,HbA1cImputeDtMnC,Pt_SHFlg,Pt_DKAFlg,bmi,bmiPerc,bmiZscore,GFR,diagAgeCombo,Pt_A1cGoalLev,Pt_A1cGoalLevelDsYr5
21927,0.0,0.0,0.0,0.0,0.0,0.0,1.0,102.0,70.0,3.0,38.0,149.1,0.0,13,6.0,0.9210526316,58.0,94.0,177.0,123.0,8.0,57.0,0.0,3.0,6.0,0.0,7.4,0.0,0.0,0.0,-3.884,0.0,0.0,17.093394258,0.2558493577,-0.6561949220000001,0.0,6.0,0.0,0.0
21927,0.0,0.0,0.0,0.0,0.0,0.0,1.0,115.0,73.0,6.0,50.0,152.5,0.0,14,7.0,1.14,0.0,0.0,0.0,0.0,0.0,0.0,0.0,6.0,7.0,0.0,7.4,0.0,0.0,0.0,13.311,1.0,1.0,21.499596883000002,0.7372779359999999,0.6349759079,0.0,6.0,7.0,0.0
21927,0.0,0.0,0.0,0.0,0.0,0.0,0.0,121.0,79.0,0.0,51.2,153.0,0.0,15,9.0,1.38671875,73.0,86.0,187.0,139.0,0.0,3.0,36.0,0.0,0.0,2.34,7.8,0.0,0.0,35.0,30.041,0.0,0.0,21.8719296,0.7153023738,0.568942367,0.0,6.0,0.0,0.0
21927,0.0,0.0,0.0,0.0,0.0,0.0,0.0,133.0,75.0,4.0,53.0,149.4,0.0,16,10.0,1.0,63.0,93.0,171.0,73.0,0.0,3.0,38.0,0.0,4.0,1.44,7.2,0.0,0.0,0.0,40.498000000000005,0.0,0.0,23.745136727,0.8059079454000001,0.8629151703,0.0,6.0,0.0,0.0
21927,0.0,0.0,0.0,0.0,0.0,0.0,0.0,116.0,69.0,4.0,40.1,153.0,0.0,17,10.0,0.8728179551,31.0,93.0,141.0,85.0,13.0,4.0,26.0,0.0,4.0,0.01,7.7,0.0,0.0,4.0,51.419,0.0,0.0,17.130163612,0.0459959727,-1.684982513,0.0,6.0,0.0,0.0
