PtID,Pt_CGMUseNumDays,Pt_FatherT1D,Pt_MotherT1D,Pt_SiblingT1D,Pt_ChildT1D,Pt_GrandchildT1D,Pt_GrandparentT1D,BldPrSys,BldPrDia,SMBGperDayPtMeterCombo,WeightKg,HeightCm,DirectLDL,age,diabDur,TotalDailyInsPerKg,LDL,HDL,TotChol,Triglyc,BUN,AlbCreatRat_mggNew,UnitsInsBasalOrLongAct,BGTestAvgNumMeter,BGTestAvgNumPtRep,TSH,HbA1c,AutonomicNeuroCl,Pt_InsGov,NumPumpBolusOrShortAct,HbA1cImputeDtMnC,Pt_SHFlg,Pt_DKAFlg,bmi,bmiPerc,bmiZscore,GFR,diagAgeCombo,Pt_A1cGoalLev,Pt_A1cGoalLevelDsYr5
21925,0.0,0.0,0.0,0.0,0.0,0.0,0.0,105.0,56.0,4.0,21.3,109.4,0.0,4,2.0,1.220657277,0.0,0.0,0.0,0.0,0.0,0.0,0.0,0.0,4.0,0.0,8.5,0.0,1.0,0.0,0.033,1.0,0.0,17.796924558,0.9384657104,1.5420206355000001,0.0,2.0,0.0,0.0
21925,0.0,0.0,0.0,0.0,0.0,0.0,0.0,102.0,60.0,4.0,24.8,119.4,0.0,6,4.0,0.6048387097,0.0,0.0,0.0,0.0,0.0,0.0,0.0,0.0,4.0,0.0,11.2,0.0,1.0,0.0,20.215999999999998,1.0,0.0,17.395744776,0.8782482106,1.166274255,0.0,2.0,0.0,0.0
21925,0.0,0.0,0.0,0.0,0.0,0.0,0.0,93.0,61.0,6.0,28.6,125.5,0.0,7,5.0,0.8391608392000001,0.0,0.0,0.0,0.0,0.0,0.0,11.0,6.0,0.0,0.847,10.7,0.0,0.0,13.0,31.568,0.0,0.0,18.158441929000002,0.8906858081999999,1.2301835363,0.0,2.0,0.0,0.0
21925,0.0,0.0,0.0,0.0,0.0,0.0,0.0,97.0,61.0,4.0,31.0,128.5,0.0,8,5.0,0.935483871,0.0,0.0,0.0,0.0,0.0,0.0,12.0,4.0,0.0,1.665,11.0,0.0,0.0,3.0,40.863,0.0,0.0,18.773940559,0.882030275,1.1851972929999999,0.0,2.0,0.0,0.0
21925,0.0,0.0,0.0,0.0,0.0,0.0,0.0,99.0,68.0,6.0,36.4,137.5,0.0,9,7.0,0.8516483516,0.0,0.0,0.0,0.0,0.0,0.0,0.0,0.0,6.0,1.25,8.7,0.0,0.0,3.0,58.29,0.0,0.0,19.252892562,0.8606468849,1.0832302628000001,0.0,2.0,0.0,0.0
