PtID,Pt_CGMUseNumDays,Pt_FatherT1D,Pt_MotherT1D,Pt_SiblingT1D,Pt_ChildT1D,Pt_GrandchildT1D,Pt_GrandparentT1D,BldPrSys,BldPrDia,SMBGperDayPtMeterCombo,WeightKg,HeightCm,DirectLDL,age,diabDur,TotalDailyInsPerKg,LDL,HDL,TotChol,Triglyc,BUN,AlbCreatRat_mggNew,UnitsInsBasalOrLongAct,BGTestAvgNumMeter,BGTestAvgNumPtRep,TSH,HbA1c,AutonomicNeuroCl,Pt_InsGov,NumPumpBolusOrShortAct,HbA1cImputeDtMnC,Pt_SHFlg,Pt_DKAFlg,bmi,bmiPerc,bmiZscore,GFR,diagAgeCombo,Pt_A1cGoalLev,Pt_A1cGoalLevelDsYr5
2194,0.0,0.0,0.0,0.0,0.0,0.0,0.0,120.0,71.0,6.0,86.90829809200001,175.26,1.0,31,21.0,0.5177871502,69.0,72.0,149.0,49.0,0.0,3.4,0.0,6.0,4.0,0.0,7.0,0.0,1.0,4.0,0.0,0.0,0.0,28.294083481999998,0.0,0.045200847800000006,0.0,10.0,0.0,0.0
2194,0.0,0.0,0.0,0.0,0.0,0.0,1.0,120.0,75.0,6.0,86.63614267,175.26,0.0,32,22.0,0.5771263408,54.0,69.0,142.0,94.0,0.0,2.0,0.0,0.0,6.0,0.0,7.0,0.0,1.0,28.0,12.78,0.0,0.0,28.205479881,0.0,0.0350381333,0.0,10.0,6.0,0.0
2194,0.0,0.0,0.0,0.0,0.0,0.0,0.0,134.0,75.0,4.0,94.34721296,175.26,1.0,34,24.0,0.6359488332,79.0,68.0,146.0,55.0,0.0,0.0,23.0,4.0,4.0,0.0,6.7,0.0,0.0,35.0,32.498000000000005,0.0,0.0,30.715915263000003,0.0,0.3229817107,0.0,10.0,0.0,0.0
2194,0.0,0.0,0.0,0.0,0.0,0.0,0.0,125.0,82.0,4.0,95.70799007,175.26,1.0,35,25.0,1.0448448445,86.0,78.0,179.0,90.0,0.0,0.0,23.0,4.0,0.0,0.0,7.5,0.0,0.0,33.0,45.544,0.0,0.0,31.158933271,0.0,0.3737952832,0.0,10.0,0.0,0.0
2194,0.0,0.0,0.0,0.0,0.0,0.0,0.0,116.0,67.0,5.0,80.73944186,175.26,1.0,36,26.0,0.4706497732,70.0,63.0,147.0,98.0,0.0,0.0,2.0,5.0,0.0,0.0,7.5,0.0,0.0,12.0,59.053999999999995,0.0,0.0,26.285735177,0.0,-0.18515401399999998,0.0,10.0,0.0,0.0
2194,0.0,0.0,0.0,0.0,0.0,0.0,0.0,144.0,84.0,9.0,92.53284348,175.26,0.0,37,27.0,1.0806973637000001,75.0,76.0,163.0,62.0,0.0,0.0,2.0,9.0,0.0,0.0,7.1,0.0,0.0,12.0,74.855,0.0,0.0,30.125224584,0.0,0.2552302808,0.0,10.0,0.0,0.0
