PtID,Pt_CGMUseNumDays,Pt_FatherT1D,Pt_MotherT1D,Pt_SiblingT1D,Pt_ChildT1D,Pt_GrandchildT1D,Pt_GrandparentT1D,BldPrSys,BldPrDia,SMBGperDayPtMeterCombo,WeightKg,HeightCm,DirectLDL,age,diabDur,TotalDailyInsPerKg,LDL,HDL,TotChol,Triglyc,BUN,AlbCreatRat_mggNew,UnitsInsBasalOrLongAct,BGTestAvgNumMeter,BGTestAvgNumPtRep,TSH,HbA1c,AutonomicNeuroCl,Pt_InsGov,NumPumpBolusOrShortAct,HbA1cImputeDtMnC,Pt_SHFlg,Pt_DKAFlg,bmi,bmiPerc,bmiZscore,GFR,diagAgeCombo,Pt_A1cGoalLev,Pt_A1cGoalLevelDsYr5
21958,0.0,0.0,0.0,0.0,0.0,0.0,0.0,102.0,65.0,4.0,45.1,138.5,0.0,8,3.0,0.22172949,163.0,62.0,245.0,101.0,0.0,3.0,0.0,0.0,4.0,0.0,11.8,0.0,1.0,0.0,-4.88,0.0,1.0,23.511319058,0.9868108518,2.2205965991,0.0,5.0,0.0,0.0
21958,0.0,0.0,0.0,0.0,0.0,0.0,0.0,107.0,52.0,5.0,63.5,153.5,0.0,10,5.0,3.2125984252,200.0,51.0,272.0,107.0,0.0,5.0,0.0,0.0,5.0,0.0,11.6,0.0,1.0,0.0,23.469,0.0,1.0,26.949888062,0.9868415022,2.2215017618,0.0,5.0,8.0,0.0
21958,0.0,0.0,0.0,0.0,0.0,0.0,0.0,108.0,60.0,5.0,78.7,159.5,1.0,11,6.0,1.3977128335,195.0,42.0,234.0,78.0,0.0,5.0,55.0,5.0,0.0,0.0,9.8,0.0,0.0,0.0,38.639,0.0,0.0,30.935230589,0.9914240687,2.3834360838,0.0,5.0,0.0,0.0
21958,0.0,0.0,0.0,0.0,0.0,0.0,0.0,126.0,69.0,7.0,84.3,165.4,0.0,12,7.0,1.4116251483000002,144.0,46.0,205.0,76.0,0.0,5.0,56.0,7.0,0.0,2.25,9.8,0.0,0.0,0.0,49.261,0.0,0.0,30.814602101,0.9892597241,2.2994296878,0.0,5.0,0.0,0.0
21958,0.0,0.0,0.0,0.0,0.0,0.0,0.0,131.0,58.0,5.0,103.5,169.6,0.0,14,8.0,1.7487922705,138.0,32.0,183.0,67.0,0.0,62.5,81.0,5.0,5.0,2.1,10.3,0.0,0.0,0.0,68.34899999999999,0.0,0.0,35.982277945999996,0.9938731253,2.5047513795,0.0,5.0,0.0,0.0
21958,0.0,0.0,0.0,0.0,0.0,0.0,0.0,133.0,83.0,5.0,107.2,171.1,0.0,15,9.0,1.875,0.0,0.0,0.0,0.0,0.0,90.1,94.0,5.0,3.0,0.0,10.6,0.0,0.0,0.0,76.747,0.0,0.0,36.618012305,0.9942931287000001,2.529769669,0.0,5.0,0.0,0.0
