PtID,Pt_CGMUseNumDays,Pt_FatherT1D,Pt_MotherT1D,Pt_SiblingT1D,Pt_ChildT1D,Pt_GrandchildT1D,Pt_GrandparentT1D,BldPrSys,BldPrDia,SMBGperDayPtMeterCombo,WeightKg,HeightCm,DirectLDL,age,diabDur,TotalDailyInsPerKg,LDL,HDL,TotChol,Triglyc,BUN,AlbCreatRat_mggNew,UnitsInsBasalOrLongAct,BGTestAvgNumMeter,BGTestAvgNumPtRep,TSH,HbA1c,AutonomicNeuroCl,Pt_InsGov,NumPumpBolusOrShortAct,HbA1cImputeDtMnC,Pt_SHFlg,Pt_DKAFlg,bmi,bmiPerc,bmiZscore,GFR,diagAgeCombo,Pt_A1cGoalLev,Pt_A1cGoalLevelDsYr5
21953,0.0,0.0,0.0,0.0,0.0,0.0,0.0,103.0,61.0,5.0,17.3,110.4,0.0,5,0.0,0.3468208092,0.0,0.0,0.0,0.0,0.0,0.0,0.0,0.0,5.0,0.0,10.2,0.0,0.0,0.0,-1.3940000000000001,0.0,0.0,14.19410313,0.1919330435,-0.870795016,0.0,5.0,0.0,0.0
21953,0.0,0.0,0.0,0.0,0.0,0.0,0.0,99.0,56.0,5.0,19.5,116.4,0.0,7,1.0,0.7179487179,0.0,0.0,212.0,0.0,0.0,17.0,0.0,0.0,5.0,0.0,7.9,0.0,0.0,0.0,11.12,0.0,0.0,14.392248555999998,0.228055048,-0.7452673809999999,0.0,5.0,8.0,0.0
21953,0.0,0.0,0.0,0.0,0.0,0.0,0.0,99.0,60.0,5.0,21.6,121.3,0.0,7,2.0,0.7407407407,112.0,77.0,214.0,125.0,0.0,12.0,6.0,5.0,0.0,1.66,8.2,0.0,0.0,4.0,23.967,0.0,0.0,14.680205985,0.3016967195,-0.519526786,0.0,5.0,0.0,0.0
21953,0.0,0.0,0.0,0.0,0.0,0.0,0.0,92.0,59.0,5.0,23.7,126.5,0.0,8,2.0,0.8860759494,118.0,75.0,216.0,115.0,0.0,14.0,9.0,0.0,5.0,2.23,7.6,0.0,0.0,4.0,33.195,0.0,0.0,14.810417285,0.2708661457,-0.610195529,0.0,5.0,0.0,0.0
21953,0.0,0.0,0.0,0.0,0.0,0.0,0.0,94.0,54.0,5.0,26.4,131.5,0.0,9,3.0,0.6818181818000001,0.0,0.0,0.0,0.0,0.0,0.0,7.0,0.0,5.0,0.0,7.5,0.0,0.0,0.0,45.07899999999999,0.0,0.0,15.26695485,0.2923945831,-0.546402683,0.0,5.0,0.0,0.0
21953,0.0,0.0,0.0,0.0,0.0,0.0,0.0,118.0,69.0,0.0,35.7,141.9,0.0,11,5.0,0.0,122.0,81.0,216.0,66.0,0.0,7.6,0.0,0.0,0.0,1.6,7.2,0.0,0.0,7.0,68.05,0.0,0.0,17.729783205,0.5444348271,0.1116128967,0.0,5.0,0.0,0.0
