PtID,Pt_CGMUseNumDays,Pt_FatherT1D,Pt_MotherT1D,Pt_SiblingT1D,Pt_ChildT1D,Pt_GrandchildT1D,Pt_GrandparentT1D,BldPrSys,BldPrDia,SMBGperDayPtMeterCombo,WeightKg,HeightCm,DirectLDL,age,diabDur,TotalDailyInsPerKg,LDL,HDL,TotChol,Triglyc,BUN,AlbCreatRat_mggNew,UnitsInsBasalOrLongAct,BGTestAvgNumMeter,BGTestAvgNumPtRep,TSH,HbA1c,AutonomicNeuroCl,Pt_InsGov,NumPumpBolusOrShortAct,HbA1cImputeDtMnC,Pt_SHFlg,Pt_DKAFlg,bmi,bmiPerc,bmiZscore,GFR,diagAgeCombo,Pt_A1cGoalLev,Pt_A1cGoalLevelDsYr5
22024,0.0,0.0,0.0,0.0,0.0,0.0,0.0,125.0,73.0,4.0,66.4,158.6,0.0,11,6.0,0.406626506,55.0,59.0,0.0,55.0,18.0,19.7,0.0,0.0,4.0,0.0,9.6,0.0,1.0,0.0,-1.162,0.0,0.0,26.397434041999997,0.9796595892000001,2.0467684831,0.0,5.0,0.0,0.0
22024,0.0,0.0,0.0,0.0,0.0,0.0,0.0,129.0,72.0,3.0,79.7,165.5,0.0,13,7.0,0.0501882058,43.0,73.0,0.0,41.0,0.0,8.3,0.0,3.0,5.0,0.0,9.9,0.0,1.0,0.0,14.870999999999999,0.0,0.0,29.097945436999996,0.9818383354000001,2.0932893903,0.0,5.0,7.0,0.0
22024,0.0,0.0,0.0,0.0,0.0,0.0,0.0,133.0,81.0,2.0,84.0,169.5,0.0,14,9.0,0.0,0.0,0.0,0.0,0.0,6.0,7.6,40.0,2.0,0.0,0.0,8.8,0.0,0.0,0.0,29.278000000000002,0.0,0.0,29.237476179,0.9787228615000001,2.0280585079,0.0,5.0,0.0,0.0
22024,0.0,0.0,0.0,0.0,0.0,0.0,0.0,120.0,85.0,1.0,95.4,175.1,0.0,15,9.0,0.0,0.0,69.0,130.0,0.0,0.0,7.6,45.0,1.0,0.0,0.69,10.4,0.0,0.0,0.0,39.27,0.0,0.0,31.115449734000002,0.9838664928,2.141087104,0.0,5.0,0.0,0.0
22024,0.0,0.0,0.0,0.0,0.0,0.0,0.0,125.0,82.0,2.0,111.0,180.6,0.0,16,11.0,0.8288288288,0.0,0.0,0.0,0.0,0.0,7.6,37.0,2.0,0.0,0.0,10.9,0.0,0.0,2.0,52.747,0.0,0.0,34.032001118000004,0.9905630062,2.3480105341,0.0,5.0,0.0,0.0
22024,0.0,0.0,0.0,0.0,0.0,0.0,0.0,120.0,79.0,1.0,110.0,184.0,0.0,17,12.0,1.0545454545,0.0,0.0,0.0,0.0,0.0,7.6,61.0,1.0,0.0,0.0,9.6,0.0,0.0,2.0,67.851,0.0,0.0,32.490548204,0.9851395208,2.1737893551,0.0,5.0,0.0,0.0
