PtID,Pt_CGMUseNumDays,Pt_FatherT1D,Pt_MotherT1D,Pt_SiblingT1D,Pt_ChildT1D,Pt_GrandchildT1D,Pt_GrandparentT1D,BldPrSys,BldPrDia,SMBGperDayPtMeterCombo,WeightKg,HeightCm,DirectLDL,age,diabDur,TotalDailyInsPerKg,LDL,HDL,TotChol,Triglyc,BUN,AlbCreatRat_mggNew,UnitsInsBasalOrLongAct,BGTestAvgNumMeter,BGTestAvgNumPtRep,TSH,HbA1c,AutonomicNeuroCl,Pt_InsGov,NumPumpBolusOrShortAct,HbA1cImputeDtMnC,Pt_SHFlg,Pt_DKAFlg,bmi,bmiPerc,bmiZscore,GFR,diagAgeCombo,Pt_A1cGoalLev,Pt_A1cGoalLevelDsYr5
22026,0.0,0.0,0.0,0.0,0.0,0.0,0.0,0.0,0.0,6.0,80.73944186,182.88,1.0,44,26.0,0.4211076918,75.0,73.0,0.0,35.0,14.0,8.0,0.0,6.0,6.0,0.0,7.5,0.0,0.0,4.0,-0.332,0.0,0.0,24.140892202,0.0,-0.612361874,0.0,18.0,0.0,0.0
22026,0.0,0.0,0.0,0.0,0.0,0.0,0.0,120.0,80.0,5.0,79.83225712,182.88,0.0,46,28.0,0.43841927140000003,0.0,0.0,0.0,0.0,0.0,0.0,0.0,5.0,7.0,0.0,7.7,0.0,0.0,3.0,23.967,0.0,0.0,23.869646221999997,0.0,-0.651360815,0.0,18.0,7.0,0.0
22026,0.0,0.0,0.0,0.0,0.0,0.0,0.0,120.0,80.0,5.0,79.37866475,182.88,0.0,47,29.0,0.42832668079999997,0.0,0.0,0.0,0.0,0.0,7.0,18.0,5.0,0.0,0.0,0.0,0.0,0.0,16.0,0.0,0.0,0.0,23.734023232,0.0,-0.670860286,0.0,18.0,0.0,0.0
22026,0.0,0.0,0.0,0.0,0.0,0.0,0.0,120.0,80.0,0.0,79.560101698,182.88,0.0,48,30.0,0.0,0.0,0.0,0.0,0.0,0.0,7.0,0.0,0.0,0.0,0.0,7.1,0.0,0.0,0.0,50.656000000000006,0.0,0.0,23.788272428000003,0.0,-0.663060498,0.0,18.0,0.0,0.0
22026,0.0,0.0,0.0,0.0,0.0,0.0,0.0,120.0,80.0,0.0,76.20351816,182.0,1.0,49,31.0,0.0,95.0,66.0,173.0,43.0,19.0,7.0,0.0,0.0,0.0,1.86,7.4,0.0,0.0,0.0,64.133,0.0,0.0,23.005530178,0.0,-0.775600855,0.0,18.0,0.0,0.0
22026,30.0,0.0,0.0,0.0,0.0,0.0,0.0,120.0,80.0,2.0,78.0,183.0,0.0,50,32.0,0.0,0.0,0.0,0.0,0.0,0.0,7.0,0.0,0.0,2.0,0.0,7.4,0.0,0.0,0.0,75.286,0.0,0.0,23.291229956,0.0,-0.715885558,0.0,18.0,0.0,0.0
