PtID,Pt_CGMUseNumDays,Pt_FatherT1D,Pt_MotherT1D,Pt_SiblingT1D,Pt_ChildT1D,Pt_GrandchildT1D,Pt_GrandparentT1D,BldPrSys,BldPrDia,SMBGperDayPtMeterCombo,WeightKg,HeightCm,DirectLDL,age,diabDur,TotalDailyInsPerKg,LDL,HDL,TotChol,Triglyc,BUN,AlbCreatRat_mggNew,UnitsInsBasalOrLongAct,BGTestAvgNumMeter,BGTestAvgNumPtRep,TSH,HbA1c,AutonomicNeuroCl,Pt_InsGov,NumPumpBolusOrShortAct,HbA1cImputeDtMnC,Pt_SHFlg,Pt_DKAFlg,bmi,bmiPerc,bmiZscore,GFR,diagAgeCombo,Pt_A1cGoalLev,Pt_A1cGoalLevelDsYr5
22033,0.0,0.0,0.0,0.0,0.0,0.0,0.0,122.0,68.0,6.0,66.7,150.0,0.0,10,1.0,1.1094452773999999,62.0,50.0,0.0,107.0,6.0,0.0,0.0,6.0,8.0,0.0,7.1,0.0,0.0,0.0,0.033,0.0,0.0,29.644444444,0.9919038326999999,2.4045512728,0.0,9.0,0.0,0.0
22033,0.0,0.0,0.0,0.0,0.0,0.0,0.0,107.0,64.0,9.0,81.0,155.4,0.0,12,2.0,0.987654321,50.0,51.0,0.0,113.0,17.0,0.0,0.0,9.0,7.0,0.0,7.0,0.0,0.0,11.0,16.199,0.0,0.0,33.541539333,0.9928771583,2.4510078794,0.0,9.0,6.0,0.0
22033,0.0,0.0,0.0,0.0,0.0,0.0,0.0,118.0,84.0,7.0,90.6,161.5,0.0,13,3.0,2.4282560706,39.0,55.0,0.0,221.0,17.0,17.5,35.0,7.0,9.0,2.67,7.1,0.0,0.0,9.0,29.544,0.0,0.0,34.736267002,0.9931806476999999,2.4666409325,0.0,9.0,0.0,0.0
22033,0.0,0.0,0.0,0.0,0.0,0.0,0.0,137.0,74.0,7.0,98.0,166.5,0.0,13,4.0,0.9897959184,0.0,0.0,0.0,0.0,0.0,17.5,36.0,7.0,0.0,0.0,7.7,0.0,0.0,8.0,39.004,0.0,0.0,35.350665981,0.9937177914,2.495882618,0.0,9.0,0.0,0.0
22033,0.0,0.0,0.0,0.0,0.0,0.0,0.0,120.0,84.0,5.0,104.3,173.2,0.0,14,5.0,0.6807286673,49.0,45.0,113.0,196.0,9.0,17.5,38.0,5.0,8.0,0.9790000000000001,8.3,0.0,0.0,5.0,50.95399999999999,0.0,0.0,34.768706431,0.9926639381,2.4403725078,0.0,9.0,0.0,0.0
22033,0.0,0.0,0.0,0.0,0.0,0.0,0.0,110.0,60.0,5.0,107.5,178.0,0.0,15,6.0,0.8837209302,0.0,0.0,0.0,0.0,0.0,46.8,40.0,5.0,5.0,0.0,9.0,0.0,0.0,5.0,60.216,0.0,0.0,33.928796869,0.9909711143000001,2.3644313984,0.0,9.0,0.0,0.0
22033,0.0,0.0,0.0,0.0,0.0,0.0,0.0,116.0,84.0,4.0,112.6,180.3,0.0,16,6.0,0.7992895204000001,0.0,0.0,0.0,0.0,0.0,46.8,44.0,4.0,5.0,0.0,9.2,0.0,0.0,3.0,67.22,0.0,0.0,34.637531765,0.9916661409,2.393956658,0.0,9.0,0.0,0.0
22033,0.0,0.0,0.0,0.0,0.0,0.0,0.0,126.0,72.0,5.0,88.8,182.2,0.0,17,8.0,0.545045045,73.0,58.0,142.0,53.0,0.0,16.8,30.8,5.0,5.0,2.25,9.1,0.0,0.0,2.0,84.116,0.0,0.0,26.749533991999996,0.9193722904,1.4008617488,0.0,9.0,0.0,0.0
