PtID,Pt_CGMUseNumDays,Pt_FatherT1D,Pt_MotherT1D,Pt_SiblingT1D,Pt_ChildT1D,Pt_GrandchildT1D,Pt_GrandparentT1D,BldPrSys,BldPrDia,SMBGperDayPtMeterCombo,WeightKg,HeightCm,DirectLDL,age,diabDur,TotalDailyInsPerKg,LDL,HDL,TotChol,Triglyc,BUN,AlbCreatRat_mggNew,UnitsInsBasalOrLongAct,BGTestAvgNumMeter,BGTestAvgNumPtRep,TSH,HbA1c,AutonomicNeuroCl,Pt_InsGov,NumPumpBolusOrShortAct,HbA1cImputeDtMnC,Pt_SHFlg,Pt_DKAFlg,bmi,bmiPerc,bmiZscore,GFR,diagAgeCombo,Pt_A1cGoalLev,Pt_A1cGoalLevelDsYr5
2203,0.0,0.0,0.0,0.0,0.0,0.0,0.0,110.0,59.0,5.0,37.5,153.7,0.0,12,0.0,0.32,0.0,0.0,0.0,0.0,11.0,0.0,0.0,0.0,5.0,0.0,9.7,0.0,0.0,0.0,0.0,0.0,0.0,15.873896076,0.1589374747,-0.998834337,0.0,11.0,0.0,0.0
2203,0.0,0.0,0.0,0.0,0.0,0.0,0.0,111.0,74.0,7.0,42.9,159.7,0.0,13,1.0,2.3543123543,0.0,0.0,0.0,0.0,0.0,0.0,0.0,0.0,7.0,0.0,8.4,0.0,0.0,0.0,9.759,0.0,0.0,16.820831482,0.216068985,-0.7855383920000001,0.0,11.0,7.5,0.0
2203,0.0,0.0,0.0,0.0,0.0,0.0,0.0,122.0,60.0,0.0,50.0,168.8,0.0,14,2.0,0.0,0.0,0.0,0.0,0.0,0.0,8.0,25.0,0.0,0.0,0.0,9.4,0.0,0.0,0.0,22.307,0.0,0.0,17.547898744,0.2408441098,-0.703589873,0.0,11.0,0.0,0.0
2203,0.0,0.0,0.0,0.0,0.0,0.0,0.0,124.0,74.0,0.0,53.0,172.6,0.0,15,3.0,0.0,107.0,73.0,0.0,70.0,0.0,8.0,33.0,0.0,0.0,2.03,10.1,0.0,0.0,0.0,34.49,0.0,0.0,17.790751225999998,0.20079298059999998,-0.8387921420000001,0.0,11.0,0.0,0.0
2203,0.0,0.0,0.0,0.0,0.0,0.0,0.0,125.0,66.0,2.0,62.9,174.4,0.0,17,5.0,0.0,0.0,0.0,0.0,0.0,0.0,8.0,35.0,2.0,0.0,0.0,10.0,0.0,0.0,3.0,56.1,0.0,0.0,20.68034046,0.4726931825,-0.06850157700000001,0.0,11.0,0.0,0.0
2203,7.0,0.0,0.0,0.0,0.0,0.0,0.0,129.0,78.0,6.0,63.3,175.1,0.0,17,5.0,0.0,99.0,60.0,183.0,120.0,10.0,8.0,32.0,6.0,4.0,2.75,10.1,0.0,0.0,0.0,62.739,0.0,0.0,20.64578583,0.46808153840000005,-0.080093268,0.0,11.0,0.0,0.0
