PtID,Pt_CGMUseNumDays,Pt_FatherT1D,Pt_MotherT1D,Pt_SiblingT1D,Pt_ChildT1D,Pt_GrandchildT1D,Pt_GrandparentT1D,BldPrSys,BldPrDia,SMBGperDayPtMeterCombo,WeightKg,HeightCm,DirectLDL,age,diabDur,TotalDailyInsPerKg,LDL,HDL,TotChol,Triglyc,BUN,AlbCreatRat_mggNew,UnitsInsBasalOrLongAct,BGTestAvgNumMeter,BGTestAvgNumPtRep,TSH,HbA1c,AutonomicNeuroCl,Pt_InsGov,NumPumpBolusOrShortAct,HbA1cImputeDtMnC,Pt_SHFlg,Pt_DKAFlg,bmi,bmiPerc,bmiZscore,GFR,diagAgeCombo,Pt_A1cGoalLev,Pt_A1cGoalLevelDsYr5
22041,0.0,0.0,0.0,0.0,0.0,0.0,0.0,120.0,73.0,6.0,64.5,161.6,0.0,15,6.0,0.43410852710000003,97.0,73.0,0.0,236.0,12.0,91.0,0.0,0.0,6.0,0.0,7.9,0.0,0.0,0.0,-0.299,0.0,0.0,24.698865307,0.8769340494,1.1597959311,0.0,8.0,0.0,0.0
22041,0.0,0.0,0.0,0.0,0.0,0.0,0.0,117.0,67.0,5.0,66.2,163.6,0.0,16,8.0,0.4229607251,98.0,73.0,0.0,104.0,14.0,972.0,0.0,0.0,5.0,0.0,8.3,0.0,0.0,0.0,14.905,0.0,0.0,24.733831099,0.8539695656,1.0536113978,0.0,8.0,7.0,0.0
22041,0.0,0.0,0.0,0.0,0.0,0.0,0.0,108.0,73.0,6.0,70.5,163.0,0.0,17,9.0,0.8794326241,98.0,73.0,0.0,104.0,14.0,0.0,31.0,0.0,6.0,0.0,8.2,0.0,0.0,0.0,25.991999999999997,0.0,0.0,26.534683278000003,0.8956732463,1.2572765637999999,0.0,8.0,0.0,0.0
22041,0.0,0.0,0.0,0.0,0.0,0.0,0.0,104.0,48.0,6.0,71.1,163.8,0.0,18,10.0,0.7594936709000001,82.0,65.0,0.0,99.0,13.0,0.0,28.0,0.0,6.0,4.48,8.2,0.0,0.0,0.0,43.187,0.0,0.0,26.499751774,0.8796659425,1.1733184781000001,0.0,8.0,0.0,0.0
22041,0.0,0.0,0.0,0.0,0.0,0.0,0.0,117.0,61.0,6.0,76.3,163.8,0.0,19,11.0,0.7339449540999999,0.0,0.0,0.0,0.0,0.0,0.0,28.0,0.0,6.0,0.0,7.5,0.0,0.0,0.0,54.306999999999995,0.0,0.0,28.437848951,0.9149417107,1.3718293166,0.0,8.0,0.0,0.0
22041,0.0,0.0,0.0,0.0,0.0,0.0,0.0,126.0,73.0,7.0,74.8,163.2,0.0,20,12.0,0.7887700535,98.0,68.0,0.0,124.0,9.0,0.0,30.0,7.0,7.0,2.23,7.9,0.0,0.0,0.0,63.402,0.0,0.0,28.084150327,0.8970482294,0.17315259100000002,0.0,8.0,0.0,0.0
22041,0.0,0.0,0.0,0.0,0.0,0.0,0.0,127.0,71.0,6.0,76.2,163.3,0.0,21,13.0,0.8254593176,88.0,72.0,0.0,111.0,8.0,0.0,30.5,0.0,6.0,2.59,7.4,0.0,0.0,0.0,75.51899999999999,0.0,0.0,28.574760685999998,0.0,0.2393056364,127.0,8.0,0.0,0.0
