PtID,Pt_CGMUseNumDays,Pt_FatherT1D,Pt_MotherT1D,Pt_SiblingT1D,Pt_ChildT1D,Pt_GrandchildT1D,Pt_GrandparentT1D,BldPrSys,BldPrDia,SMBGperDayPtMeterCombo,WeightKg,HeightCm,DirectLDL,age,diabDur,TotalDailyInsPerKg,LDL,HDL,TotChol,Triglyc,BUN,AlbCreatRat_mggNew,UnitsInsBasalOrLongAct,BGTestAvgNumMeter,BGTestAvgNumPtRep,TSH,HbA1c,AutonomicNeuroCl,Pt_InsGov,NumPumpBolusOrShortAct,HbA1cImputeDtMnC,Pt_SHFlg,Pt_DKAFlg,bmi,bmiPerc,bmiZscore,GFR,diagAgeCombo,Pt_A1cGoalLev,Pt_A1cGoalLevelDsYr5
22073,0.0,0.0,0.0,0.0,0.0,0.0,0.0,112.0,56.0,2.0,65.0,177.7,1.0,18,16.0,0.6923076923,81.0,0.0,0.0,0.0,0.0,0.0,0.0,2.0,3.0,0.0,7.5,0.0,0.0,0.0,-0.19899999999999998,0.0,0.0,20.584413672,0.3139299305,-0.484741307,0.0,2.0,0.0,0.0
22073,0.0,0.0,0.0,0.0,0.0,0.0,0.0,116.0,59.0,15.0,67.0,179.5,0.0,19,17.0,1.0447761194,0.0,0.0,0.0,0.0,0.0,0.0,0.0,0.0,15.0,0.0,6.8,0.0,0.0,0.0,15.004000000000001,0.0,0.0,20.794376208,0.2640198699,-0.6310011999999999,0.0,2.0,0.0,0.0
22073,0.0,0.0,0.0,0.0,0.0,0.0,0.0,118.0,57.0,0.0,64.0,179.0,0.0,20,18.0,0.6875,105.0,58.0,0.0,114.0,0.0,0.0,22.0,0.0,0.0,0.0,7.3,0.0,0.0,0.0,24.066,0.0,0.0,19.97440779,0.11549344480000001,-1.306866137,0.0,2.0,0.0,0.0
22073,0.0,0.0,0.0,0.0,0.0,0.0,0.0,129.0,54.0,1.0,64.0,180.0,0.0,21,19.0,0.703125,0.0,0.0,0.0,0.0,0.0,0.0,21.0,1.0,0.0,1.88,7.6,0.0,0.0,5.0,36.183,0.0,0.0,19.75308642,0.0,-1.350520711,0.0,2.0,0.0,0.0
22073,0.0,0.0,0.0,0.0,0.0,0.0,0.0,112.0,57.0,1.0,0.0,0.0,0.0,22,19.0,0.0,93.0,104.0,0.0,53.0,0.0,0.0,21.0,1.0,0.0,1.09,7.2,0.0,0.0,6.0,45.909,0.0,0.0,0.0,0.0,0.0,0.0,2.0,0.0,0.0
22073,0.0,0.0,0.0,0.0,0.0,0.0,0.0,111.0,66.0,1.0,0.0,0.0,0.0,22,20.0,0.0,0.0,0.0,0.0,0.0,0.0,0.0,19.0,1.0,0.0,0.0,7.3,0.0,0.0,6.0,53.544,0.0,0.0,0.0,0.0,0.0,0.0,2.0,0.0,0.0
22073,0.0,0.0,0.0,0.0,0.0,0.0,0.0,106.0,61.0,0.0,64.4,177.8,0.0,23,21.0,0.6055900621,0.0,0.0,0.0,0.0,0.0,11.0,22.0,0.0,1.0,1.82,7.1,0.0,0.0,3.0,67.286,0.0,0.0,20.371469314000002,0.0,-1.2285476640000002,0.0,2.0,0.0,0.0
22073,0.0,0.0,0.0,0.0,0.0,0.0,0.0,118.0,70.0,0.0,58.7,179.8,0.0,24,22.0,0.6984667802,0.0,0.0,0.0,0.0,0.0,11.0,20.0,0.0,0.0,0.0,8.2,0.0,0.0,2.0,79.104,0.0,0.0,18.157611782,0.0,-1.665220395,0.0,2.0,0.0,0.0
