PtID,Pt_CGMUseNumDays,Pt_FatherT1D,Pt_MotherT1D,Pt_SiblingT1D,Pt_ChildT1D,Pt_GrandchildT1D,Pt_GrandparentT1D,BldPrSys,BldPrDia,SMBGperDayPtMeterCombo,WeightKg,HeightCm,DirectLDL,age,diabDur,TotalDailyInsPerKg,LDL,HDL,TotChol,Triglyc,BUN,AlbCreatRat_mggNew,UnitsInsBasalOrLongAct,BGTestAvgNumMeter,BGTestAvgNumPtRep,TSH,HbA1c,AutonomicNeuroCl,Pt_InsGov,NumPumpBolusOrShortAct,HbA1cImputeDtMnC,Pt_SHFlg,Pt_DKAFlg,bmi,bmiPerc,bmiZscore,GFR,diagAgeCombo,Pt_A1cGoalLev,Pt_A1cGoalLevelDsYr5
22072,0.0,0.0,0.0,0.0,0.0,0.0,1.0,92.0,87.0,9.0,39.9,134.8,0.0,9,0.0,0.2756892231,0.0,0.0,0.0,0.0,12.0,0.0,0.0,9.0,7.0,0.0,7.8,0.0,0.0,0.0,-1.4269999999999998,0.0,0.0,21.958016712,0.9533757258,1.6785050344999999,0.0,9.0,0.0,0.0
22072,0.0,0.0,0.0,0.0,0.0,0.0,1.0,90.0,46.0,8.0,46.1,147.4,0.0,11,1.0,0.5422993492,91.0,52.0,0.0,89.0,14.0,0.0,0.0,8.0,8.0,0.0,7.8,0.0,0.0,8.0,16.199,0.0,0.0,21.218073933,0.8693693382,1.1234149021,0.0,9.0,8.0,0.0
22072,0.0,0.0,0.0,0.0,0.0,0.0,0.0,105.0,54.0,9.0,55.2,154.8,0.0,12,2.0,0.7608695651999999,0.0,0.0,0.0,0.0,0.0,40.6,16.0,9.0,5.0,0.0,8.1,0.0,0.0,8.0,28.381999999999998,0.0,0.0,23.035474631,0.9031519816,1.2997226722,0.0,9.0,0.0,0.0
22072,0.0,0.0,0.0,0.0,0.0,0.0,0.0,94.0,57.0,7.0,58.9,160.6,0.0,12,3.0,0.8488964346,0.0,0.0,0.0,0.0,0.0,40.6,20.0,7.0,8.0,0.0,8.6,0.0,0.0,7.0,38.838,0.0,0.0,22.836219718000002,0.8967276296,1.2631236642,0.0,9.0,0.0,0.0
22072,0.0,0.0,0.0,0.0,0.0,0.0,0.0,100.0,68.0,7.0,0.0,0.0,0.0,13,4.0,0.0,101.0,49.0,171.0,105.0,12.0,5.4,24.0,7.0,6.0,3.31,9.5,0.0,0.0,6.0,51.751000000000005,0.0,0.0,0.0,0.0,0.0,0.0,9.0,0.0,0.0
22072,0.0,0.0,0.0,0.0,0.0,0.0,0.0,118.0,62.0,4.0,63.9,170.8,0.0,15,6.0,0.8294209703000001,0.0,0.0,0.0,0.0,16.0,5.4,25.0,4.0,6.0,0.0,11.2,0.0,0.0,5.0,72.896,0.0,1.0,21.904085472,0.7180267689000001,0.5769896279,0.0,9.0,0.0,0.0
