PtID,Pt_CGMUseNumDays,Pt_FatherT1D,Pt_MotherT1D,Pt_SiblingT1D,Pt_ChildT1D,Pt_GrandchildT1D,Pt_GrandparentT1D,BldPrSys,BldPrDia,SMBGperDayPtMeterCombo,WeightKg,HeightCm,DirectLDL,age,diabDur,TotalDailyInsPerKg,LDL,HDL,TotChol,Triglyc,BUN,AlbCreatRat_mggNew,UnitsInsBasalOrLongAct,BGTestAvgNumMeter,BGTestAvgNumPtRep,TSH,HbA1c,AutonomicNeuroCl,Pt_InsGov,NumPumpBolusOrShortAct,HbA1cImputeDtMnC,Pt_SHFlg,Pt_DKAFlg,bmi,bmiPerc,bmiZscore,GFR,diagAgeCombo,Pt_A1cGoalLev,Pt_A1cGoalLevelDsYr5
2209,0.0,0.0,0.0,0.0,0.0,0.0,0.0,116.0,65.0,4.0,0.0,0.0,0.0,56,38.0,0.0,88.0,87.0,189.0,72.0,12.0,21.4,0.0,4.0,6.0,0.0,7.3,0.0,0.0,0.0,4.448,0.0,0.0,0.0,0.0,0.0,0.0,18.0,0.0,0.0
2209,0.0,0.0,0.0,0.0,0.0,0.0,0.0,112.0,55.0,6.0,0.0,0.0,0.0,58,40.0,0.0,0.0,0.0,0.0,0.0,0.0,0.0,0.0,6.0,5.0,0.0,7.8,0.0,0.0,0.0,21.61,0.0,0.0,0.0,0.0,0.0,0.0,18.0,7.0,0.0
2209,0.0,0.0,0.0,0.0,0.0,0.0,0.0,125.0,49.0,6.0,62.59574706,154.94,0.0,59,41.0,0.3035349987,101.0,98.0,218.0,81.0,13.0,4.5,11.0,6.0,6.0,0.0,7.1,0.0,0.0,3.0,37.577,0.0,0.0,26.074604135999998,0.0,-0.321404018,0.0,18.0,0.0,0.0
2209,0.0,0.0,0.0,0.0,0.0,0.0,0.0,121.0,67.0,6.0,62.14215469,156.2,0.0,60,42.0,0.0,104.0,101.0,0.0,53.0,12.0,4.5,9.0,6.0,0.0,2.151,6.9,0.0,0.0,0.0,50.123999999999995,0.0,0.0,25.469724576999997,0.0,-0.51308759,0.0,18.0,0.0,0.0
2209,0.0,0.0,0.0,0.0,0.0,0.0,0.0,106.0,60.0,3.0,0.0,0.0,0.0,62,44.0,0.0,98.0,97.0,205.0,52.0,16.0,6.9,0.0,3.0,5.0,0.0,7.1,0.0,0.0,0.0,63.137,0.0,0.0,0.0,0.0,0.0,0.0,18.0,0.0,0.0
2209,0.0,0.0,0.0,0.0,0.0,0.0,0.0,0.0,0.0,5.0,0.0,0.0,0.0,62,44.0,0.0,87.0,92.0,189.0,49.0,19.0,11.0,0.0,5.0,0.0,0.0,7.5,0.0,0.0,0.0,73.959,0.0,0.0,0.0,0.0,0.0,0.0,18.0,0.0,0.0
