PtID,Pt_CGMUseNumDays,Pt_FatherT1D,Pt_MotherT1D,Pt_SiblingT1D,Pt_ChildT1D,Pt_GrandchildT1D,Pt_GrandparentT1D,BldPrSys,BldPrDia,SMBGperDayPtMeterCombo,WeightKg,HeightCm,DirectLDL,age,diabDur,TotalDailyInsPerKg,LDL,HDL,TotChol,Triglyc,BUN,AlbCreatRat_mggNew,UnitsInsBasalOrLongAct,BGTestAvgNumMeter,BGTestAvgNumPtRep,TSH,HbA1c,AutonomicNeuroCl,Pt_InsGov,NumPumpBolusOrShortAct,HbA1cImputeDtMnC,Pt_SHFlg,Pt_DKAFlg,bmi,bmiPerc,bmiZscore,GFR,diagAgeCombo,Pt_A1cGoalLev,Pt_A1cGoalLevelDsYr5
2210,0.0,0.0,0.0,0.0,0.0,0.0,0.0,110.0,70.0,4.0,58.51341573,165.1,0.0,33,23.0,0.5127029353,99.0,102.0,0.0,49.0,6.0,3.0,0.0,4.0,6.0,0.0,6.7,0.0,0.0,4.0,-0.43200000000000005,0.0,0.0,21.466503142,0.0,-0.737913477,0.0,10.0,0.0,0.0
2210,0.0,0.0,0.0,0.0,0.0,0.0,0.0,0.0,0.0,4.0,0.0,0.0,0.0,34,24.0,0.0,64.0,107.0,0.0,77.0,9.0,2.0,0.0,4.0,7.0,0.0,7.6,0.0,0.0,0.0,11.286,0.0,0.0,0.0,0.0,0.0,0.0,10.0,6.0,0.0
2210,0.0,0.0,0.0,0.0,0.0,0.0,0.0,120.0,80.0,3.0,0.0,0.0,0.0,36,26.0,0.0,0.0,0.0,0.0,0.0,14.0,0.0,8.0,3.0,0.0,1.48,7.0,0.0,0.0,5.0,33.759,0.0,0.0,0.0,0.0,0.0,97.0,10.0,0.0,0.0
2210,0.0,0.0,0.0,0.0,0.0,0.0,0.0,120.0,80.0,0.0,58.51341573,165.0,0.0,37,27.0,0.0,0.0,0.0,0.0,0.0,0.0,0.0,0.0,0.0,0.0,0.0,7.0,0.0,0.0,0.0,52.515,0.0,0.0,21.49253103,0.0,-0.7349281129999999,0.0,10.0,0.0,0.0
2210,0.0,0.0,0.0,0.0,0.0,0.0,0.0,130.0,80.0,0.0,57.0,165.0,0.0,38,28.0,0.0,0.0,0.0,0.0,0.0,0.0,0.0,0.0,0.0,0.0,1.48,7.2,0.0,0.0,0.0,62.506,0.0,0.0,20.936639118,0.0,-0.7986881709999999,0.0,10.0,0.0,0.0
2210,30.0,0.0,0.0,0.0,0.0,0.0,0.0,120.0,80.0,3.0,58.0,165.0,0.0,39,29.0,0.0,0.0,0.0,0.0,0.0,0.0,0.0,0.0,0.0,3.0,0.0,7.1,0.0,0.0,0.0,67.38600000000001,0.0,0.0,21.303948577,0.0,-0.7565582679999999,0.0,10.0,0.0,0.0
2210,0.0,0.0,0.0,0.0,0.0,0.0,0.0,120.0,80.0,0.0,59.0,165.0,0.0,40,30.0,0.0,0.0,0.0,0.0,0.0,0.0,0.0,0.0,0.0,0.0,0.0,6.5,0.0,0.0,0.0,82.49,0.0,0.0,21.671258035,0.0,-0.619032593,0.0,10.0,0.0,0.0
