PtID,Pt_CGMUseNumDays,Pt_FatherT1D,Pt_MotherT1D,Pt_SiblingT1D,Pt_ChildT1D,Pt_GrandchildT1D,Pt_GrandparentT1D,BldPrSys,BldPrDia,SMBGperDayPtMeterCombo,WeightKg,HeightCm,DirectLDL,age,diabDur,TotalDailyInsPerKg,LDL,HDL,TotChol,Triglyc,BUN,AlbCreatRat_mggNew,UnitsInsBasalOrLongAct,BGTestAvgNumMeter,BGTestAvgNumPtRep,TSH,HbA1c,AutonomicNeuroCl,Pt_InsGov,NumPumpBolusOrShortAct,HbA1cImputeDtMnC,Pt_SHFlg,Pt_DKAFlg,bmi,bmiPerc,bmiZscore,GFR,diagAgeCombo,Pt_A1cGoalLev,Pt_A1cGoalLevelDsYr5
22126,30.0,0.0,0.0,0.0,0.0,0.0,0.0,140.0,86.0,4.0,91.62565874,167.64,1.0,21,4.0,0.5784405889,86.0,46.0,142.0,50.0,0.0,5.7,0.0,4.0,4.0,0.0,5.8,0.0,0.0,5.0,0.0,1.0,0.0,32.603318431,0.0,0.7825093384999999,0.0,17.0,0.0,0.0
22126,0.0,0.0,0.0,0.0,0.0,0.0,0.0,135.0,87.0,4.0,79.83225712,167.64,0.0,22,5.0,0.2505252979,110.0,55.0,183.0,92.0,0.0,3.0,0.0,0.0,4.0,0.0,6.3,0.0,0.0,0.0,20.647,0.0,1.0,28.406851703,0.0,0.2166650818,0.0,17.0,6.0,0.0
22126,0.0,0.0,0.0,0.0,0.0,0.0,0.0,133.0,87.0,4.0,75.74992579,167.64,0.0,24,7.0,0.3960399919,80.0,57.0,160.0,65.0,0.0,0.0,15.0,4.0,0.0,0.0,7.0,0.0,0.0,9.0,35.685,0.0,0.0,26.954228604,0.0,0.020795916100000002,0.0,17.0,0.0,0.0
22126,0.0,0.0,0.0,0.0,0.0,0.0,0.0,136.0,82.0,0.0,82.916685236,167.64,0.0,25,8.0,0.0,0.0,0.0,0.0,0.0,0.0,0.0,0.0,0.0,0.0,0.0,0.0,0.0,0.0,0.0,0.0,0.0,0.0,29.504389155,0.0,0.3646551182,0.0,17.0,0.0,0.0
22126,0.0,0.0,0.0,0.0,0.0,0.0,0.0,135.0,87.0,4.0,92.53284348,167.64,1.0,26,9.0,1.5129763091,108.0,49.0,179.0,141.0,0.0,6.0,2.0,4.0,0.0,0.0,8.2,0.0,0.0,3.0,65.527,0.0,0.0,32.926123564,0.0,0.8260358198000001,0.0,17.0,0.0,0.0
22126,15.0,0.0,0.0,0.0,0.0,0.0,0.0,128.0,84.0,4.0,91.71637721399999,167.64,1.0,27,10.0,1.090317815,86.0,64.0,158.0,48.0,0.0,6.0,34.0,4.0,3.0,0.0,7.4,0.0,0.0,6.0,80.332,1.0,0.0,32.635598945,0.0,0.7868619866,0.0,17.0,0.0,0.0
