PtID,Pt_CGMUseNumDays,Pt_FatherT1D,Pt_MotherT1D,Pt_SiblingT1D,Pt_ChildT1D,Pt_GrandchildT1D,Pt_GrandparentT1D,BldPrSys,BldPrDia,SMBGperDayPtMeterCombo,WeightKg,HeightCm,DirectLDL,age,diabDur,TotalDailyInsPerKg,LDL,HDL,TotChol,Triglyc,BUN,AlbCreatRat_mggNew,UnitsInsBasalOrLongAct,BGTestAvgNumMeter,BGTestAvgNumPtRep,TSH,HbA1c,AutonomicNeuroCl,Pt_InsGov,NumPumpBolusOrShortAct,HbA1cImputeDtMnC,Pt_SHFlg,Pt_DKAFlg,bmi,bmiPerc,bmiZscore,GFR,diagAgeCombo,Pt_A1cGoalLev,Pt_A1cGoalLevelDsYr5
22179,0.0,0.0,0.0,0.0,0.0,0.0,0.0,111.0,73.0,3.0,74.8,165.6,0.0,16,6.0,0.307486631,95.0,38.0,163.0,152.0,0.0,21.1,0.0,0.0,3.0,0.0,11.0,0.0,1.0,0.0,0.0,0.0,0.0,27.276015775999998,0.9263540748000001,1.4491637779,0.0,9.0,0.0,0.0
22179,0.0,0.0,0.0,0.0,0.0,0.0,0.0,101.0,59.0,6.0,73.0,165.0,0.0,17,7.0,0.5890410959000001,0.0,0.0,0.0,0.0,0.0,0.0,0.0,6.0,3.0,0.0,9.1,0.0,1.0,0.0,10.224,0.0,0.0,26.81359045,0.902939237,1.2984826749,0.0,9.0,8.0,0.0
22179,0.0,0.0,0.0,0.0,0.0,0.0,0.0,106.0,64.0,7.0,70.4,166.4,0.0,18,8.0,0.0,93.0,28.0,150.0,144.0,0.0,14.5,0.0,7.0,0.0,0.0,8.4,0.0,0.0,0.0,24.331999999999997,0.0,0.0,25.425295858000002,0.8402877267000001,0.9956411229000001,0.0,9.0,0.0,0.0
22179,0.0,0.0,0.0,0.0,0.0,0.0,0.0,111.0,72.0,5.0,65.9,165.9,0.0,19,9.0,0.0,0.0,0.0,0.0,0.0,0.0,13.7,24.0,5.0,0.0,6.38,7.8,0.0,0.0,0.0,33.959,0.0,0.0,23.94377609,0.7356016965000001,0.6298440731,0.0,9.0,0.0,0.0
22179,0.0,0.0,0.0,0.0,0.0,0.0,0.0,108.0,72.0,7.0,72.1,166.0,0.0,20,10.0,0.4715672677,109.0,58.0,187.0,100.0,0.0,13.7,15.0,7.0,0.0,3.2,7.4,0.0,0.0,0.0,45.443999999999996,0.0,0.0,26.164900566,0.8387355911,-0.0856357,0.0,9.0,0.0,0.0
22179,0.0,0.0,0.0,0.0,0.0,0.0,0.0,107.0,71.0,8.0,74.8,166.7,0.0,21,11.0,0.21390374329999998,0.0,0.0,0.0,0.0,0.0,13.7,0.0,8.0,0.0,0.0,7.6,0.0,0.0,0.0,58.988,0.0,0.0,26.91723203,0.0,0.0158073626,0.0,9.0,0.0,0.0
