PtID,Pt_CGMUseNumDays,Pt_FatherT1D,Pt_MotherT1D,Pt_SiblingT1D,Pt_ChildT1D,Pt_GrandchildT1D,Pt_GrandparentT1D,BldPrSys,BldPrDia,SMBGperDayPtMeterCombo,WeightKg,HeightCm,DirectLDL,age,diabDur,TotalDailyInsPerKg,LDL,HDL,TotChol,Triglyc,BUN,AlbCreatRat_mggNew,UnitsInsBasalOrLongAct,BGTestAvgNumMeter,BGTestAvgNumPtRep,TSH,HbA1c,AutonomicNeuroCl,Pt_InsGov,NumPumpBolusOrShortAct,HbA1cImputeDtMnC,Pt_SHFlg,Pt_DKAFlg,bmi,bmiPerc,bmiZscore,GFR,diagAgeCombo,Pt_A1cGoalLev,Pt_A1cGoalLevelDsYr5
22199,0.0,0.0,0.0,0.0,0.0,0.0,0.0,138.0,84.0,4.0,58.0,160.0,0.0,12,0.0,2.4655172413999997,101.0,52.0,177.0,118.0,0.0,0.0,0.0,4.0,5.0,0.0,10.6,0.0,1.0,0.0,0.0,0.0,0.0,22.65625,0.917781368,1.3903017587,0.0,11.0,0.0,0.0
22199,0.0,0.0,0.0,0.0,0.0,0.0,1.0,131.0,86.0,3.0,58.6,167.7,0.0,13,2.0,1.1262798635,101.0,52.0,177.0,118.0,11.0,2.9,0.0,3.0,4.0,0.0,13.9,0.0,1.0,0.0,13.71,0.0,1.0,20.836822434000002,0.7857946529000001,0.7919142213,0.0,11.0,7.0,0.0
22199,0.0,0.0,0.0,0.0,0.0,0.0,0.0,142.0,78.0,0.0,67.7,172.5,0.0,14,3.0,0.0,0.0,0.0,0.0,0.0,20.0,6.9,0.0,0.0,0.0,0.0,12.0,0.0,0.0,0.0,27.585,0.0,0.0,22.751522789000003,0.8562284466,1.0635268253,0.0,11.0,0.0,0.0
22199,0.0,0.0,0.0,0.0,0.0,0.0,0.0,140.0,84.0,3.0,73.0,173.4,0.0,15,4.0,0.0,0.0,0.0,0.0,0.0,0.0,6.9,40.0,0.0,3.0,0.764,14.0,0.0,0.0,0.0,40.232,0.0,0.0,24.278657795999997,0.8880829963,1.2163962617,0.0,11.0,0.0,0.0
22199,0.0,0.0,0.0,0.0,0.0,0.0,0.0,135.0,85.0,0.0,77.3,175.0,0.0,16,5.0,0.0,0.0,0.0,0.0,0.0,0.0,10.0,42.0,0.0,0.0,1.159,12.0,0.0,0.0,0.0,54.141000000000005,0.0,0.0,25.240816326999997,0.8953798629999999,1.2556572254,0.0,11.0,0.0,0.0
22199,0.0,0.0,0.0,0.0,0.0,0.0,0.0,0.0,0.0,3.0,77.7,174.5,0.0,17,6.0,0.0,0.0,0.0,0.0,0.0,0.0,10.0,42.0,3.0,0.0,0.0,9.8,0.0,0.0,0.0,65.494,0.0,0.0,25.51703188,0.8779485892,1.1647929295000001,0.0,11.0,0.0,0.0
