PtID,Pt_CGMUseNumDays,Pt_FatherT1D,Pt_MotherT1D,Pt_SiblingT1D,Pt_ChildT1D,Pt_GrandchildT1D,Pt_GrandparentT1D,BldPrSys,BldPrDia,SMBGperDayPtMeterCombo,WeightKg,HeightCm,DirectLDL,age,diabDur,TotalDailyInsPerKg,LDL,HDL,TotChol,Triglyc,BUN,AlbCreatRat_mggNew,UnitsInsBasalOrLongAct,BGTestAvgNumMeter,BGTestAvgNumPtRep,TSH,HbA1c,AutonomicNeuroCl,Pt_InsGov,NumPumpBolusOrShortAct,HbA1cImputeDtMnC,Pt_SHFlg,Pt_DKAFlg,bmi,bmiPerc,bmiZscore,GFR,diagAgeCombo,Pt_A1cGoalLev,Pt_A1cGoalLevelDsYr5
22219,0.0,0.0,0.0,0.0,0.0,0.0,1.0,104.0,62.0,11.0,40.6,145.1,0.0,9,5.0,0.9359605911,96.0,55.0,155.0,39.0,0.0,6.8,0.0,11.0,8.0,0.0,6.8,0.0,1.0,5.0,0.0,0.0,0.0,19.283737397,0.8625065916,1.0916503487,0.0,4.0,0.0,0.0
22219,0.0,0.0,0.0,0.0,0.0,0.0,0.0,104.0,57.0,8.0,44.179896838000005,149.86,0.0,10,6.0,0.0,0.0,0.0,0.0,0.0,0.0,0.0,0.0,8.0,0.0,0.0,7.0,0.0,0.0,7.0,10.788,0.0,0.0,19.672214035,0.8327622186,0.9651382658,0.0,4.0,0.0,0.0
22219,0.0,0.0,0.0,0.0,0.0,0.0,0.0,95.0,67.0,10.0,49.169412908000005,157.48,0.0,11,7.0,0.9965545062000001,81.0,57.0,156.0,91.0,0.0,0.0,22.0,10.0,0.0,2.56,7.1,0.0,0.0,9.0,26.589000000000002,0.0,0.0,19.826415825,0.783554091,0.7842527506,0.0,4.0,0.0,0.0
22219,0.0,0.0,0.0,0.0,0.0,0.0,0.0,114.0,74.0,9.0,59.375241233000004,164.084,0.0,12,8.0,1.0105222102,75.0,66.0,157.0,81.0,0.0,0.0,32.0,9.0,0.0,2.303,6.9,0.0,0.0,10.0,40.033,0.0,0.0,22.053266104000002,0.8664254066,1.1096515998999998,0.0,4.0,0.0,0.0
22219,0.0,0.0,0.0,0.0,0.0,0.0,0.0,114.0,67.0,9.0,63.1,167.1,0.0,13,9.0,0.9191759113,0.0,0.0,0.0,0.0,0.0,0.0,33.0,9.0,0.0,0.0,6.9,0.0,0.0,7.0,51.452,0.0,0.0,22.598335889,0.8526890166,1.0480361175,0.0,4.0,0.0,0.0
22219,30.0,0.0,0.0,0.0,0.0,0.0,0.0,107.0,70.0,5.0,71.9,168.5,0.0,14,10.0,0.9040333797,0.0,0.0,0.0,0.0,0.0,0.0,38.0,5.0,4.0,0.0,7.1,0.0,0.0,0.0,63.867,0.0,0.0,25.323811956,0.9168598004,1.3842549625,0.0,4.0,0.0,0.0
