PtID,Pt_CGMUseNumDays,Pt_FatherT1D,Pt_MotherT1D,Pt_SiblingT1D,Pt_ChildT1D,Pt_GrandchildT1D,Pt_GrandparentT1D,BldPrSys,BldPrDia,SMBGperDayPtMeterCombo,WeightKg,HeightCm,DirectLDL,age,diabDur,TotalDailyInsPerKg,LDL,HDL,TotChol,Triglyc,BUN,AlbCreatRat_mggNew,UnitsInsBasalOrLongAct,BGTestAvgNumMeter,BGTestAvgNumPtRep,TSH,HbA1c,AutonomicNeuroCl,Pt_InsGov,NumPumpBolusOrShortAct,HbA1cImputeDtMnC,Pt_SHFlg,Pt_DKAFlg,bmi,bmiPerc,bmiZscore,GFR,diagAgeCombo,Pt_A1cGoalLev,Pt_A1cGoalLevelDsYr5
22262,0.0,0.0,0.0,0.0,0.0,0.0,0.0,120.0,60.0,7.0,73.02837157,172.72,0.0,19,6.0,0.8079051844,77.0,63.0,0.0,51.0,7.0,3.0,0.0,7.0,9.0,0.0,8.7,0.0,0.0,6.0,-0.266,0.0,0.0,24.479715035,0.771257527,0.7429946062,0.0,13.0,0.0,0.0
22262,0.0,0.0,0.0,0.0,0.0,0.0,0.0,110.0,70.0,6.0,71.21400209,172.72,0.0,22,9.0,0.8846574852,53.0,77.0,162.0,158.0,9.0,3.1,27.0,6.0,6.0,2.3,7.5,0.0,0.0,9.0,36.747,0.0,0.0,23.871523356999997,0.0,-0.39487068399999997,125.0,13.0,0.0,0.0
22262,0.0,0.0,0.0,0.0,0.0,0.0,0.0,130.0,86.0,13.0,69.85322498,172.72,0.0,23,10.0,0.7587337595,52.0,77.0,0.0,106.0,10.0,4.4,25.0,13.0,0.0,0.991,7.2,0.0,0.0,8.0,52.016999999999996,0.0,0.0,23.415379599,0.0,-0.456376313,0.0,13.0,0.0,0.0
22262,0.0,0.0,0.0,0.0,0.0,0.0,0.0,116.0,76.0,7.0,70.76040972,172.72,0.0,24,11.0,0.6783454220999999,69.0,92.0,178.0,86.0,7.0,5.2,27.0,7.0,0.0,1.06,7.2,0.0,0.0,7.0,69.544,0.0,0.0,23.719475438000003,0.0,-0.41537256100000003,123.0,13.0,0.0,0.0
22262,0.0,0.0,0.0,0.0,0.0,0.0,0.0,108.0,80.0,9.0,71.21400209,172.72,0.0,25,12.0,0.6740247506,56.0,72.0,136.0,41.0,5.0,5.2,26.0,9.0,7.0,0.623,7.2,0.0,0.0,10.0,81.39399999999999,0.0,0.0,23.871523356999997,0.0,-0.39487068399999997,124.0,13.0,0.0,0.0
