PtID,Pt_CGMUseNumDays,Pt_FatherT1D,Pt_MotherT1D,Pt_SiblingT1D,Pt_ChildT1D,Pt_GrandchildT1D,Pt_GrandparentT1D,BldPrSys,BldPrDia,SMBGperDayPtMeterCombo,WeightKg,HeightCm,DirectLDL,age,diabDur,TotalDailyInsPerKg,LDL,HDL,TotChol,Triglyc,BUN,AlbCreatRat_mggNew,UnitsInsBasalOrLongAct,BGTestAvgNumMeter,BGTestAvgNumPtRep,TSH,HbA1c,AutonomicNeuroCl,Pt_InsGov,NumPumpBolusOrShortAct,HbA1cImputeDtMnC,Pt_SHFlg,Pt_DKAFlg,bmi,bmiPerc,bmiZscore,GFR,diagAgeCombo,Pt_A1cGoalLev,Pt_A1cGoalLevelDsYr5
22273,0.0,0.0,0.0,0.0,0.0,0.0,0.0,115.0,59.0,0.0,73.754119362,173.482,0.0,24,13.0,1.1524780004000001,132.0,60.0,223.0,157.0,19.0,12.0,0.0,0.0,0.0,0.0,7.2,0.0,0.0,0.0,0.0,0.0,0.0,24.506282817,0.0,-0.412975625,0.0,10.0,0.0,0.0
22273,0.0,0.0,0.0,0.0,0.0,0.0,0.0,130.0,73.0,4.0,0.0,0.0,0.0,25,14.0,0.0,144.0,66.0,230.0,100.0,14.0,0.0,32.0,0.0,4.0,2.24,8.0,0.0,0.0,0.0,12.216,0.0,0.0,0.0,0.0,0.0,91.0,10.0,0.0,0.0
22273,0.0,0.0,0.0,0.0,0.0,0.0,0.0,113.0,59.0,0.0,71.8,174.6,0.0,25,14.0,0.6824512534999999,141.0,74.0,241.0,125.0,12.0,0.0,34.0,0.0,0.0,0.0,10.1,0.0,0.0,15.0,22.539,0.0,0.0,23.552443221999997,0.0,-0.601115889,0.0,10.0,0.0,0.0
22273,0.0,0.0,0.0,0.0,0.0,0.0,0.0,110.0,57.0,0.0,77.3,174.6,0.0,26,15.0,0.0,0.0,0.0,0.0,0.0,0.0,0.0,36.0,0.0,0.0,0.0,8.1,0.0,0.0,3.0,34.091,0.0,0.0,25.356599736,0.0,-0.24525471100000001,0.0,10.0,0.0,0.0
22273,0.0,0.0,0.0,0.0,0.0,0.0,0.0,101.0,54.0,3.0,0.0,0.0,0.0,27,16.0,0.0,0.0,0.0,0.0,0.0,0.0,0.0,32.0,3.0,3.0,0.0,8.2,0.0,0.0,0.0,46.638999999999996,0.0,0.0,0.0,0.0,0.0,0.0,10.0,0.0,0.0
22273,0.0,0.0,0.0,0.0,0.0,0.0,0.0,115.0,57.0,0.0,78.3,174.6,0.0,28,17.0,0.0,113.0,59.0,0.0,267.0,17.0,0.0,32.0,0.0,0.0,1.33,7.7,0.0,0.0,0.0,57.626999999999995,0.0,0.0,25.684628193,0.0,-0.180552678,0.0,10.0,0.0,0.0
