PtID,Pt_CGMUseNumDays,Pt_FatherT1D,Pt_MotherT1D,Pt_SiblingT1D,Pt_ChildT1D,Pt_GrandchildT1D,Pt_GrandparentT1D,BldPrSys,BldPrDia,SMBGperDayPtMeterCombo,WeightKg,HeightCm,DirectLDL,age,diabDur,TotalDailyInsPerKg,LDL,HDL,TotChol,Triglyc,BUN,AlbCreatRat_mggNew,UnitsInsBasalOrLongAct,BGTestAvgNumMeter,BGTestAvgNumPtRep,TSH,HbA1c,AutonomicNeuroCl,Pt_InsGov,NumPumpBolusOrShortAct,HbA1cImputeDtMnC,Pt_SHFlg,Pt_DKAFlg,bmi,bmiPerc,bmiZscore,GFR,diagAgeCombo,Pt_A1cGoalLev,Pt_A1cGoalLevelDsYr5
22280,0.0,0.0,0.0,0.0,0.0,0.0,0.0,123.0,73.0,4.0,59.0,158.0,1.0,12,5.0,0.0,112.0,50.0,175.0,63.0,0.0,26.0,0.0,0.0,4.0,0.0,10.0,0.0,1.0,3.0,-0.465,0.0,0.0,23.634033008000003,0.9198693894,1.404193553,0.0,7.0,0.0,0.0
22280,0.0,0.0,0.0,0.0,0.0,0.0,0.0,126.0,71.0,4.0,62.9,159.8,0.0,13,6.0,0.0,0.0,0.0,0.0,0.0,0.0,0.0,0.0,0.0,4.0,0.0,10.4,0.0,0.0,0.0,11.685,0.0,0.0,24.631853647,0.9210182943999999,1.4119543224000002,0.0,7.0,8.6,0.0
22280,0.0,0.0,0.0,0.0,0.0,0.0,0.0,120.0,76.0,0.0,63.3,159.8,0.0,14,6.0,0.0,0.0,0.0,0.0,0.0,0.0,4.0,41.0,0.0,0.0,0.0,11.2,0.0,0.0,0.0,15.734000000000002,0.0,0.0,24.788495005,0.9031407104000001,1.2996569271,0.0,7.0,0.0,0.0
22280,0.0,0.0,0.0,0.0,0.0,0.0,0.0,129.0,76.0,0.0,63.6,160.2,0.0,15,7.0,0.0,0.0,0.0,0.0,0.0,0.0,4.0,37.0,0.0,0.0,1.46,14.0,0.0,0.0,0.0,25.826,0.0,0.0,24.781756886,0.8798234806999999,1.1741048313,0.0,7.0,0.0,0.0
22280,0.0,0.0,0.0,0.0,0.0,0.0,0.0,127.0,77.0,0.0,63.2,160.8,0.0,15,8.0,0.0,0.0,0.0,0.0,0.0,0.0,4.0,37.0,0.0,0.0,1.46,11.9,0.0,0.0,0.0,35.917,0.0,0.0,24.442464295,0.8674891112,1.1146002163,0.0,7.0,0.0,0.0
22280,0.0,0.0,0.0,0.0,0.0,0.0,0.0,127.0,72.0,2.0,60.6,160.1,1.0,16,8.0,0.0,139.0,44.0,207.0,119.0,0.0,4.0,35.0,2.0,0.0,2.291,10.4,0.0,0.0,0.0,46.075,0.0,0.0,23.642312874,0.8000062203,0.841643452,0.0,7.0,0.0,0.0
22280,0.0,0.0,0.0,0.0,0.0,0.0,0.0,127.0,70.0,0.0,66.4,161.0,0.0,17,9.0,0.0,150.0,45.0,226.0,155.0,0.0,4.0,40.0,0.0,0.0,0.0,8.8,0.0,0.0,0.0,57.693000000000005,0.0,0.0,25.616295668000003,0.8667671809999999,1.1112386519,0.0,7.0,0.0,0.0
