PtID,Pt_CGMUseNumDays,Pt_FatherT1D,Pt_MotherT1D,Pt_SiblingT1D,Pt_ChildT1D,Pt_GrandchildT1D,Pt_GrandparentT1D,BldPrSys,BldPrDia,SMBGperDayPtMeterCombo,WeightKg,HeightCm,DirectLDL,age,diabDur,TotalDailyInsPerKg,LDL,HDL,TotChol,Triglyc,BUN,AlbCreatRat_mggNew,UnitsInsBasalOrLongAct,BGTestAvgNumMeter,BGTestAvgNumPtRep,TSH,HbA1c,AutonomicNeuroCl,Pt_InsGov,NumPumpBolusOrShortAct,HbA1cImputeDtMnC,Pt_SHFlg,Pt_DKAFlg,bmi,bmiPerc,bmiZscore,GFR,diagAgeCombo,Pt_A1cGoalLev,Pt_A1cGoalLevelDsYr5
22283,0.0,0.0,0.0,0.0,0.0,0.0,1.0,150.0,100.0,7.0,0.0,0.0,0.0,46,32.0,0.0,90.0,51.0,165.0,122.0,30.0,1.0,0.0,0.0,7.0,0.0,8.6,1.0,1.0,4.0,0.664,0.0,0.0,0.0,0.0,0.0,0.0,14.0,0.0,0.0
22283,0.0,0.0,0.0,0.0,0.0,0.0,1.0,122.0,67.0,4.0,0.0,0.0,0.0,47,33.0,0.0,54.0,43.0,115.0,89.0,41.0,2158.9,0.0,4.0,4.0,0.0,7.4,1.0,1.0,4.0,8.697000000000001,0.0,0.0,0.0,0.0,0.0,0.0,14.0,7.0,0.0
22283,0.0,0.0,0.0,0.0,0.0,0.0,0.0,102.0,60.0,8.0,0.0,0.0,0.0,48,34.0,0.0,0.0,0.0,0.0,0.0,35.0,0.0,25.0,8.0,0.0,3.293,7.2,1.0,0.0,0.0,23.9,0.0,0.0,0.0,0.0,0.0,16.0,14.0,0.0,0.0
22283,0.0,0.0,0.0,0.0,0.0,0.0,0.0,118.0,72.0,3.0,0.0,0.0,0.0,49,35.0,0.0,68.0,50.0,131.0,64.0,27.0,0.0,22.0,3.0,0.0,1.778,7.3,1.0,0.0,5.0,31.967,0.0,0.0,0.0,0.0,0.0,9.0,14.0,0.0,0.0
22283,0.0,0.0,0.0,0.0,0.0,0.0,0.0,105.0,43.0,5.0,72.12118683,182.88,0.0,50,36.0,0.41596653240000003,0.0,0.0,0.0,0.0,0.0,0.0,21.0,5.0,8.0,0.0,6.4,1.0,0.0,6.0,46.905,0.0,0.0,21.564055394,0.0,-0.9444882379999999,0.0,14.0,0.0,0.0
22283,0.0,0.0,0.0,0.0,0.0,0.0,0.0,100.0,56.0,7.0,0.0,0.0,0.0,51,37.0,0.0,0.0,0.0,0.0,0.0,0.0,0.0,28.0,7.0,0.0,0.0,7.5,1.0,0.0,4.0,56.232,0.0,0.0,0.0,0.0,0.0,0.0,14.0,0.0,0.0
22283,0.0,0.0,0.0,0.0,0.0,0.0,0.0,112.0,82.0,8.0,0.0,0.0,0.0,52,38.0,0.0,0.0,0.0,0.0,0.0,0.0,0.0,31.0,8.0,0.0,0.0,7.1,1.0,0.0,3.0,68.78,0.0,0.0,0.0,0.0,0.0,0.0,14.0,0.0,0.0
22283,0.0,0.0,0.0,0.0,0.0,0.0,0.0,119.0,78.0,4.0,0.0,0.0,0.0,53,39.0,0.0,0.0,0.0,0.0,0.0,0.0,0.0,27.0,4.0,4.0,3.3480000000000003,6.5,1.0,0.0,3.0,81.26100000000001,0.0,0.0,0.0,0.0,0.0,0.0,14.0,0.0,0.0
