PtID,Pt_CGMUseNumDays,Pt_FatherT1D,Pt_MotherT1D,Pt_SiblingT1D,Pt_ChildT1D,Pt_GrandchildT1D,Pt_GrandparentT1D,BldPrSys,BldPrDia,SMBGperDayPtMeterCombo,WeightKg,HeightCm,DirectLDL,age,diabDur,TotalDailyInsPerKg,LDL,HDL,TotChol,Triglyc,BUN,AlbCreatRat_mggNew,UnitsInsBasalOrLongAct,BGTestAvgNumMeter,BGTestAvgNumPtRep,TSH,HbA1c,AutonomicNeuroCl,Pt_InsGov,NumPumpBolusOrShortAct,HbA1cImputeDtMnC,Pt_SHFlg,Pt_DKAFlg,bmi,bmiPerc,bmiZscore,GFR,diagAgeCombo,Pt_A1cGoalLev,Pt_A1cGoalLevelDsYr5
22319,0.0,0.0,0.0,0.0,0.0,0.0,0.0,0.0,0.0,0.0,70.5,177.9,0.0,19,3.0,1.2907801418,0.0,0.0,0.0,0.0,13.0,0.0,0.0,0.0,0.0,0.0,8.3,0.0,0.0,9.0,0.0,0.0,1.0,22.276000595,0.4728046718,-0.068221461,0.0,16.0,0.0,0.0
22319,0.0,0.0,0.0,0.0,0.0,0.0,0.0,126.0,84.0,0.0,77.9,177.5,0.0,21,4.0,0.0,0.0,64.0,215.0,111.0,0.0,0.0,0.0,0.0,0.0,0.447,9.5,0.0,0.0,3.0,20.215999999999998,0.0,0.0,24.725252926,0.0,-0.36978482700000004,0.0,16.0,0.0,0.0
22319,0.0,0.0,0.0,0.0,0.0,0.0,0.0,0.0,0.0,4.0,79.0,178.2,0.0,23,6.0,0.0,118.0,54.0,197.0,124.0,0.0,0.0,19.0,0.0,4.0,0.664,9.9,0.0,0.0,5.0,39.701,0.0,0.0,24.87778395,0.0,-0.33969881700000004,0.0,16.0,0.0,0.0
22319,0.0,0.0,0.0,0.0,0.0,0.0,0.0,0.0,0.0,0.0,83.0,179.0,0.0,23,7.0,0.8433734940000001,94.0,50.0,169.0,126.0,0.0,0.0,22.0,0.0,0.0,0.546,9.5,0.0,0.0,0.0,48.763000000000005,0.0,0.0,25.904310103,0.0,-0.13722148,0.0,16.0,0.0,0.0
