PtID,Pt_CGMUseNumDays,Pt_FatherT1D,Pt_MotherT1D,Pt_SiblingT1D,Pt_ChildT1D,Pt_GrandchildT1D,Pt_GrandparentT1D,BldPrSys,BldPrDia,SMBGperDayPtMeterCombo,WeightKg,HeightCm,DirectLDL,age,diabDur,TotalDailyInsPerKg,LDL,HDL,TotChol,Triglyc,BUN,AlbCreatRat_mggNew,UnitsInsBasalOrLongAct,BGTestAvgNumMeter,BGTestAvgNumPtRep,TSH,HbA1c,AutonomicNeuroCl,Pt_InsGov,NumPumpBolusOrShortAct,HbA1cImputeDtMnC,Pt_SHFlg,Pt_DKAFlg,bmi,bmiPerc,bmiZscore,GFR,diagAgeCombo,Pt_A1cGoalLev,Pt_A1cGoalLevelDsYr5
22326,0.0,0.0,0.0,0.0,0.0,0.0,1.0,101.0,62.0,4.0,29.9,138.8,0.0,10,1.0,0.635451505,0.0,0.0,0.0,0.0,0.0,0.0,0.0,4.0,8.0,0.0,7.6,0.0,1.0,6.0,0.0,0.0,0.0,15.520019267999999,0.2570890649,-0.652345785,0.0,9.0,0.0,0.0
22326,0.0,0.0,0.0,0.0,0.0,0.0,1.0,111.0,68.0,5.0,35.5,146.8,0.0,11,2.0,0.7605633803,0.0,0.0,0.0,0.0,0.0,0.0,0.0,0.0,5.0,0.0,8.2,0.0,0.0,0.0,10.456,0.0,0.0,16.473134406,0.33627668829999996,-0.42264625100000003,0.0,9.0,7.0,0.0
22326,0.0,0.0,0.0,0.0,0.0,0.0,0.0,106.0,75.0,3.0,47.8,156.5,0.0,13,3.0,0.9414225941,102.0,75.0,188.0,57.0,0.0,3.5,23.0,3.0,3.0,2.43,8.9,0.0,0.0,0.0,32.365,0.0,0.0,19.51637763,0.6059566761999999,0.2687960312,0.0,9.0,0.0,0.0
22326,0.0,0.0,0.0,0.0,0.0,0.0,0.0,111.0,75.0,2.0,50.4,157.5,0.0,14,4.0,0.8531746031999999,0.0,0.0,0.0,0.0,0.0,0.0,27.0,2.0,3.0,0.0,9.0,0.0,0.0,3.0,43.286,0.0,0.0,20.317460317000002,0.6234155472999999,0.3144636695,0.0,9.0,0.0,0.0
22326,0.0,0.0,0.0,0.0,0.0,0.0,0.0,113.0,72.0,2.0,48.4,159.4,0.0,15,5.0,0.6818181818000001,106.0,66.0,183.0,55.0,0.0,0.0,27.0,2.0,3.0,1.11,9.9,0.0,0.0,0.0,57.162,0.0,0.0,19.048848489,0.3796764577,-0.306330636,0.0,9.0,0.0,0.0
22326,0.0,0.0,0.0,0.0,0.0,0.0,0.0,102.0,68.0,2.0,50.5,159.0,0.0,16,6.0,0.7920792079000001,0.0,0.0,0.0,0.0,0.0,0.0,26.0,2.0,2.0,0.0,8.3,0.0,0.0,0.0,69.079,0.0,0.0,19.975475654,0.438241415,-0.15542937199999998,0.0,9.0,0.0,0.0
