PtID,Pt_CGMUseNumDays,Pt_FatherT1D,Pt_MotherT1D,Pt_SiblingT1D,Pt_ChildT1D,Pt_GrandchildT1D,Pt_GrandparentT1D,BldPrSys,BldPrDia,SMBGperDayPtMeterCombo,WeightKg,HeightCm,DirectLDL,age,diabDur,TotalDailyInsPerKg,LDL,HDL,TotChol,Triglyc,BUN,AlbCreatRat_mggNew,UnitsInsBasalOrLongAct,BGTestAvgNumMeter,BGTestAvgNumPtRep,TSH,HbA1c,AutonomicNeuroCl,Pt_InsGov,NumPumpBolusOrShortAct,HbA1cImputeDtMnC,Pt_SHFlg,Pt_DKAFlg,bmi,bmiPerc,bmiZscore,GFR,diagAgeCombo,Pt_A1cGoalLev,Pt_A1cGoalLevelDsYr5
22324,0.0,0.0,0.0,0.0,0.0,0.0,0.0,107.0,74.0,0.0,58.2,139.3,0.0,9,0.0,0.0,0.0,0.0,0.0,0.0,0.0,0.0,0.0,0.0,0.0,0.0,7.3,0.0,1.0,0.0,0.0,0.0,0.0,29.993058308000002,0.9944186543000001,2.5375641284,0.0,9.0,0.0,0.0
22324,0.0,0.0,0.0,0.0,0.0,0.0,0.0,118.0,71.0,4.0,67.9,145.6,0.0,10,1.0,0.0,0.0,0.0,0.0,0.0,0.0,0.0,0.0,0.0,4.0,0.0,7.7,0.0,1.0,0.0,16.232,0.0,0.0,32.029268808000005,0.9941557548000001,2.5214120081,0.0,9.0,0.0,0.0
22324,0.0,0.0,0.0,0.0,0.0,0.0,0.0,118.0,77.0,4.0,67.5,147.7,0.0,11,2.0,0.0,0.0,27.0,281.0,621.0,23.4,3.3,24.0,4.0,0.0,2.1,9.4,0.0,0.0,0.0,26.224,0.0,0.0,30.941601051,0.9914322913,2.3837891413,0.0,9.0,0.0,0.0
22324,0.0,0.0,0.0,0.0,0.0,0.0,0.0,118.0,80.0,0.0,77.0,149.4,0.0,12,3.0,0.0,0.0,0.0,0.0,0.0,0.0,3.3,24.0,0.0,0.0,0.0,8.8,0.0,0.0,0.0,41.195,0.0,0.0,34.497651472,0.9936965218000001,2.4946833868000002,0.0,9.0,0.0,0.0
22324,0.0,0.0,0.0,0.0,0.0,0.0,0.0,124.0,84.0,1.0,91.5,152.7,0.0,13,4.0,0.6448087432,260.0,57.0,212.0,260.0,0.0,8.0,24.0,1.0,0.0,2.01,8.5,0.0,0.0,35.0,55.104,0.0,0.0,39.241266888,0.9959429692,2.6472863355,60.0,9.0,0.0,0.0
22324,0.0,0.0,0.0,0.0,0.0,0.0,0.0,127.0,84.0,3.0,94.3,153.7,0.0,14,5.0,0.8483563097,125.0,67.0,224.0,161.0,0.0,8.0,0.0,3.0,0.0,1.87,8.3,0.0,0.0,0.0,63.701,0.0,0.0,39.917557333000005,0.9962303069,2.6720302039,0.0,9.0,0.0,0.0
22324,0.0,0.0,0.0,0.0,0.0,0.0,0.0,132.0,79.0,0.0,96.4,154.3,0.0,15,6.0,0.0,0.0,16.0,206.0,647.0,14.0,8.0,33.0,0.0,0.0,0.0,8.7,0.0,0.0,0.0,73.195,0.0,0.0,40.489758065,0.9966388176000001,2.7102937223000003,0.0,9.0,0.0,0.0
