PtID,Pt_CGMUseNumDays,Pt_FatherT1D,Pt_MotherT1D,Pt_SiblingT1D,Pt_ChildT1D,Pt_GrandchildT1D,Pt_GrandparentT1D,BldPrSys,BldPrDia,SMBGperDayPtMeterCombo,WeightKg,HeightCm,DirectLDL,age,diabDur,TotalDailyInsPerKg,LDL,HDL,TotChol,Triglyc,BUN,AlbCreatRat_mggNew,UnitsInsBasalOrLongAct,BGTestAvgNumMeter,BGTestAvgNumPtRep,TSH,HbA1c,AutonomicNeuroCl,Pt_InsGov,NumPumpBolusOrShortAct,HbA1cImputeDtMnC,Pt_SHFlg,Pt_DKAFlg,bmi,bmiPerc,bmiZscore,GFR,diagAgeCombo,Pt_A1cGoalLev,Pt_A1cGoalLevelDsYr5
22349,0.0,0.0,0.0,0.0,0.0,0.0,0.0,113.0,46.0,8.0,27.6,125.5,0.0,7,3.0,0.8695652173999999,0.0,0.0,0.0,0.0,10.0,25.0,0.0,8.0,14.0,0.0,0.0,0.0,0.0,10.0,0.0,0.0,0.0,17.523531373,0.8432606698,1.0079495958,0.0,3.0,0.0,0.0
22349,0.0,0.0,0.0,0.0,0.0,0.0,1.0,117.0,61.0,9.0,15.603577527999999,135.4,0.0,8,5.0,1.6021966729,0.0,0.0,0.0,0.0,0.0,0.0,0.0,9.0,19.0,0.0,9.1,0.0,0.0,6.0,19.685,0.0,0.0,8.511122756799999,6.268115e-41,-13.34577364,0.0,3.0,0.0,0.0
22349,0.0,0.0,0.0,0.0,0.0,0.0,0.0,108.0,50.0,4.0,39.00894382,142.0,0.0,10,6.0,0.87159499,0.0,0.0,0.0,0.0,15.0,0.0,0.0,4.0,0.0,25.9,10.4,0.0,0.0,0.0,37.311,0.0,0.0,19.345836054,0.8095749583,0.8763310620999999,0.0,3.0,0.0,0.0
22349,0.0,0.0,0.0,0.0,0.0,0.0,0.0,109.0,46.0,4.0,42.63768278,147.2,0.0,11,7.0,0.6097892358,0.0,0.0,0.0,0.0,15.0,53.8,17.0,4.0,0.0,30.57,10.9,0.0,0.0,3.0,51.021,0.0,0.0,19.677864882,0.7714606472,0.7436657653000001,0.0,3.0,0.0,0.0
22349,0.0,0.0,0.0,0.0,0.0,0.0,0.0,104.0,47.0,3.0,43.99845989,151.9,0.0,12,8.0,0.7954823893,0.0,0.0,0.0,0.0,12.0,12.5,20.0,3.0,0.0,7.97,12.3,0.0,0.0,3.0,61.443999999999996,0.0,0.0,19.068736921,0.6340747507,0.3426649968,0.0,3.0,0.0,0.0
