PtID,Pt_CGMUseNumDays,Pt_FatherT1D,Pt_MotherT1D,Pt_SiblingT1D,Pt_ChildT1D,Pt_GrandchildT1D,Pt_GrandparentT1D,BldPrSys,BldPrDia,SMBGperDayPtMeterCombo,WeightKg,HeightCm,DirectLDL,age,diabDur,TotalDailyInsPerKg,LDL,HDL,TotChol,Triglyc,BUN,AlbCreatRat_mggNew,UnitsInsBasalOrLongAct,BGTestAvgNumMeter,BGTestAvgNumPtRep,TSH,HbA1c,AutonomicNeuroCl,Pt_InsGov,NumPumpBolusOrShortAct,HbA1cImputeDtMnC,Pt_SHFlg,Pt_DKAFlg,bmi,bmiPerc,bmiZscore,GFR,diagAgeCombo,Pt_A1cGoalLev,Pt_A1cGoalLevelDsYr5
22340,0.0,0.0,0.0,0.0,0.0,0.0,0.0,94.0,57.0,7.0,31.7,133.3,0.0,9,1.0,0.6309148265,0.0,0.0,0.0,0.0,11.0,0.0,0.0,7.0,6.0,0.0,7.5,0.0,0.0,0.0,0.0,0.0,0.0,17.840168969,0.7399070103000001,0.6430587498,0.0,8.0,0.0,0.0
22340,0.0,0.0,0.0,0.0,0.0,0.0,0.0,114.0,63.0,10.0,40.8,142.6,0.0,10,2.0,0.9313725490000001,81.0,65.0,0.0,73.0,0.0,555.0,0.0,10.0,7.0,0.0,7.2,0.0,0.0,16.0,15.767999999999999,0.0,0.0,20.06416599,0.8567400384,1.0657870346,0.0,8.0,6.0,0.0
22340,0.0,0.0,0.0,0.0,0.0,0.0,0.0,112.0,63.0,8.0,46.9,149.3,0.0,11,3.0,0.8528784648000001,74.0,70.0,0.0,52.0,0.0,9.0,18.0,8.0,0.0,0.97,6.6,0.0,0.0,12.0,29.145,0.0,0.0,21.040362953,0.8607910844,1.0838803996,0.0,8.0,0.0,0.0
22340,0.0,0.0,0.0,0.0,0.0,0.0,0.0,118.0,61.0,7.0,53.5,152.7,0.0,12,4.0,0.8598130841,81.0,51.0,0.0,68.0,0.0,9.0,18.0,7.0,0.0,0.99,7.1,0.0,0.0,12.0,40.199,0.0,0.0,22.944347305999997,0.9002718079,1.2831018828,0.0,8.0,0.0,0.0
22340,0.0,0.0,0.0,0.0,0.0,0.0,0.0,109.0,57.0,8.0,54.9,153.4,0.0,13,5.0,0.9471766849,0.0,0.0,0.0,0.0,11.0,11.7,19.0,8.0,0.0,1.16,7.6,0.0,0.0,12.0,50.988,0.0,0.0,23.330369936999997,0.8829520543000001,1.1898740702,0.0,8.0,0.0,0.0
22340,0.0,0.0,0.0,0.0,0.0,0.0,0.0,104.0,59.0,8.0,57.5,154.6,0.0,14,6.0,0.8,102.0,50.0,0.0,77.0,11.0,11.7,18.0,8.0,8.0,1.14,8.1,0.0,1.0,10.0,61.809,0.0,0.0,24.057409766,0.8799928529000001,1.1749510645,0.0,8.0,0.0,0.0
22340,0.0,0.0,0.0,0.0,0.0,0.0,0.0,116.0,61.0,8.0,59.4,155.3,0.0,15,7.0,0.9427609428,0.0,0.0,0.0,0.0,0.0,11.7,19.0,8.0,0.0,2.21,8.0,0.0,0.0,14.0,72.498,0.0,0.0,24.628815963,0.8744310437,1.1475898723,0.0,8.0,0.0,0.0
22340,0.0,0.0,0.0,0.0,0.0,0.0,0.0,113.0,53.0,2.0,62.1,155.1,0.0,16,8.0,0.9017713366,0.0,0.0,0.0,0.0,0.0,11.7,24.0,2.0,0.0,2.21,7.2,0.0,0.0,13.0,84.581,0.0,0.0,25.814754816,0.8918923073,1.2366544786,0.0,8.0,0.0,0.0
