PtID,Pt_CGMUseNumDays,Pt_FatherT1D,Pt_MotherT1D,Pt_SiblingT1D,Pt_ChildT1D,Pt_GrandchildT1D,Pt_GrandparentT1D,BldPrSys,BldPrDia,SMBGperDayPtMeterCombo,WeightKg,HeightCm,DirectLDL,age,diabDur,TotalDailyInsPerKg,LDL,HDL,TotChol,Triglyc,BUN,AlbCreatRat_mggNew,UnitsInsBasalOrLongAct,BGTestAvgNumMeter,BGTestAvgNumPtRep,TSH,HbA1c,AutonomicNeuroCl,Pt_InsGov,NumPumpBolusOrShortAct,HbA1cImputeDtMnC,Pt_SHFlg,Pt_DKAFlg,bmi,bmiPerc,bmiZscore,GFR,diagAgeCombo,Pt_A1cGoalLev,Pt_A1cGoalLevelDsYr5
22379,0.0,0.0,0.0,0.0,0.0,0.0,0.0,108.0,63.0,4.0,47.9,170.0,0.0,13,0.0,0.4801670146,0.0,0.0,0.0,0.0,10.0,0.0,0.0,0.0,4.0,0.0,9.6,0.0,0.0,0.0,0.0,0.0,0.0,16.574394464,0.18195650859999998,-0.907934143,0.0,13.0,0.0,0.0
22379,0.0,0.0,0.0,0.0,0.0,0.0,0.0,109.0,70.0,3.0,49.4,173.6,0.0,14,1.0,0.4251012146,0.0,0.0,0.0,0.0,0.0,0.0,0.0,0.0,3.0,0.0,11.2,0.0,0.0,0.0,14.040999999999999,0.0,0.0,16.391832487000002,0.0989998041,-1.287271688,0.0,13.0,0.0,0.0
22379,0.0,0.0,0.0,0.0,0.0,0.0,0.0,104.0,67.0,3.0,55.1,174.4,0.0,15,2.0,0.0,0.0,0.0,0.0,0.0,0.0,0.0,25.0,0.0,3.0,1.2,10.3,0.0,0.0,0.0,25.892,0.0,0.0,18.11584673,0.24497041379999998,-0.690402941,0.0,13.0,0.0,0.0
22379,0.0,0.0,0.0,0.0,0.0,0.0,0.0,123.0,74.0,0.0,61.7,174.7,0.0,16,3.0,0.4051863857,0.0,0.0,0.0,0.0,0.0,4.0,17.0,0.0,0.0,0.0,9.9,0.0,0.0,0.0,36.846,0.0,0.0,20.216192022999998,0.4712057528,-0.072239255,0.0,13.0,0.0,0.0
22379,0.0,0.0,0.0,0.0,0.0,0.0,0.0,114.0,67.0,5.0,68.3,173.5,0.0,17,4.0,0.7174231332,91.0,52.0,162.0,93.0,0.0,4.0,26.0,5.0,5.0,1.38,8.0,0.0,0.0,23.0,48.663999999999994,0.0,0.0,22.689333854,0.6954855931,0.5114602524,0.0,13.0,0.0,0.0
22379,0.0,0.0,0.0,0.0,0.0,0.0,0.0,106.0,78.0,3.0,66.67807839,177.0,0.0,18,4.0,0.6748844761,91.0,52.0,162.0,93.0,0.0,0.0,25.0,3.0,0.0,1.3,8.9,0.0,0.0,4.0,58.257,0.0,0.0,21.283181202999998,0.5027391903,0.006866185899999999,0.0,13.0,0.0,0.0
22379,10.0,0.0,0.0,0.0,0.0,0.0,0.0,111.0,71.0,5.0,70.9,177.6,0.0,18,5.0,0.7616361072,108.0,66.0,0.0,177.0,0.0,0.0,23.0,5.0,5.0,1.55,7.3,0.0,0.0,5.0,68.249,0.0,0.0,22.478136920999997,0.6385726917,0.3546462584,0.0,13.0,0.0,0.0
