PtID,Pt_CGMUseNumDays,Pt_FatherT1D,Pt_MotherT1D,Pt_SiblingT1D,Pt_ChildT1D,Pt_GrandchildT1D,Pt_GrandparentT1D,BldPrSys,BldPrDia,SMBGperDayPtMeterCombo,WeightKg,HeightCm,DirectLDL,age,diabDur,TotalDailyInsPerKg,LDL,HDL,TotChol,Triglyc,BUN,AlbCreatRat_mggNew,UnitsInsBasalOrLongAct,BGTestAvgNumMeter,BGTestAvgNumPtRep,TSH,HbA1c,AutonomicNeuroCl,Pt_InsGov,NumPumpBolusOrShortAct,HbA1cImputeDtMnC,Pt_SHFlg,Pt_DKAFlg,bmi,bmiPerc,bmiZscore,GFR,diagAgeCombo,Pt_A1cGoalLev,Pt_A1cGoalLevelDsYr5
22376,0.0,0.0,0.0,0.0,0.0,0.0,0.0,123.0,68.0,4.0,58.1,159.3,0.0,16,7.0,0.0,182.0,58.0,0.0,265.0,13.0,17.5,0.0,4.0,6.0,0.0,9.6,0.0,1.0,0.0,0.0,0.0,0.0,22.895207336,0.7511245034,0.678032648,0.0,8.0,0.0,0.0
22376,0.0,0.0,0.0,0.0,0.0,0.0,0.0,105.0,53.0,3.0,62.6,159.3,0.0,17,8.0,0.0798722045,0.0,0.0,0.0,0.0,0.0,0.0,0.0,3.0,5.0,0.0,9.7,0.0,1.0,0.0,14.44,0.0,0.0,24.668502224,0.8268512024,0.9417950203000001,0.0,8.0,5.1,0.0
22376,0.0,0.0,0.0,0.0,0.0,0.0,0.0,116.0,69.0,4.0,60.4,160.0,0.0,18,10.0,0.0,132.0,45.0,0.0,380.0,18.0,10.0,28.0,4.0,0.0,1.17,8.3,0.0,0.0,0.0,29.776,0.0,0.0,23.59375,0.7351684351000001,0.6285203349,0.0,8.0,0.0,0.0
22376,0.0,0.0,0.0,0.0,0.0,0.0,0.0,114.0,57.0,3.0,58.1,159.4,0.0,19,11.0,0.0,126.0,49.0,0.0,101.0,19.0,9.8,28.0,3.0,0.0,1.78,9.4,0.0,0.0,0.0,39.867,0.0,0.0,22.866489612,0.646084424,0.3747705047,0.0,8.0,0.0,0.0
22376,0.0,0.0,0.0,0.0,0.0,0.0,0.0,123.0,64.0,3.0,58.3,160.3,0.0,20,11.0,0.0,124.0,47.0,0.0,133.0,13.0,9.8,24.0,3.0,0.0,1.52,9.2,0.0,0.0,0.0,49.858999999999995,0.0,0.0,22.688276699,0.6078305896,-0.554417601,0.0,8.0,0.0,0.0
22376,0.0,0.0,0.0,0.0,0.0,0.0,0.0,125.0,61.0,3.0,58.3,160.2,0.0,20,12.0,0.0,0.0,0.0,0.0,0.0,0.0,9.8,24.0,3.0,0.0,0.0,9.3,0.0,0.0,0.0,53.111999999999995,0.0,0.0,22.716610479,0.6106559939,-0.550597123,0.0,8.0,0.0,0.0
