PtID,Pt_CGMUseNumDays,Pt_FatherT1D,Pt_MotherT1D,Pt_SiblingT1D,Pt_ChildT1D,Pt_GrandchildT1D,Pt_GrandparentT1D,BldPrSys,BldPrDia,SMBGperDayPtMeterCombo,WeightKg,HeightCm,DirectLDL,age,diabDur,TotalDailyInsPerKg,LDL,HDL,TotChol,Triglyc,BUN,AlbCreatRat_mggNew,UnitsInsBasalOrLongAct,BGTestAvgNumMeter,BGTestAvgNumPtRep,TSH,HbA1c,AutonomicNeuroCl,Pt_InsGov,NumPumpBolusOrShortAct,HbA1cImputeDtMnC,Pt_SHFlg,Pt_DKAFlg,bmi,bmiPerc,bmiZscore,GFR,diagAgeCombo,Pt_A1cGoalLev,Pt_A1cGoalLevelDsYr5
22392,0.0,0.0,0.0,0.0,0.0,0.0,0.0,111.0,58.0,7.0,27.7,132.3,0.0,8,4.0,0.3971119134,0.0,0.0,0.0,0.0,0.0,0.0,0.0,0.0,7.0,0.0,8.6,0.0,0.0,0.0,0.0,0.0,0.0,15.825596216,0.5140427702,0.0352072769,0.0,4.0,0.0,0.0
22392,0.0,0.0,0.0,0.0,0.0,0.0,0.0,101.0,60.0,8.0,30.2,135.8,0.0,9,5.0,0.8278145695,0.0,0.0,0.0,0.0,0.0,0.0,0.0,0.0,8.0,0.0,0.0,0.0,0.0,0.0,0.0,0.0,0.0,16.375983915,0.5488316016,0.1227099343,0.0,4.0,6.0,0.0
22392,0.0,0.0,0.0,0.0,0.0,0.0,0.0,110.0,72.0,0.0,30.8,137.6,0.0,10,6.0,0.0,0.0,0.0,0.0,0.0,0.0,0.0,0.0,0.0,0.0,0.0,11.0,0.0,0.0,0.0,19.22,0.0,0.0,16.267239048,0.4258373528,-0.186982051,0.0,4.0,0.0,0.0
22392,0.0,0.0,0.0,0.0,0.0,0.0,0.0,102.0,68.0,0.0,31.0,138.2,0.0,11,7.0,0.6774193548,0.0,0.0,0.0,0.0,0.0,0.0,0.0,0.0,0.0,0.0,0.0,0.0,0.0,0.0,0.0,0.0,0.0,16.231012333,0.3148343798,-0.482193126,0.0,4.0,0.0,0.0
22392,0.0,0.0,0.0,0.0,0.0,0.0,0.0,121.0,83.0,3.0,32.4,140.7,0.0,12,8.0,1.0185185184999999,0.0,0.0,0.0,0.0,30.0,0.0,10.0,0.0,3.0,0.0,11.3,0.0,0.0,4.0,41.826,0.0,0.0,16.366537704000002,0.2406609898,-0.70417792,0.0,4.0,0.0,0.0
22392,0.0,0.0,0.0,0.0,0.0,0.0,0.0,108.0,73.0,5.0,39.0,143.6,0.0,13,9.0,0.8717948718,0.0,0.0,0.0,0.0,21.0,0.0,12.0,0.0,5.0,1.2,9.4,0.0,0.0,5.0,56.896,0.0,0.0,18.912795525,0.5721833775,0.1819356266,0.0,4.0,0.0,0.0
22392,0.0,0.0,0.0,0.0,0.0,0.0,0.0,116.0,74.0,5.0,43.0,149.7,0.0,14,10.0,0.5813953488,0.0,0.0,0.0,0.0,0.0,0.0,11.0,0.0,5.0,0.0,9.9,0.0,0.0,3.0,69.444,1.0,0.0,19.187785502,0.5090752268,0.0227501825,0.0,4.0,0.0,0.0
