PtID,Pt_CGMUseNumDays,Pt_FatherT1D,Pt_MotherT1D,Pt_SiblingT1D,Pt_ChildT1D,Pt_GrandchildT1D,Pt_GrandparentT1D,BldPrSys,BldPrDia,SMBGperDayPtMeterCombo,WeightKg,HeightCm,DirectLDL,age,diabDur,TotalDailyInsPerKg,LDL,HDL,TotChol,Triglyc,BUN,AlbCreatRat_mggNew,UnitsInsBasalOrLongAct,BGTestAvgNumMeter,BGTestAvgNumPtRep,TSH,HbA1c,AutonomicNeuroCl,Pt_InsGov,NumPumpBolusOrShortAct,HbA1cImputeDtMnC,Pt_SHFlg,Pt_DKAFlg,bmi,bmiPerc,bmiZscore,GFR,diagAgeCombo,Pt_A1cGoalLev,Pt_A1cGoalLevelDsYr5
22418,0.0,0.0,0.0,0.0,0.0,0.0,0.0,114.0,65.0,2.0,27.4,128.9,0.0,10,7.0,0.5839416058,63.0,36.0,120.0,106.0,10.0,10.9,0.0,2.0,0.0,0.0,11.0,0.0,0.0,0.0,0.0,0.0,0.0,16.490914048,0.4728269774,-0.068165419,0.0,2.0,0.0,0.0
22418,0.0,0.0,0.0,0.0,0.0,0.0,0.0,108.0,63.0,6.0,32.7,137.2,0.0,12,9.0,0.5504587156,0.0,0.0,0.0,0.0,0.0,30.9,13.0,6.0,0.0,2.94,11.5,0.0,0.0,0.0,17.427,0.0,0.0,17.371588369,0.4262580254,-0.185909094,0.0,2.0,0.0,0.0
22418,0.0,0.0,0.0,0.0,0.0,0.0,0.0,117.0,69.0,4.0,39.4,147.3,0.0,13,10.0,0.7360406090999999,74.0,29.0,135.0,159.0,7.0,39.0,16.0,4.0,4.0,3.82,13.3,0.0,0.0,0.0,32.664,0.0,0.0,18.158949804000002,0.45294516939999996,-0.118223792,0.0,2.0,0.0,0.0
22418,0.0,0.0,0.0,0.0,0.0,0.0,0.0,129.0,79.0,4.0,45.6,154.5,0.0,14,11.0,0.7456140351,66.0,29.0,129.0,170.0,14.0,104.0,18.0,4.0,0.0,2.0780000000000003,10.4,0.0,0.0,0.0,43.452,0.0,0.0,19.103277092,0.4960799642,-0.009826231,0.0,2.0,0.0,0.0
22418,0.0,0.0,0.0,0.0,0.0,0.0,0.0,139.0,69.0,5.0,78.0,159.0,0.0,15,12.0,0.4871794872,83.0,36.0,151.0,161.0,9.0,40.0,20.0,5.0,0.0,2.41,11.9,0.0,0.0,0.0,53.909,0.0,0.0,30.85320992,0.9828679537,2.1169499869,0.0,2.0,0.0,0.0
22418,0.0,0.0,0.0,0.0,0.0,0.0,0.0,122.0,68.0,2.0,48.9,162.0,0.0,16,13.0,0.6134969325,58.0,27.0,116.0,157.0,12.0,16.9,24.3,2.0,0.0,1.761,12.1,0.0,0.0,0.0,67.618,0.0,0.0,18.632830361,0.21238003309999998,-0.798190299,0.0,2.0,0.0,0.0
