PtID,Pt_CGMUseNumDays,Pt_FatherT1D,Pt_MotherT1D,Pt_SiblingT1D,Pt_ChildT1D,Pt_GrandchildT1D,Pt_GrandparentT1D,BldPrSys,BldPrDia,SMBGperDayPtMeterCombo,WeightKg,HeightCm,DirectLDL,age,diabDur,TotalDailyInsPerKg,LDL,HDL,TotChol,Triglyc,BUN,AlbCreatRat_mggNew,UnitsInsBasalOrLongAct,BGTestAvgNumMeter,BGTestAvgNumPtRep,TSH,HbA1c,AutonomicNeuroCl,Pt_InsGov,NumPumpBolusOrShortAct,HbA1cImputeDtMnC,Pt_SHFlg,Pt_DKAFlg,bmi,bmiPerc,bmiZscore,GFR,diagAgeCombo,Pt_A1cGoalLev,Pt_A1cGoalLevelDsYr5
22452,8.0,0.0,0.0,0.0,0.0,0.0,0.0,104.0,68.0,10.0,45.359237,152.4,0.0,12,10.0,0.6393405603,0.0,0.0,0.0,0.0,0.0,0.0,0.0,0.0,10.0,0.0,8.4,0.0,0.0,8.0,0.0,1.0,0.0,19.529710546,0.7376467679,0.6361073361999999,0.0,2.0,0.0,0.0
22452,0.0,0.0,0.0,0.0,0.0,0.0,0.0,112.0,72.0,7.0,50.0,158.75,0.0,13,11.0,1.0,0.0,0.0,0.0,0.0,0.0,0.0,0.0,7.0,10.0,0.0,9.3,0.0,0.0,0.0,10.191,0.0,0.0,19.84003968,0.6916432184,0.5005134850999999,0.0,2.0,7.0,0.0
22452,0.0,0.0,0.0,0.0,0.0,0.0,0.0,114.0,64.0,3.0,58.05982336,165.608,1.0,14,12.0,0.8956279401,88.0,0.0,0.0,0.0,0.0,0.0,22.0,3.0,0.0,1.19,8.7,0.0,0.0,0.0,20.282,0.0,0.0,21.169621127,0.7488675261,0.6709302764,0.0,2.0,0.0,0.0
22452,0.0,0.0,0.0,0.0,0.0,0.0,0.0,110.0,58.0,3.0,66.67807839,171.196,1.0,15,13.0,0.8848485353,128.0,0.0,0.0,0.0,0.0,3.1,27.0,3.0,0.0,1.58,8.9,0.0,0.0,0.0,38.141,0.0,0.0,22.750756854000002,0.8110019342,0.8815944978,0.0,2.0,0.0,0.0
22452,0.0,0.0,0.0,0.0,0.0,0.0,0.0,110.0,60.0,4.0,72.12118683,172.72,0.0,16,14.0,0.859664167,105.0,78.0,193.0,51.0,0.0,3.2,28.0,4.0,0.0,0.0,7.9,0.0,0.0,0.0,51.12,0.0,0.0,24.175619196,0.8497870094,1.0355203214,0.0,2.0,0.0,0.0
22452,0.0,0.0,0.0,0.0,0.0,0.0,0.0,118.0,58.0,2.0,74.84274105,172.72,0.0,18,16.0,0.8284036518000001,100.0,67.0,0.0,57.0,0.0,0.0,29.0,2.0,0.0,1.51,9.9,0.0,0.0,0.0,69.743,0.0,0.0,25.087906713000002,0.8198474715,0.9147839602,0.0,2.0,0.0,0.0
