PtID,Pt_CGMUseNumDays,Pt_FatherT1D,Pt_MotherT1D,Pt_SiblingT1D,Pt_ChildT1D,Pt_GrandchildT1D,Pt_GrandparentT1D,BldPrSys,BldPrDia,SMBGperDayPtMeterCombo,WeightKg,HeightCm,DirectLDL,age,diabDur,TotalDailyInsPerKg,LDL,HDL,TotChol,Triglyc,BUN,AlbCreatRat_mggNew,UnitsInsBasalOrLongAct,BGTestAvgNumMeter,BGTestAvgNumPtRep,TSH,HbA1c,AutonomicNeuroCl,Pt_InsGov,NumPumpBolusOrShortAct,HbA1cImputeDtMnC,Pt_SHFlg,Pt_DKAFlg,bmi,bmiPerc,bmiZscore,GFR,diagAgeCombo,Pt_A1cGoalLev,Pt_A1cGoalLevelDsYr5
22458,0.0,0.0,0.0,0.0,0.0,0.0,0.0,98.0,81.0,13.0,26.1,125.0,0.0,8,1.0,1.4559386973,95.0,95.0,169.0,97.0,0.0,0.0,0.0,0.0,13.0,0.0,8.4,0.0,0.0,5.0,0.0,0.0,0.0,16.704,0.669777608,0.4392991582,0.0,6.0,0.0,0.0
22458,0.0,0.0,0.0,0.0,0.0,0.0,0.0,96.0,67.0,11.0,28.304163888,128.524,0.0,8,2.0,0.7066098147,0.0,0.0,0.0,0.0,0.0,0.0,0.0,11.0,11.0,0.0,8.5,0.0,0.0,7.0,6.772,0.0,0.0,17.134911407,0.7330252714,0.6219884584,0.0,6.0,6.0,0.0
22458,0.0,0.0,0.0,0.0,0.0,0.0,0.0,97.0,71.0,10.0,34.563738594,137.922,0.0,10,4.0,0.6654372743,0.0,0.0,0.0,0.0,0.0,0.0,17.0,10.0,0.0,0.0,8.3,0.0,0.0,5.0,33.427,0.0,0.0,18.169945283,0.6960658826,0.5131187809000001,0.0,6.0,0.0,0.0
22458,0.0,0.0,0.0,0.0,0.0,0.0,0.0,99.0,67.0,10.0,37.0,144.8,0.0,11,5.0,0.972972973,42.0,63.0,120.0,75.0,0.0,0.0,19.0,10.0,0.0,1.128,9.6,0.0,0.0,6.0,44.647,0.0,0.0,17.646744605,0.5318212504,0.0798488153,0.0,6.0,0.0,0.0
22458,0.0,0.0,0.0,0.0,0.0,0.0,0.0,114.0,72.0,4.0,44.1,149.6,0.0,12,6.0,1.3832199546000001,0.0,0.0,0.0,0.0,0.0,0.0,25.0,4.0,0.0,0.0,8.4,0.0,0.0,5.0,57.195,0.0,0.0,19.704952958,0.7038585990999999,0.5355308921999999,0.0,6.0,0.0,0.0
22458,0.0,0.0,0.0,0.0,0.0,0.0,0.0,101.0,66.0,3.0,47.3,157.9,0.0,13,6.0,0.0,50.0,57.0,117.0,82.0,0.0,0.0,34.0,3.0,7.0,1.541,8.5,0.0,0.0,5.0,61.145,0.0,0.0,18.971290782,0.5361574799000001,0.0907578027,0.0,6.0,0.0,0.0
