PtID,Pt_CGMUseNumDays,Pt_FatherT1D,Pt_MotherT1D,Pt_SiblingT1D,Pt_ChildT1D,Pt_GrandchildT1D,Pt_GrandparentT1D,BldPrSys,BldPrDia,SMBGperDayPtMeterCombo,WeightKg,HeightCm,DirectLDL,age,diabDur,TotalDailyInsPerKg,LDL,HDL,TotChol,Triglyc,BUN,AlbCreatRat_mggNew,UnitsInsBasalOrLongAct,BGTestAvgNumMeter,BGTestAvgNumPtRep,TSH,HbA1c,AutonomicNeuroCl,Pt_InsGov,NumPumpBolusOrShortAct,HbA1cImputeDtMnC,Pt_SHFlg,Pt_DKAFlg,bmi,bmiPerc,bmiZscore,GFR,diagAgeCombo,Pt_A1cGoalLev,Pt_A1cGoalLevelDsYr5
22474,0.0,0.0,0.0,0.0,0.0,0.0,0.0,122.0,82.0,5.0,47.8,146.4,0.0,13,2.0,2.1966527197,0.0,0.0,0.0,0.0,0.0,0.0,0.0,5.0,7.0,0.0,9.4,0.0,1.0,0.0,-0.1,0.0,0.0,22.302099196999997,0.8381029234,0.9866909802,0.0,11.0,0.0,0.0
22474,0.0,0.0,0.0,0.0,0.0,0.0,0.0,115.0,75.0,6.0,50.0,152.3,1.0,14,2.0,0.66,69.0,44.0,168.0,273.0,0.0,58.0,0.0,0.0,6.0,0.0,6.6,0.0,1.0,0.0,8.033,0.0,0.0,21.556100398,0.741830549,0.6489991866,0.0,11.0,0.0,0.0
22474,0.0,0.0,0.0,0.0,0.0,0.0,0.0,99.0,65.0,0.0,62.6,154.8,0.0,15,3.0,0.0,0.0,0.0,0.0,0.0,0.0,11.0,28.0,0.0,0.0,1.349,6.9,0.0,0.0,0.0,23.136999999999997,0.0,0.0,26.123563621,0.9172682926000001,1.3869289972,0.0,11.0,0.0,0.0
22474,0.0,0.0,0.0,0.0,0.0,0.0,0.0,112.0,65.0,8.0,58.2,155.8,0.0,16,5.0,0.0,0.0,0.0,0.0,0.0,0.0,11.0,25.0,8.0,0.0,0.0,6.4,0.0,0.0,0.0,36.249,0.0,0.0,23.976626496999998,0.8185278673999999,0.9097691540999999,0.0,11.0,0.0,0.0
22474,0.0,0.0,0.0,0.0,0.0,0.0,0.0,129.0,84.0,0.0,63.4,156.6,0.0,17,5.0,0.0,87.0,54.0,159.0,92.0,0.0,11.0,26.0,0.0,0.0,1.382,7.1,0.0,0.0,0.0,45.278,0.0,0.0,25.852690229,0.8750159398,1.1504268166,0.0,11.0,0.0,0.0
22474,0.0,0.0,0.0,0.0,0.0,0.0,0.0,111.0,72.0,5.0,66.1,155.7,0.0,18,7.0,0.0,0.0,0.0,0.0,0.0,0.0,10.0,0.0,5.0,0.0,0.0,6.9,0.0,0.0,0.0,59.817,0.0,0.0,27.26617604,0.9008188612000001,1.286231509,0.0,11.0,0.0,0.0
