PtID,Pt_CGMUseNumDays,Pt_FatherT1D,Pt_MotherT1D,Pt_SiblingT1D,Pt_ChildT1D,Pt_GrandchildT1D,Pt_GrandparentT1D,BldPrSys,BldPrDia,SMBGperDayPtMeterCombo,WeightKg,HeightCm,DirectLDL,age,diabDur,TotalDailyInsPerKg,LDL,HDL,TotChol,Triglyc,BUN,AlbCreatRat_mggNew,UnitsInsBasalOrLongAct,BGTestAvgNumMeter,BGTestAvgNumPtRep,TSH,HbA1c,AutonomicNeuroCl,Pt_InsGov,NumPumpBolusOrShortAct,HbA1cImputeDtMnC,Pt_SHFlg,Pt_DKAFlg,bmi,bmiPerc,bmiZscore,GFR,diagAgeCombo,Pt_A1cGoalLev,Pt_A1cGoalLevelDsYr5
22471,0.0,0.0,0.0,0.0,0.0,0.0,0.0,123.0,65.0,8.0,20.1,115.9,0.0,7,6.0,0.4975124378,49.0,70.0,135.0,80.0,0.0,6.0,0.0,0.0,8.0,0.0,7.5,0.0,0.0,7.0,-3.0210000000000004,0.0,0.0,14.963362096,0.34046470590000005,-0.411195194,0.0,1.0,0.0,0.0
22471,0.0,0.0,0.0,0.0,0.0,0.0,0.0,108.0,59.0,8.0,24.7,127.1,0.0,9,7.0,0.3643724696,0.0,0.0,147.0,0.0,0.0,0.0,0.0,0.0,8.0,0.0,7.5,0.0,0.0,0.0,19.054000000000002,0.0,0.0,15.289942499,0.2969072947,-0.533316382,0.0,1.0,0.0,0.0
22471,0.0,0.0,0.0,0.0,0.0,0.0,0.0,115.0,59.0,5.0,26.9,133.0,0.0,10,8.0,0.4832713755,0.0,0.0,136.0,0.0,0.0,10.0,5.0,0.0,5.0,1.85,7.6,0.0,0.0,0.0,33.693000000000005,0.0,0.0,15.20719091,0.199358253,-0.843915715,0.0,1.0,0.0,0.0
22471,0.0,0.0,0.0,0.0,0.0,0.0,0.0,115.0,60.0,8.0,29.3,136.7,0.0,11,9.0,0.614334471,38.0,80.0,134.0,79.0,0.0,4.6,6.0,8.0,0.0,2.15,7.0,0.0,0.0,0.0,43.552,0.0,0.0,15.679441575999999,0.2079778273,-0.81345776,0.0,1.0,0.0,0.0
22471,0.0,0.0,0.0,0.0,0.0,0.0,0.0,117.0,71.0,5.0,35.5,146.5,0.0,13,11.0,0.6478873239,43.0,83.0,137.0,55.0,13.0,2.3,7.0,5.0,0.0,2.34,8.8,0.0,0.0,0.0,68.249,0.0,0.0,16.540670247,0.17750152019999998,-0.924928616,0.0,1.0,0.0,0.0
22471,25.0,0.0,0.0,0.0,0.0,0.0,0.0,121.0,71.0,5.0,40.0,153.6,0.0,14,12.0,1.0,37.0,79.0,132.0,82.0,0.0,2.6,10.0,5.0,7.0,2.75,8.7,0.0,0.0,0.0,79.668,0.0,0.0,16.954210069000002,0.1529150929,-1.024010774,0.0,1.0,0.0,0.0
