PtID,Pt_CGMUseNumDays,Pt_FatherT1D,Pt_MotherT1D,Pt_SiblingT1D,Pt_ChildT1D,Pt_GrandchildT1D,Pt_GrandparentT1D,BldPrSys,BldPrDia,SMBGperDayPtMeterCombo,WeightKg,HeightCm,DirectLDL,age,diabDur,TotalDailyInsPerKg,LDL,HDL,TotChol,Triglyc,BUN,AlbCreatRat_mggNew,UnitsInsBasalOrLongAct,BGTestAvgNumMeter,BGTestAvgNumPtRep,TSH,HbA1c,AutonomicNeuroCl,Pt_InsGov,NumPumpBolusOrShortAct,HbA1cImputeDtMnC,Pt_SHFlg,Pt_DKAFlg,bmi,bmiPerc,bmiZscore,GFR,diagAgeCombo,Pt_A1cGoalLev,Pt_A1cGoalLevelDsYr5
2248,0.0,0.0,0.0,0.0,0.0,0.0,0.0,114.0,64.0,10.0,39.0,127.7,0.0,6,0.0,0.4615384615,0.0,0.0,0.0,0.0,0.0,0.0,0.0,10.0,6.0,0.0,6.5,0.0,1.0,0.0,0.0,0.0,0.0,23.915684335,0.9945348677,2.5449204175999998,0.0,6.0,0.0,0.0
2248,0.0,0.0,0.0,0.0,0.0,0.0,1.0,104.0,68.0,7.0,35.652360282,132.08,0.0,7,1.0,0.5048754096,0.0,0.0,0.0,0.0,0.0,0.0,0.0,7.0,6.0,0.0,6.6,0.0,1.0,5.0,12.017000000000001,0.0,0.0,20.436859822,0.9657448262,1.8216352569999998,0.0,6.0,0.0,0.0
2248,0.0,0.0,0.0,0.0,0.0,0.0,0.0,103.0,65.0,5.0,45.903547843999995,145.034,0.0,9,3.0,0.7406834896,0.0,0.0,0.0,0.0,0.0,0.0,11.0,5.0,0.0,2.718,9.8,0.0,0.0,5.0,37.311,0.0,0.0,21.82260558,0.9509827997,1.6544584412,0.0,6.0,0.0,0.0
2248,0.0,0.0,0.0,0.0,0.0,0.0,0.0,96.0,67.0,4.0,50.8,150.2,0.0,10,4.0,1.0236220472,0.0,0.0,0.0,0.0,0.0,0.0,19.0,4.0,0.0,2.3930000000000002,9.3,0.0,0.0,4.0,46.407,0.0,0.0,22.517690571,0.9423873986,1.5751353636,0.0,6.0,0.0,0.0
2248,0.0,0.0,0.0,0.0,0.0,0.0,0.0,106.0,68.0,0.0,59.8,156.7,0.0,11,5.0,0.0,88.0,63.0,0.0,76.0,0.0,0.0,29.0,0.0,0.0,0.0,9.7,0.0,0.0,0.0,63.867,0.0,0.0,24.353601258,0.9538085944,1.6829601232,0.0,6.0,0.0,0.0
