PtID,Pt_CGMUseNumDays,Pt_FatherT1D,Pt_MotherT1D,Pt_SiblingT1D,Pt_ChildT1D,Pt_GrandchildT1D,Pt_GrandparentT1D,BldPrSys,BldPrDia,SMBGperDayPtMeterCombo,WeightKg,HeightCm,DirectLDL,age,diabDur,TotalDailyInsPerKg,LDL,HDL,TotChol,Triglyc,BUN,AlbCreatRat_mggNew,UnitsInsBasalOrLongAct,BGTestAvgNumMeter,BGTestAvgNumPtRep,TSH,HbA1c,AutonomicNeuroCl,Pt_InsGov,NumPumpBolusOrShortAct,HbA1cImputeDtMnC,Pt_SHFlg,Pt_DKAFlg,bmi,bmiPerc,bmiZscore,GFR,diagAgeCombo,Pt_A1cGoalLev,Pt_A1cGoalLevelDsYr5
2251,0.0,0.0,0.0,0.0,0.0,0.0,0.0,122.0,78.0,8.0,0.0,0.0,0.0,30,1.0,0.0,99.0,64.0,172.0,43.0,15.4,0.0,0.0,8.0,6.0,0.0,7.2,0.0,0.0,6.0,0.033,0.0,0.0,0.0,0.0,0.0,0.0,28.0,0.0,0.0
2251,6.0,0.0,0.0,0.0,0.0,0.0,0.0,110.0,72.0,4.0,85.27536556,175.26,0.0,31,3.0,0.5863358036999999,98.0,60.0,166.0,40.0,16.0,4.9,0.0,4.0,6.0,0.0,7.2,0.0,0.0,6.0,16.398,0.0,0.0,27.762461872,0.0,0.0380457846,0.0,28.0,6.4,0.0
2251,0.0,0.0,0.0,0.0,0.0,0.0,0.0,128.0,62.0,3.0,90.718474,172.72,0.0,33,4.0,0.7716179176000001,127.0,61.0,207.0,94.0,16.0,4.2,28.0,3.0,0.0,2.68,6.4,0.0,0.0,5.0,36.216,0.0,0.0,30.409583894,0.0,0.4217656501,77.0,28.0,0.0,0.0
2251,0.0,0.0,0.0,0.0,0.0,0.0,0.0,124.0,64.0,4.0,92.07925111,177.8,1.0,34,5.0,0.6733330175,121.0,60.0,196.0,77.0,13.0,4.2,28.0,4.0,0.0,4.21,6.4,0.0,0.0,5.0,46.938,0.0,0.0,29.127168299,0.0,0.23587004890000002,86.0,28.0,0.0,0.0
2251,0.0,0.0,0.0,0.0,0.0,0.0,0.0,110.0,70.0,4.0,93.4,177.8,0.0,36,7.0,0.8736616702,102.0,50.0,166.0,71.0,15.0,6.3,38.5,4.0,4.0,2.67,6.9,0.0,0.0,0.0,72.29899999999999,0.0,0.0,29.544957049,0.0,0.29643161030000004,76.0,28.0,0.0,0.0
