PtID,Pt_CGMUseNumDays,Pt_FatherT1D,Pt_MotherT1D,Pt_SiblingT1D,Pt_ChildT1D,Pt_GrandchildT1D,Pt_GrandparentT1D,BldPrSys,BldPrDia,SMBGperDayPtMeterCombo,WeightKg,HeightCm,DirectLDL,age,diabDur,TotalDailyInsPerKg,LDL,HDL,TotChol,Triglyc,BUN,AlbCreatRat_mggNew,UnitsInsBasalOrLongAct,BGTestAvgNumMeter,BGTestAvgNumPtRep,TSH,HbA1c,AutonomicNeuroCl,Pt_InsGov,NumPumpBolusOrShortAct,HbA1cImputeDtMnC,Pt_SHFlg,Pt_DKAFlg,bmi,bmiPerc,bmiZscore,GFR,diagAgeCombo,Pt_A1cGoalLev,Pt_A1cGoalLevelDsYr5
22527,13.0,0.0,0.0,0.0,0.0,0.0,0.0,115.0,63.0,8.0,69.4,168.5,0.0,15,7.0,0.5763688761,0.0,0.0,0.0,0.0,0.0,4.0,0.0,0.0,8.0,0.0,7.1,0.0,0.0,8.0,-0.332,1.0,0.0,24.443289982,0.8675208025,1.1147480708,0.0,8.0,0.0,0.0
22527,20.0,0.0,0.0,0.0,0.0,0.0,0.0,120.0,58.0,6.0,71.9,168.5,0.0,16,8.0,0.347705146,0.0,0.0,0.0,0.0,0.0,0.0,0.0,0.0,6.0,0.0,8.1,0.0,0.0,10.0,13.842,0.0,0.0,25.323811956,0.8762683304000001,1.1565326826,0.0,8.0,8.0,0.0
22527,0.0,0.0,0.0,0.0,0.0,0.0,0.0,124.0,67.0,0.0,79.3,168.4,1.0,17,9.0,0.0,131.0,39.0,190.0,101.0,0.0,33.0,27.0,0.0,0.0,2.83,8.1,0.0,0.0,0.0,25.959,0.0,0.0,27.963338054,0.9271197582999999,1.4546705716,0.0,8.0,0.0,0.0
22527,0.0,0.0,0.0,0.0,0.0,0.0,0.0,125.0,65.0,0.0,78.6,168.9,0.0,18,10.0,0.0,0.0,0.0,0.0,0.0,0.0,33.0,26.0,0.0,0.0,0.0,7.8,0.0,0.0,0.0,36.05,0.0,0.0,27.552641846,0.9075473073999999,1.3258017135,0.0,8.0,0.0,0.0
22527,0.0,0.0,0.0,0.0,0.0,0.0,0.0,114.0,56.0,10.0,77.4,169.4,0.0,19,11.0,0.0,0.0,0.0,0.0,0.0,0.0,0.0,20.0,10.0,0.0,0.0,7.7,0.0,0.0,0.0,47.137,0.0,0.0,26.972061961999998,0.8799313048999999,1.1746434552,0.0,8.0,0.0,0.0
22527,30.0,0.0,0.0,0.0,0.0,0.0,0.0,110.0,59.0,6.0,78.0,169.0,0.0,20,12.0,0.6025641025999999,0.0,0.0,0.0,0.0,0.0,0.0,22.0,0.0,6.0,0.0,7.1,0.0,0.0,0.0,58.29,0.0,0.0,27.309968138000002,0.877280272,0.0687632146,0.0,8.0,0.0,0.0
22527,0.0,0.0,0.0,0.0,0.0,0.0,0.0,120.0,61.0,8.0,80.7,169.4,0.0,21,12.0,0.0,116.0,42.0,170.0,62.0,0.0,0.0,21.0,8.0,0.0,2.126,7.7,0.0,0.0,0.0,69.71,0.0,0.0,28.122033595999998,0.0,0.17826070489999998,0.0,8.0,0.0,0.0
