PtID,Pt_CGMUseNumDays,Pt_FatherT1D,Pt_MotherT1D,Pt_SiblingT1D,Pt_ChildT1D,Pt_GrandchildT1D,Pt_GrandparentT1D,BldPrSys,BldPrDia,SMBGperDayPtMeterCombo,WeightKg,HeightCm,DirectLDL,age,diabDur,TotalDailyInsPerKg,LDL,HDL,TotChol,Triglyc,BUN,AlbCreatRat_mggNew,UnitsInsBasalOrLongAct,BGTestAvgNumMeter,BGTestAvgNumPtRep,TSH,HbA1c,AutonomicNeuroCl,Pt_InsGov,NumPumpBolusOrShortAct,HbA1cImputeDtMnC,Pt_SHFlg,Pt_DKAFlg,bmi,bmiPerc,bmiZscore,GFR,diagAgeCombo,Pt_A1cGoalLev,Pt_A1cGoalLevelDsYr5
22522,0.0,0.0,0.0,0.0,0.0,0.0,0.0,117.0,68.0,5.0,52.2,154.8,1.0,12,9.0,1.091954023,87.0,0.0,0.0,0.0,15.0,5.0,0.0,5.0,4.0,0.0,8.3,0.0,0.0,27.0,0.0,0.0,0.0,21.783546662,0.8538160599,1.0529413345,0.0,2.0,0.0,0.0
22522,0.0,0.0,0.0,0.0,0.0,0.0,0.0,122.0,71.0,7.0,62.1,156.6,1.0,14,11.0,0.5636070853,79.0,0.0,0.0,0.0,0.0,5.0,0.0,7.0,7.0,0.0,7.6,0.0,0.0,0.0,20.183,0.0,0.0,25.322587748000004,0.9168311134,1.3840675462,0.0,2.0,6.5,0.0
22522,0.0,0.0,0.0,0.0,0.0,0.0,0.0,114.0,64.0,9.0,61.2,157.4,0.0,15,12.0,1.1274509804000001,0.0,0.0,0.0,0.0,0.0,0.0,24.0,9.0,0.0,0.0,8.0,0.0,0.0,0.0,30.871,0.0,0.0,24.702560186,0.8770645045000001,1.1604368496,0.0,2.0,0.0,0.0
22522,0.0,0.0,0.0,0.0,0.0,0.0,0.0,108.0,64.0,12.0,65.7,156.9,0.0,16,13.0,0.9893455098999999,0.0,0.0,0.0,0.0,0.0,0.0,24.0,12.0,0.0,0.0,8.8,0.0,0.0,0.0,42.622,0.0,0.0,26.688212219,0.9143483754999999,1.3680282011000002,0.0,2.0,0.0,0.0
22522,0.0,0.0,0.0,0.0,0.0,0.0,0.0,111.0,60.0,3.0,66.9,158.1,0.0,17,14.0,0.9865470852,81.0,58.0,151.0,62.0,9.0,0.0,24.0,3.0,5.0,3.27,9.5,0.0,0.0,6.0,55.967,0.0,0.0,26.764699881,0.9017104011,1.2913590659,0.0,2.0,0.0,0.0
