PtID,Pt_CGMUseNumDays,Pt_FatherT1D,Pt_MotherT1D,Pt_SiblingT1D,Pt_ChildT1D,Pt_GrandchildT1D,Pt_GrandparentT1D,BldPrSys,BldPrDia,SMBGperDayPtMeterCombo,WeightKg,HeightCm,DirectLDL,age,diabDur,TotalDailyInsPerKg,LDL,HDL,TotChol,Triglyc,BUN,AlbCreatRat_mggNew,UnitsInsBasalOrLongAct,BGTestAvgNumMeter,BGTestAvgNumPtRep,TSH,HbA1c,AutonomicNeuroCl,Pt_InsGov,NumPumpBolusOrShortAct,HbA1cImputeDtMnC,Pt_SHFlg,Pt_DKAFlg,bmi,bmiPerc,bmiZscore,GFR,diagAgeCombo,Pt_A1cGoalLev,Pt_A1cGoalLevelDsYr5
22625,0.0,0.0,0.0,0.0,0.0,0.0,0.0,144.0,76.0,1.0,83.91458845,180.34,0.0,24,2.0,0.7507633793,111.0,55.0,178.0,58.0,20.0,0.0,0.0,1.0,3.0,0.0,7.0,0.0,1.0,0.0,-8.564,0.0,0.0,25.801998063000003,0.0,-0.157402037,0.0,21.0,0.0,0.0
22625,0.0,0.0,0.0,0.0,0.0,0.0,0.0,128.0,84.0,0.0,87.54332741,185.0,0.0,25,4.0,0.2969957936,130.0,69.0,214.0,75.0,13.0,0.0,0.0,0.0,0.0,2.66,10.7,0.0,0.0,0.0,20.88,0.0,0.0,25.578766226,0.0,-0.20143344100000002,0.0,21.0,0.0,0.0
22625,0.0,0.0,0.0,0.0,0.0,0.0,0.0,138.0,88.0,0.0,87.08973504,180.0,0.0,26,5.0,0.2985426467,137.0,70.0,219.0,58.0,9.0,0.0,0.0,0.0,0.0,2.3,10.0,0.0,0.0,0.0,33.66,0.0,0.0,26.879547851999998,0.0,0.0551394667,0.0,21.0,0.0,0.0
22625,0.0,0.0,0.0,0.0,0.0,0.0,0.0,107.0,70.0,2.0,90.718474,180.3,0.0,27,6.0,0.0,0.0,0.0,0.0,0.0,14.0,0.0,0.0,2.0,0.0,1.7,9.6,0.0,0.0,0.0,47.867,0.0,0.0,27.906430061,0.0,0.2576870342,0.0,21.0,0.0,0.0
22625,0.0,0.0,0.0,0.0,0.0,0.0,0.0,137.0,86.0,0.0,91.17206637,180.3,0.0,28,7.0,0.0,0.0,0.0,0.0,0.0,14.0,0.0,0.0,0.0,0.0,1.3,10.9,0.0,0.0,0.0,57.394,0.0,0.0,28.045962211,0.0,0.2852090785,0.0,21.0,0.0,0.0
22625,0.0,0.0,0.0,0.0,0.0,0.0,0.0,140.0,84.0,6.0,91.17206637,180.3,0.0,29,7.0,0.526477044,0.0,0.0,0.0,0.0,14.0,0.0,24.0,6.0,0.0,2.05,0.0,0.0,0.0,0.0,0.0,0.0,0.0,28.045962211,0.0,0.2852090785,0.0,21.0,0.0,0.0
