PtID,Pt_CGMUseNumDays,Pt_FatherT1D,Pt_MotherT1D,Pt_SiblingT1D,Pt_ChildT1D,Pt_GrandchildT1D,Pt_GrandparentT1D,BldPrSys,BldPrDia,SMBGperDayPtMeterCombo,WeightKg,HeightCm,DirectLDL,age,diabDur,TotalDailyInsPerKg,LDL,HDL,TotChol,Triglyc,BUN,AlbCreatRat_mggNew,UnitsInsBasalOrLongAct,BGTestAvgNumMeter,BGTestAvgNumPtRep,TSH,HbA1c,AutonomicNeuroCl,Pt_InsGov,NumPumpBolusOrShortAct,HbA1cImputeDtMnC,Pt_SHFlg,Pt_DKAFlg,bmi,bmiPerc,bmiZscore,GFR,diagAgeCombo,Pt_A1cGoalLev,Pt_A1cGoalLevelDsYr5
22636,2.0,0.0,0.0,0.0,0.0,0.0,0.0,109.0,52.0,5.0,46.0,158.2,0.0,13,7.0,1.0869565217000001,95.0,73.0,190.0,109.0,13.0,11.5,0.0,5.0,6.0,0.0,8.2,0.0,0.0,6.0,-0.23199999999999998,0.0,0.0,18.379973181,0.4896483465,-0.02595066,0.0,5.0,0.0,0.0
22636,0.0,0.0,0.0,0.0,0.0,0.0,0.0,122.0,58.0,6.0,54.2,167.2,0.0,14,8.0,0.9225092251000001,99.0,62.0,174.0,67.0,0.0,9.0,0.0,6.0,6.0,0.0,8.4,0.0,0.0,0.0,11.917,0.0,0.0,19.387720061,0.5390353008,0.0980036457,0.0,5.0,6.6,0.0
22636,0.0,0.0,0.0,0.0,0.0,0.0,0.0,105.0,53.0,3.0,60.7,172.0,0.0,15,9.0,0.8566721582,90.0,57.0,163.0,81.0,10.0,3.1,28.0,3.0,0.0,1.69,7.6,0.0,0.0,0.0,25.66,0.0,0.0,20.517847485,0.5963542492,0.2439216496,0.0,5.0,0.0,0.0
22636,0.0,0.0,0.0,0.0,0.0,0.0,0.0,119.0,59.0,5.0,63.1,174.0,0.0,16,10.0,0.8716323295999999,83.0,45.0,146.0,89.0,0.0,3.1,30.0,5.0,0.0,0.93,7.6,0.0,0.0,0.0,36.846,0.0,0.0,20.841590699,0.5441796896,0.11096938890000001,0.0,5.0,0.0,0.0
22636,0.0,0.0,0.0,0.0,0.0,0.0,0.0,127.0,62.0,3.0,70.8,174.0,0.0,17,11.0,0.9745762712,79.0,43.0,154.0,161.0,15.0,3.1,36.0,3.0,0.0,1.72,9.8,0.0,0.0,0.0,49.295,0.0,0.0,23.384859294,0.7474342986,0.6664376522,0.0,5.0,0.0,0.0
22636,0.0,0.0,0.0,0.0,0.0,0.0,0.0,133.0,60.0,2.0,67.4,175.8,0.0,18,12.0,0.7418397626000001,97.0,43.0,186.0,230.0,0.0,3.1,41.0,2.0,3.0,1.52,10.3,0.0,0.0,0.0,63.668,0.0,0.0,21.808317186999997,0.491537161,-0.021214782999999997,0.0,5.0,0.0,0.0
22636,0.0,0.0,0.0,0.0,0.0,0.0,0.0,113.0,62.0,3.0,64.0,175.1,0.0,19,13.0,0.6609375,0.0,0.0,0.0,0.0,0.0,3.1,34.7,3.0,0.0,0.0,11.2,0.0,0.0,0.0,74.124,0.0,0.0,20.874096257999998,0.27498260469999997,-0.59781226,0.0,5.0,0.0,0.0
