PtID,Pt_CGMUseNumDays,Pt_FatherT1D,Pt_MotherT1D,Pt_SiblingT1D,Pt_ChildT1D,Pt_GrandchildT1D,Pt_GrandparentT1D,BldPrSys,BldPrDia,SMBGperDayPtMeterCombo,WeightKg,HeightCm,DirectLDL,age,diabDur,TotalDailyInsPerKg,LDL,HDL,TotChol,Triglyc,BUN,AlbCreatRat_mggNew,UnitsInsBasalOrLongAct,BGTestAvgNumMeter,BGTestAvgNumPtRep,TSH,HbA1c,AutonomicNeuroCl,Pt_InsGov,NumPumpBolusOrShortAct,HbA1cImputeDtMnC,Pt_SHFlg,Pt_DKAFlg,bmi,bmiPerc,bmiZscore,GFR,diagAgeCombo,Pt_A1cGoalLev,Pt_A1cGoalLevelDsYr5
22656,0.0,0.0,0.0,0.0,0.0,0.0,0.0,98.0,67.0,4.0,59.42060047,164.338,0.0,13,2.0,0.35341278670000004,0.0,41.0,122.0,0.0,0.0,6.5,0.0,4.0,4.0,0.0,7.3,0.0,0.0,0.0,0.0,0.0,0.0,22.001943325,0.8217432265000001,0.9220288125,0.0,11.0,0.0,0.0
22656,0.0,0.0,0.0,0.0,0.0,0.0,0.0,101.0,65.0,4.0,66.0,164.0,0.0,15,3.0,0.303030303,0.0,41.0,122.0,0.0,0.0,5.4,0.0,4.0,4.0,0.0,7.8,0.0,0.0,0.0,19.285999999999998,0.0,0.0,24.538964901999996,0.8711362043,1.1317784465,0.0,11.0,6.5,0.0
22656,0.0,0.0,0.0,0.0,0.0,0.0,0.0,110.0,74.0,4.0,73.0,165.0,0.0,16,4.0,0.5479452054999999,107.0,47.0,168.0,69.0,0.0,5.3,0.0,4.0,4.0,0.0,8.3,0.0,0.0,4.0,28.78,0.0,0.0,26.81359045,0.9170960615000001,1.3858003449,0.0,11.0,0.0,0.0
22656,0.0,0.0,0.0,0.0,0.0,0.0,0.0,103.0,69.0,4.0,72.0,165.0,0.0,17,5.0,0.7638888889,0.0,0.0,0.0,0.0,0.0,5.3,36.0,4.0,0.0,0.0,8.1,0.0,0.0,4.0,41.793,0.0,0.0,26.446280992,0.8932361557999999,1.2439235843,0.0,11.0,0.0,0.0
22656,0.0,0.0,0.0,0.0,0.0,0.0,0.0,109.0,78.0,4.0,71.3,167.4,0.0,17,6.0,0.7713884993000001,137.0,50.0,0.0,0.0,0.0,15.7,32.0,4.0,0.0,0.0,7.9,0.0,0.0,23.0,51.086999999999996,0.0,0.0,25.443603699,0.8603444487999999,1.0818681876,0.0,11.0,0.0,0.0
22656,15.0,0.0,0.0,0.0,0.0,0.0,0.0,115.0,71.0,2.0,77.3,167.4,0.0,19,7.0,0.6727037516,0.0,0.0,0.0,0.0,0.0,6.5,34.0,2.0,3.0,0.0,9.2,0.0,0.0,3.0,67.419,0.0,0.0,27.58472042,0.8964075358,1.2613440184,0.0,11.0,0.0,0.0
22656,0.0,0.0,0.0,0.0,0.0,0.0,0.0,119.0,81.0,1.0,78.9,166.3,0.0,20,8.0,0.6210392902,125.0,49.0,162.0,90.0,0.0,30.1,34.0,1.0,0.0,1.77,9.4,0.0,0.0,1.0,78.57300000000001,0.0,0.0,28.529391239000002,0.9066134620999999,0.2331880993,0.0,11.0,0.0,0.0
