PtID,Pt_CGMUseNumDays,Pt_FatherT1D,Pt_MotherT1D,Pt_SiblingT1D,Pt_ChildT1D,Pt_GrandchildT1D,Pt_GrandparentT1D,BldPrSys,BldPrDia,SMBGperDayPtMeterCombo,WeightKg,HeightCm,DirectLDL,age,diabDur,TotalDailyInsPerKg,LDL,HDL,TotChol,Triglyc,BUN,AlbCreatRat_mggNew,UnitsInsBasalOrLongAct,BGTestAvgNumMeter,BGTestAvgNumPtRep,TSH,HbA1c,AutonomicNeuroCl,Pt_InsGov,NumPumpBolusOrShortAct,HbA1cImputeDtMnC,Pt_SHFlg,Pt_DKAFlg,bmi,bmiPerc,bmiZscore,GFR,diagAgeCombo,Pt_A1cGoalLev,Pt_A1cGoalLevelDsYr5
22694,0.0,0.0,0.0,0.0,0.0,0.0,0.0,104.0,60.0,10.0,44.0,148.2,0.0,11,10.0,0.7727272727,0.0,0.0,0.0,0.0,18.0,0.0,0.0,0.0,10.0,0.0,8.8,0.0,1.0,4.0,0.0,0.0,1.0,20.033474114,0.8419923043,1.0026797749,0.0,0.0,0.0,0.0
22694,0.0,0.0,0.0,0.0,0.0,0.0,0.0,106.0,57.0,8.0,46.5,155.3,0.0,12,11.0,0.8602150538,0.0,0.0,0.0,0.0,0.0,0.0,0.0,0.0,8.0,0.0,8.3,0.0,1.0,0.0,12.581,0.0,0.0,19.280133709,0.7112109412000001,0.5569258128,0.0,0.0,0.0,0.0
22694,0.0,0.0,0.0,0.0,0.0,0.0,0.0,112.0,65.0,8.0,54.4,162.2,1.0,13,12.0,0.8639705882,49.0,55.0,0.0,52.0,0.0,8.0,20.0,0.0,8.0,2.08,7.9,0.0,0.0,0.0,25.162,0.0,0.0,20.677460504000003,0.7729048973,0.7484476248,0.0,0.0,0.0,0.0
22694,0.0,0.0,0.0,0.0,0.0,0.0,0.0,115.0,47.0,7.0,60.8,172.6,0.0,13,13.0,0.9210526316,37.0,54.0,102.0,50.0,0.0,8.0,22.0,7.0,8.0,2.32,7.5,0.0,0.0,34.0,35.851,0.0,0.0,20.409012727,0.7494148353,0.6726494575,0.0,0.0,0.0,0.0
22694,0.0,0.0,0.0,0.0,0.0,0.0,0.0,104.0,55.0,9.0,67.7,176.0,0.0,14,13.0,1.1225997046,0.0,0.0,0.0,0.0,0.0,8.0,23.0,9.0,9.0,0.0,7.7,0.0,0.0,0.0,46.075,0.0,0.0,21.855630165,0.8030249945,0.8524758973000001,0.0,0.0,0.0,0.0
22694,0.0,0.0,0.0,0.0,0.0,0.0,0.0,118.0,62.0,0.0,70.2,180.0,0.0,15,14.0,0.0,50.0,48.0,112.0,72.0,0.0,8.0,24.0,0.0,0.0,3.76,8.5,0.0,0.0,0.0,57.461000000000006,0.0,0.0,21.666666666999998,0.7249801986,0.5977007831000001,0.0,0.0,0.0,0.0
22694,0.0,0.0,0.0,0.0,0.0,0.0,0.0,104.0,52.0,10.0,72.8,180.4,0.0,16,15.0,0.8928571429000001,0.0,0.0,0.0,0.0,0.0,0.0,25.0,10.0,8.0,0.0,7.8,0.0,0.0,8.0,67.187,0.0,0.0,22.369604869,0.7213171919,0.5867589408,0.0,0.0,0.0,0.0
22694,0.0,0.0,0.0,0.0,0.0,0.0,0.0,107.0,51.0,9.0,74.3,181.3,0.0,17,16.0,0.0,53.0,48.0,113.0,60.0,0.0,0.0,24.7,0.0,9.0,1.75,7.0,0.0,0.0,0.0,79.768,0.0,0.0,22.604411540999997,0.6730838711,0.4484447416,0.0,0.0,0.0,0.0
