PtID,Pt_CGMUseNumDays,Pt_FatherT1D,Pt_MotherT1D,Pt_SiblingT1D,Pt_ChildT1D,Pt_GrandchildT1D,Pt_GrandparentT1D,BldPrSys,BldPrDia,SMBGperDayPtMeterCombo,WeightKg,HeightCm,DirectLDL,age,diabDur,TotalDailyInsPerKg,LDL,HDL,TotChol,Triglyc,BUN,AlbCreatRat_mggNew,UnitsInsBasalOrLongAct,BGTestAvgNumMeter,BGTestAvgNumPtRep,TSH,HbA1c,AutonomicNeuroCl,Pt_InsGov,NumPumpBolusOrShortAct,HbA1cImputeDtMnC,Pt_SHFlg,Pt_DKAFlg,bmi,bmiPerc,bmiZscore,GFR,diagAgeCombo,Pt_A1cGoalLev,Pt_A1cGoalLevelDsYr5
22714,30.0,0.0,0.0,1.0,0.0,0.0,0.0,126.0,78.0,3.0,100.24391377,175.26,0.0,37,26.0,0.41897805479999994,110.0,58.0,176.0,41.0,10.0,4.0,0.0,0.0,3.0,0.0,0.0,0.0,0.0,6.0,0.0,0.0,0.0,32.635659966,0.0,0.5431738582,0.0,11.0,0.0,0.0
22714,30.0,0.0,0.0,1.0,0.0,0.0,0.0,118.0,80.0,3.0,92.98643585,175.26,0.0,38,27.0,0.4839415511,96.0,53.0,160.0,56.0,13.0,2.9,0.0,0.0,3.0,0.0,5.6,0.0,0.0,0.0,10.091000000000001,1.0,0.0,30.272897254,0.0,0.2721681383,0.0,11.0,0.0,0.0
22714,0.0,0.0,0.0,0.0,0.0,0.0,0.0,130.0,76.0,0.0,98.88313666,175.26,0.0,40,29.0,0.0,87.0,64.0,160.0,45.0,14.0,0.0,14.0,0.0,0.0,0.0,5.7,0.0,0.0,0.0,25.228,0.0,0.0,32.192641958,0.0,0.320976373,0.0,11.0,0.0,0.0
22714,0.0,0.0,0.0,0.0,0.0,0.0,0.0,132.0,80.0,3.0,102.05828325,175.26,0.0,41,30.0,0.4605211699,80.0,58.0,147.0,45.0,14.0,0.0,14.0,3.0,0.0,2.04,6.3,0.0,0.0,9.0,37.344,0.0,0.0,33.226350645,0.0,0.41333070969999997,0.0,11.0,0.0,0.0
22714,0.0,0.0,0.0,0.0,0.0,0.0,0.0,114.0,78.0,4.0,99.33672903,175.26,1.0,42,31.0,0.4731381883,95.0,0.0,0.0,0.0,14.0,0.0,13.0,4.0,4.0,1.08,6.5,0.0,0.0,11.0,49.461000000000006,0.0,0.0,32.340314627,0.0,0.33416984969999997,0.0,11.0,0.0,0.0
22714,0.0,0.0,0.0,0.0,0.0,0.0,0.0,116.0,76.0,5.0,103.41906036,175.26,0.0,43,32.0,0.3867758986,57.0,57.0,122.0,39.0,19.0,0.0,13.0,5.0,5.0,1.86,6.5,0.0,0.0,4.0,61.61,0.0,0.0,33.669368653,0.0,0.45291113969999997,0.0,11.0,0.0,0.0
22714,30.0,0.0,0.0,0.0,0.0,0.0,0.0,115.0,75.0,4.0,99.79032140000001,175.26,0.0,43,32.0,0.0,0.0,0.0,0.0,0.0,0.0,0.0,12.0,4.0,3.0,0.0,6.7,0.0,0.0,0.0,65.66,0.0,0.0,32.487987297,0.0,0.3473633264,0.0,11.0,0.0,0.0
22714,0.0,0.0,0.0,0.0,0.0,0.0,0.0,118.0,77.0,4.0,102.96546799,175.26,0.0,44,33.0,0.3884797572,58.0,55.0,120.0,37.0,14.0,0.0,12.0,4.0,0.0,1.95,6.2,0.0,0.0,8.0,75.751,0.0,0.0,33.521695984000004,0.0,0.43971766310000004,0.0,11.0,0.0,0.0
