PtID,Pt_CGMUseNumDays,Pt_FatherT1D,Pt_MotherT1D,Pt_SiblingT1D,Pt_ChildT1D,Pt_GrandchildT1D,Pt_GrandparentT1D,BldPrSys,BldPrDia,SMBGperDayPtMeterCombo,WeightKg,HeightCm,DirectLDL,age,diabDur,TotalDailyInsPerKg,LDL,HDL,TotChol,Triglyc,BUN,AlbCreatRat_mggNew,UnitsInsBasalOrLongAct,BGTestAvgNumMeter,BGTestAvgNumPtRep,TSH,HbA1c,AutonomicNeuroCl,Pt_InsGov,NumPumpBolusOrShortAct,HbA1cImputeDtMnC,Pt_SHFlg,Pt_DKAFlg,bmi,bmiPerc,bmiZscore,GFR,diagAgeCombo,Pt_A1cGoalLev,Pt_A1cGoalLevelDsYr5
22720,0.0,0.0,0.0,0.0,0.0,0.0,0.0,147.0,77.0,4.0,89.35769689,175.26,0.0,23,6.0,0.6155037777000001,105.0,44.0,0.0,44.0,13.0,10.0,0.0,4.0,5.0,0.0,8.3,0.0,0.0,5.0,0.0,0.0,0.0,29.091515898,0.0,0.491439505,0.0,17.0,0.0,0.0
22720,0.0,0.0,0.0,0.0,0.0,0.0,0.0,142.0,70.0,0.0,91.17206637,177.8,0.0,25,8.0,0.0,123.0,47.0,0.0,175.0,15.0,11.0,0.0,0.0,0.0,0.0,7.6,0.0,0.0,6.0,23.27,0.0,0.0,28.840201124,0.0,0.4418688769,0.0,17.0,0.0,0.0
22720,0.0,0.0,0.0,0.0,0.0,0.0,0.0,0.0,0.0,0.0,0.0,0.0,0.0,25,8.0,0.0,139.0,56.0,0.0,81.0,14.0,0.0,0.0,0.0,0.0,2.32,0.0,0.0,0.0,0.0,0.0,0.0,0.0,0.0,0.0,0.0,0.0,17.0,0.0,0.0
22720,0.0,0.0,0.0,0.0,0.0,0.0,0.0,125.0,72.0,5.0,0.0,0.0,0.0,26,9.0,0.0,0.0,0.0,0.0,0.0,0.0,2.4,23.0,5.0,0.0,0.0,9.5,0.0,0.0,4.0,44.216,0.0,0.0,0.0,0.0,0.0,0.0,17.0,0.0,0.0
22720,0.0,0.0,0.0,0.0,0.0,0.0,0.0,118.0,74.0,0.0,91.17206637,175.26,0.0,27,10.0,0.5593818593,125.0,43.0,0.0,110.0,17.0,2.4,24.0,0.0,0.0,1.89,8.1,0.0,0.0,0.0,51.419,0.0,0.0,29.682206576,0.0,0.6079503949,0.0,17.0,0.0,0.0
22720,30.0,0.0,0.0,0.0,0.0,0.0,0.0,134.0,75.0,2.0,95.25439770000001,175.26,0.0,28,11.0,0.7033795984000001,0.0,0.0,0.0,0.0,0.0,2.4,26.0,2.0,4.0,0.0,7.2,0.0,0.0,7.0,66.423,0.0,0.0,31.011260601999997,0.0,0.8700998972,0.0,17.0,0.0,0.0
