PtID,Pt_CGMUseNumDays,Pt_FatherT1D,Pt_MotherT1D,Pt_SiblingT1D,Pt_ChildT1D,Pt_GrandchildT1D,Pt_GrandparentT1D,BldPrSys,BldPrDia,SMBGperDayPtMeterCombo,WeightKg,HeightCm,DirectLDL,age,diabDur,TotalDailyInsPerKg,LDL,HDL,TotChol,Triglyc,BUN,AlbCreatRat_mggNew,UnitsInsBasalOrLongAct,BGTestAvgNumMeter,BGTestAvgNumPtRep,TSH,HbA1c,AutonomicNeuroCl,Pt_InsGov,NumPumpBolusOrShortAct,HbA1cImputeDtMnC,Pt_SHFlg,Pt_DKAFlg,bmi,bmiPerc,bmiZscore,GFR,diagAgeCombo,Pt_A1cGoalLev,Pt_A1cGoalLevelDsYr5
22742,0.0,0.0,0.0,0.0,0.0,0.0,0.0,102.0,60.0,1.0,88.9,178.0,0.0,50,12.0,0.48368953880000004,75.0,68.0,0.0,152.0,9.0,0.0,0.0,1.0,1.0,0.0,6.8,1.0,0.0,6.0,0.0,0.0,0.0,28.058325969000002,0.0,-0.08492969199999999,0.0,37.0,0.0,0.0
22742,0.0,0.0,0.0,0.0,0.0,0.0,0.0,122.0,78.0,1.0,90.7,177.8,0.0,51,13.0,0.441014333,127.0,75.0,0.0,119.0,13.0,78.4,0.0,0.0,1.0,0.0,6.9,1.0,0.0,0.0,12.017000000000001,0.0,0.0,28.690873708,0.0,-0.001207924,0.0,37.0,7.0,0.0
22742,0.0,0.0,0.0,0.0,0.0,0.0,0.0,122.0,78.0,1.0,92.9,177.8,0.0,52,14.0,0.5382131324,128.0,74.0,0.0,99.0,16.0,0.0,33.0,1.0,0.0,2.23,6.8,1.0,0.0,7.0,23.701,0.0,0.0,29.386793466999997,0.0,0.0909015397,0.0,37.0,0.0,0.0
22742,0.0,0.0,0.0,0.0,0.0,0.0,0.0,120.0,80.0,7.0,91.4,177.6,0.0,53,15.0,0.5251641138,111.0,60.0,0.0,106.0,15.0,0.0,30.0,7.0,7.0,4.08,7.2,1.0,0.0,7.0,35.154,0.0,0.0,28.977457187,0.0,0.036723246,0.0,37.0,0.0,0.0
22742,0.0,0.0,0.0,0.0,0.0,0.0,0.0,120.0,90.0,0.0,92.0,177.6,0.0,54,16.0,0.5978260870000001,110.0,58.0,190.0,108.0,13.0,0.0,36.0,0.0,1.0,2.93,7.3,1.0,0.0,7.0,44.68,0.0,0.0,29.167681195,0.0,0.061900618899999996,78.0,37.0,0.0,0.0
22742,0.0,0.0,0.0,0.0,0.0,0.0,0.0,120.0,84.0,1.0,91.5,177.7,0.0,55,17.0,0.5792349727,94.0,62.0,177.0,104.0,12.0,0.0,37.0,1.0,1.0,2.33,6.8,1.0,0.0,6.0,57.394,0.0,0.0,28.976520784,0.0,0.0365993071,83.0,37.0,0.0,0.0
22742,28.0,0.0,0.0,0.0,0.0,0.0,0.0,128.0,78.0,2.0,93.0,177.3,0.0,55,18.0,0.0,0.0,62.0,201.0,95.0,13.0,0.0,0.0,2.0,3.0,4.44,6.8,1.0,0.0,0.0,67.618,0.0,0.0,29.584584714000002,0.0,0.1170804853,0.0,37.0,0.0,0.0
