PtID,Pt_CGMUseNumDays,Pt_FatherT1D,Pt_MotherT1D,Pt_SiblingT1D,Pt_ChildT1D,Pt_GrandchildT1D,Pt_GrandparentT1D,BldPrSys,BldPrDia,SMBGperDayPtMeterCombo,WeightKg,HeightCm,DirectLDL,age,diabDur,TotalDailyInsPerKg,LDL,HDL,TotChol,Triglyc,BUN,AlbCreatRat_mggNew,UnitsInsBasalOrLongAct,BGTestAvgNumMeter,BGTestAvgNumPtRep,TSH,HbA1c,AutonomicNeuroCl,Pt_InsGov,NumPumpBolusOrShortAct,HbA1cImputeDtMnC,Pt_SHFlg,Pt_DKAFlg,bmi,bmiPerc,bmiZscore,GFR,diagAgeCombo,Pt_A1cGoalLev,Pt_A1cGoalLevelDsYr5
22796,0.0,0.0,0.0,0.0,0.0,0.0,0.0,134.0,77.0,5.0,52.5,153.3,0.0,10,6.0,0.6857142856999999,83.0,71.0,0.0,64.0,9.0,0.0,0.0,5.0,7.0,0.0,8.2,0.0,0.0,5.0,0.0,0.0,0.0,22.33957948,0.9538590626000001,1.6834817222999998,0.0,4.0,0.0,0.0
22796,0.0,0.0,0.0,0.0,0.0,0.0,0.0,115.0,48.0,3.0,63.6,166.6,0.0,12,8.0,0.8018867925,0.0,68.0,162.0,83.0,0.0,0.0,23.0,3.0,0.0,6.96,8.3,0.0,0.0,0.0,26.954,0.0,0.0,22.914327796,0.9246877272,1.4373289534,0.0,4.0,0.0,0.0
22796,0.0,0.0,0.0,0.0,0.0,0.0,0.0,151.0,68.0,4.0,70.3,178.2,0.0,14,10.0,0.7965860597,0.0,0.0,130.0,92.0,0.0,0.0,25.0,4.0,0.0,2.44,9.0,0.0,0.0,0.0,49.028999999999996,0.0,0.0,22.138078629000002,0.8217361379000001,0.9220016323000001,0.0,4.0,0.0,0.0
22796,0.0,0.0,0.0,0.0,0.0,0.0,0.0,119.0,53.0,6.0,74.4,181.0,0.0,15,11.0,0.6720430108,50.0,67.0,128.0,57.0,0.0,0.0,25.0,0.0,6.0,1.32,6.3,0.0,0.0,0.0,61.278,0.0,0.0,22.709929489,0.8083048319,0.8716665083,0.0,4.0,0.0,0.0
22796,0.0,0.0,0.0,0.0,0.0,0.0,0.0,137.0,66.0,3.0,82.1,182.0,0.0,16,12.0,0.7673568819,0.0,0.0,0.0,0.0,0.0,0.0,23.0,0.0,3.0,1.32,7.3,0.0,0.0,0.0,72.498,0.0,0.0,24.785653906999997,0.8780127581,1.1651099645999998,0.0,4.0,0.0,0.0
