PtID,Pt_CGMUseNumDays,Pt_FatherT1D,Pt_MotherT1D,Pt_SiblingT1D,Pt_ChildT1D,Pt_GrandchildT1D,Pt_GrandparentT1D,BldPrSys,BldPrDia,SMBGperDayPtMeterCombo,WeightKg,HeightCm,DirectLDL,age,diabDur,TotalDailyInsPerKg,LDL,HDL,TotChol,Triglyc,BUN,AlbCreatRat_mggNew,UnitsInsBasalOrLongAct,BGTestAvgNumMeter,BGTestAvgNumPtRep,TSH,HbA1c,AutonomicNeuroCl,Pt_InsGov,NumPumpBolusOrShortAct,HbA1cImputeDtMnC,Pt_SHFlg,Pt_DKAFlg,bmi,bmiPerc,bmiZscore,GFR,diagAgeCombo,Pt_A1cGoalLev,Pt_A1cGoalLevelDsYr5
22802,0.0,0.0,0.0,0.0,0.0,0.0,0.0,111.0,61.0,3.0,52.9,161.5,0.0,13,1.0,0.9451795840999999,105.0,60.0,174.0,46.0,0.0,0.0,0.0,3.0,6.0,0.0,9.3,0.0,0.0,7.0,0.0,0.0,0.0,20.281992543,0.6898333004,0.4953778894,0.0,11.0,0.0,0.0
22802,0.0,0.0,0.0,0.0,0.0,0.0,0.0,114.0,62.0,3.0,58.150541833999995,164.592,0.0,14,2.0,0.0,0.0,0.0,0.0,0.0,0.0,0.0,0.0,3.0,0.0,0.0,7.5,0.0,0.0,0.0,10.257,0.0,0.0,21.465268278,0.7344744837999999,0.6264024051,0.0,11.0,0.0,0.0
22802,0.0,0.0,0.0,0.0,0.0,0.0,0.0,115.0,74.0,3.0,61.68856232,165.1,0.0,15,3.0,0.8591544041,0.0,0.0,0.0,0.0,0.0,0.0,26.0,3.0,0.0,1.2329999999999999,6.9,0.0,0.0,26.0,28.381999999999998,0.0,0.0,22.631352149,0.7733244483,0.749839952,0.0,11.0,0.0,0.0
22802,0.0,0.0,0.0,0.0,0.0,0.0,0.0,116.0,72.0,6.0,61.098892238999994,166.62400000000002,0.0,16,4.0,0.7528778070000001,0.0,0.0,0.0,0.0,0.0,0.0,24.0,6.0,0.0,2.16,6.5,0.0,0.0,7.0,38.606,0.0,0.0,22.00686728,0.6774193940000001,0.4604946482,0.0,11.0,0.0,0.0
22802,0.0,0.0,0.0,0.0,0.0,0.0,0.0,116.0,72.0,0.0,66.8,167.3,0.0,17,5.0,0.8982035928000001,104.0,72.0,0.0,48.0,0.0,0.0,0.0,0.0,0.0,2.035,7.3,0.0,0.0,0.0,46.971000000000004,0.0,0.0,23.866271706,0.7826351315000001,0.7811237118000001,0.0,11.0,0.0,0.0
22802,0.0,0.0,0.0,0.0,0.0,0.0,0.0,117.0,72.0,4.0,66.6,170.0,0.0,18,6.0,0.8108108108,0.0,0.0,0.0,0.0,0.0,0.0,30.0,0.0,4.0,1.7169999999999999,7.2,0.0,1.0,0.0,65.39399999999999,0.0,0.0,23.044982699000002,0.6912048392,0.4992683886,0.0,11.0,0.0,0.0
