PtID,Pt_CGMUseNumDays,Pt_FatherT1D,Pt_MotherT1D,Pt_SiblingT1D,Pt_ChildT1D,Pt_GrandchildT1D,Pt_GrandparentT1D,BldPrSys,BldPrDia,SMBGperDayPtMeterCombo,WeightKg,HeightCm,DirectLDL,age,diabDur,TotalDailyInsPerKg,LDL,HDL,TotChol,Triglyc,BUN,AlbCreatRat_mggNew,UnitsInsBasalOrLongAct,BGTestAvgNumMeter,BGTestAvgNumPtRep,TSH,HbA1c,AutonomicNeuroCl,Pt_InsGov,NumPumpBolusOrShortAct,HbA1cImputeDtMnC,Pt_SHFlg,Pt_DKAFlg,bmi,bmiPerc,bmiZscore,GFR,diagAgeCombo,Pt_A1cGoalLev,Pt_A1cGoalLevelDsYr5
22836,0.0,0.0,0.0,1.0,0.0,0.0,1.0,128.0,64.0,5.0,69.39963261,160.02,0.0,70,29.0,0.0,58.0,56.0,122.0,41.0,16.0,19.0,0.0,0.0,5.0,0.0,0.0,0.0,1.0,0.0,0.0,0.0,0.0,27.102455450999997,0.0,-0.142760837,0.0,41.0,0.0,0.0
22836,0.0,0.0,0.0,0.0,0.0,0.0,1.0,124.0,70.0,4.0,74.38914868,160.02,0.0,71,30.0,0.5377128346,0.0,0.0,0.0,0.0,21.0,0.0,0.0,0.0,4.0,0.0,9.0,0.0,1.0,0.0,15.535,0.0,0.0,29.050998,0.0,0.167168699,0.0,41.0,7.0,0.0
22836,0.0,0.0,0.0,0.0,0.0,0.0,0.0,130.0,70.0,3.0,77.1107029,160.02,1.0,72,31.0,0.0,68.0,0.0,0.0,0.0,25.0,0.0,24.0,3.0,3.0,3.38,9.7,0.0,0.0,4.0,27.651,0.0,0.0,30.11383939,0.0,0.3362211734,0.0,41.0,0.0,0.0
22836,0.0,0.0,0.0,0.0,0.0,0.0,0.0,140.0,60.0,4.0,74.38914868,160.02,0.0,74,33.0,0.5645984763,57.0,46.0,120.0,87.0,25.0,0.0,25.0,4.0,4.0,0.54,10.3,0.0,0.0,4.0,43.751000000000005,0.0,0.0,29.050998,0.0,0.167168699,54.0,41.0,0.0,0.0
22836,0.0,0.0,0.0,0.0,0.0,0.0,0.0,127.0,67.0,4.0,69.39963261,160.02,0.0,75,34.0,0.6484184182,0.0,0.0,0.0,0.0,0.0,0.0,26.0,4.0,4.0,0.0,0.0,0.0,0.0,4.0,0.0,0.0,0.0,27.102455450999997,0.0,-0.142760837,0.0,41.0,0.0,0.0
22836,0.0,0.0,0.0,0.0,0.0,0.0,0.0,157.0,75.0,5.0,72.12118683,158.75,0.0,76,35.0,0.0,56.0,64.0,133.0,67.0,20.0,0.0,25.0,5.0,4.0,2.54,9.1,0.0,1.0,3.0,68.017,0.0,0.0,28.61774417,0.0,0.09825659910000001,0.0,41.0,0.0,0.0
