PtID,Pt_CGMUseNumDays,Pt_FatherT1D,Pt_MotherT1D,Pt_SiblingT1D,Pt_ChildT1D,Pt_GrandchildT1D,Pt_GrandparentT1D,BldPrSys,BldPrDia,SMBGperDayPtMeterCombo,WeightKg,HeightCm,DirectLDL,age,diabDur,TotalDailyInsPerKg,LDL,HDL,TotChol,Triglyc,BUN,AlbCreatRat_mggNew,UnitsInsBasalOrLongAct,BGTestAvgNumMeter,BGTestAvgNumPtRep,TSH,HbA1c,AutonomicNeuroCl,Pt_InsGov,NumPumpBolusOrShortAct,HbA1cImputeDtMnC,Pt_SHFlg,Pt_DKAFlg,bmi,bmiPerc,bmiZscore,GFR,diagAgeCombo,Pt_A1cGoalLev,Pt_A1cGoalLevelDsYr5
22860,0.0,0.0,0.0,0.0,0.0,0.0,0.0,94.0,59.0,4.0,41.0,150.3,0.0,12,10.0,0.0,75.0,59.0,133.0,29.0,0.0,13.0,0.0,0.0,4.0,0.0,12.2,0.0,0.0,0.0,0.0,0.0,0.0,18.149551417999998,0.5110420686,0.027681896299999998,0.0,1.0,0.0,0.0
22860,0.0,0.0,0.0,0.0,0.0,0.0,0.0,114.0,72.0,1.0,46.629295636,153.924,0.0,12,11.0,1.4797564291,0.0,0.0,0.0,0.0,0.0,22.0,0.0,1.0,4.0,0.0,11.1,0.0,0.0,0.0,10.722000000000001,0.0,0.0,19.68095524,0.7014555093000001,0.5285913221999999,0.0,1.0,8.0,0.0
22860,0.0,0.0,0.0,0.0,0.0,0.0,0.0,114.0,70.0,2.0,55.79186151,156.464,0.0,14,13.0,0.0,91.0,53.0,154.0,51.0,0.0,0.0,27.0,2.0,2.0,0.0,10.3,0.0,0.0,0.0,35.385999999999996,0.0,0.0,22.789877691999997,0.8237825006999999,0.9298765640000001,0.0,1.0,0.0,0.0
22860,0.0,0.0,0.0,0.0,0.0,0.0,0.0,115.0,72.0,3.0,62.3,157.4,0.0,15,14.0,0.0,0.0,0.0,0.0,0.0,0.0,0.0,25.0,0.0,3.0,0.485,9.9,0.0,0.0,0.0,45.378,0.0,0.0,25.146560451,0.8916568877,1.2353877639,0.0,1.0,0.0,0.0
