PtID,Pt_CGMUseNumDays,Pt_FatherT1D,Pt_MotherT1D,Pt_SiblingT1D,Pt_ChildT1D,Pt_GrandchildT1D,Pt_GrandparentT1D,BldPrSys,BldPrDia,SMBGperDayPtMeterCombo,WeightKg,HeightCm,DirectLDL,age,diabDur,TotalDailyInsPerKg,LDL,HDL,TotChol,Triglyc,BUN,AlbCreatRat_mggNew,UnitsInsBasalOrLongAct,BGTestAvgNumMeter,BGTestAvgNumPtRep,TSH,HbA1c,AutonomicNeuroCl,Pt_InsGov,NumPumpBolusOrShortAct,HbA1cImputeDtMnC,Pt_SHFlg,Pt_DKAFlg,bmi,bmiPerc,bmiZscore,GFR,diagAgeCombo,Pt_A1cGoalLev,Pt_A1cGoalLevelDsYr5
22867,0.0,0.0,0.0,1.0,0.0,0.0,0.0,102.0,64.0,5.0,25.5,125.6,0.0,6,0.0,0.7058823529000001,0.0,0.0,0.0,0.0,0.0,0.0,0.0,5.0,5.0,0.0,8.6,0.0,0.0,0.0,0.0,0.0,0.0,16.164448862,0.7228636553,0.5913697721,0.0,6.0,0.0,0.0
22867,0.0,0.0,0.0,1.0,0.0,0.0,0.0,88.0,59.0,6.0,33.5,131.9,0.0,7,1.0,0.8955223881000001,92.0,54.0,154.0,41.0,13.0,0.0,0.0,6.0,7.0,0.0,8.5,0.0,0.0,3.0,10.689,0.0,0.0,19.25551843,0.9393501304999999,1.5493411234999999,0.0,6.0,7.5,0.0
22867,0.0,0.0,0.0,0.0,0.0,0.0,0.0,107.0,59.0,4.0,41.4,137.8,0.0,8,2.0,0.7004830918000001,0.0,0.0,150.0,0.0,0.0,21.2,9.0,4.0,0.0,1.01,8.4,0.0,0.0,5.0,20.747,0.0,0.0,21.802279655,0.968530893,1.8596277252000002,0.0,6.0,0.0,0.0
22867,0.0,0.0,0.0,0.0,0.0,0.0,0.0,108.0,68.0,3.0,48.4,144.2,0.0,9,3.0,0.6818181818000001,0.0,0.0,0.0,0.0,0.0,21.2,11.0,3.0,0.0,1.69,8.6,0.0,0.0,4.0,33.593,0.0,0.0,23.27634796,0.9705302066,1.8886437028999998,0.0,6.0,0.0,0.0
22867,0.0,0.0,0.0,0.0,0.0,0.0,0.0,94.0,58.0,3.0,53.0,150.4,0.0,10,4.0,0.9433962264,0.0,0.0,0.0,0.0,0.0,21.2,17.0,3.0,0.0,1.06,9.1,0.0,0.0,0.0,45.842,0.0,0.0,23.430426664000002,0.9575520381,1.7229590875999998,0.0,6.0,0.0,0.0
22867,0.0,0.0,0.0,0.0,0.0,0.0,0.0,0.0,0.0,3.0,67.8,165.9,0.0,12,6.0,0.7669616519,85.0,65.0,162.0,58.0,12.0,31.0,39.0,3.0,6.0,2.27,10.2,0.0,0.0,2.0,69.378,0.0,0.0,24.634112578000003,0.9408762759999999,1.5621721144,0.0,6.0,0.0,0.0
22867,0.0,0.0,0.0,0.0,0.0,0.0,0.0,100.0,66.0,4.0,78.1,168.4,0.0,13,7.0,0.7682458387000001,0.0,0.0,0.0,0.0,19.0,2.6,37.0,4.0,0.0,0.95,9.7,0.0,0.0,2.0,81.693,0.0,0.0,27.540185397,0.9641311861,1.8007795846999999,0.0,6.0,0.0,0.0
