PtID,Pt_CGMUseNumDays,Pt_FatherT1D,Pt_MotherT1D,Pt_SiblingT1D,Pt_ChildT1D,Pt_GrandchildT1D,Pt_GrandparentT1D,BldPrSys,BldPrDia,SMBGperDayPtMeterCombo,WeightKg,HeightCm,DirectLDL,age,diabDur,TotalDailyInsPerKg,LDL,HDL,TotChol,Triglyc,BUN,AlbCreatRat_mggNew,UnitsInsBasalOrLongAct,BGTestAvgNumMeter,BGTestAvgNumPtRep,TSH,HbA1c,AutonomicNeuroCl,Pt_InsGov,NumPumpBolusOrShortAct,HbA1cImputeDtMnC,Pt_SHFlg,Pt_DKAFlg,bmi,bmiPerc,bmiZscore,GFR,diagAgeCombo,Pt_A1cGoalLev,Pt_A1cGoalLevelDsYr5
22886,0.0,0.0,0.0,0.0,0.0,0.0,0.0,104.0,62.0,7.0,57.0,168.3,0.0,13,6.0,1.7543859649000002,92.0,44.0,0.0,126.0,0.0,0.0,0.0,0.0,7.0,0.0,0.0,0.0,0.0,7.0,0.0,0.0,0.0,20.123643905,0.6738598976000001,0.4505967563,0.0,7.0,0.0,0.0
22886,0.0,0.0,0.0,0.0,0.0,0.0,0.0,108.0,62.0,5.0,62.0,171.0,0.0,14,7.0,0.0,0.0,0.0,0.0,0.0,0.0,0.0,0.0,5.0,0.0,0.0,7.9,0.0,0.0,12.0,13.675999999999998,0.0,0.0,21.203105229000002,0.7121101237,0.559559769,0.0,7.0,0.0,0.0
22886,0.0,0.0,0.0,0.0,0.0,0.0,0.0,106.0,62.0,11.0,61.9,172.7,0.0,15,8.0,0.4523424879,0.0,0.0,149.0,103.0,17.0,30.0,12.0,11.0,0.0,0.78,8.0,0.0,0.0,17.0,26.058000000000003,0.0,0.0,20.754198869,0.604605286,0.2652856374,0.0,7.0,0.0,0.0
22886,0.0,0.0,0.0,0.0,0.0,0.0,0.0,112.0,50.0,7.0,66.3,172.5,0.0,16,9.0,0.4524886878,88.0,61.0,164.0,77.0,16.0,29.9,14.0,7.0,0.0,0.21,8.5,0.0,0.0,8.0,37.876,0.0,0.0,22.281033395999998,0.7021254051000001,0.5305232552,0.0,7.0,0.0,0.0
22886,0.0,0.0,0.0,0.0,0.0,0.0,0.0,116.0,74.0,13.0,71.7,173.5,0.0,17,10.0,0.59972106,60.0,44.0,128.0,121.0,11.0,10.0,18.0,13.0,0.0,0.01,8.1,0.0,0.0,10.0,49.726000000000006,0.0,0.0,23.81881753,0.7796675829999999,0.7710710248999999,0.0,7.0,0.0,0.0
22886,0.0,0.0,0.0,0.0,0.0,0.0,0.0,104.0,31.0,4.0,80.2,172.9,0.0,18,11.0,0.680798005,0.0,0.0,0.0,0.0,0.0,5.0,20.1,4.0,0.0,0.01,8.6,0.0,0.0,10.0,62.538999999999994,0.0,0.0,26.827758099,0.8893249665999999,1.2229460687,0.0,7.0,0.0,0.0
