PtID,Pt_CGMUseNumDays,Pt_FatherT1D,Pt_MotherT1D,Pt_SiblingT1D,Pt_ChildT1D,Pt_GrandchildT1D,Pt_GrandparentT1D,BldPrSys,BldPrDia,SMBGperDayPtMeterCombo,WeightKg,HeightCm,DirectLDL,age,diabDur,TotalDailyInsPerKg,LDL,HDL,TotChol,Triglyc,BUN,AlbCreatRat_mggNew,UnitsInsBasalOrLongAct,BGTestAvgNumMeter,BGTestAvgNumPtRep,TSH,HbA1c,AutonomicNeuroCl,Pt_InsGov,NumPumpBolusOrShortAct,HbA1cImputeDtMnC,Pt_SHFlg,Pt_DKAFlg,bmi,bmiPerc,bmiZscore,GFR,diagAgeCombo,Pt_A1cGoalLev,Pt_A1cGoalLevelDsYr5
22880,0.0,0.0,0.0,0.0,0.0,0.0,0.0,122.0,57.0,7.0,68.9,166.8,0.0,13,5.0,0.6966618287,110.0,56.0,0.0,70.0,11.0,0.0,0.0,0.0,7.0,0.0,8.2,0.0,0.0,30.0,0.365,0.0,0.0,24.764361173,0.9440115901,1.5893702819,0.0,7.0,0.0,0.0
22880,0.0,0.0,0.0,0.0,0.0,0.0,0.0,0.0,0.0,6.0,92.5,173.8,0.0,15,8.0,0.8756756756999999,0.0,53.0,181.0,110.0,0.0,0.0,37.0,6.0,0.0,1.4,9.8,0.0,0.0,0.0,30.772,0.0,0.0,30.622608954,0.9819228101999999,2.0951869185,0.0,7.0,0.0,0.0
22880,0.0,0.0,0.0,0.0,0.0,0.0,0.0,129.0,43.0,6.0,94.5,175.0,0.0,17,9.0,0.7513227512999999,0.0,0.0,192.0,99.0,0.0,0.0,37.0,6.0,0.0,0.53,10.0,0.0,0.0,3.0,52.614,0.0,0.0,30.857142857,0.9770561656,1.9964251203,0.0,7.0,0.0,0.0
22880,0.0,0.0,0.0,0.0,0.0,0.0,0.0,128.0,58.0,6.0,95.8,174.5,0.0,18,10.0,0.6576200418,0.0,0.0,0.0,0.0,0.0,0.0,37.0,6.0,6.0,0.53,11.2,0.0,0.0,0.0,63.768,0.0,0.0,31.461153849000002,0.9768135733,1.9919836349000002,0.0,7.0,0.0,0.0
22880,0.0,0.0,0.0,0.0,0.0,0.0,0.0,122.0,69.0,4.0,103.8,175.9,0.0,19,11.0,0.6936416185,0.0,0.0,202.0,0.0,0.0,0.0,36.0,0.0,4.0,0.43700000000000006,10.0,0.0,0.0,0.0,74.954,0.0,0.0,33.547925862,0.9838154662999999,2.1398230779,0.0,7.0,0.0,0.0
