PtID,Pt_CGMUseNumDays,Pt_FatherT1D,Pt_MotherT1D,Pt_SiblingT1D,Pt_ChildT1D,Pt_GrandchildT1D,Pt_GrandparentT1D,BldPrSys,BldPrDia,SMBGperDayPtMeterCombo,WeightKg,HeightCm,DirectLDL,age,diabDur,TotalDailyInsPerKg,LDL,HDL,TotChol,Triglyc,BUN,AlbCreatRat_mggNew,UnitsInsBasalOrLongAct,BGTestAvgNumMeter,BGTestAvgNumPtRep,TSH,HbA1c,AutonomicNeuroCl,Pt_InsGov,NumPumpBolusOrShortAct,HbA1cImputeDtMnC,Pt_SHFlg,Pt_DKAFlg,bmi,bmiPerc,bmiZscore,GFR,diagAgeCombo,Pt_A1cGoalLev,Pt_A1cGoalLevelDsYr5
22905,0.0,0.0,0.0,0.0,0.0,0.0,0.0,134.0,72.0,1.0,142.79087808,186.69,0.0,20,3.0,0.0,134.0,45.0,192.0,64.0,15.0,16.0,0.0,0.0,1.0,0.0,9.3,0.0,1.0,4.0,0.0,0.0,0.0,40.969281996999996,0.9959175291,2.8342716329,0.0,17.0,0.0,0.0
22905,0.0,0.0,0.0,0.0,0.0,0.0,0.0,128.0,80.0,2.0,135.53340016,186.69,0.0,21,4.0,0.5164778565,145.0,0.0,207.0,105.0,0.0,0.0,0.0,0.0,2.0,0.0,9.5,0.0,0.0,0.0,12.68,0.0,0.0,38.886980498,0.0,2.4235476962,0.0,17.0,0.0,0.0
22905,0.0,0.0,0.0,0.0,0.0,0.0,0.0,128.0,78.0,2.0,130.36244714,185.42,0.0,22,5.0,0.5292935313,126.0,37.0,196.0,164.0,17.0,3.6,47.0,0.0,2.0,0.0,7.7,1.0,0.0,2.0,22.971,0.0,0.0,37.917469917,0.0,2.2323164058000002,168.5,17.0,0.0,0.0
22905,0.0,0.0,0.0,0.0,0.0,0.0,0.0,130.0,74.0,1.0,126.73370818,185.42,1.0,23,5.0,0.5286675579,118.0,0.0,0.0,0.0,0.0,8.6,48.0,0.0,1.0,2.09,7.5,1.0,0.0,3.0,30.805,0.0,0.0,36.862007985,0.0,2.0241316256,0.0,17.0,0.0,0.0
22905,0.0,0.0,0.0,0.0,0.0,0.0,0.0,128.0,74.0,1.0,122.28850295,185.674,0.0,24,7.0,0.4170465642,0.0,0.0,0.0,0.0,0.0,11.7,48.0,0.0,1.0,0.0,7.6,1.0,0.0,1.0,44.415,0.0,0.0,35.471817492,0.0,1.7499232499000001,0.0,17.0,0.0,0.0
22905,0.0,0.0,0.0,0.0,0.0,0.0,0.0,128.0,72.0,1.0,124.01215396,185.674,0.0,25,8.0,0.0,0.0,0.0,0.0,0.0,16.0,4.6,0.0,0.0,1.0,1.69,9.5,1.0,0.0,0.0,63.004,0.0,0.0,35.971791181,0.0,1.8485406508000002,164.2,17.0,0.0,0.0
22905,0.0,0.0,0.0,0.0,0.0,0.0,0.0,104.0,72.0,0.0,130.72532103,186.69,0.0,26,9.0,0.0,114.0,40.0,0.0,171.0,17.0,17.9,0.0,0.0,0.0,2.92,8.3,1.0,0.0,0.0,75.419,0.0,0.0,37.507455755,0.0,2.1514430881,136.3,17.0,0.0,0.0
