PtID,Pt_CGMUseNumDays,Pt_FatherT1D,Pt_MotherT1D,Pt_SiblingT1D,Pt_ChildT1D,Pt_GrandchildT1D,Pt_GrandparentT1D,BldPrSys,BldPrDia,SMBGperDayPtMeterCombo,WeightKg,HeightCm,DirectLDL,age,diabDur,TotalDailyInsPerKg,LDL,HDL,TotChol,Triglyc,BUN,AlbCreatRat_mggNew,UnitsInsBasalOrLongAct,BGTestAvgNumMeter,BGTestAvgNumPtRep,TSH,HbA1c,AutonomicNeuroCl,Pt_InsGov,NumPumpBolusOrShortAct,HbA1cImputeDtMnC,Pt_SHFlg,Pt_DKAFlg,bmi,bmiPerc,bmiZscore,GFR,diagAgeCombo,Pt_A1cGoalLev,Pt_A1cGoalLevelDsYr5
22935,0.0,1.0,0.0,0.0,0.0,0.0,0.0,110.0,70.0,5.0,69.85322498,149.86,0.0,41,34.0,0.5296820585,90.0,68.0,0.0,66.0,12.0,55.0,0.0,5.0,5.0,0.0,6.6,0.0,0.0,3.0,0.066,0.0,0.0,31.103911308,0.0,0.223706225,0.0,7.0,0.0,0.0
22935,0.0,1.0,0.0,0.0,0.0,0.0,0.0,130.0,60.0,5.0,0.0,0.0,0.0,43,36.0,0.0,106.0,66.0,0.0,73.0,12.0,23.9,0.0,0.0,5.0,0.0,6.4,0.0,0.0,6.0,24.432,0.0,0.0,0.0,0.0,0.0,0.0,7.0,6.0,0.0
22935,0.0,0.0,0.0,0.0,0.0,0.0,0.0,110.0,70.0,3.0,74.84274105,149.86,0.0,44,37.0,0.481008572,108.0,75.0,0.0,60.0,13.0,15.7,17.0,3.0,0.0,1.89,6.2,0.0,0.0,3.0,38.573,0.0,0.0,33.325619259,0.0,0.42219963689999995,106.0,7.0,0.0,0.0
22935,0.0,0.0,0.0,0.0,0.0,0.0,0.0,122.0,68.0,2.0,70.76040972,149.86,0.0,45,38.0,0.5228912629,62.0,70.0,0.0,69.0,10.0,172.2,17.0,2.0,0.0,1.22,6.3,0.0,0.0,7.0,48.83,0.0,0.0,31.507858208000002,0.0,0.2597959362,0.0,7.0,0.0,0.0
22935,0.0,0.0,0.0,0.0,0.0,0.0,0.0,142.0,82.0,2.0,65.77089365,149.86,0.0,46,39.0,0.48653740619999997,47.0,65.0,127.0,73.0,8.0,55.4,16.0,2.0,0.0,1.12,6.7,0.0,0.0,0.0,59.718,0.0,0.0,29.286150258000003,0.0,0.0613025244,102.0,7.0,0.0,0.0
22935,0.0,0.0,0.0,0.0,0.0,0.0,0.0,142.0,82.0,3.0,64.41011654,149.9,0.0,47,40.0,0.5744439226,43.0,79.0,133.0,54.0,14.0,115.1,0.0,3.0,4.0,1.07,7.0,0.0,0.0,5.0,72.73,0.0,0.0,28.664925623000002,0.0,0.0058006312,102.0,7.0,0.0,0.0
22935,0.0,0.0,0.0,0.0,0.0,0.0,0.0,118.0,62.0,4.0,64.41011654,149.86,0.0,47,40.0,0.5340775929,81.0,73.0,167.0,65.0,10.0,69.4,17.1,4.0,0.0,1.09,6.3,0.0,0.0,5.0,79.336,0.0,0.0,28.680229908,0.0,0.0071679575,87.0,7.0,0.0,0.0
