PtID,Pt_CGMUseNumDays,Pt_FatherT1D,Pt_MotherT1D,Pt_SiblingT1D,Pt_ChildT1D,Pt_GrandchildT1D,Pt_GrandparentT1D,BldPrSys,BldPrDia,SMBGperDayPtMeterCombo,WeightKg,HeightCm,DirectLDL,age,diabDur,TotalDailyInsPerKg,LDL,HDL,TotChol,Triglyc,BUN,AlbCreatRat_mggNew,UnitsInsBasalOrLongAct,BGTestAvgNumMeter,BGTestAvgNumPtRep,TSH,HbA1c,AutonomicNeuroCl,Pt_InsGov,NumPumpBolusOrShortAct,HbA1cImputeDtMnC,Pt_SHFlg,Pt_DKAFlg,bmi,bmiPerc,bmiZscore,GFR,diagAgeCombo,Pt_A1cGoalLev,Pt_A1cGoalLevelDsYr5
22942,0.0,0.0,0.0,0.0,0.0,0.0,0.0,105.0,69.0,8.0,26.9,120.5,0.0,6,4.0,0.8550185873999999,0.0,0.0,156.0,0.0,12.0,0.0,0.0,8.0,8.0,0.0,8.4,0.0,1.0,10.0,0.0,0.0,0.0,18.525851828,0.9549671418000001,1.6950511578999998,0.0,2.0,0.0,0.0
22942,0.0,0.0,0.0,0.0,0.0,0.0,0.0,112.0,70.0,10.0,32.8,129.0,0.0,7,4.0,0.7621951220000001,0.0,0.0,198.0,0.0,0.0,0.0,0.0,0.0,10.0,0.0,9.0,0.0,1.0,0.0,10.921,0.0,0.0,19.710353945,0.9642739954,1.8025939413999998,0.0,2.0,0.0,0.0
22942,0.0,0.0,0.0,0.0,0.0,0.0,0.0,117.0,71.0,10.0,38.6,138.7,0.0,8,6.0,0.0,0.0,0.0,198.0,0.0,0.0,3.8,0.0,0.0,10.0,1.79,10.7,0.0,0.0,0.0,31.369,0.0,0.0,20.064779087,0.9508761809999999,1.6534090713,0.0,2.0,0.0,0.0
22942,0.0,0.0,0.0,0.0,0.0,0.0,0.0,108.0,79.0,4.0,45.4,146.6,0.0,10,7.0,0.7709251101000001,0.0,0.0,0.0,0.0,0.0,0.0,16.0,4.0,12.0,0.0,9.9,0.0,0.0,6.0,47.203,0.0,0.0,21.124571692,0.9279888283,1.4609748504,0.0,2.0,0.0,0.0
22942,0.0,0.0,0.0,0.0,0.0,0.0,0.0,115.0,75.0,4.0,52.9,151.2,0.0,11,9.0,0.7939508506999999,120.0,40.0,181.0,105.0,0.0,17.7,20.0,4.0,0.0,1.54,10.4,0.0,0.0,7.0,60.714,0.0,0.0,23.139399793000003,0.9495011543999999,1.6400359554,0.0,2.0,0.0,0.0
22942,0.0,0.0,0.0,0.0,0.0,0.0,0.0,121.0,81.0,4.0,48.8,154.9,0.0,11,9.0,0.7889344262000001,99.0,32.0,150.0,97.0,0.0,17.7,20.7,4.0,8.0,2.18,10.4,0.0,1.0,4.0,67.187,0.0,0.0,20.338409460999998,0.8601987083,1.081212535,0.0,2.0,0.0,0.0
22942,0.0,0.0,0.0,0.0,0.0,0.0,0.0,114.0,74.0,0.0,54.9,158.5,0.0,12,10.0,0.0,0.0,0.0,0.0,0.0,0.0,17.7,22.0,0.0,0.0,0.0,11.7,0.0,0.0,0.0,77.145,0.0,0.0,21.853138154,0.8909198376,1.2314347018,0.0,2.0,0.0,0.0
