PtID,Pt_CGMUseNumDays,Pt_FatherT1D,Pt_MotherT1D,Pt_SiblingT1D,Pt_ChildT1D,Pt_GrandchildT1D,Pt_GrandparentT1D,BldPrSys,BldPrDia,SMBGperDayPtMeterCombo,WeightKg,HeightCm,DirectLDL,age,diabDur,TotalDailyInsPerKg,LDL,HDL,TotChol,Triglyc,BUN,AlbCreatRat_mggNew,UnitsInsBasalOrLongAct,BGTestAvgNumMeter,BGTestAvgNumPtRep,TSH,HbA1c,AutonomicNeuroCl,Pt_InsGov,NumPumpBolusOrShortAct,HbA1cImputeDtMnC,Pt_SHFlg,Pt_DKAFlg,bmi,bmiPerc,bmiZscore,GFR,diagAgeCombo,Pt_A1cGoalLev,Pt_A1cGoalLevelDsYr5
22944,0.0,0.0,0.0,0.0,0.0,0.0,0.0,97.0,62.0,6.0,41.5,152.3,0.0,11,3.0,0.8433734940000001,86.0,67.0,161.0,40.0,0.0,0.0,0.0,6.0,8.0,0.0,8.3,0.0,0.0,5.0,0.033,0.0,0.0,17.89156333,0.5683643233,0.1722113778,0.0,8.0,0.0,0.0
22944,0.0,0.0,0.0,0.0,0.0,0.0,0.0,114.0,62.0,8.0,44.8,155.0,0.0,12,4.0,1.0267857143,0.0,0.0,0.0,0.0,0.0,0.0,0.0,0.0,8.0,0.0,7.8,0.0,0.0,0.0,6.772,0.0,0.0,18.647242456,0.5808087342,0.20396284809999998,0.0,8.0,7.0,0.0
22944,0.0,0.0,0.0,0.0,0.0,0.0,0.0,128.0,65.0,5.0,51.8,163.3,0.0,13,5.0,1.9305019305000002,86.0,67.0,0.0,40.0,0.0,0.0,69.0,5.0,0.0,1.3869999999999998,9.9,0.0,0.0,31.0,20.215999999999998,0.0,0.0,19.424837317,0.5948058509,0.23992513070000002,0.0,8.0,0.0,0.0
22944,0.0,0.0,0.0,0.0,0.0,0.0,0.0,128.0,66.0,5.0,59.8,168.0,0.0,14,6.0,1.1204013378,0.0,0.0,0.0,0.0,0.0,0.0,23.0,5.0,0.0,2.013,8.4,0.0,0.0,3.0,33.129,0.0,0.0,21.187641723,0.7107373459,0.5555400731,0.0,8.0,0.0,0.0
22944,0.0,0.0,0.0,0.0,0.0,0.0,0.0,102.0,60.0,7.0,60.8,168.6,0.0,15,7.0,0.8223684211,45.0,53.0,125.0,129.0,0.0,0.0,22.0,0.0,7.0,0.78,9.1,0.0,0.0,0.0,45.278,0.0,0.0,21.388899443,0.6713380447,0.4436109182,0.0,8.0,0.0,0.0
