PtID,Pt_CGMUseNumDays,Pt_FatherT1D,Pt_MotherT1D,Pt_SiblingT1D,Pt_ChildT1D,Pt_GrandchildT1D,Pt_GrandparentT1D,BldPrSys,BldPrDia,SMBGperDayPtMeterCombo,WeightKg,HeightCm,DirectLDL,age,diabDur,TotalDailyInsPerKg,LDL,HDL,TotChol,Triglyc,BUN,AlbCreatRat_mggNew,UnitsInsBasalOrLongAct,BGTestAvgNumMeter,BGTestAvgNumPtRep,TSH,HbA1c,AutonomicNeuroCl,Pt_InsGov,NumPumpBolusOrShortAct,HbA1cImputeDtMnC,Pt_SHFlg,Pt_DKAFlg,bmi,bmiPerc,bmiZscore,GFR,diagAgeCombo,Pt_A1cGoalLev,Pt_A1cGoalLevelDsYr5
22961,0.0,1.0,0.0,1.0,0.0,0.0,1.0,110.0,65.0,4.0,41.8,134.6,0.0,8,0.0,0.0,61.0,51.0,138.0,132.0,0.0,0.0,0.0,0.0,4.0,0.0,5.9,0.0,0.0,0.0,0.0,0.0,0.0,23.07204882,0.9848885286,2.1671562403999998,0.0,8.0,0.0,0.0
22961,0.0,0.0,0.0,1.0,0.0,0.0,1.0,107.0,48.0,6.0,47.9,139.0,0.0,9,0.0,0.6889352818000001,0.0,0.0,0.0,0.0,0.0,0.0,0.0,0.0,6.0,0.0,7.9,0.0,0.0,0.0,9.593,0.0,0.0,24.791677449,0.9851360281999999,2.1736963945,0.0,8.0,8.8,0.0
22961,0.0,0.0,0.0,0.0,0.0,0.0,0.0,120.0,61.0,3.0,56.2,146.3,0.0,10,1.0,0.8007117438,0.0,0.0,0.0,0.0,0.0,2.6,18.0,0.0,3.0,2.01,7.7,0.0,0.0,3.0,23.070999999999998,0.0,0.0,26.257154724,0.9847091568999999,2.1624736481,0.0,8.0,0.0,0.0
22961,0.0,0.0,0.0,0.0,0.0,0.0,0.0,127.0,63.0,3.0,59.1,149.9,0.0,11,2.0,0.9983079526,0.0,0.0,0.0,0.0,0.0,2.6,20.0,3.0,3.0,4.15,8.0,0.0,0.0,3.0,33.56,0.0,0.0,26.301723942,0.9791909119,2.03731809,0.0,8.0,0.0,0.0
22961,0.0,0.0,0.0,0.0,0.0,0.0,0.0,117.0,65.0,4.0,59.1,157.6,0.0,12,3.0,0.4906937394,0.0,0.0,0.0,0.0,0.0,2.6,3.0,4.0,4.0,0.0,8.5,0.0,0.0,3.0,44.946000000000005,0.0,0.0,23.794416244,0.9434858073000001,1.5847269525,0.0,8.0,0.0,0.0
22961,0.0,0.0,0.0,0.0,0.0,0.0,0.0,112.0,70.0,2.0,72.5,167.0,0.0,13,4.0,0.8689655172,0.0,0.0,0.0,0.0,0.0,2.6,0.0,2.0,7.0,0.0,8.4,0.0,0.0,0.0,58.423,0.0,0.0,25.995912367,0.9609171139,1.7614292842,0.0,8.0,0.0,0.0
22961,0.0,0.0,0.0,0.0,0.0,0.0,0.0,112.0,64.0,1.0,77.3,169.9,0.0,14,5.0,0.6985769728,47.0,35.0,144.0,310.0,0.0,2.6,35.0,0.0,1.0,3.94,8.8,0.0,0.0,2.0,72.133,0.0,0.0,26.778900167,0.9599095616,1.7496375457,0.0,8.0,0.0,0.0
