PtID,Pt_CGMUseNumDays,Pt_FatherT1D,Pt_MotherT1D,Pt_SiblingT1D,Pt_ChildT1D,Pt_GrandchildT1D,Pt_GrandparentT1D,BldPrSys,BldPrDia,SMBGperDayPtMeterCombo,WeightKg,HeightCm,DirectLDL,age,diabDur,TotalDailyInsPerKg,LDL,HDL,TotChol,Triglyc,BUN,AlbCreatRat_mggNew,UnitsInsBasalOrLongAct,BGTestAvgNumMeter,BGTestAvgNumPtRep,TSH,HbA1c,AutonomicNeuroCl,Pt_InsGov,NumPumpBolusOrShortAct,HbA1cImputeDtMnC,Pt_SHFlg,Pt_DKAFlg,bmi,bmiPerc,bmiZscore,GFR,diagAgeCombo,Pt_A1cGoalLev,Pt_A1cGoalLevelDsYr5
22971,0.0,0.0,0.0,0.0,0.0,0.0,0.0,113.0,71.0,2.0,0.0,0.0,0.0,26,16.0,0.0,104.0,54.0,178.0,99.0,4.0,9.9,0.0,2.0,4.0,0.0,7.1,0.0,1.0,5.0,0.0,0.0,0.0,0.0,0.0,0.0,0.0,9.0,0.0,0.0
22971,0.0,0.0,0.0,0.0,0.0,0.0,0.0,107.0,57.0,4.0,0.0,0.0,0.0,27,17.0,0.0,121.0,53.0,195.0,103.0,7.0,12.0,0.0,4.0,5.0,0.0,6.7,0.0,1.0,0.0,13.942,0.0,0.0,0.0,0.0,0.0,0.0,9.0,0.0,0.0
22971,0.0,0.0,0.0,0.0,0.0,0.0,0.0,108.0,67.0,4.0,0.0,0.0,0.0,28,19.0,0.0,107.0,50.0,187.0,151.0,11.0,9.9,19.0,4.0,0.0,2.1,7.0,0.0,0.0,0.0,28.846,0.0,0.0,0.0,0.0,0.0,0.0,9.0,0.0,0.0
22971,0.0,0.0,0.0,0.0,0.0,0.0,0.0,110.0,74.0,5.0,71.3,152.0,0.0,29,20.0,0.5329593268,117.0,45.0,182.0,99.0,10.0,3.9,19.0,5.0,0.0,2.347,5.9,0.0,0.0,0.0,39.501999999999995,0.0,0.0,30.860457064000002,0.0,0.5475049506,0.0,9.0,0.0,0.0
22971,0.0,0.0,0.0,0.0,0.0,0.0,0.0,113.0,76.0,4.0,0.0,0.0,0.0,30,20.0,0.0,0.0,0.0,0.0,0.0,11.0,11.0,16.0,4.0,0.0,2.184,6.4,0.0,0.0,0.0,48.797,0.0,0.0,0.0,0.0,0.0,0.0,9.0,0.0,0.0
22971,0.0,0.0,0.0,0.0,0.0,0.0,0.0,141.0,81.0,3.0,0.0,0.0,0.0,31,22.0,0.0,121.0,0.0,0.0,0.0,11.0,4.9,16.4,3.0,3.0,0.0,6.6,0.0,1.0,4.0,64.631,0.0,0.0,0.0,0.0,0.0,0.0,9.0,0.0,0.0
