PtID,Pt_CGMUseNumDays,Pt_FatherT1D,Pt_MotherT1D,Pt_SiblingT1D,Pt_ChildT1D,Pt_GrandchildT1D,Pt_GrandparentT1D,BldPrSys,BldPrDia,SMBGperDayPtMeterCombo,WeightKg,HeightCm,DirectLDL,age,diabDur,TotalDailyInsPerKg,LDL,HDL,TotChol,Triglyc,BUN,AlbCreatRat_mggNew,UnitsInsBasalOrLongAct,BGTestAvgNumMeter,BGTestAvgNumPtRep,TSH,HbA1c,AutonomicNeuroCl,Pt_InsGov,NumPumpBolusOrShortAct,HbA1cImputeDtMnC,Pt_SHFlg,Pt_DKAFlg,bmi,bmiPerc,bmiZscore,GFR,diagAgeCombo,Pt_A1cGoalLev,Pt_A1cGoalLevelDsYr5
22996,0.0,0.0,0.0,0.0,0.0,0.0,0.0,106.0,59.0,8.0,20.0,110.5,0.0,5,1.0,0.65,0.0,0.0,0.0,0.0,0.0,0.0,0.0,8.0,4.0,0.0,8.0,0.0,0.0,6.0,0.066,0.0,0.0,16.379681006,0.7687269014,0.7346606395999999,0.0,4.0,0.0,0.0
22996,0.0,0.0,0.0,0.0,0.0,0.0,0.0,103.0,66.0,7.0,23.1,118.1,0.0,6,2.0,0.6493506494,0.0,0.0,0.0,0.0,0.0,0.0,0.0,7.0,6.0,0.0,8.9,0.0,0.0,0.0,13.245,0.0,0.0,16.561977285,0.7870030238,0.7960655225,0.0,4.0,8.0,0.0
22996,0.0,0.0,0.0,0.0,0.0,0.0,0.0,105.0,56.0,5.0,27.0,126.8,0.0,7,3.0,0.8148148148000001,113.0,64.0,0.0,72.0,0.0,10.1,10.0,5.0,0.0,1.95,8.4,0.0,0.0,9.0,26.025,0.0,0.0,16.792882803,0.7776439098000001,0.7642602297,0.0,4.0,0.0,0.0
22996,0.0,0.0,0.0,0.0,0.0,0.0,0.0,97.0,66.0,5.0,32.8,134.2,0.0,9,4.0,0.8231707317,0.0,0.0,0.0,0.0,0.0,10.1,11.0,5.0,0.0,0.0,8.5,0.0,0.0,9.0,39.501999999999995,0.0,0.0,18.212468434,0.8179645343,0.9076353117,0.0,4.0,0.0,0.0
22996,0.0,0.0,0.0,0.0,0.0,0.0,0.0,123.0,67.0,4.0,36.4,139.5,0.0,9,5.0,0.7692307692,115.0,69.0,196.0,62.0,0.0,10.1,12.0,4.0,0.0,2.29,9.6,0.0,0.0,0.0,49.261,0.0,0.0,18.704795673,0.8573698359,1.0685769749,0.0,4.0,0.0,0.0
22996,0.0,0.0,0.0,0.0,0.0,0.0,0.0,0.0,0.0,3.0,0.0,0.0,0.0,10,6.0,0.0,0.0,0.0,0.0,0.0,0.0,10.1,0.0,0.0,3.0,0.0,8.7,0.0,0.0,0.0,61.343999999999994,0.0,0.0,0.0,0.0,0.0,0.0,4.0,0.0,0.0
22996,10.0,0.0,0.0,0.0,0.0,0.0,0.0,120.0,79.0,5.0,46.26642174,153.0,0.0,11,7.0,1.0158555218,81.0,69.0,0.0,27.0,0.0,10.1,0.0,5.0,5.0,1.81,8.3,0.0,0.0,7.0,74.357,0.0,0.0,19.76437342,0.8237405049,0.9297143738,0.0,4.0,0.0,0.0
