PtID,Pt_CGMUseNumDays,Pt_FatherT1D,Pt_MotherT1D,Pt_SiblingT1D,Pt_ChildT1D,Pt_GrandchildT1D,Pt_GrandparentT1D,BldPrSys,BldPrDia,SMBGperDayPtMeterCombo,WeightKg,HeightCm,DirectLDL,age,diabDur,TotalDailyInsPerKg,LDL,HDL,TotChol,Triglyc,BUN,AlbCreatRat_mggNew,UnitsInsBasalOrLongAct,BGTestAvgNumMeter,BGTestAvgNumPtRep,TSH,HbA1c,AutonomicNeuroCl,Pt_InsGov,NumPumpBolusOrShortAct,HbA1cImputeDtMnC,Pt_SHFlg,Pt_DKAFlg,bmi,bmiPerc,bmiZscore,GFR,diagAgeCombo,Pt_A1cGoalLev,Pt_A1cGoalLevelDsYr5
23013,0.0,0.0,0.0,0.0,0.0,0.0,0.0,94.0,60.0,6.0,50.7,135.5,0.0,12,11.0,0.8678500986,0.0,0.0,0.0,0.0,0.0,0.0,0.0,0.0,6.0,0.0,7.8,0.0,1.0,6.0,-2.324,0.0,0.0,27.614003077,0.9735694825,1.9360544299,0.0,0.0,0.0,0.0
23013,0.0,0.0,0.0,0.0,0.0,0.0,0.0,117.0,95.0,7.0,58.9,163.2,0.0,13,12.0,1.2054329371999999,0.0,0.0,0.0,0.0,0.0,0.0,0.0,0.0,7.0,0.0,7.4,0.0,0.0,0.0,10.855,0.0,0.0,22.114391100000002,0.8280677795,0.9465572414,0.0,0.0,7.0,0.0
23013,0.0,0.0,0.0,0.0,0.0,0.0,0.0,100.0,54.0,0.0,60.6,165.6,0.0,14,13.0,1.1551155116,0.0,0.0,0.0,0.0,0.0,2.0,19.0,0.0,0.0,0.0,8.0,0.0,0.0,0.0,22.971,0.0,0.0,22.09794861,0.7817466185999999,0.778105598,0.0,0.0,0.0,0.0
23013,0.0,0.0,0.0,0.0,0.0,0.0,0.0,110.0,64.0,0.0,62.9,167.7,0.0,15,14.0,0.9538950715000001,0.0,0.0,0.0,0.0,0.0,13.0,21.0,0.0,0.0,0.0,7.3,0.0,0.0,0.0,32.531,0.0,0.0,22.365804285,0.7544936023000001,0.6886988573,0.0,0.0,0.0,0.0
23013,0.0,0.0,0.0,0.0,0.0,0.0,0.0,127.0,66.0,1.0,66.9,168.7,0.0,15,15.0,0.9118086697,0.0,0.0,0.0,0.0,0.0,13.0,25.0,0.0,1.0,0.0,7.9,0.0,0.0,4.0,41.793,0.0,0.0,23.506932085,0.8255747254000001,0.9368211791,0.0,0.0,0.0,0.0
23013,0.0,0.0,0.0,0.0,0.0,0.0,0.0,112.0,59.0,2.0,65.2,170.2,0.0,16,16.0,0.7975460123,0.0,0.0,0.0,0.0,0.0,15.0,27.0,0.0,2.0,2.5,7.3,0.0,0.0,3.0,54.34,0.0,0.0,22.507563508,0.7211938073,0.5863916036,0.0,0.0,0.0,0.0
23013,0.0,0.0,0.0,0.0,0.0,0.0,0.0,126.0,72.0,4.0,63.2,170.3,0.0,17,17.0,0.8322784809999999,69.0,61.0,146.0,82.0,0.0,15.0,29.1,0.0,4.0,2.06,7.8,0.0,0.0,3.0,66.622,0.0,0.0,21.791532955,0.6077434396,0.2734424557,0.0,0.0,0.0,0.0
