PtID,Pt_CGMUseNumDays,Pt_FatherT1D,Pt_MotherT1D,Pt_SiblingT1D,Pt_ChildT1D,Pt_GrandchildT1D,Pt_GrandparentT1D,BldPrSys,BldPrDia,SMBGperDayPtMeterCombo,WeightKg,HeightCm,DirectLDL,age,diabDur,TotalDailyInsPerKg,LDL,HDL,TotChol,Triglyc,BUN,AlbCreatRat_mggNew,UnitsInsBasalOrLongAct,BGTestAvgNumMeter,BGTestAvgNumPtRep,TSH,HbA1c,AutonomicNeuroCl,Pt_InsGov,NumPumpBolusOrShortAct,HbA1cImputeDtMnC,Pt_SHFlg,Pt_DKAFlg,bmi,bmiPerc,bmiZscore,GFR,diagAgeCombo,Pt_A1cGoalLev,Pt_A1cGoalLevelDsYr5
23048,0.0,1.0,0.0,0.0,0.0,0.0,0.0,106.0,71.0,7.0,32.5,138.5,0.0,10,5.0,0.7384615385,0.0,0.0,157.0,0.0,0.0,20.0,0.0,7.0,7.0,0.0,8.3,0.0,0.0,7.0,-0.033,0.0,0.0,16.94274655,0.5179688065,0.0450563585,0.0,4.0,0.0,0.0
23048,0.0,1.0,0.0,0.0,0.0,0.0,0.0,0.0,0.0,6.0,43.2,145.3,0.0,11,6.0,0.625,0.0,0.0,171.0,0.0,0.0,4.8,0.0,0.0,6.0,0.0,8.3,0.0,0.0,5.0,15.104000000000001,0.0,0.0,20.462209094000002,0.8284186684999999,0.9479347694,0.0,4.0,7.0,0.0
23048,0.0,0.0,0.0,0.0,0.0,0.0,0.0,110.0,69.0,2.0,49.1,157.0,0.0,12,8.0,0.8350305498999999,102.0,73.0,197.0,108.0,0.0,3.8,27.0,2.0,0.0,3.64,11.2,0.0,0.0,3.0,33.228,0.0,0.0,19.919672198,0.7245856973999999,0.5965189395,0.0,4.0,0.0,0.0
23048,0.0,0.0,0.0,0.0,0.0,0.0,0.0,139.0,77.0,3.0,58.2,161.8,0.0,13,9.0,1.0137457045,0.0,0.0,184.0,0.0,0.0,0.0,29.0,3.0,7.0,2.09,10.2,0.0,0.0,5.0,45.07899999999999,0.0,0.0,22.231355838000002,0.8343958442,0.9716829295,0.0,4.0,0.0,0.0
23048,0.0,0.0,0.0,0.0,0.0,0.0,0.0,129.0,75.0,1.0,59.4,162.8,0.0,14,9.0,0.8080808081,0.0,0.0,163.0,0.0,0.0,7.6,30.0,1.0,5.0,2.28,10.2,0.0,0.0,3.0,54.606,0.0,0.0,22.411846735999998,0.8019719570999999,0.848685915,0.0,4.0,0.0,0.0
23048,0.0,0.0,0.0,0.0,0.0,0.0,0.0,144.0,80.0,1.0,67.5,164.0,0.0,15,10.0,0.7407407407,105.0,57.0,185.0,117.0,11.0,7.4,31.0,1.0,4.0,2.197,10.3,0.0,0.0,5.0,67.38600000000001,0.0,0.0,25.09666865,0.8901198284,1.2271656340000001,0.0,4.0,0.0,0.0
23048,0.0,0.0,0.0,0.0,0.0,0.0,0.0,125.0,85.0,0.0,68.7,165.0,0.0,16,12.0,0.0,0.0,0.0,0.0,0.0,0.0,7.4,0.0,0.0,0.0,0.0,8.9,0.0,0.0,0.0,82.72200000000001,0.0,0.0,25.23415978,0.8731429495,1.1413745255,0.0,4.0,0.0,0.0
