PtID,Pt_CGMUseNumDays,Pt_FatherT1D,Pt_MotherT1D,Pt_SiblingT1D,Pt_ChildT1D,Pt_GrandchildT1D,Pt_GrandparentT1D,BldPrSys,BldPrDia,SMBGperDayPtMeterCombo,WeightKg,HeightCm,DirectLDL,age,diabDur,TotalDailyInsPerKg,LDL,HDL,TotChol,Triglyc,BUN,AlbCreatRat_mggNew,UnitsInsBasalOrLongAct,BGTestAvgNumMeter,BGTestAvgNumPtRep,TSH,HbA1c,AutonomicNeuroCl,Pt_InsGov,NumPumpBolusOrShortAct,HbA1cImputeDtMnC,Pt_SHFlg,Pt_DKAFlg,bmi,bmiPerc,bmiZscore,GFR,diagAgeCombo,Pt_A1cGoalLev,Pt_A1cGoalLevelDsYr5
23083,0.0,0.0,0.0,0.0,0.0,0.0,0.0,111.0,67.0,6.0,58.5,165.6,0.0,12,0.0,0.6837606838,0.0,0.0,0.0,0.0,0.0,0.0,0.0,0.0,6.0,0.0,12.3,0.0,0.0,0.0,-1.959,0.0,0.0,21.332178114,0.829760607,0.9532196625,0.0,12.0,0.0,0.0
23083,0.0,0.0,0.0,0.0,0.0,0.0,0.0,124.0,69.0,5.0,66.6,168.8,0.0,14,1.0,0.8408408408,0.0,0.0,169.0,0.0,15.0,8.0,0.0,0.0,5.0,0.0,7.9,0.0,0.0,0.0,17.793,0.0,1.0,23.373801128,0.8526096112,1.0476914727,0.0,12.0,7.0,0.0
23083,0.0,0.0,0.0,0.0,0.0,0.0,0.0,135.0,74.0,4.0,72.2,169.7,0.0,15,2.0,0.8725761773,82.0,67.0,155.0,30.0,0.0,9.4,18.0,4.0,0.0,0.54,8.1,0.0,0.0,0.0,31.17,0.0,0.0,25.071107146,0.8893226657,1.2229338859,0.0,12.0,0.0,0.0
23083,0.0,0.0,0.0,0.0,0.0,0.0,0.0,135.0,67.0,5.0,72.2,169.2,0.0,16,3.0,0.7894736842,98.0,72.0,177.0,35.0,0.0,4.2,22.0,5.0,0.0,0.794,8.3,0.0,0.0,0.0,42.191,0.0,0.0,25.219500471999996,0.8726233927,1.1388799854,0.0,12.0,0.0,0.0
23083,0.0,0.0,0.0,0.0,0.0,0.0,0.0,128.0,65.0,5.0,73.3,170.0,0.0,16,4.0,0.8594815825,83.0,52.0,141.0,32.0,0.0,4.2,29.0,5.0,0.0,1.07,0.0,0.0,0.0,34.0,0.0,0.0,0.0,25.363321799,0.8776177,1.1631599806,0.0,12.0,0.0,0.0
