PtID,Pt_CGMUseNumDays,Pt_FatherT1D,Pt_MotherT1D,Pt_SiblingT1D,Pt_ChildT1D,Pt_GrandchildT1D,Pt_GrandparentT1D,BldPrSys,BldPrDia,SMBGperDayPtMeterCombo,WeightKg,HeightCm,DirectLDL,age,diabDur,TotalDailyInsPerKg,LDL,HDL,TotChol,Triglyc,BUN,AlbCreatRat_mggNew,UnitsInsBasalOrLongAct,BGTestAvgNumMeter,BGTestAvgNumPtRep,TSH,HbA1c,AutonomicNeuroCl,Pt_InsGov,NumPumpBolusOrShortAct,HbA1cImputeDtMnC,Pt_SHFlg,Pt_DKAFlg,bmi,bmiPerc,bmiZscore,GFR,diagAgeCombo,Pt_A1cGoalLev,Pt_A1cGoalLevelDsYr5
23113,0.0,0.0,0.0,0.0,0.0,0.0,0.0,106.0,69.0,4.0,70.8,168.2,0.0,12,0.0,0.0423728814,0.0,0.0,0.0,0.0,10.0,0.0,0.0,4.0,5.0,0.0,5.7,0.0,0.0,0.0,-0.033,0.0,0.0,25.025414227,0.9472686515000001,1.6189282718,0.0,12.0,0.0,0.0
23113,0.0,0.0,0.0,0.0,0.0,0.0,0.0,110.0,75.0,4.0,71.0,170.0,0.0,13,1.0,0.6478873239,0.0,0.0,0.0,0.0,0.0,3.2,16.0,4.0,4.0,2.3,8.7,0.0,0.0,3.0,12.581,0.0,0.0,24.567474048,0.9195094863,1.4017797495,0.0,12.0,0.0,0.0
23113,0.0,0.0,0.0,0.0,0.0,0.0,0.0,114.0,76.0,7.0,82.0,171.0,0.0,14,2.0,0.7317073170999999,0.0,0.0,0.0,0.0,0.0,3.2,23.0,7.0,7.0,2.99,8.9,0.0,0.0,4.0,23.701,0.0,0.0,28.042816593,0.9592752525,1.7423369866,0.0,12.0,0.0,0.0
23113,0.0,0.0,0.0,0.0,0.0,0.0,0.0,127.0,77.0,4.0,80.0,172.0,0.0,15,3.0,0.825,0.0,42.0,212.0,0.0,15.0,3.2,24.0,4.0,0.0,2.73,9.8,0.0,0.0,5.0,36.282,0.0,0.0,27.041644132,0.9350472566,1.5144746959,0.0,12.0,0.0,0.0
23113,0.0,0.0,0.0,0.0,0.0,0.0,0.0,116.0,75.0,3.0,81.0,172.2,0.0,16,4.0,0.3456790123,0.0,0.0,0.0,0.0,0.0,1.9,0.0,3.0,0.0,2.4,9.4,0.0,0.0,0.0,47.43600000000001,0.0,0.0,27.316101932,0.9270960973000001,1.4544997404,0.0,12.0,0.0,0.0
