PtID,Pt_CGMUseNumDays,Pt_FatherT1D,Pt_MotherT1D,Pt_SiblingT1D,Pt_ChildT1D,Pt_GrandchildT1D,Pt_GrandparentT1D,BldPrSys,BldPrDia,SMBGperDayPtMeterCombo,WeightKg,HeightCm,DirectLDL,age,diabDur,TotalDailyInsPerKg,LDL,HDL,TotChol,Triglyc,BUN,AlbCreatRat_mggNew,UnitsInsBasalOrLongAct,BGTestAvgNumMeter,BGTestAvgNumPtRep,TSH,HbA1c,AutonomicNeuroCl,Pt_InsGov,NumPumpBolusOrShortAct,HbA1cImputeDtMnC,Pt_SHFlg,Pt_DKAFlg,bmi,bmiPerc,bmiZscore,GFR,diagAgeCombo,Pt_A1cGoalLev,Pt_A1cGoalLevelDsYr5
23155,0.0,0.0,0.0,0.0,1.0,1.0,0.0,146.0,70.0,4.0,73.02837157,182.88,0.0,77,49.0,0.5751189447999999,48.0,49.0,107.0,46.0,20.0,0.0,0.0,4.0,4.0,0.0,8.1,0.0,1.0,0.0,0.033,1.0,0.0,21.835301374,0.0,-1.4427401119999999,0.0,28.0,0.0,0.0
23155,0.0,0.0,0.0,0.0,1.0,1.0,0.0,108.0,64.0,4.0,76.65711053,182.88,0.0,78,50.0,0.46962375380000004,43.0,48.0,101.0,48.0,26.0,11.6,0.0,0.0,4.0,0.0,8.0,0.0,1.0,0.0,12.415,0.0,0.0,22.920285293000003,0.0,-1.175829581,0.0,28.0,7.5,0.0
23155,0.0,0.0,0.0,0.0,0.0,0.0,0.0,107.0,64.0,0.0,78.47148001,187.96,0.0,80,52.0,0.0,0.0,0.0,0.0,0.0,0.0,0.0,8.0,0.0,0.0,0.0,7.4,0.0,0.0,0.0,41.56,0.0,0.0,22.211657647,0.0,-1.010316961,0.0,28.0,0.0,0.0
23155,0.0,0.0,0.0,0.0,0.0,0.0,0.0,145.0,69.0,4.0,79.37866475,187.96,0.0,81,53.0,0.2519568711,34.0,58.0,100.0,42.0,23.0,0.0,9.0,0.0,4.0,0.0,7.9,0.0,0.0,4.0,51.751000000000005,0.0,0.0,22.468439816999997,0.0,-0.9435966579999999,0.0,28.0,0.0,0.0
