PtID,Pt_CGMUseNumDays,Pt_FatherT1D,Pt_MotherT1D,Pt_SiblingT1D,Pt_ChildT1D,Pt_GrandchildT1D,Pt_GrandparentT1D,BldPrSys,BldPrDia,SMBGperDayPtMeterCombo,WeightKg,HeightCm,DirectLDL,age,diabDur,TotalDailyInsPerKg,LDL,HDL,TotChol,Triglyc,BUN,AlbCreatRat_mggNew,UnitsInsBasalOrLongAct,BGTestAvgNumMeter,BGTestAvgNumPtRep,TSH,HbA1c,AutonomicNeuroCl,Pt_InsGov,NumPumpBolusOrShortAct,HbA1cImputeDtMnC,Pt_SHFlg,Pt_DKAFlg,bmi,bmiPerc,bmiZscore,GFR,diagAgeCombo,Pt_A1cGoalLev,Pt_A1cGoalLevelDsYr5
23156,0.0,0.0,0.0,0.0,0.0,0.0,0.0,102.0,50.0,4.0,27.5,127.0,0.0,6,3.0,0.8363636364,0.0,0.0,0.0,0.0,10.0,0.0,0.0,0.0,4.0,0.0,9.4,0.0,0.0,0.0,0.0,0.0,0.0,17.0500341,0.8467003115999999,1.0223836056,0.0,3.0,0.0,0.0
23156,0.0,0.0,0.0,0.0,0.0,0.0,0.0,97.0,55.0,4.0,31.0,132.0,0.0,7,4.0,0.8387096773999999,0.0,0.0,0.0,0.0,0.0,0.0,0.0,0.0,4.0,0.0,9.6,0.0,0.0,0.0,13.145,0.0,0.0,17.791551882,0.8655457815,1.1055798000000001,0.0,3.0,8.0,0.0
23156,0.0,0.0,0.0,0.0,0.0,0.0,0.0,102.0,64.0,4.0,38.9,140.3,0.0,9,5.0,0.0,0.0,0.0,0.0,0.0,0.0,14.0,18.0,4.0,6.0,0.0,8.7,0.0,0.0,0.0,28.017,0.0,0.0,19.762153089,0.8881298569,1.2166424445,0.0,3.0,0.0,0.0
23156,0.0,0.0,0.0,0.0,0.0,0.0,0.0,104.0,53.0,7.0,45.7,148.6,0.0,10,6.0,0.8315098468000001,50.0,55.0,0.0,100.0,0.0,34.9,18.0,7.0,9.0,1.32,8.2,0.0,0.0,4.0,43.817,0.0,0.0,20.695626655999998,0.8878928085,1.2153978621,0.0,3.0,0.0,0.0
23156,0.0,0.0,0.0,0.0,0.0,0.0,0.0,108.0,60.0,4.0,53.3,156.0,0.0,11,7.0,1.1257035647,0.0,0.0,0.0,0.0,0.0,54.0,26.0,4.0,9.0,2.58,9.2,0.0,0.0,5.0,56.166000000000004,0.0,0.0,21.901709401999998,0.8973317041,1.2664931177,0.0,3.0,0.0,0.0
