PtID,Pt_CGMUseNumDays,Pt_FatherT1D,Pt_MotherT1D,Pt_SiblingT1D,Pt_ChildT1D,Pt_GrandchildT1D,Pt_GrandparentT1D,BldPrSys,BldPrDia,SMBGperDayPtMeterCombo,WeightKg,HeightCm,DirectLDL,age,diabDur,TotalDailyInsPerKg,LDL,HDL,TotChol,Triglyc,BUN,AlbCreatRat_mggNew,UnitsInsBasalOrLongAct,BGTestAvgNumMeter,BGTestAvgNumPtRep,TSH,HbA1c,AutonomicNeuroCl,Pt_InsGov,NumPumpBolusOrShortAct,HbA1cImputeDtMnC,Pt_SHFlg,Pt_DKAFlg,bmi,bmiPerc,bmiZscore,GFR,diagAgeCombo,Pt_A1cGoalLev,Pt_A1cGoalLevelDsYr5
23162,0.0,0.0,0.0,0.0,0.0,0.0,0.0,126.0,57.0,9.0,45.8,154.1,0.0,11,5.0,1.0262008734,0.0,0.0,0.0,0.0,6.0,15.0,0.0,9.0,9.0,0.0,8.3,0.0,1.0,9.0,-0.166,0.0,0.0,19.286801048,0.7363794999,0.6322232602000001,0.0,5.0,0.0,0.0
23162,0.0,0.0,0.0,0.0,0.0,0.0,0.0,133.0,65.0,2.0,60.1,158.4,0.0,12,7.0,1.0981697171,0.0,0.0,0.0,0.0,0.0,0.0,0.0,2.0,5.0,0.0,9.5,0.0,1.0,0.0,19.750999999999998,0.0,0.0,23.953231813000002,0.9274079636,1.4567548147999998,0.0,5.0,7.6,0.0
23162,0.0,0.0,0.0,0.0,0.0,0.0,0.0,123.0,54.0,2.0,60.2,159.2,0.0,14,8.0,1.4285714286000002,64.0,59.0,136.0,66.0,12.0,0.0,61.0,2.0,2.0,1.09,11.2,0.0,0.0,0.0,37.876,0.0,0.0,23.752556754,0.8685462744,1.1195455940999999,0.0,5.0,0.0,0.0
23162,0.0,0.0,0.0,0.0,0.0,0.0,0.0,139.0,69.0,3.0,62.2,159.8,0.0,15,9.0,1.3826366559,0.0,0.0,0.0,0.0,0.0,41.0,64.0,3.0,0.0,0.0,9.7,0.0,0.0,3.0,47.336000000000006,0.0,0.0,24.357731269000002,0.8641914779000001,1.0993462999999999,0.0,5.0,0.0,0.0
23162,0.0,0.0,0.0,0.0,0.0,0.0,0.0,150.0,76.0,4.0,58.8,159.1,0.0,16,10.0,1.4115646259,58.0,58.0,0.0,46.0,7.0,41.0,64.0,0.0,4.0,1.06,8.2,0.0,0.0,3.0,57.793,0.0,0.0,23.229345142,0.7743452934999999,0.7532338309000001,0.0,5.0,0.0,0.0
23162,0.0,0.0,0.0,0.0,0.0,0.0,0.0,118.0,54.0,5.0,68.1,159.0,0.0,17,12.0,0.7430249633,54.0,67.0,131.0,50.0,13.0,21.8,32.8,0.0,5.0,1.21,7.2,0.0,0.0,2.0,76.846,0.0,0.0,26.937225584,0.9059653422,1.3163120873,0.0,5.0,0.0,0.0
