PtID,Pt_CGMUseNumDays,Pt_FatherT1D,Pt_MotherT1D,Pt_SiblingT1D,Pt_ChildT1D,Pt_GrandchildT1D,Pt_GrandparentT1D,BldPrSys,BldPrDia,SMBGperDayPtMeterCombo,WeightKg,HeightCm,DirectLDL,age,diabDur,TotalDailyInsPerKg,LDL,HDL,TotChol,Triglyc,BUN,AlbCreatRat_mggNew,UnitsInsBasalOrLongAct,BGTestAvgNumMeter,BGTestAvgNumPtRep,TSH,HbA1c,AutonomicNeuroCl,Pt_InsGov,NumPumpBolusOrShortAct,HbA1cImputeDtMnC,Pt_SHFlg,Pt_DKAFlg,bmi,bmiPerc,bmiZscore,GFR,diagAgeCombo,Pt_A1cGoalLev,Pt_A1cGoalLevelDsYr5
23168,0.0,0.0,0.0,0.0,0.0,0.0,0.0,114.0,65.0,6.0,68.4,151.0,0.0,10,0.0,0.4532163743,0.0,0.0,151.0,0.0,18.0,0.0,0.0,6.0,7.0,0.0,7.6,0.0,0.0,4.0,-0.332,0.0,0.0,29.998684268,0.9923281006,2.4241610588999998,0.0,10.0,0.0,0.0
23168,0.0,0.0,0.0,0.0,0.0,0.0,0.0,126.0,65.0,3.0,73.4,158.1,0.0,11,1.0,0.7084468665000001,90.0,62.0,0.0,83.0,0.0,4.0,0.0,3.0,4.0,0.0,9.8,0.0,0.0,3.0,13.245,0.0,0.0,29.365156521,0.9889247598,2.287777525,0.0,10.0,7.5,0.0
23168,0.0,0.0,0.0,0.0,0.0,0.0,0.0,112.0,62.0,3.0,80.1,168.0,0.0,12,2.0,1.0112359551,77.0,63.0,0.0,127.0,0.0,14.3,41.0,3.0,0.0,3.53,8.1,0.0,0.0,40.0,26.256999999999998,0.0,0.0,28.380102041,0.9829493123999999,2.118870944,0.0,10.0,0.0,0.0
23168,0.0,0.0,0.0,0.0,0.0,0.0,0.0,124.0,73.0,3.0,90.5,174.6,0.0,14,3.0,0.9723756906000001,65.0,48.0,127.0,72.0,0.0,8.9,42.0,3.0,0.0,1.22,8.9,0.0,0.0,4.0,39.137,0.0,0.0,29.68657537,0.9808234386,2.0710607116,0.0,10.0,0.0,0.0
23168,0.0,0.0,0.0,0.0,0.0,0.0,0.0,0.0,0.0,4.0,100.2,175.0,0.0,14,4.0,0.8183632734999999,55.0,58.0,138.0,108.0,0.0,8.9,43.0,4.0,0.0,1.57,9.6,0.0,0.0,0.0,48.431999999999995,0.0,0.0,32.718367347,0.9896520844,2.3134878648,0.0,10.0,0.0,0.0
23168,0.0,0.0,0.0,0.0,0.0,0.0,0.0,140.0,79.0,3.0,107.50139169,175.26,0.0,15,5.0,0.8371984640000001,67.0,54.0,0.0,109.0,0.0,11.8,46.0,3.0,0.0,0.0,9.2,0.0,0.0,3.0,61.343999999999994,0.0,0.0,34.998422679,0.9925536474,2.4349777546999998,0.0,10.0,0.0,0.0
