PtID,Pt_CGMUseNumDays,Pt_FatherT1D,Pt_MotherT1D,Pt_SiblingT1D,Pt_ChildT1D,Pt_GrandchildT1D,Pt_GrandparentT1D,BldPrSys,BldPrDia,SMBGperDayPtMeterCombo,WeightKg,HeightCm,DirectLDL,age,diabDur,TotalDailyInsPerKg,LDL,HDL,TotChol,Triglyc,BUN,AlbCreatRat_mggNew,UnitsInsBasalOrLongAct,BGTestAvgNumMeter,BGTestAvgNumPtRep,TSH,HbA1c,AutonomicNeuroCl,Pt_InsGov,NumPumpBolusOrShortAct,HbA1cImputeDtMnC,Pt_SHFlg,Pt_DKAFlg,bmi,bmiPerc,bmiZscore,GFR,diagAgeCombo,Pt_A1cGoalLev,Pt_A1cGoalLevelDsYr5
23170,0.0,1.0,0.0,0.0,0.0,0.0,0.0,111.0,61.0,5.0,46.8,155.3,0.0,13,2.0,0.1282051282,0.0,0.0,0.0,0.0,35.0,0.0,0.0,5.0,4.0,0.0,8.4,0.0,0.0,0.0,0.0,0.0,0.0,19.404521668,0.6395272996,0.3571955718,0.0,10.0,0.0,0.0
23170,0.0,1.0,0.0,0.0,0.0,0.0,0.0,99.0,58.0,6.0,56.0,166.0,0.0,14,4.0,0.0,0.0,0.0,0.0,0.0,0.0,0.0,0.0,6.0,5.0,0.0,8.7,0.0,0.0,0.0,14.407,0.0,0.0,20.322252867,0.6622779247999999,0.4186880224,0.0,10.0,6.0,0.0
23170,0.0,0.0,0.0,0.0,0.0,0.0,0.0,108.0,59.0,2.0,60.3,171.4,0.0,15,4.0,0.0,0.0,0.0,0.0,0.0,0.0,0.0,25.0,2.0,0.0,0.0,9.7,0.0,0.0,1.0,22.307,0.0,0.0,20.525591294,0.5973587297,0.24651636149999998,0.0,10.0,0.0,0.0
23170,0.0,0.0,0.0,0.0,0.0,0.0,0.0,134.0,68.0,2.0,67.9,177.0,0.0,16,5.0,0.0,0.0,0.0,0.0,0.0,0.0,0.0,25.0,2.0,0.0,0.0,9.3,0.0,0.0,0.0,33.427,0.0,0.0,21.673210125,0.6489758231,0.382556871,0.0,10.0,0.0,0.0
23170,0.0,0.0,0.0,0.0,0.0,0.0,0.0,119.0,69.0,2.0,74.4,179.9,0.0,17,6.0,0.0,0.0,0.0,0.0,0.0,0.0,0.0,36.0,0.0,2.0,0.0,9.9,0.0,0.0,0.0,48.1,0.0,0.0,22.988498644,0.7117341351,0.5584579222,0.0,10.0,0.0,0.0
