PtID,Pt_CGMUseNumDays,Pt_FatherT1D,Pt_MotherT1D,Pt_SiblingT1D,Pt_ChildT1D,Pt_GrandchildT1D,Pt_GrandparentT1D,BldPrSys,BldPrDia,SMBGperDayPtMeterCombo,WeightKg,HeightCm,DirectLDL,age,diabDur,TotalDailyInsPerKg,LDL,HDL,TotChol,Triglyc,BUN,AlbCreatRat_mggNew,UnitsInsBasalOrLongAct,BGTestAvgNumMeter,BGTestAvgNumPtRep,TSH,HbA1c,AutonomicNeuroCl,Pt_InsGov,NumPumpBolusOrShortAct,HbA1cImputeDtMnC,Pt_SHFlg,Pt_DKAFlg,bmi,bmiPerc,bmiZscore,GFR,diagAgeCombo,Pt_A1cGoalLev,Pt_A1cGoalLevelDsYr5
2318,0.0,0.0,0.0,0.0,0.0,0.0,0.0,88.0,55.0,7.0,22.8,125.3,0.0,7,2.0,0.3070175439,0.0,0.0,0.0,0.0,19.0,0.0,0.0,0.0,7.0,0.0,8.6,0.0,1.0,0.0,0.0,0.0,0.0,14.522209745,0.26069592420000004,-0.6412013870000001,0.0,5.0,0.0,0.0
2318,0.0,0.0,0.0,0.0,0.0,0.0,0.0,117.0,63.0,6.0,25.9,133.0,1.0,9,3.0,0.0,84.0,0.0,0.0,0.0,0.0,0.0,0.0,6.0,0.0,0.0,10.7,0.0,0.0,0.0,16.664,0.0,0.0,14.641867827,0.171626639,-0.9477567990000001,0.0,5.0,0.0,0.0
2318,0.0,0.0,0.0,0.0,0.0,0.0,0.0,103.0,55.0,4.0,30.8,142.4,0.0,11,5.0,0.6493506494,0.0,0.0,0.0,0.0,16.0,0.0,7.0,4.0,0.0,1.72,9.5,0.0,0.0,3.0,37.411,0.0,0.0,15.189054412,0.1326686043,-1.113864762,0.0,5.0,0.0,0.0
2318,0.0,0.0,0.0,0.0,0.0,0.0,0.0,94.0,53.0,3.0,33.9,145.6,0.0,11,6.0,0.412979351,0.0,0.0,0.0,0.0,0.0,11.0,8.0,3.0,0.0,0.0,12.3,0.0,0.0,6.0,49.028999999999996,0.0,0.0,15.991048785999999,0.2538608023,-0.662389541,0.0,5.0,0.0,0.0
