PtID,Pt_CGMUseNumDays,Pt_FatherT1D,Pt_MotherT1D,Pt_SiblingT1D,Pt_ChildT1D,Pt_GrandchildT1D,Pt_GrandparentT1D,BldPrSys,BldPrDia,SMBGperDayPtMeterCombo,WeightKg,HeightCm,DirectLDL,age,diabDur,TotalDailyInsPerKg,LDL,HDL,TotChol,Triglyc,BUN,AlbCreatRat_mggNew,UnitsInsBasalOrLongAct,BGTestAvgNumMeter,BGTestAvgNumPtRep,TSH,HbA1c,AutonomicNeuroCl,Pt_InsGov,NumPumpBolusOrShortAct,HbA1cImputeDtMnC,Pt_SHFlg,Pt_DKAFlg,bmi,bmiPerc,bmiZscore,GFR,diagAgeCombo,Pt_A1cGoalLev,Pt_A1cGoalLevelDsYr5
23189,0.0,0.0,0.0,0.0,0.0,0.0,0.0,120.0,80.0,4.0,75.568488842,165.1,0.0,27,0.0,0.1455633184,43.0,72.0,134.0,94.0,13.0,14.6,0.0,0.0,4.0,0.0,10.2,0.0,0.0,0.0,-3.0210000000000004,0.0,0.0,27.723406383,0.0,0.1245105066,0.0,27.0,0.0,0.0
23189,0.0,0.0,0.0,0.0,0.0,0.0,0.0,120.0,80.0,5.0,75.29633342,165.1,0.0,28,0.0,0.2124937467,54.0,70.0,0.0,59.0,0.0,10.6,0.0,0.0,5.0,0.0,0.0,0.0,0.0,0.0,0.0,0.0,0.0,27.623562181999997,0.0,0.1110476887,0.0,27.0,0.0,0.0
23189,0.0,0.0,0.0,0.0,0.0,0.0,0.0,120.0,80.0,0.0,80.28584949,165.1,0.0,29,1.0,0.0,58.0,72.0,0.0,66.0,15.0,16.3,0.0,0.0,0.0,1.5,0.0,0.0,0.0,0.0,0.0,0.0,0.0,29.454039194,0.0,0.35786601729999995,0.0,27.0,0.0,0.0
23189,0.0,0.0,0.0,0.0,0.0,0.0,0.0,100.0,70.0,0.0,0.0,0.0,0.0,30,2.0,0.0,0.0,0.0,0.0,0.0,0.0,13.8,0.0,0.0,0.0,0.0,7.1,0.0,0.0,0.0,31.668000000000003,0.0,0.0,0.0,0.0,0.0,0.0,27.0,0.0,0.0
23189,0.0,0.0,0.0,0.0,0.0,0.0,0.0,110.0,72.0,0.0,87.99691978,165.1,0.0,30,2.0,0.34092102399999996,42.0,102.0,0.0,66.0,16.0,13.8,0.0,0.0,0.0,1.86,8.0,0.0,0.0,0.0,33.793,0.0,0.0,32.282958213,0.0,0.5027194393,0.0,27.0,0.0,0.0
23189,0.0,0.0,0.0,0.0,0.0,0.0,0.0,125.0,74.0,6.0,90.718474,165.1,0.0,31,3.0,0.35273961950000005,51.0,85.0,0.0,52.0,0.0,14.6,0.0,0.0,6.0,2.02,7.5,0.0,0.0,0.0,41.195,0.0,0.0,33.28140022,0.0,0.6172394007,0.0,27.0,0.0,0.0
23189,0.0,0.0,0.0,0.0,0.0,0.0,0.0,111.0,62.0,5.0,0.0,0.0,0.0,32,4.0,0.0,0.0,0.0,0.0,0.0,0.0,11.4,0.0,0.0,5.0,0.0,5.6,0.0,0.0,0.0,55.336000000000006,0.0,0.0,0.0,0.0,0.0,0.0,27.0,0.0,0.0
23189,0.0,0.0,0.0,0.0,0.0,0.0,0.0,125.0,76.0,0.0,0.0,0.0,0.0,33,5.0,0.0,56.0,74.0,0.0,78.0,20.0,14.3,0.0,0.0,0.0,0.03,7.2,0.0,0.0,0.0,67.485,0.0,0.0,0.0,0.0,0.0,0.0,27.0,0.0,0.0
