PtID,Pt_CGMUseNumDays,Pt_FatherT1D,Pt_MotherT1D,Pt_SiblingT1D,Pt_ChildT1D,Pt_GrandchildT1D,Pt_GrandparentT1D,BldPrSys,BldPrDia,SMBGperDayPtMeterCombo,WeightKg,HeightCm,DirectLDL,age,diabDur,TotalDailyInsPerKg,LDL,HDL,TotChol,Triglyc,BUN,AlbCreatRat_mggNew,UnitsInsBasalOrLongAct,BGTestAvgNumMeter,BGTestAvgNumPtRep,TSH,HbA1c,AutonomicNeuroCl,Pt_InsGov,NumPumpBolusOrShortAct,HbA1cImputeDtMnC,Pt_SHFlg,Pt_DKAFlg,bmi,bmiPerc,bmiZscore,GFR,diagAgeCombo,Pt_A1cGoalLev,Pt_A1cGoalLevelDsYr5
23212,0.0,0.0,0.0,0.0,0.0,0.0,0.0,110.0,80.0,3.0,94.6,185.4,0.0,21,20.0,0.6765327696,73.0,50.0,140.0,83.0,12.0,27.4,0.0,3.0,3.0,0.0,8.9,0.0,0.0,3.0,0.033,0.0,0.0,27.521473149000002,0.0,0.1817561384,0.0,1.0,0.0,0.0
23212,0.0,0.0,0.0,0.0,0.0,0.0,0.0,127.0,76.0,3.0,105.5,185.6,0.0,22,21.0,0.6161137441,82.0,48.0,0.0,103.0,12.0,21.4,0.0,0.0,3.0,0.0,8.2,0.0,0.0,4.0,18.124000000000002,0.0,0.0,30.626439878000003,0.0,0.7941958638,0.0,1.0,7.0,0.0
23212,0.0,0.0,0.0,0.0,0.0,0.0,0.0,136.0,83.0,5.0,109.6,184.7,0.0,23,22.0,0.7116788320999999,112.0,53.0,0.0,94.0,12.0,15.6,34.0,5.0,0.0,2.69,8.9,0.0,0.0,0.0,28.846,0.0,0.0,32.127487499000004,0.0,1.0902702739,0.0,1.0,0.0,0.0
23212,0.0,0.0,0.0,0.0,0.0,0.0,0.0,130.0,81.0,5.0,109.8,184.9,0.0,24,23.0,0.6102003643,108.0,52.0,173.0,65.0,11.0,15.6,30.0,5.0,4.0,1.3,8.8,0.0,0.0,7.0,41.891999999999996,0.0,0.0,32.116522722,0.0,1.0881075246,90.1,1.0,0.0,0.0
23212,0.0,0.0,0.0,0.0,0.0,0.0,0.0,118.0,80.0,2.0,114.9,184.9,0.0,25,24.0,0.4612706701,0.0,0.0,0.0,0.0,0.0,6.2,30.0,2.0,0.0,0.0,8.3,0.0,0.0,5.0,57.626999999999995,0.0,0.0,33.608273778000004,0.0,1.3823482319999998,0.0,1.0,0.0,0.0
23212,0.0,0.0,0.0,0.0,0.0,0.0,0.0,106.0,80.0,7.0,114.3,185.0,0.0,26,25.0,0.6824146981999999,115.0,45.0,171.0,54.0,10.0,6.2,35.0,7.0,5.0,1.48,8.4,0.0,0.0,7.0,63.9,0.0,0.0,33.396639883,0.0,1.3406044661,90.1,1.0,0.0,0.0
23212,0.0,0.0,0.0,0.0,0.0,0.0,0.0,140.0,88.0,4.0,114.9,185.0,0.0,27,26.0,0.5256744996,88.0,51.0,180.0,204.0,13.0,0.0,34.6,4.0,4.0,0.675,7.6,0.0,0.0,6.0,81.12899999999999,0.0,0.0,33.571950329,0.0,1.3751836066999998,90.1,1.0,0.0,0.0
