PtID,Pt_CGMUseNumDays,Pt_FatherT1D,Pt_MotherT1D,Pt_SiblingT1D,Pt_ChildT1D,Pt_GrandchildT1D,Pt_GrandparentT1D,BldPrSys,BldPrDia,SMBGperDayPtMeterCombo,WeightKg,HeightCm,DirectLDL,age,diabDur,TotalDailyInsPerKg,LDL,HDL,TotChol,Triglyc,BUN,AlbCreatRat_mggNew,UnitsInsBasalOrLongAct,BGTestAvgNumMeter,BGTestAvgNumPtRep,TSH,HbA1c,AutonomicNeuroCl,Pt_InsGov,NumPumpBolusOrShortAct,HbA1cImputeDtMnC,Pt_SHFlg,Pt_DKAFlg,bmi,bmiPerc,bmiZscore,GFR,diagAgeCombo,Pt_A1cGoalLev,Pt_A1cGoalLevelDsYr5
23213,0.0,0.0,1.0,1.0,0.0,0.0,0.0,118.0,59.0,8.0,79.0,177.7,0.0,16,5.0,0.5569620253,96.0,67.0,172.0,45.0,0.0,3.5,0.0,0.0,8.0,0.0,6.5,0.0,1.0,7.0,-2.988,0.0,0.0,25.017979694,0.8652304698000001,1.1041246715000002,0.0,10.0,0.0,0.0
23213,0.0,0.0,1.0,1.0,0.0,0.0,0.0,116.0,70.0,8.0,86.3,177.7,0.0,17,7.0,0.4750869061,95.0,63.0,167.0,46.0,0.0,12.4,0.0,0.0,8.0,0.0,6.5,0.0,1.0,0.0,15.602,0.0,0.0,27.329767691,0.9148460519,1.3712151522999998,0.0,10.0,6.5,0.0
23213,0.0,0.0,0.0,0.0,0.0,0.0,0.0,108.0,71.0,4.0,66.2,177.9,0.0,18,8.0,0.3776435045,95.0,66.0,170.0,44.0,0.0,6.1,13.0,4.0,0.0,3.609,6.1,0.0,0.0,0.0,26.49,0.0,0.0,20.917322545,0.4550220039,-0.112983032,0.0,10.0,0.0,0.0
23213,0.0,0.0,0.0,0.0,0.0,0.0,0.0,124.0,60.0,4.0,69.4,178.6,0.0,19,9.0,0.446685879,128.0,76.0,211.0,34.0,0.0,163.0,12.0,4.0,0.0,2.705,6.2,0.0,0.0,0.0,40.199,0.0,0.0,21.756877241999998,0.5264052346,0.0662365087,0.0,10.0,0.0,0.0
23213,0.0,0.0,0.0,0.0,0.0,0.0,0.0,112.0,64.0,5.0,85.1,177.6,0.0,20,9.0,0.45828437130000005,0.0,0.0,0.0,0.0,0.0,163.0,17.0,5.0,0.0,1.7,6.9,0.0,0.0,0.0,48.83,0.0,0.0,26.980105105,0.8674425459999999,0.024285058300000002,0.0,10.0,0.0,0.0
23213,0.0,0.0,0.0,0.0,0.0,0.0,0.0,123.0,80.0,5.0,87.7,178.3,0.0,22,11.0,0.4561003421,0.0,0.0,0.0,0.0,15.0,35.6,19.0,5.0,0.0,1.7,7.2,0.0,0.0,0.0,67.65100000000001,0.0,0.0,27.586519283,0.0,0.10605288869999999,61.0,10.0,0.0,0.0
23213,0.0,0.0,0.0,0.0,0.0,0.0,0.0,123.0,65.0,5.0,89.8,177.5,0.0,22,12.0,0.44543429840000004,85.0,70.0,162.0,35.0,0.0,35.6,19.0,5.0,0.0,4.35,7.0,0.0,0.0,0.0,74.39,0.0,0.0,28.502281293000003,0.0,0.2295326415,0.0,10.0,0.0,0.0
