PtID,Pt_CGMUseNumDays,Pt_FatherT1D,Pt_MotherT1D,Pt_SiblingT1D,Pt_ChildT1D,Pt_GrandchildT1D,Pt_GrandparentT1D,BldPrSys,BldPrDia,SMBGperDayPtMeterCombo,WeightKg,HeightCm,DirectLDL,age,diabDur,TotalDailyInsPerKg,LDL,HDL,TotChol,Triglyc,BUN,AlbCreatRat_mggNew,UnitsInsBasalOrLongAct,BGTestAvgNumMeter,BGTestAvgNumPtRep,TSH,HbA1c,AutonomicNeuroCl,Pt_InsGov,NumPumpBolusOrShortAct,HbA1cImputeDtMnC,Pt_SHFlg,Pt_DKAFlg,bmi,bmiPerc,bmiZscore,GFR,diagAgeCombo,Pt_A1cGoalLev,Pt_A1cGoalLevelDsYr5
23220,0.0,0.0,0.0,0.0,0.0,0.0,0.0,100.0,58.0,8.0,18.0,101.2,0.0,3,0.0,0.44444444439999997,0.0,0.0,0.0,0.0,19.0,0.0,0.0,0.0,8.0,0.0,6.8,0.0,0.0,4.0,0.0,0.0,0.0,17.575653424000002,0.8971041739,1.2652222958,0.0,3.0,0.0,0.0
23220,0.0,0.0,0.0,0.0,0.0,0.0,0.0,89.0,68.0,7.0,20.0,109.0,0.0,5,2.0,0.4,0.0,0.0,0.0,0.0,0.0,0.0,0.0,7.0,8.0,0.0,7.3,0.0,0.0,6.0,15.335999999999999,1.0,1.0,16.833599865,0.8543682116,1.0553537286,0.0,3.0,0.0,0.0
23220,0.0,0.0,0.0,0.0,0.0,0.0,0.0,107.0,64.0,11.0,21.31884139,115.6,0.0,6,3.0,0.5628823715,0.0,0.0,0.0,0.0,0.0,0.0,4.0,0.0,11.0,1.02,7.9,0.0,0.0,8.0,28.05,0.0,0.0,15.953204426,0.6819413692,0.4731344478,0.0,3.0,0.0,0.0
23220,0.0,0.0,0.0,0.0,0.0,0.0,0.0,117.0,78.0,10.0,24.5,120.7,0.0,7,4.0,0.6938775509999999,99.0,68.0,180.0,63.0,0.0,0.0,6.0,10.0,10.0,1.31,8.3,0.0,0.0,11.0,39.369,0.0,0.0,16.817116942000002,0.7643299522,0.7203003399,0.0,3.0,0.0,0.0
23220,0.0,0.0,0.0,0.0,0.0,0.0,0.0,94.0,61.0,10.0,25.7,126.3,0.0,8,5.0,0.5836575875,0.0,0.0,0.0,0.0,20.0,0.0,7.0,10.0,10.0,1.73,7.2,0.0,0.0,8.0,49.858999999999995,0.0,0.0,16.11114559,0.5628414037,0.15817717050000002,0.0,3.0,0.0,0.0
23220,30.0,0.0,0.0,0.0,0.0,0.0,0.0,110.0,67.0,10.0,28.8,133.3,0.0,9,5.0,0.7986111111,0.0,0.0,0.0,0.0,8.0,0.0,10.0,10.0,9.0,2.83,7.4,0.0,0.0,6.0,61.211999999999996,0.0,0.0,16.208103039,0.4852241939,-0.037045925,0.0,3.0,0.0,0.0
23220,0.0,0.0,0.0,0.0,0.0,0.0,0.0,113.0,73.0,8.0,31.8,137.4,0.0,10,7.0,0.7044025156999999,0.0,0.0,0.0,0.0,12.0,0.0,12.0,8.0,10.0,1.24,7.2,0.0,0.0,5.0,74.058,0.0,0.0,16.84432664,0.5010965321999999,0.0027486021,0.0,3.0,0.0,0.0
