PtID,Pt_CGMUseNumDays,Pt_FatherT1D,Pt_MotherT1D,Pt_SiblingT1D,Pt_ChildT1D,Pt_GrandchildT1D,Pt_GrandparentT1D,BldPrSys,BldPrDia,SMBGperDayPtMeterCombo,WeightKg,HeightCm,DirectLDL,age,diabDur,TotalDailyInsPerKg,LDL,HDL,TotChol,Triglyc,BUN,AlbCreatRat_mggNew,UnitsInsBasalOrLongAct,BGTestAvgNumMeter,BGTestAvgNumPtRep,TSH,HbA1c,AutonomicNeuroCl,Pt_InsGov,NumPumpBolusOrShortAct,HbA1cImputeDtMnC,Pt_SHFlg,Pt_DKAFlg,bmi,bmiPerc,bmiZscore,GFR,diagAgeCombo,Pt_A1cGoalLev,Pt_A1cGoalLevelDsYr5
23258,30.0,0.0,0.0,0.0,0.0,0.0,0.0,114.0,80.0,4.0,55.33826914,170.18,0.0,47,1.0,0.4336962535,110.0,64.0,184.0,48.0,14.0,3.0,0.0,0.0,4.0,0.0,6.9,0.0,0.0,0.0,0.332,0.0,0.0,19.107705216,0.0,-1.336018555,0.0,46.0,0.0,0.0
23258,30.0,0.0,0.0,0.0,0.0,0.0,0.0,112.0,74.0,4.0,53.07030729,170.18,0.0,48,2.0,0.3580156394,71.0,77.0,160.0,59.0,0.0,5.0,0.0,0.0,4.0,0.0,6.1,0.0,0.0,0.0,8.996,0.0,0.0,18.324602544,0.0,-1.448610732,0.0,46.0,6.5,0.0
23258,0.0,0.0,0.0,0.0,0.0,0.0,0.0,110.0,65.0,0.0,53.52389966,170.18,0.0,49,3.0,0.0,92.0,82.0,183.0,47.0,17.0,0.0,12.0,0.0,0.0,0.0,6.0,0.0,0.0,0.0,24.564,0.0,0.0,18.481223078,0.0,-1.426092296,0.0,46.0,0.0,0.0
23258,0.0,0.0,0.0,0.0,0.0,0.0,0.0,100.0,72.0,0.0,56.69904625,170.18,1.0,50,4.0,0.0,48.0,0.0,0.0,0.0,0.0,0.0,9.0,0.0,0.0,0.0,0.0,0.0,0.0,0.0,0.0,0.0,0.0,19.57756682,0.0,-1.207412797,0.0,46.0,0.0,0.0
23258,0.0,0.0,0.0,0.0,0.0,0.0,0.0,111.0,73.0,4.0,0.0,0.0,0.0,51,5.0,0.0,46.0,75.0,133.0,59.0,20.0,0.0,5.0,0.0,4.0,0.0,0.0,0.0,0.0,0.0,0.0,0.0,0.0,0.0,0.0,0.0,0.0,46.0,0.0,0.0
23258,0.0,0.0,0.0,0.0,0.0,0.0,0.0,115.0,75.0,0.0,55.33826914,167.64,0.0,53,7.0,0.0,96.0,93.0,202.0,64.0,15.0,0.0,0.0,0.0,0.0,0.0,6.8,0.0,0.0,0.0,68.05,0.0,0.0,19.691113112,0.0,-1.192384214,0.0,46.0,0.0,0.0
