PtID,Pt_CGMUseNumDays,Pt_FatherT1D,Pt_MotherT1D,Pt_SiblingT1D,Pt_ChildT1D,Pt_GrandchildT1D,Pt_GrandparentT1D,BldPrSys,BldPrDia,SMBGperDayPtMeterCombo,WeightKg,HeightCm,DirectLDL,age,diabDur,TotalDailyInsPerKg,LDL,HDL,TotChol,Triglyc,BUN,AlbCreatRat_mggNew,UnitsInsBasalOrLongAct,BGTestAvgNumMeter,BGTestAvgNumPtRep,TSH,HbA1c,AutonomicNeuroCl,Pt_InsGov,NumPumpBolusOrShortAct,HbA1cImputeDtMnC,Pt_SHFlg,Pt_DKAFlg,bmi,bmiPerc,bmiZscore,GFR,diagAgeCombo,Pt_A1cGoalLev,Pt_A1cGoalLevelDsYr5
23267,0.0,0.0,0.0,0.0,0.0,0.0,0.0,120.0,78.0,4.0,0.0,0.0,0.0,26,20.0,0.0,110.0,42.0,0.0,137.0,12.0,10.2,0.0,0.0,4.0,0.0,9.0,0.0,0.0,0.0,-0.465,0.0,0.0,0.0,0.0,0.0,0.0,6.0,0.0,0.0
23267,0.0,0.0,0.0,0.0,0.0,0.0,0.0,140.0,80.0,0.0,99.7,169.8,1.0,28,22.0,0.0,121.0,0.0,0.0,0.0,0.0,0.0,32.0,0.0,0.0,2.98,9.9,0.0,0.0,0.0,20.581,0.0,0.0,34.579585766,0.0,1.5739348413,0.0,6.0,0.0,0.0
23267,0.0,0.0,0.0,0.0,0.0,0.0,0.0,130.0,90.0,1.0,100.6,169.3,0.0,29,23.0,1.0337972167,0.0,0.0,0.0,0.0,15.0,3.3,64.0,1.0,3.0,1.84,9.4,0.0,0.0,3.0,33.826,0.0,0.0,35.098136973,0.0,1.676216568,0.0,6.0,0.0,0.0
23267,0.0,0.0,0.0,0.0,0.0,0.0,0.0,124.0,70.0,0.0,99.8,170.1,1.0,30,24.0,0.0,132.0,0.0,0.0,0.0,0.0,11.2,64.0,0.0,0.0,2.38,8.2,0.0,0.0,3.0,50.656000000000006,0.0,0.0,34.492280883,0.0,1.0135826975,0.0,6.0,0.0,0.0
23267,0.0,0.0,0.0,0.0,0.0,0.0,0.0,120.0,80.0,3.0,101.3,169.9,1.0,31,25.0,0.0,132.0,0.0,0.0,0.0,0.0,11.2,60.0,0.0,3.0,2.38,9.9,0.0,0.0,3.0,57.726000000000006,0.0,0.0,35.093177061999995,0.0,1.1006870315000001,90.1,6.0,0.0,0.0
23267,0.0,0.0,0.0,0.0,0.0,0.0,0.0,110.0,70.0,7.0,69.2,168.0,1.0,32,26.0,0.0,146.0,37.0,195.0,242.0,8.0,5.0,60.0,0.0,7.0,1.67,8.4,0.0,0.0,0.0,71.668,0.0,0.0,24.51814059,0.0,-0.432242519,90.1,6.0,0.0,0.0
