PtID,Pt_CGMUseNumDays,Pt_FatherT1D,Pt_MotherT1D,Pt_SiblingT1D,Pt_ChildT1D,Pt_GrandchildT1D,Pt_GrandparentT1D,BldPrSys,BldPrDia,SMBGperDayPtMeterCombo,WeightKg,HeightCm,DirectLDL,age,diabDur,TotalDailyInsPerKg,LDL,HDL,TotChol,Triglyc,BUN,AlbCreatRat_mggNew,UnitsInsBasalOrLongAct,BGTestAvgNumMeter,BGTestAvgNumPtRep,TSH,HbA1c,AutonomicNeuroCl,Pt_InsGov,NumPumpBolusOrShortAct,HbA1cImputeDtMnC,Pt_SHFlg,Pt_DKAFlg,bmi,bmiPerc,bmiZscore,GFR,diagAgeCombo,Pt_A1cGoalLev,Pt_A1cGoalLevelDsYr5
23263,30.0,1.0,0.0,1.0,0.0,0.0,0.0,129.0,69.0,3.0,100.33463224,185.674,0.0,16,5.0,1.04649808,0.0,32.0,198.0,0.0,0.0,7.4,0.0,0.0,3.0,0.0,11.2,0.0,1.0,4.0,0.39799999999999996,0.0,0.0,29.103731563,0.9684949511,1.8591202336000001,0.0,10.0,0.0,0.0
23263,0.0,1.0,0.0,0.0,0.0,0.0,0.0,123.0,80.0,2.0,111.8,185.4,0.0,18,8.0,0.0,104.0,28.0,186.0,271.0,0.0,22.3,0.0,2.0,3.0,0.0,10.2,0.0,1.0,0.0,25.56,0.0,0.0,32.525377358,0.9827911105,2.1151427933,0.0,10.0,0.0,0.0
23263,0.0,0.0,0.0,0.0,0.0,0.0,0.0,125.0,81.0,1.0,107.2,186.1,0.0,19,8.0,0.7835820896,0.0,0.0,0.0,0.0,0.0,5.0,64.0,1.0,0.0,0.0,10.1,0.0,0.0,2.0,36.714,0.0,0.0,30.952949496,0.9660741748,1.8259907812,0.0,10.0,0.0,0.0
23263,0.0,0.0,0.0,0.0,0.0,0.0,0.0,119.0,80.0,0.0,107.8,186.3,0.0,20,9.0,0.6864564006999999,0.0,0.0,0.0,0.0,0.0,5.7,0.0,0.0,0.0,0.99,9.6,0.0,0.0,0.0,48.332,0.0,0.0,31.059399228,0.9570017141,0.8795950093000001,0.0,10.0,0.0,0.0
23263,0.0,0.0,0.0,0.0,0.0,0.0,0.0,105.0,69.0,0.0,98.2,186.3,0.0,20,10.0,0.8655804481,0.0,0.0,0.0,0.0,0.0,3.9,65.0,0.0,0.0,1.21,11.7,0.0,0.0,4.0,54.373000000000005,0.0,0.0,28.293441598,0.8999882968999999,0.3340231949,0.0,10.0,0.0,0.0
23263,0.0,0.0,0.0,0.0,0.0,0.0,0.0,125.0,77.0,1.0,92.1,186.3,0.0,22,11.0,0.0,0.0,0.0,0.0,0.0,0.0,8.0,0.0,1.0,0.0,1.08,10.0,0.0,0.0,0.0,69.046,0.0,0.0,26.53590602,0.0,-0.012642229,0.0,10.0,0.0,0.0
23263,0.0,0.0,0.0,0.0,0.0,0.0,0.0,130.0,81.0,0.0,93.4,186.6,0.0,22,12.0,0.0,0.0,0.0,0.0,0.0,0.0,8.0,0.0,0.0,0.0,0.0,12.8,0.0,0.0,0.0,78.241,0.0,0.0,26.82400352,0.0,0.0441836149,0.0,10.0,0.0,0.0
23263,0.0,0.0,0.0,0.0,0.0,0.0,0.0,135.0,88.0,4.0,100.0,186.6,0.0,23,12.0,0.0,0.0,0.0,0.0,0.0,0.0,8.0,50.0,0.0,4.0,0.0,10.6,0.0,1.0,0.0,84.116,1.0,0.0,28.71948985,0.0,0.41805915969999996,0.0,10.0,0.0,0.0
