PtID,Pt_CGMUseNumDays,Pt_FatherT1D,Pt_MotherT1D,Pt_SiblingT1D,Pt_ChildT1D,Pt_GrandchildT1D,Pt_GrandparentT1D,BldPrSys,BldPrDia,SMBGperDayPtMeterCombo,WeightKg,HeightCm,DirectLDL,age,diabDur,TotalDailyInsPerKg,LDL,HDL,TotChol,Triglyc,BUN,AlbCreatRat_mggNew,UnitsInsBasalOrLongAct,BGTestAvgNumMeter,BGTestAvgNumPtRep,TSH,HbA1c,AutonomicNeuroCl,Pt_InsGov,NumPumpBolusOrShortAct,HbA1cImputeDtMnC,Pt_SHFlg,Pt_DKAFlg,bmi,bmiPerc,bmiZscore,GFR,diagAgeCombo,Pt_A1cGoalLev,Pt_A1cGoalLevelDsYr5
23266,6.0,0.0,0.0,0.0,0.0,0.0,1.0,133.0,74.0,9.0,86.63614267,180.34,0.0,25,20.0,0.43861601899999997,135.0,61.0,0.0,50.0,12.0,4.0,0.0,9.0,10.0,0.0,9.1,0.0,0.0,5.0,0.39799999999999996,0.0,0.0,26.638819621,0.0,-0.021733281,0.0,5.0,0.0,0.0
23266,0.0,0.0,0.0,0.0,0.0,0.0,0.0,125.0,83.0,4.0,0.0,0.0,0.0,27,22.0,0.0,39.0,68.0,221.0,67.0,15.0,0.0,0.0,4.0,0.0,0.0,9.1,0.0,0.0,4.0,13.577,0.0,0.0,0.0,0.0,0.0,0.0,5.0,0.0,0.0
23266,0.0,0.0,0.0,0.0,0.0,0.0,0.0,127.0,78.0,8.0,0.0,0.0,0.0,28,23.0,0.0,112.0,61.0,187.0,72.0,13.0,0.0,28.0,8.0,0.0,0.89,8.8,0.0,0.0,5.0,26.689,0.0,0.0,0.0,0.0,0.0,0.0,5.0,0.0,0.0
23266,0.0,0.0,0.0,0.0,0.0,0.0,0.0,141.0,77.0,7.0,0.0,0.0,0.0,28,23.0,0.0,138.0,68.0,222.0,78.0,16.0,0.0,28.0,7.0,0.0,1.12,9.6,0.0,0.0,5.0,35.784,0.0,0.0,0.0,0.0,0.0,70.0,5.0,0.0,0.0
23266,0.0,0.0,0.0,0.0,0.0,0.0,0.0,135.0,84.0,6.0,0.0,0.0,0.0,30,25.0,0.0,0.0,0.0,0.0,0.0,0.0,0.0,28.0,6.0,0.0,0.0,8.7,0.0,0.0,3.0,49.925,0.0,0.0,0.0,0.0,0.0,0.0,5.0,0.0,0.0
23266,30.0,0.0,0.0,0.0,0.0,0.0,0.0,0.0,0.0,7.0,85.0,180.0,0.0,31,26.0,0.3764705882,109.0,91.0,214.0,69.0,15.0,0.0,27.0,7.0,3.0,0.97,7.7,0.0,0.0,4.0,62.075,0.0,0.0,26.234567901,0.0,-0.191022832,94.0,5.0,0.0,0.0
23266,0.0,0.0,0.0,0.0,0.0,0.0,0.0,160.0,93.0,2.0,87.0,181.0,0.0,32,27.0,0.3333333333,0.0,0.0,0.0,0.0,0.0,0.0,27.0,2.0,0.0,0.0,8.1,0.0,0.0,3.0,82.324,0.0,0.0,26.555965935,0.0,-0.154158908,0.0,5.0,0.0,0.0
