PtID,Pt_CGMUseNumDays,Pt_FatherT1D,Pt_MotherT1D,Pt_SiblingT1D,Pt_ChildT1D,Pt_GrandchildT1D,Pt_GrandparentT1D,BldPrSys,BldPrDia,SMBGperDayPtMeterCombo,WeightKg,HeightCm,DirectLDL,age,diabDur,TotalDailyInsPerKg,LDL,HDL,TotChol,Triglyc,BUN,AlbCreatRat_mggNew,UnitsInsBasalOrLongAct,BGTestAvgNumMeter,BGTestAvgNumPtRep,TSH,HbA1c,AutonomicNeuroCl,Pt_InsGov,NumPumpBolusOrShortAct,HbA1cImputeDtMnC,Pt_SHFlg,Pt_DKAFlg,bmi,bmiPerc,bmiZscore,GFR,diagAgeCombo,Pt_A1cGoalLev,Pt_A1cGoalLevelDsYr5
23260,0.0,0.0,0.0,0.0,0.0,0.0,0.0,125.0,67.0,2.0,83.3,168.7,0.0,15,4.0,0.37214885950000004,54.0,40.0,0.0,44.0,10.0,0.0,0.0,2.0,2.0,0.0,9.7,0.0,0.0,2.0,-0.066,0.0,0.0,29.269468501,0.9747934411,1.9564419221,0.0,11.0,0.0,0.0
23260,0.0,0.0,0.0,0.0,0.0,0.0,0.0,121.0,69.0,1.0,84.9,168.8,0.0,16,5.0,0.0,52.0,34.0,0.0,116.0,10.0,0.0,0.0,0.0,1.0,0.0,10.7,0.0,0.0,2.0,19.154,0.0,0.0,29.796332068,0.9739895318999999,1.9429604579,0.0,11.0,7.5,0.0
23260,0.0,0.0,0.0,0.0,0.0,0.0,0.0,120.0,78.0,0.0,64.3,168.7,0.0,17,6.0,1.2752721617,66.0,48.0,0.0,129.0,13.0,41.5,36.0,0.0,0.0,4.51,14.0,0.0,0.0,2.0,31.568,0.0,0.0,22.593359239,0.6719113337999999,0.4451970861,0.0,11.0,0.0,0.0
23260,0.0,0.0,0.0,0.0,0.0,0.0,0.0,124.0,75.0,0.0,92.6,169.1,0.0,18,7.0,0.8963282937,0.0,16.0,70.0,282.0,15.0,11.4,40.0,0.0,0.0,3.53,11.8,0.0,0.0,2.0,42.68899999999999,0.0,0.0,32.383498964,0.9821089089,2.0993940106,0.0,11.0,0.0,0.0
23260,0.0,0.0,0.0,0.0,0.0,0.0,0.0,128.0,82.0,1.0,91.7,168.7,1.0,19,8.0,0.7851690294,42.0,0.0,0.0,0.0,14.0,20.0,42.0,1.0,1.0,2.71,9.9,0.0,0.0,2.0,51.95,0.0,0.0,32.221011543,0.9766108308,1.9883016498,0.0,11.0,0.0,0.0
