PtID,Pt_CGMUseNumDays,Pt_FatherT1D,Pt_MotherT1D,Pt_SiblingT1D,Pt_ChildT1D,Pt_GrandchildT1D,Pt_GrandparentT1D,BldPrSys,BldPrDia,SMBGperDayPtMeterCombo,WeightKg,HeightCm,DirectLDL,age,diabDur,TotalDailyInsPerKg,LDL,HDL,TotChol,Triglyc,BUN,AlbCreatRat_mggNew,UnitsInsBasalOrLongAct,BGTestAvgNumMeter,BGTestAvgNumPtRep,TSH,HbA1c,AutonomicNeuroCl,Pt_InsGov,NumPumpBolusOrShortAct,HbA1cImputeDtMnC,Pt_SHFlg,Pt_DKAFlg,bmi,bmiPerc,bmiZscore,GFR,diagAgeCombo,Pt_A1cGoalLev,Pt_A1cGoalLevelDsYr5
2328,5.0,0.0,0.0,0.0,0.0,0.0,0.0,120.0,56.0,6.0,107.9,167.0,0.0,52,25.0,0.1853568119,127.0,40.0,0.0,134.0,14.0,72.0,0.0,0.0,6.0,0.0,8.0,1.0,1.0,0.0,-0.564,0.0,0.0,38.689088888,0.0,0.9758223999,0.0,27.0,0.0,0.0
2328,0.0,0.0,0.0,0.0,0.0,0.0,0.0,114.0,56.0,3.0,110.0,168.9,0.0,53,26.0,0.6181818182,86.0,45.0,0.0,145.0,17.0,12.0,0.0,0.0,3.0,0.0,10.5,1.0,1.0,0.0,12.581,1.0,0.0,38.559676884,0.0,0.9625141536,0.0,27.0,0.0,0.0
2328,0.0,0.0,0.0,0.0,0.0,0.0,0.0,149.0,51.0,4.0,110.2,167.6,0.0,55,28.0,0.0,93.0,42.0,0.0,205.0,21.0,6.0,80.0,4.0,0.0,0.79,8.6,1.0,0.0,0.0,28.448,0.0,0.0,39.231378267,0.0,1.0315894109000001,46.0,27.0,0.0,0.0
2328,0.0,0.0,0.0,0.0,0.0,0.0,0.0,130.0,46.0,4.0,106.5,167.6,0.0,56,29.0,0.0,87.0,47.0,0.0,178.0,20.0,6.0,60.0,4.0,0.0,1.14,9.4,1.0,0.0,0.0,39.336,0.0,0.0,37.914172281999996,0.0,0.8961328754000001,59.0,27.0,0.0,0.0
2328,0.0,0.0,0.0,0.0,0.0,0.0,0.0,124.0,60.0,2.0,0.0,0.0,0.0,57,30.0,0.0,76.0,45.0,0.0,215.0,23.0,20.0,96.0,2.0,0.0,1.61,9.8,1.0,0.0,0.0,51.353,0.0,0.0,0.0,0.0,0.0,51.0,27.0,0.0,0.0
2328,0.0,0.0,0.0,0.0,0.0,0.0,0.0,132.0,54.0,2.0,0.0,0.0,0.0,58,31.0,0.0,87.0,49.0,0.0,200.0,19.0,37.0,96.0,2.0,2.0,3.08,11.0,1.0,1.0,0.0,69.079,0.0,0.0,0.0,0.0,0.0,50.0,27.0,0.0,0.0
2328,0.0,0.0,0.0,0.0,0.0,0.0,0.0,110.0,50.0,2.0,125.6,169.5,0.0,59,32.0,0.0,47.0,40.0,140.0,267.0,39.0,1275.0,65.0,2.0,0.0,2.69,10.4,1.0,0.0,0.0,79.734,0.0,0.0,43.716988191999995,0.0,1.4928727536000002,34.0,27.0,0.0,0.0
