PtID,Pt_CGMUseNumDays,Pt_FatherT1D,Pt_MotherT1D,Pt_SiblingT1D,Pt_ChildT1D,Pt_GrandchildT1D,Pt_GrandparentT1D,BldPrSys,BldPrDia,SMBGperDayPtMeterCombo,WeightKg,HeightCm,DirectLDL,age,diabDur,TotalDailyInsPerKg,LDL,HDL,TotChol,Triglyc,BUN,AlbCreatRat_mggNew,UnitsInsBasalOrLongAct,BGTestAvgNumMeter,BGTestAvgNumPtRep,TSH,HbA1c,AutonomicNeuroCl,Pt_InsGov,NumPumpBolusOrShortAct,HbA1cImputeDtMnC,Pt_SHFlg,Pt_DKAFlg,bmi,bmiPerc,bmiZscore,GFR,diagAgeCombo,Pt_A1cGoalLev,Pt_A1cGoalLevelDsYr5
23301,0.0,0.0,0.0,0.0,0.0,0.0,0.0,99.0,65.0,5.0,32.8,137.7,0.0,10,4.0,0.0,0.0,0.0,182.0,0.0,7.0,0.0,0.0,5.0,6.0,0.0,7.6,0.0,1.0,4.0,0.465,0.0,0.0,17.298401111,0.6232509182,0.3140301186,0.0,6.0,0.0,0.0
23301,0.0,0.0,0.0,0.0,0.0,0.0,0.0,113.0,75.0,5.0,36.0,146.1,0.0,11,5.0,0.0,80.0,72.0,158.0,31.0,0.0,11.6,0.0,5.0,9.0,0.0,10.1,0.0,1.0,5.0,19.750999999999998,0.0,0.0,16.865610598,0.44121368380000003,-0.14789280400000002,0.0,6.0,8.0,0.0
23301,0.0,0.0,0.0,0.0,0.0,0.0,0.0,115.0,75.0,10.0,40.8,153.3,0.0,12,6.0,0.7107843137000001,0.0,0.0,172.0,0.0,0.0,0.0,19.0,10.0,9.0,2.504,7.2,0.0,0.0,4.0,32.299,0.0,0.0,17.361044624,0.424334865,-0.190816029,0.0,6.0,0.0,0.0
23301,0.0,0.0,0.0,0.0,0.0,0.0,0.0,107.0,70.0,4.0,46.4,161.2,0.0,13,7.0,0.7112068965999999,0.0,0.0,160.0,0.0,0.0,0.0,19.0,4.0,9.0,2.99,8.1,0.0,0.0,4.0,43.22,0.0,0.0,17.856153292000002,0.4009529943,-0.250881163,0.0,6.0,0.0,0.0
23301,0.0,0.0,0.0,0.0,0.0,0.0,0.0,102.0,56.0,5.0,58.6,169.0,0.0,14,8.0,0.0,0.0,0.0,183.0,0.0,0.0,0.0,33.0,0.0,5.0,2.43,10.5,0.0,0.0,0.0,53.012,0.0,0.0,20.517488883,0.6843162648000001,0.47980301270000003,0.0,6.0,0.0,0.0
23301,0.0,0.0,0.0,0.0,0.0,0.0,0.0,113.0,75.0,6.0,67.5,173.8,0.0,15,9.0,0.0,0.0,0.0,0.0,0.0,0.0,0.0,37.0,0.0,6.0,0.0,9.0,0.0,0.0,0.0,64.598,0.0,0.0,22.346228155,0.7825100162,0.7806982883,0.0,6.0,0.0,0.0
23301,0.0,0.0,0.0,0.0,0.0,0.0,0.0,116.0,77.0,5.0,70.9,175.9,0.0,16,10.0,0.0,72.0,50.0,131.0,86.0,12.0,0.0,48.0,0.0,5.0,4.49,7.8,0.0,0.0,0.0,74.822,0.0,0.0,22.914720074,0.7684053314,0.7336052879,0.0,6.0,0.0,0.0
