PtID,Pt_CGMUseNumDays,Pt_FatherT1D,Pt_MotherT1D,Pt_SiblingT1D,Pt_ChildT1D,Pt_GrandchildT1D,Pt_GrandparentT1D,BldPrSys,BldPrDia,SMBGperDayPtMeterCombo,WeightKg,HeightCm,DirectLDL,age,diabDur,TotalDailyInsPerKg,LDL,HDL,TotChol,Triglyc,BUN,AlbCreatRat_mggNew,UnitsInsBasalOrLongAct,BGTestAvgNumMeter,BGTestAvgNumPtRep,TSH,HbA1c,AutonomicNeuroCl,Pt_InsGov,NumPumpBolusOrShortAct,HbA1cImputeDtMnC,Pt_SHFlg,Pt_DKAFlg,bmi,bmiPerc,bmiZscore,GFR,diagAgeCombo,Pt_A1cGoalLev,Pt_A1cGoalLevelDsYr5
23307,27.0,0.0,0.0,0.0,0.0,0.0,0.0,110.0,70.0,4.0,78.92507238,172.72,0.0,65,20.0,0.6335122477,65.0,39.0,111.0,36.0,15.0,8.0,0.0,0.0,4.0,0.0,6.2,1.0,1.0,3.0,-0.43200000000000005,0.0,0.0,26.456337988,0.0,-0.465818704,0.0,45.0,0.0,0.0
23307,30.0,0.0,0.0,0.0,0.0,0.0,0.0,82.0,60.0,3.0,71.66759446,172.72,0.0,67,22.0,0.5581323093,51.0,45.0,108.0,61.0,0.0,0.0,0.0,0.0,3.0,0.0,7.2,1.0,1.0,0.0,13.743,1.0,0.0,24.023571277,0.0,-0.9295605109999999,0.0,45.0,7.0,0.0
23307,0.0,0.0,0.0,0.0,0.0,0.0,0.0,122.0,70.0,4.0,70.30681735,170.18,0.0,68,23.0,0.0,0.0,0.0,0.0,0.0,0.0,0.0,0.0,4.0,4.0,0.0,7.6,1.0,0.0,0.0,28.913,0.0,0.0,24.276182857,0.0,-0.88140688,0.0,45.0,0.0,0.0
23307,0.0,0.0,0.0,0.0,0.0,0.0,0.0,120.0,64.0,4.0,72.5747792,172.72,0.0,69,24.0,0.0,0.0,0.0,0.0,0.0,0.0,0.0,17.0,4.0,4.0,0.0,7.6,1.0,0.0,5.0,37.975,0.0,0.0,24.327667116,0.0,-0.871592785,0.0,45.0,0.0,0.0
