PtID,Pt_CGMUseNumDays,Pt_FatherT1D,Pt_MotherT1D,Pt_SiblingT1D,Pt_ChildT1D,Pt_GrandchildT1D,Pt_GrandparentT1D,BldPrSys,BldPrDia,SMBGperDayPtMeterCombo,WeightKg,HeightCm,DirectLDL,age,diabDur,TotalDailyInsPerKg,LDL,HDL,TotChol,Triglyc,BUN,AlbCreatRat_mggNew,UnitsInsBasalOrLongAct,BGTestAvgNumMeter,BGTestAvgNumPtRep,TSH,HbA1c,AutonomicNeuroCl,Pt_InsGov,NumPumpBolusOrShortAct,HbA1cImputeDtMnC,Pt_SHFlg,Pt_DKAFlg,bmi,bmiPerc,bmiZscore,GFR,diagAgeCombo,Pt_A1cGoalLev,Pt_A1cGoalLevelDsYr5
23303,0.0,0.0,0.0,0.0,0.0,0.0,0.0,92.0,45.0,8.0,25.4,136.4,0.0,8,0.0,0.39370078740000003,0.0,0.0,0.0,0.0,13.0,0.0,0.0,0.0,8.0,0.0,10.3,0.0,0.0,0.0,-0.598,0.0,0.0,13.652273372,0.0359519953,-1.799725512,0.0,8.0,0.0,0.0
23303,0.0,0.0,0.0,0.0,0.0,0.0,0.0,93.0,55.0,8.0,28.0,142.0,0.0,9,1.0,0.7142857143000001,0.0,0.0,0.0,0.0,0.0,0.0,0.0,0.0,8.0,0.0,7.5,0.0,0.0,0.0,11.552,0.0,0.0,13.886133704,0.0434039652,-1.71248172,0.0,8.0,0.0,0.0
23303,0.0,0.0,0.0,0.0,0.0,0.0,0.0,102.0,57.0,7.0,32.0,148.0,0.0,9,1.0,0.96875,0.0,0.0,0.0,0.0,0.0,25.0,16.0,7.0,0.0,0.0,7.8,0.0,0.0,0.0,21.776,0.0,0.0,14.609203798,0.1470982857,-1.048959907,0.0,8.0,0.0,0.0
23303,0.0,0.0,0.0,0.0,0.0,0.0,0.0,93.0,51.0,6.0,34.2,153.4,0.0,10,2.0,1.1111111111,0.0,0.0,0.0,0.0,0.0,25.0,16.0,6.0,0.0,1.67,7.3,0.0,0.0,0.0,32.929,0.0,0.0,14.533673076,0.08694081990000001,-1.359836593,0.0,8.0,0.0,0.0
23303,0.0,0.0,0.0,0.0,0.0,0.0,0.0,98.0,60.0,5.0,37.3,159.0,0.0,11,3.0,0.0,0.0,0.0,0.0,0.0,0.0,25.0,17.0,5.0,0.0,0.0,7.2,0.0,0.0,0.0,44.183,0.0,0.0,14.754163206,0.0702972813,-1.473580546,0.0,8.0,0.0,0.0
23303,30.0,0.0,0.0,0.0,0.0,0.0,0.0,0.0,0.0,9.0,46.2,167.8,0.0,13,5.0,1.1255411255,0.0,0.0,0.0,0.0,0.0,25.0,25.0,9.0,4.0,1.3019999999999998,7.3,0.0,0.0,14.0,60.11600000000001,0.0,0.0,16.408091249,0.1579152106,-1.003063091,0.0,8.0,0.0,0.0
23303,0.0,0.0,0.0,0.0,0.0,0.0,0.0,109.0,61.0,7.0,55.8,179.8,1.0,14,6.0,1.4336917563,65.0,0.0,0.0,0.0,0.0,25.0,40.0,7.0,0.0,1.097,7.2,0.0,0.0,0.0,73.361,0.0,0.0,17.260557708,0.1965286916,-0.854085923,0.0,8.0,0.0,0.0
