PtID,Pt_CGMUseNumDays,Pt_FatherT1D,Pt_MotherT1D,Pt_SiblingT1D,Pt_ChildT1D,Pt_GrandchildT1D,Pt_GrandparentT1D,BldPrSys,BldPrDia,SMBGperDayPtMeterCombo,WeightKg,HeightCm,DirectLDL,age,diabDur,TotalDailyInsPerKg,LDL,HDL,TotChol,Triglyc,BUN,AlbCreatRat_mggNew,UnitsInsBasalOrLongAct,BGTestAvgNumMeter,BGTestAvgNumPtRep,TSH,HbA1c,AutonomicNeuroCl,Pt_InsGov,NumPumpBolusOrShortAct,HbA1cImputeDtMnC,Pt_SHFlg,Pt_DKAFlg,bmi,bmiPerc,bmiZscore,GFR,diagAgeCombo,Pt_A1cGoalLev,Pt_A1cGoalLevelDsYr5
23321,24.0,0.0,1.0,0.0,0.0,0.0,0.0,92.0,57.0,4.0,36.2873896,149.09799999999998,0.0,12,5.0,0.7440601348999999,0.0,34.0,172.0,0.0,0.0,0.0,0.0,0.0,4.0,0.0,9.2,0.0,0.0,4.0,-0.531,0.0,0.0,16.323455207000002,0.22307221170000002,-0.761858563,0.0,6.0,0.0,0.0
23321,0.0,0.0,1.0,0.0,0.0,0.0,0.0,93.0,63.0,1.0,38.0,155.0,0.0,13,6.0,0.6578947368,90.0,35.0,153.0,138.0,0.0,29.0,0.0,1.0,1.0,0.0,13.3,0.0,0.0,0.0,16.266,0.0,0.0,15.81685744,0.093403656,-1.320082988,0.0,6.0,8.0,0.0
23321,0.0,0.0,0.0,0.0,0.0,0.0,0.0,113.0,75.0,4.0,47.6,159.0,0.0,14,7.0,0.0,0.0,0.0,0.0,0.0,0.0,0.0,0.0,4.0,0.0,0.0,10.1,0.0,0.0,0.0,25.461,0.0,0.0,18.828369131,0.4295490536,-0.177522355,0.0,6.0,0.0,0.0
23321,0.0,0.0,0.0,0.0,0.0,0.0,0.0,95.0,65.0,0.0,51.5,162.7,0.0,15,8.0,0.0,0.0,0.0,0.0,0.0,0.0,16.5,25.0,0.0,0.0,0.0,10.8,0.0,0.0,0.0,37.876,0.0,0.0,19.455039781,0.4378995485,-0.156296777,0.0,6.0,0.0,0.0
23321,0.0,0.0,0.0,0.0,0.0,0.0,0.0,119.0,80.0,3.0,57.3,161.5,0.0,16,9.0,0.40139616060000005,0.0,0.0,0.0,0.0,0.0,16.5,0.0,3.0,0.0,0.0,10.0,0.0,0.0,0.0,47.867,0.0,0.0,21.968963567,0.6738604473,0.4505982816,0.0,6.0,0.0,0.0
23321,0.0,0.0,0.0,0.0,0.0,0.0,0.0,117.0,84.0,1.0,55.8,164.0,0.0,17,10.0,0.7168458781,0.0,0.0,0.0,0.0,0.0,29.0,0.0,1.0,0.0,0.0,15.0,0.0,0.0,0.0,61.04600000000001,0.0,0.0,20.746579417,0.4814741418,-0.046454142999999996,0.0,6.0,0.0,0.0
23321,0.0,0.0,0.0,0.0,0.0,0.0,0.0,116.0,79.0,1.0,53.2,165.0,0.0,17,10.0,0.0,0.0,30.0,209.0,483.0,0.0,29.0,34.0,1.0,3.0,3.43,13.6,0.0,0.0,0.0,66.423,0.0,0.0,19.540863177000002,0.31338898789999997,-0.486266855,0.0,6.0,0.0,0.0
23321,0.0,0.0,0.0,0.0,0.0,0.0,0.0,128.0,87.0,0.0,55.0,164.0,0.0,18,11.0,1.2727272726999999,133.0,41.0,216.0,226.0,0.0,29.0,0.0,0.0,0.0,0.0,15.0,0.0,0.0,0.0,76.44800000000001,0.0,0.0,20.449137418,0.39095988979999996,-0.276818103,0.0,6.0,0.0,0.0
