PtID,Pt_CGMUseNumDays,Pt_FatherT1D,Pt_MotherT1D,Pt_SiblingT1D,Pt_ChildT1D,Pt_GrandchildT1D,Pt_GrandparentT1D,BldPrSys,BldPrDia,SMBGperDayPtMeterCombo,WeightKg,HeightCm,DirectLDL,age,diabDur,TotalDailyInsPerKg,LDL,HDL,TotChol,Triglyc,BUN,AlbCreatRat_mggNew,UnitsInsBasalOrLongAct,BGTestAvgNumMeter,BGTestAvgNumPtRep,TSH,HbA1c,AutonomicNeuroCl,Pt_InsGov,NumPumpBolusOrShortAct,HbA1cImputeDtMnC,Pt_SHFlg,Pt_DKAFlg,bmi,bmiPerc,bmiZscore,GFR,diagAgeCombo,Pt_A1cGoalLev,Pt_A1cGoalLevelDsYr5
23359,0.0,0.0,0.0,0.0,0.0,0.0,0.0,110.0,66.0,7.0,30.0,123.0,1.0,9,2.0,0.6,43.0,47.0,151.0,307.0,0.0,0.0,0.0,0.0,7.0,0.0,9.4,0.0,1.0,0.0,-0.033,0.0,0.0,19.829466587,0.8912902840000001,1.2334191282,0.0,6.0,0.0,0.0
23359,0.0,0.0,0.0,0.0,0.0,0.0,1.0,125.0,72.0,5.0,41.0,132.7,1.0,10,4.0,1.2195121951,78.0,51.0,170.0,206.0,0.0,8.0,0.0,5.0,6.0,0.0,7.3,0.0,0.0,0.0,21.178,0.0,0.0,23.283164739,0.9554672822,1.7003482721,0.0,6.0,7.0,0.0
23359,0.0,0.0,0.0,0.0,0.0,0.0,0.0,122.0,71.0,0.0,43.2,137.6,0.0,11,5.0,0.0,0.0,0.0,0.0,0.0,0.0,8.0,0.0,0.0,0.0,0.0,8.3,0.0,0.0,0.0,30.241,0.0,0.0,22.816387236,0.9247652976,1.437875421,0.0,6.0,0.0,0.0
23359,0.0,0.0,0.0,0.0,0.0,0.0,0.0,118.0,59.0,0.0,47.4,144.5,0.0,12,6.0,0.0,0.0,0.0,0.0,0.0,0.0,0.0,26.0,0.0,0.0,1.506,7.5,0.0,0.0,0.0,41.328,0.0,0.0,22.700877624,0.8920894553000001,1.2377167948999999,0.0,6.0,0.0,0.0
23359,0.0,0.0,0.0,0.0,0.0,0.0,0.0,121.0,77.0,6.0,54.1,151.2,0.0,13,7.0,1.6451016636000002,0.0,0.0,0.0,0.0,0.0,0.0,29.0,0.0,6.0,0.0,7.8,0.0,0.0,4.0,58.556000000000004,0.0,0.0,23.664301111,0.8944069926999999,1.2503108551,0.0,6.0,0.0,0.0
23359,0.0,0.0,0.0,0.0,0.0,0.0,0.0,127.0,67.0,2.0,56.5,152.4,0.0,14,8.0,0.0,53.0,46.0,122.0,117.0,0.0,6.0,0.0,2.0,0.0,1.712,8.4,0.0,0.0,0.0,70.705,0.0,0.0,24.326437541999997,0.8891724966,1.2221391589,0.0,6.0,0.0,0.0
23359,0.0,0.0,0.0,0.0,0.0,0.0,0.0,127.0,78.0,3.0,59.2,153.5,0.0,15,9.0,0.0,0.0,0.0,0.0,0.0,14.0,6.0,24.0,3.0,0.0,0.0,9.1,0.0,0.0,0.0,80.697,0.0,0.0,25.124935013,0.8909937003,1.2318299864,0.0,6.0,0.0,0.0
