PtID,Pt_CGMUseNumDays,Pt_FatherT1D,Pt_MotherT1D,Pt_SiblingT1D,Pt_ChildT1D,Pt_GrandchildT1D,Pt_GrandparentT1D,BldPrSys,BldPrDia,SMBGperDayPtMeterCombo,WeightKg,HeightCm,DirectLDL,age,diabDur,TotalDailyInsPerKg,LDL,HDL,TotChol,Triglyc,BUN,AlbCreatRat_mggNew,UnitsInsBasalOrLongAct,BGTestAvgNumMeter,BGTestAvgNumPtRep,TSH,HbA1c,AutonomicNeuroCl,Pt_InsGov,NumPumpBolusOrShortAct,HbA1cImputeDtMnC,Pt_SHFlg,Pt_DKAFlg,bmi,bmiPerc,bmiZscore,GFR,diagAgeCombo,Pt_A1cGoalLev,Pt_A1cGoalLevelDsYr5
23351,0.0,0.0,0.0,1.0,0.0,0.0,0.0,144.0,63.0,4.0,76.248877397,170.18,0.0,68,43.0,0.852471567,86.0,51.0,165.0,139.0,29.0,14.0,0.0,4.0,4.0,0.0,7.5,1.0,1.0,4.0,0.0,0.0,0.0,26.32791186,0.0,-0.490299705,0.0,25.0,0.0,0.0
23351,0.0,0.0,0.0,0.0,0.0,0.0,0.0,129.0,60.0,4.0,74.1,170.2,0.0,72,47.0,0.5128205128,80.0,49.0,149.0,95.0,0.0,11.0,19.0,4.0,4.0,2.1,7.3,1.0,0.0,19.0,47.635,0.0,0.0,25.579914968,0.0,-0.521549684,0.0,25.0,0.0,0.0
23351,0.0,0.0,0.0,0.0,0.0,0.0,0.0,154.0,67.0,3.0,0.0,0.0,0.0,72,47.0,0.0,0.0,0.0,0.0,0.0,54.0,11.0,16.0,3.0,3.0,0.0,7.9,1.0,0.0,3.0,59.021,0.0,0.0,0.0,0.0,0.0,29.0,25.0,0.0,0.0
23351,0.0,0.0,0.0,0.0,0.0,0.0,0.0,158.0,68.0,3.0,76.9,170.2,0.0,73,48.0,0.533159948,0.0,0.0,0.0,0.0,65.0,11.0,16.0,3.0,0.0,1.22,8.8,1.0,0.0,5.0,69.245,0.0,0.0,26.54649745,0.0,-0.283766397,27.0,25.0,0.0,0.0
23351,0.0,0.0,0.0,0.0,0.0,0.0,0.0,138.0,82.0,4.0,0.0,0.0,0.0,74,49.0,0.0,72.0,71.0,0.0,45.0,0.0,11.0,17.0,4.0,5.0,1.98,8.0,1.0,1.0,5.0,80.1,1.0,1.0,0.0,0.0,0.0,0.0,25.0,0.0,0.0
