PtID,Pt_CGMUseNumDays,Pt_FatherT1D,Pt_MotherT1D,Pt_SiblingT1D,Pt_ChildT1D,Pt_GrandchildT1D,Pt_GrandparentT1D,BldPrSys,BldPrDia,SMBGperDayPtMeterCombo,WeightKg,HeightCm,DirectLDL,age,diabDur,TotalDailyInsPerKg,LDL,HDL,TotChol,Triglyc,BUN,AlbCreatRat_mggNew,UnitsInsBasalOrLongAct,BGTestAvgNumMeter,BGTestAvgNumPtRep,TSH,HbA1c,AutonomicNeuroCl,Pt_InsGov,NumPumpBolusOrShortAct,HbA1cImputeDtMnC,Pt_SHFlg,Pt_DKAFlg,bmi,bmiPerc,bmiZscore,GFR,diagAgeCombo,Pt_A1cGoalLev,Pt_A1cGoalLevelDsYr5
23388,0.0,0.0,0.0,0.0,0.0,0.0,0.0,90.0,50.0,14.0,26.6,123.0,0.0,6,0.0,0.8270676692,0.0,0.0,0.0,0.0,15.0,29.9,0.0,14.0,10.0,0.0,6.5,0.0,0.0,0.0,0.0,0.0,0.0,17.582127041,0.8923186009,1.2389532862000001,0.0,5.0,0.0,0.0
23388,0.0,0.0,0.0,0.0,0.0,0.0,1.0,86.0,43.0,13.0,30.8,132.0,0.0,7,1.0,0.0,0.0,0.0,0.0,0.0,0.0,29.9,0.0,13.0,10.0,0.0,6.1,0.0,0.0,0.0,15.104000000000001,0.0,0.0,17.676767677,0.8564446803,1.0644814808,0.0,5.0,7.0,0.0
23388,0.0,0.0,0.0,0.0,0.0,0.0,0.0,86.0,49.0,11.0,37.4,142.7,0.0,8,3.0,0.614973262,78.0,36.0,138.0,118.0,16.0,30.0,9.0,11.0,0.0,3.8,6.3,0.0,0.0,8.0,30.871,0.0,0.0,18.366383821,0.8558736259999999,1.0619624154,0.0,5.0,0.0,0.0
23388,0.0,0.0,0.0,0.0,0.0,0.0,0.0,93.0,70.0,8.0,46.9,152.9,0.0,9,4.0,0.8955223881000001,0.0,0.0,171.0,139.0,0.0,29.9,24.0,8.0,0.0,2.3,6.6,0.0,0.0,16.0,42.29,0.0,0.0,20.061244541,0.9014300592,1.2897430657,0.0,5.0,0.0,0.0
23388,0.0,0.0,0.0,0.0,0.0,0.0,0.0,85.0,47.0,5.0,51.8,161.4,0.0,11,5.0,0.6177606178,0.0,0.0,0.0,0.0,0.0,30.0,18.0,5.0,8.0,2.3,6.4,0.0,0.0,14.0,56.928999999999995,0.0,0.0,19.884867386,0.7881358992,0.7999699607999999,0.0,5.0,0.0,0.0
23388,0.0,0.0,0.0,0.0,0.0,0.0,0.0,103.0,62.0,7.0,60.463862921,164.592,0.0,12,6.0,0.7442461964,80.0,50.0,0.0,101.0,18.0,29.9,16.0,7.0,0.0,3.3,6.6,0.0,0.0,0.0,72.99600000000001,0.0,0.0,22.319190807,0.8777024767,1.163578061,0.0,5.0,0.0,0.0
