PtID,Pt_CGMUseNumDays,Pt_FatherT1D,Pt_MotherT1D,Pt_SiblingT1D,Pt_ChildT1D,Pt_GrandchildT1D,Pt_GrandparentT1D,BldPrSys,BldPrDia,SMBGperDayPtMeterCombo,WeightKg,HeightCm,DirectLDL,age,diabDur,TotalDailyInsPerKg,LDL,HDL,TotChol,Triglyc,BUN,AlbCreatRat_mggNew,UnitsInsBasalOrLongAct,BGTestAvgNumMeter,BGTestAvgNumPtRep,TSH,HbA1c,AutonomicNeuroCl,Pt_InsGov,NumPumpBolusOrShortAct,HbA1cImputeDtMnC,Pt_SHFlg,Pt_DKAFlg,bmi,bmiPerc,bmiZscore,GFR,diagAgeCombo,Pt_A1cGoalLev,Pt_A1cGoalLevelDsYr5
23392,25.0,0.0,0.0,0.0,0.0,0.0,0.0,90.0,60.0,4.0,81.64662659999999,170.18,0.0,41,16.0,0.5511556555,91.0,70.0,176.0,74.0,15.0,0.0,0.0,4.0,7.0,0.0,6.6,0.0,0.0,5.0,0.0,0.0,0.0,28.191696220999997,0.0,-0.036478967,0.0,25.0,0.0,0.0
23392,28.0,1.0,0.0,0.0,0.0,0.0,0.0,100.0,64.0,4.0,82.10021897,172.72,0.0,42,17.0,0.5724710676,105.0,65.0,182.0,61.0,25.0,0.0,0.0,4.0,6.0,0.0,7.1,0.0,0.0,7.0,13.544,0.0,0.0,27.520673424,0.0,-0.09642996300000001,0.0,25.0,0.0,0.0
23392,0.0,0.0,0.0,0.0,0.0,0.0,0.0,116.0,80.0,3.0,0.0,0.0,0.0,43,18.0,0.0,0.0,0.0,0.0,0.0,0.0,0.0,25.0,3.0,3.0,0.0,7.7,0.0,0.0,6.0,25.593000000000004,0.0,0.0,0.0,0.0,0.0,0.0,25.0,0.0,0.0
23392,0.0,0.0,0.0,0.0,0.0,0.0,0.0,114.0,72.0,3.0,0.0,0.0,0.0,44,19.0,0.0,106.0,67.0,191.0,91.0,17.0,0.0,25.0,3.0,3.0,1.74,7.4,0.0,0.0,8.0,36.747,0.0,0.0,0.0,0.0,0.0,0.0,25.0,0.0,0.0
23392,0.0,0.0,0.0,0.0,0.0,0.0,0.0,98.0,76.0,3.0,0.0,0.0,0.0,45,20.0,0.0,61.0,64.0,137.0,61.0,18.0,0.0,28.0,3.0,0.0,0.0,7.4,0.0,0.0,5.0,47.934,0.0,0.0,0.0,0.0,0.0,0.0,25.0,0.0,0.0
23392,1.0,0.0,0.0,0.0,0.0,0.0,0.0,118.0,70.0,4.0,87.99691978,172.72,0.0,46,21.0,0.5682017067,0.0,0.0,0.0,0.0,0.0,0.0,28.0,4.0,3.0,0.0,7.4,0.0,0.0,4.0,57.858999999999995,0.0,0.0,29.497296378,0.0,0.0801668912,0.0,25.0,0.0,0.0
23392,0.0,0.0,0.0,0.0,0.0,0.0,0.0,114.0,66.0,5.0,88.26907520200001,171.958,0.0,47,22.0,0.48714682810000004,104.0,67.0,188.0,87.0,15.0,0.0,30.0,5.0,0.0,5.13,6.5,0.0,0.0,5.0,68.282,0.0,0.0,29.851338274,0.0,0.1117979541,0.0,25.0,0.0,0.0
23392,0.0,0.0,0.0,0.0,0.0,0.0,0.0,104.0,66.0,3.0,83.00740371,171.958,0.0,48,23.0,0.4939318442,97.0,74.0,192.0,104.0,0.0,0.0,26.0,3.0,0.0,0.0,7.7,0.0,0.0,4.0,77.61,0.0,0.0,28.07191626,0.0,-0.047180433,0.0,25.0,0.0,0.0
