PtID,Pt_CGMUseNumDays,Pt_FatherT1D,Pt_MotherT1D,Pt_SiblingT1D,Pt_ChildT1D,Pt_GrandchildT1D,Pt_GrandparentT1D,BldPrSys,BldPrDia,SMBGperDayPtMeterCombo,WeightKg,HeightCm,DirectLDL,age,diabDur,TotalDailyInsPerKg,LDL,HDL,TotChol,Triglyc,BUN,AlbCreatRat_mggNew,UnitsInsBasalOrLongAct,BGTestAvgNumMeter,BGTestAvgNumPtRep,TSH,HbA1c,AutonomicNeuroCl,Pt_InsGov,NumPumpBolusOrShortAct,HbA1cImputeDtMnC,Pt_SHFlg,Pt_DKAFlg,bmi,bmiPerc,bmiZscore,GFR,diagAgeCombo,Pt_A1cGoalLev,Pt_A1cGoalLevelDsYr5
23407,0.0,0.0,0.0,0.0,0.0,0.0,0.0,120.0,73.0,4.0,53.8,151.0,0.0,11,3.0,0.9851301115000001,107.0,79.0,202.0,80.0,0.0,15.0,0.0,4.0,5.0,0.0,9.9,0.0,0.0,4.0,-0.066,0.0,0.0,23.59545634,0.9415789829000001,1.5681675544999998,0.0,8.0,0.0,0.0
23407,0.0,0.0,0.0,0.0,0.0,0.0,0.0,116.0,64.0,7.0,59.7,157.7,0.0,12,4.0,1.1390284757,139.0,73.0,222.0,61.0,0.0,3.0,0.0,0.0,7.0,0.0,9.2,0.0,0.0,0.0,12.083,0.0,0.0,24.005510411,0.9285621272,1.4651655888,0.0,8.0,7.0,0.0
23407,0.0,0.0,0.0,0.0,0.0,0.0,0.0,126.0,81.0,8.0,73.7,159.1,0.0,13,5.0,0.0,138.0,76.0,230.0,79.0,0.0,0.0,0.0,0.0,8.0,1.96,8.7,0.0,0.0,0.0,25.56,0.0,0.0,29.115692805,0.9752998006999999,1.9651195827,0.0,8.0,0.0,0.0
23407,0.0,0.0,0.0,0.0,0.0,0.0,0.0,126.0,81.0,5.0,76.7,158.8,0.0,14,6.0,0.0,109.0,75.0,197.0,65.0,0.0,0.0,0.0,0.0,5.0,1.69,10.3,0.0,0.0,0.0,36.946,0.0,0.0,30.415458508,0.9761566449,1.9801496977000002,0.0,8.0,0.0,0.0
23407,0.0,0.0,0.0,0.0,0.0,0.0,0.0,122.0,84.0,6.0,73.2,159.4,0.0,15,7.0,0.0,141.0,71.0,234.0,110.0,0.0,4.0,25.0,6.0,0.0,1.25,8.9,0.0,0.0,0.0,48.1,0.0,0.0,28.809415484000002,0.9578515948999999,1.7262813428000001,0.0,8.0,0.0,0.0
23407,0.0,0.0,0.0,0.0,0.0,0.0,0.0,114.0,56.0,8.0,74.8,159.7,0.0,16,8.0,0.0,127.0,74.0,222.0,103.0,0.0,5.0,0.0,8.0,6.0,0.96,9.2,0.0,0.0,0.0,63.43600000000001,0.0,0.0,29.328629251,0.9548615401999999,1.6939387652000002,0.0,8.0,0.0,0.0
23407,0.0,0.0,0.0,0.0,0.0,0.0,0.0,115.0,76.0,3.0,75.7,160.0,0.0,17,9.0,1.0198150594,118.0,77.0,210.0,77.0,0.0,9.2,32.9,3.0,0.0,1.32,9.9,0.0,0.0,0.0,73.26100000000001,0.0,0.0,29.5703125,0.9496288145999999,1.6412652277000002,0.0,8.0,0.0,0.0
