PtID,Pt_CGMUseNumDays,Pt_FatherT1D,Pt_MotherT1D,Pt_SiblingT1D,Pt_ChildT1D,Pt_GrandchildT1D,Pt_GrandparentT1D,BldPrSys,BldPrDia,SMBGperDayPtMeterCombo,WeightKg,HeightCm,DirectLDL,age,diabDur,TotalDailyInsPerKg,LDL,HDL,TotChol,Triglyc,BUN,AlbCreatRat_mggNew,UnitsInsBasalOrLongAct,BGTestAvgNumMeter,BGTestAvgNumPtRep,TSH,HbA1c,AutonomicNeuroCl,Pt_InsGov,NumPumpBolusOrShortAct,HbA1cImputeDtMnC,Pt_SHFlg,Pt_DKAFlg,bmi,bmiPerc,bmiZscore,GFR,diagAgeCombo,Pt_A1cGoalLev,Pt_A1cGoalLevelDsYr5
23419,0.0,0.0,0.0,0.0,0.0,0.0,0.0,120.0,59.0,3.0,56.1,159.6,0.0,13,5.0,0.8377896613,81.0,60.0,0.0,89.0,18.0,0.0,0.0,3.0,5.0,0.0,9.0,0.0,0.0,6.0,0.0,0.0,0.0,22.024045075,0.8607221499,1.0835695448,0.0,8.0,0.0,0.0
23419,0.0,0.0,0.0,0.0,0.0,0.0,0.0,125.0,67.0,3.0,59.3,168.2,0.0,14,6.0,0.0,47.0,65.0,0.0,85.0,10.0,0.0,0.0,3.0,4.0,0.0,9.2,0.0,0.0,6.0,12.68,0.0,0.0,20.960551747,0.7296463561,0.6117437850999999,0.0,8.0,7.5,0.0
23419,0.0,0.0,0.0,0.0,0.0,0.0,0.0,135.0,70.0,3.0,71.9,172.5,0.0,15,7.0,1.140472879,47.0,65.0,0.0,85.0,0.0,2.3,32.0,3.0,2.0,0.0,10.1,0.0,0.0,7.0,23.436,0.0,0.0,24.162990968000003,0.8836336712,1.1933491585,0.0,8.0,0.0,0.0
23419,0.0,0.0,0.0,0.0,0.0,0.0,0.0,124.0,70.0,2.0,77.8,174.2,0.0,16,8.0,1.1825192802,98.0,67.0,191.0,129.0,15.0,2.3,35.0,2.0,3.0,3.11,10.1,0.0,0.0,7.0,33.328,0.0,0.0,25.637949966,0.9083559153,1.3306987048999999,0.0,8.0,0.0,0.0
23419,0.0,0.0,0.0,0.0,0.0,0.0,0.0,116.0,68.0,3.0,83.3,175.9,0.0,17,9.0,0.9483793517,71.0,52.0,132.0,45.0,13.0,1.7,40.0,3.0,3.0,1.78,9.4,0.0,0.0,5.0,45.411,0.0,0.0,26.922372103,0.9238478492000001,1.4314394751,0.0,8.0,0.0,0.0
23419,0.0,0.0,0.0,0.0,0.0,0.0,0.0,120.0,78.0,2.0,91.6,176.3,0.0,19,11.0,1.0272925764,58.0,49.0,132.0,123.0,17.0,0.0,39.8,2.0,4.0,3.79,7.6,0.0,0.0,6.0,67.618,0.0,0.0,29.470726978000002,0.9463735273,1.6106641416999998,90.1,8.0,0.0,0.0
