PtID,Pt_CGMUseNumDays,Pt_FatherT1D,Pt_MotherT1D,Pt_SiblingT1D,Pt_ChildT1D,Pt_GrandchildT1D,Pt_GrandparentT1D,BldPrSys,BldPrDia,SMBGperDayPtMeterCombo,WeightKg,HeightCm,DirectLDL,age,diabDur,TotalDailyInsPerKg,LDL,HDL,TotChol,Triglyc,BUN,AlbCreatRat_mggNew,UnitsInsBasalOrLongAct,BGTestAvgNumMeter,BGTestAvgNumPtRep,TSH,HbA1c,AutonomicNeuroCl,Pt_InsGov,NumPumpBolusOrShortAct,HbA1cImputeDtMnC,Pt_SHFlg,Pt_DKAFlg,bmi,bmiPerc,bmiZscore,GFR,diagAgeCombo,Pt_A1cGoalLev,Pt_A1cGoalLevelDsYr5
23440,0.0,0.0,0.0,1.0,0.0,0.0,0.0,124.0,83.0,0.0,83.91458845,177.8,0.0,26,11.0,0.5124257986,61.0,58.0,0.0,109.0,13.0,10.0,0.0,0.0,0.0,0.0,7.9,0.0,0.0,0.0,0.0,0.0,0.0,26.544463721,0.0,-0.010954263,0.0,15.0,0.0,0.0
23440,0.0,0.0,0.0,0.0,0.0,0.0,0.0,118.0,72.0,2.0,85.81967640399999,177.8,0.0,27,12.0,0.0,81.0,63.0,0.0,89.0,17.0,5.9,16.0,0.0,2.0,1.17,7.8,0.0,0.0,0.0,22.075,0.0,0.0,27.147094789,0.0,0.1079118109,0.0,15.0,0.0,0.0
23440,0.0,0.0,0.0,0.0,0.0,0.0,0.0,120.0,81.0,4.0,85.27536556,177.8,0.0,29,14.0,0.0,0.0,0.0,0.0,0.0,0.0,5.9,16.0,0.0,4.0,0.0,8.0,0.0,0.0,0.0,38.141,0.0,0.0,26.974914484,0.0,0.0739500754,0.0,15.0,0.0,0.0
23440,0.0,0.0,0.0,0.0,0.0,0.0,0.0,138.0,78.0,4.0,83.46099608,177.8,0.0,29,14.0,0.0,69.0,66.0,0.0,141.0,17.0,5.9,16.0,4.0,0.0,1.18,8.1,0.0,0.0,0.0,43.851000000000006,0.0,0.0,26.400980133,0.0,-0.03925571,0.0,15.0,0.0,0.0
23440,1.0,0.0,0.0,0.0,0.0,0.0,0.0,121.0,76.0,4.0,88.90410452,177.8,0.0,31,16.0,0.0,0.0,0.0,0.0,0.0,0.0,2.0,18.0,4.0,4.0,0.0,7.8,0.0,0.0,0.0,61.544,0.0,0.0,28.122783186,0.0,0.09027701710000001,0.0,15.0,0.0,0.0
23440,0.0,0.0,0.0,0.0,0.0,0.0,0.0,120.0,77.0,4.0,92.53284348,177.8,0.0,32,17.0,0.0,66.0,64.0,0.0,85.0,10.0,2.0,16.0,4.0,4.0,0.65,7.7,0.0,0.0,0.0,73.66,0.0,0.0,29.270651887,0.0,0.2566690535,113.0,15.0,0.0,0.0
