PtID,Pt_CGMUseNumDays,Pt_FatherT1D,Pt_MotherT1D,Pt_SiblingT1D,Pt_ChildT1D,Pt_GrandchildT1D,Pt_GrandparentT1D,BldPrSys,BldPrDia,SMBGperDayPtMeterCombo,WeightKg,HeightCm,DirectLDL,age,diabDur,TotalDailyInsPerKg,LDL,HDL,TotChol,Triglyc,BUN,AlbCreatRat_mggNew,UnitsInsBasalOrLongAct,BGTestAvgNumMeter,BGTestAvgNumPtRep,TSH,HbA1c,AutonomicNeuroCl,Pt_InsGov,NumPumpBolusOrShortAct,HbA1cImputeDtMnC,Pt_SHFlg,Pt_DKAFlg,bmi,bmiPerc,bmiZscore,GFR,diagAgeCombo,Pt_A1cGoalLev,Pt_A1cGoalLevelDsYr5
2345,0.0,0.0,0.0,0.0,0.0,0.0,0.0,115.0,68.0,9.0,110.4,174.5,0.0,18,8.0,0.7880434783,76.0,41.0,127.0,59.0,0.0,4.4,0.0,0.0,9.0,0.0,7.1,0.0,0.0,4.0,0.23199999999999998,0.0,0.0,36.255859968,0.9931982082999999,2.467564178,0.0,10.0,0.0,0.0
2345,0.0,0.0,0.0,0.0,0.0,0.0,0.0,126.0,67.0,10.0,118.3,174.5,0.0,19,9.0,0.7607776839,99.0,39.0,156.0,108.0,0.0,4.0,0.0,0.0,10.0,0.0,7.4,0.0,0.0,0.0,12.382,0.0,0.0,38.850255745,0.9954079792,2.605126236,0.0,10.0,6.8,0.0
2345,0.0,0.0,0.0,0.0,0.0,0.0,0.0,122.0,78.0,0.0,126.0,173.9,0.0,22,12.0,0.6825396825,84.0,36.0,137.0,135.0,0.0,5.9,38.0,0.0,0.0,6.25,6.6,0.0,0.0,0.0,47.701,0.0,0.0,41.664999516,0.0,2.971498561,0.0,10.0,0.0,0.0
2345,0.0,0.0,0.0,0.0,0.0,0.0,0.0,130.0,61.0,0.0,118.6,173.8,0.0,23,12.0,0.6070826307,86.0,46.0,142.0,63.0,0.0,5.9,36.0,0.0,0.0,1.1,6.8,0.0,0.0,0.0,58.622,0.0,0.0,39.263150507,0.0,2.4977454178,0.0,10.0,0.0,0.0
