PtID,Pt_CGMUseNumDays,Pt_FatherT1D,Pt_MotherT1D,Pt_SiblingT1D,Pt_ChildT1D,Pt_GrandchildT1D,Pt_GrandparentT1D,BldPrSys,BldPrDia,SMBGperDayPtMeterCombo,WeightKg,HeightCm,DirectLDL,age,diabDur,TotalDailyInsPerKg,LDL,HDL,TotChol,Triglyc,BUN,AlbCreatRat_mggNew,UnitsInsBasalOrLongAct,BGTestAvgNumMeter,BGTestAvgNumPtRep,TSH,HbA1c,AutonomicNeuroCl,Pt_InsGov,NumPumpBolusOrShortAct,HbA1cImputeDtMnC,Pt_SHFlg,Pt_DKAFlg,bmi,bmiPerc,bmiZscore,GFR,diagAgeCombo,Pt_A1cGoalLev,Pt_A1cGoalLevelDsYr5
23464,0.0,0.0,0.0,0.0,0.0,0.0,0.0,84.0,66.0,13.0,13.5,94.8,0.0,2,1.0,2.9629629630000003,0.0,0.0,0.0,0.0,14.0,0.0,0.0,0.0,13.0,0.0,9.0,0.0,0.0,2.0,0.0,0.0,0.0,15.021631149000001,0.1375540278,-1.091374665,0.0,0.0,0.0,0.0
23464,0.0,0.0,0.0,0.0,0.0,0.0,0.0,101.0,68.0,0.0,18.4,111.76,0.0,4,3.0,0.0,0.0,0.0,0.0,0.0,0.0,0.0,0.0,0.0,0.0,0.0,8.5,0.0,0.0,0.0,22.307,0.0,0.0,14.731434422000001,0.3016741435,-0.5195915529999999,0.0,0.0,0.0,0.0
23464,0.0,0.0,0.0,0.0,0.0,0.0,0.0,94.0,60.0,10.0,20.9,118.9,0.0,5,4.0,0.6698564593,76.0,66.0,149.0,36.0,0.0,0.0,7.0,10.0,0.0,2.86,8.5,0.0,0.0,0.0,33.593,0.0,0.0,14.783680797,0.37947839990000004,-0.306850983,0.0,0.0,0.0,0.0
23464,0.0,0.0,0.0,0.0,0.0,0.0,0.0,105.0,62.0,10.0,23.2,123.2,0.0,6,5.0,0.6034482759,75.0,56.0,137.0,32.0,0.0,0.0,8.0,10.0,0.0,2.01,8.7,0.0,0.0,0.0,44.614,0.0,0.0,15.285039635999999,0.5206732840999999,0.0518434528,0.0,0.0,0.0,0.0
23464,0.0,0.0,0.0,0.0,0.0,0.0,0.0,102.0,61.0,10.0,24.1,127.2,0.0,6,5.0,0.622406639,0.0,0.0,0.0,0.0,0.0,0.0,8.0,10.0,0.0,0.0,8.7,0.0,0.0,0.0,50.324,0.0,0.0,14.895079309000002,0.408125575,-0.232369353,0.0,0.0,0.0,0.0
23464,6.0,0.0,0.0,0.0,0.0,0.0,0.0,97.0,60.0,9.0,28.8,131.2,0.0,7,6.0,0.6944444444,106.0,59.0,174.0,44.0,0.0,0.0,10.0,0.0,9.0,0.0,8.2,0.0,0.0,0.0,62.306999999999995,0.0,0.0,16.731112433,0.7523671854999999,0.68195781,0.0,0.0,0.0,0.0
23464,0.0,0.0,0.0,0.0,0.0,0.0,0.0,111.0,76.0,3.0,31.1,136.4,0.0,8,7.0,0.578778135,95.0,55.0,161.0,57.0,0.0,3.1,10.8,0.0,3.0,1.53,8.3,0.0,0.0,0.0,71.834,0.0,0.0,16.715972515,0.6716982425,0.4446073775,0.0,0.0,0.0,0.0
