PtID,Pt_CGMUseNumDays,Pt_FatherT1D,Pt_MotherT1D,Pt_SiblingT1D,Pt_ChildT1D,Pt_GrandchildT1D,Pt_GrandparentT1D,BldPrSys,BldPrDia,SMBGperDayPtMeterCombo,WeightKg,HeightCm,DirectLDL,age,diabDur,TotalDailyInsPerKg,LDL,HDL,TotChol,Triglyc,BUN,AlbCreatRat_mggNew,UnitsInsBasalOrLongAct,BGTestAvgNumMeter,BGTestAvgNumPtRep,TSH,HbA1c,AutonomicNeuroCl,Pt_InsGov,NumPumpBolusOrShortAct,HbA1cImputeDtMnC,Pt_SHFlg,Pt_DKAFlg,bmi,bmiPerc,bmiZscore,GFR,diagAgeCombo,Pt_A1cGoalLev,Pt_A1cGoalLevelDsYr5
23489,0.0,0.0,0.0,0.0,0.0,0.0,0.0,114.0,59.0,6.0,36.6,140.4,0.0,10,5.0,0.8469945354999999,0.0,0.0,0.0,0.0,0.0,0.0,0.0,0.0,6.0,0.0,11.2,0.0,0.0,0.0,0.0,0.0,0.0,18.567219422,0.7865595678,0.7945404603,0.0,4.0,0.0,0.0
23489,0.0,0.0,0.0,0.0,0.0,0.0,1.0,110.0,69.0,11.0,40.2,148.7,0.0,11,6.0,1.1691542289,0.0,0.0,0.0,0.0,0.0,0.0,0.0,0.0,11.0,0.0,14.0,0.0,0.0,0.0,13.046,0.0,0.0,18.180428542999998,0.6618385338,0.41748604100000003,0.0,4.0,7.0,0.0
23489,0.0,0.0,0.0,0.0,0.0,0.0,0.0,116.0,82.0,3.0,46.992169532,154.94,0.0,11,7.0,0.0,0.0,0.0,0.0,0.0,0.0,48.0,33.0,3.0,4.0,0.0,10.0,0.0,0.0,0.0,22.805,0.0,0.0,19.574847743,0.8095232387000001,0.8761407487999999,0.0,4.0,0.0,0.0
23489,0.0,0.0,0.0,0.0,0.0,0.0,0.0,109.0,69.0,5.0,52.2,160.3,0.0,12,8.0,0.0,107.0,53.0,188.0,141.0,12.0,48.0,36.0,0.0,5.0,2.033,8.9,0.0,0.0,0.0,34.158,0.0,0.0,20.314374677,0.8061081631999999,0.8636436573,0.0,4.0,0.0,0.0
23489,0.0,0.0,0.0,0.0,0.0,0.0,0.0,119.0,73.0,3.0,59.4,164.9,0.0,13,9.0,0.0,0.0,0.0,0.0,0.0,0.0,48.0,38.0,3.0,3.0,0.0,12.0,0.0,0.0,0.0,45.211999999999996,0.0,0.0,21.844652161,0.8514932401,1.0428591754,0.0,4.0,0.0,0.0
23489,0.0,0.0,0.0,0.0,0.0,0.0,0.0,119.0,79.0,0.0,65.6,166.1,0.0,14,10.0,0.0,0.0,0.0,0.0,0.0,0.0,48.0,44.0,0.0,0.0,0.0,10.6,0.0,0.0,0.0,56.83,0.0,0.0,23.777411532,0.8987474928,1.2744470849,0.0,4.0,0.0,0.0
23489,0.0,0.0,0.0,0.0,0.0,0.0,0.0,118.0,66.0,2.0,65.1,167.2,0.0,15,11.0,0.0,0.0,0.0,0.0,0.0,0.0,48.0,48.0,2.0,0.0,0.0,11.2,0.0,1.0,0.0,67.286,1.0,1.0,23.286726494,0.8430109206,1.0069097236,0.0,4.0,0.0,9.0
