PtID,Pt_CGMUseNumDays,Pt_FatherT1D,Pt_MotherT1D,Pt_SiblingT1D,Pt_ChildT1D,Pt_GrandchildT1D,Pt_GrandparentT1D,BldPrSys,BldPrDia,SMBGperDayPtMeterCombo,WeightKg,HeightCm,DirectLDL,age,diabDur,TotalDailyInsPerKg,LDL,HDL,TotChol,Triglyc,BUN,AlbCreatRat_mggNew,UnitsInsBasalOrLongAct,BGTestAvgNumMeter,BGTestAvgNumPtRep,TSH,HbA1c,AutonomicNeuroCl,Pt_InsGov,NumPumpBolusOrShortAct,HbA1cImputeDtMnC,Pt_SHFlg,Pt_DKAFlg,bmi,bmiPerc,bmiZscore,GFR,diagAgeCombo,Pt_A1cGoalLev,Pt_A1cGoalLevelDsYr5
2351,0.0,0.0,0.0,0.0,0.0,0.0,1.0,107.0,57.0,6.0,65.2,162.6,0.0,62,22.0,0.8588957054999999,60.0,57.0,132.0,73.0,11.0,6.0,0.0,0.0,6.0,0.0,8.5,0.0,0.0,0.0,-0.066,0.0,0.0,24.660763213000003,0.0,-0.613581623,0.0,40.0,0.0,0.0
2351,0.0,0.0,0.0,0.0,0.0,0.0,0.0,107.0,57.0,7.0,57.15263862,162.56,0.0,64,24.0,0.6123951727,64.0,85.0,158.0,47.0,14.0,6.0,10.0,0.0,7.0,0.41,8.8,0.0,0.0,25.0,22.174,0.0,0.0,21.627628671,0.0,-0.990375791,0.0,40.0,0.0,0.0
2351,0.0,0.0,0.0,0.0,0.0,0.0,0.0,131.0,65.0,6.0,57.60623099,162.56,0.0,65,25.0,0.0,64.0,85.0,159.0,50.0,11.0,8.0,9.0,6.0,0.0,0.0,8.0,0.0,0.0,0.0,31.734,0.0,0.0,21.799276517,0.0,-0.969052666,0.0,40.0,0.0,0.0
2351,0.0,0.0,0.0,0.0,0.0,0.0,0.0,126.0,63.0,6.0,58.05982336,162.56,0.0,66,26.0,0.7578390263,0.0,0.0,0.0,0.0,15.0,8.0,9.0,0.0,6.0,0.78,8.0,0.0,0.0,4.0,43.32,0.0,0.0,21.970924364000002,0.0,-0.94772954,0.0,40.0,0.0,0.0
2351,0.0,0.0,0.0,0.0,0.0,0.0,0.0,146.0,78.0,3.0,52.2,162.6,0.0,67,27.0,0.0,76.0,84.0,184.0,102.0,19.0,70.0,9.0,3.0,0.0,0.0,10.4,0.0,0.0,0.0,60.083,0.0,0.0,19.743739873,0.0,-1.224403758,0.0,40.0,0.0,0.0
