PtID,Pt_CGMUseNumDays,Pt_FatherT1D,Pt_MotherT1D,Pt_SiblingT1D,Pt_ChildT1D,Pt_GrandchildT1D,Pt_GrandparentT1D,BldPrSys,BldPrDia,SMBGperDayPtMeterCombo,WeightKg,HeightCm,DirectLDL,age,diabDur,TotalDailyInsPerKg,LDL,HDL,TotChol,Triglyc,BUN,AlbCreatRat_mggNew,UnitsInsBasalOrLongAct,BGTestAvgNumMeter,BGTestAvgNumPtRep,TSH,HbA1c,AutonomicNeuroCl,Pt_InsGov,NumPumpBolusOrShortAct,HbA1cImputeDtMnC,Pt_SHFlg,Pt_DKAFlg,bmi,bmiPerc,bmiZscore,GFR,diagAgeCombo,Pt_A1cGoalLev,Pt_A1cGoalLevelDsYr5
23520,0.0,0.0,0.0,0.0,0.0,0.0,0.0,104.0,57.0,4.0,61.0,158.3,0.0,14,3.0,0.9344262295,0.0,0.0,185.0,0.0,9.0,12.0,0.0,0.0,4.0,0.0,8.6,0.0,1.0,0.0,0.0,0.0,0.0,24.342658434,0.8897001140999999,1.2249348409999998,0.0,10.0,0.0,0.0
23520,0.0,0.0,0.0,0.0,0.0,0.0,0.0,95.0,62.0,4.0,62.006076979,159.512,0.0,15,4.0,0.4999509969,0.0,0.0,0.0,0.0,0.0,0.0,0.0,0.0,4.0,0.0,11.0,0.0,1.0,0.0,12.481,0.0,0.0,24.369551385999998,0.8646569355,1.1014838515,0.0,10.0,9.5,0.0
23520,0.0,0.0,0.0,0.0,0.0,0.0,0.0,110.0,72.0,4.0,61.4,159.1,0.0,16,5.0,0.5211726384,0.0,0.0,0.0,0.0,6.0,22.0,32.0,0.0,4.0,13.36,13.2,0.0,0.0,0.0,24.796999999999997,0.0,0.0,24.256493056,0.8326188595999999,0.9645659105,0.0,10.0,0.0,0.0
23520,0.0,0.0,0.0,0.0,0.0,0.0,0.0,105.0,70.0,4.0,67.9,158.9,0.0,16,6.0,0.0,181.0,43.0,292.0,341.0,0.0,28.0,32.0,4.0,0.0,4.33,13.1,0.0,0.0,0.0,34.788000000000004,0.0,0.0,26.89193048,0.9187592479000001,1.3967741297999998,0.0,10.0,0.0,0.0
23520,0.0,0.0,0.0,0.0,0.0,0.0,0.0,99.0,61.0,4.0,68.5,159.4,0.0,17,7.0,0.0,0.0,0.0,0.0,0.0,0.0,28.0,32.0,4.0,0.0,0.0,12.8,0.0,0.0,0.0,45.909,0.0,0.0,26.95963061,0.9065015078,1.3195150432,0.0,10.0,0.0,0.0
23520,0.0,0.0,0.0,0.0,0.0,0.0,0.0,108.0,80.0,2.0,66.5,159.3,0.0,18,8.0,0.0,158.0,40.0,220.0,105.0,0.0,28.0,32.0,2.0,2.0,5.43,11.1,0.0,0.0,0.0,56.56399999999999,0.0,0.0,26.205357794,0.8701324403,1.1270174118,0.0,10.0,0.0,0.0
23520,0.0,0.0,0.0,0.0,0.0,0.0,0.0,109.0,76.0,0.0,70.2,160.4,0.0,19,9.0,0.0,0.0,0.0,0.0,0.0,15.0,386.0,0.0,0.0,0.0,0.0,11.3,0.0,0.0,0.0,67.286,0.0,0.0,27.285278076999997,0.8887266339,1.2197840954,0.0,10.0,0.0,0.0
23520,0.0,0.0,0.0,0.0,0.0,0.0,0.0,106.0,70.0,2.0,72.2,158.6,0.0,20,9.0,0.0,190.0,50.0,314.0,372.0,16.0,386.0,32.0,0.0,2.0,9.83,10.9,0.0,0.0,0.0,74.722,0.0,0.0,28.703234004000002,0.9100387176000001,0.2566287545,0.0,10.0,0.0,0.0
