PtID,Pt_CGMUseNumDays,Pt_FatherT1D,Pt_MotherT1D,Pt_SiblingT1D,Pt_ChildT1D,Pt_GrandchildT1D,Pt_GrandparentT1D,BldPrSys,BldPrDia,SMBGperDayPtMeterCombo,WeightKg,HeightCm,DirectLDL,age,diabDur,TotalDailyInsPerKg,LDL,HDL,TotChol,Triglyc,BUN,AlbCreatRat_mggNew,UnitsInsBasalOrLongAct,BGTestAvgNumMeter,BGTestAvgNumPtRep,TSH,HbA1c,AutonomicNeuroCl,Pt_InsGov,NumPumpBolusOrShortAct,HbA1cImputeDtMnC,Pt_SHFlg,Pt_DKAFlg,bmi,bmiPerc,bmiZscore,GFR,diagAgeCombo,Pt_A1cGoalLev,Pt_A1cGoalLevelDsYr5
23537,0.0,1.0,0.0,0.0,0.0,0.0,0.0,0.0,0.0,5.0,89.5,176.5,1.0,15,2.0,0.9385474859999999,65.0,44.0,0.0,65.0,0.0,3.0,0.0,5.0,4.0,0.0,9.4,0.0,0.0,0.0,0.19899999999999998,0.0,0.0,28.729867024,0.970974135,1.8953070856,0.0,12.0,0.0,0.0
23537,0.0,1.0,0.0,0.0,0.0,0.0,0.0,140.0,84.0,5.0,91.5,178.0,0.0,16,3.0,0.4808743169,0.0,0.0,0.0,0.0,0.0,8.0,0.0,5.0,3.0,0.0,9.1,0.0,0.0,0.0,19.386,0.0,0.0,28.878929428000003,0.9664186271999999,1.8305834168000001,0.0,12.0,7.5,0.0
23537,0.0,0.0,0.0,0.0,0.0,0.0,0.0,130.0,85.0,0.0,0.0,0.0,1.0,17,4.0,0.0,92.0,55.0,150.0,57.0,0.0,0.0,50.0,0.0,0.0,0.977,10.0,0.0,0.0,0.0,28.480999999999998,0.0,0.0,0.0,0.0,0.0,0.0,12.0,0.0,0.0
23537,0.0,0.0,0.0,0.0,0.0,0.0,0.0,0.0,0.0,0.0,96.1,177.3,0.0,18,5.0,0.0,0.0,0.0,0.0,0.0,0.0,0.0,45.0,0.0,0.0,0.0,9.5,0.0,0.0,0.0,38.639,0.0,0.0,30.570737537,0.9699004270999999,1.8793322131,0.0,12.0,0.0,0.0
