PtID,Pt_CGMUseNumDays,Pt_FatherT1D,Pt_MotherT1D,Pt_SiblingT1D,Pt_ChildT1D,Pt_GrandchildT1D,Pt_GrandparentT1D,BldPrSys,BldPrDia,SMBGperDayPtMeterCombo,WeightKg,HeightCm,DirectLDL,age,diabDur,TotalDailyInsPerKg,LDL,HDL,TotChol,Triglyc,BUN,AlbCreatRat_mggNew,UnitsInsBasalOrLongAct,BGTestAvgNumMeter,BGTestAvgNumPtRep,TSH,HbA1c,AutonomicNeuroCl,Pt_InsGov,NumPumpBolusOrShortAct,HbA1cImputeDtMnC,Pt_SHFlg,Pt_DKAFlg,bmi,bmiPerc,bmiZscore,GFR,diagAgeCombo,Pt_A1cGoalLev,Pt_A1cGoalLevelDsYr5
23552,3.0,0.0,0.0,0.0,0.0,0.0,0.0,112.0,70.0,1.0,69.85322498,167.64,0.0,50,35.0,0.5153663272,81.0,68.0,0.0,109.0,12.0,0.0,0.0,1.0,4.0,0.0,0.0,0.0,0.0,6.0,0.0,0.0,0.0,24.85599524,0.0,-0.446721197,0.0,15.0,0.0,0.0
23552,1.0,0.0,0.0,0.0,0.0,0.0,1.0,133.0,83.0,5.0,0.0,0.0,0.0,50,35.0,0.0,0.0,0.0,0.0,0.0,13.0,1.4,0.0,0.0,5.0,0.0,7.4,0.0,0.0,0.0,4.747,0.0,0.0,0.0,0.0,0.0,0.0,15.0,6.5,0.0
23552,0.0,0.0,0.0,0.0,0.0,0.0,0.0,110.0,70.0,0.0,0.0,0.0,0.0,51,36.0,0.0,0.0,0.0,0.0,0.0,0.0,3.0,0.0,0.0,0.0,0.0,7.4,0.0,0.0,0.0,15.203,0.0,0.0,0.0,0.0,0.0,0.0,15.0,0.0,0.0
23552,0.0,0.0,0.0,0.0,0.0,0.0,0.0,142.0,82.0,0.0,0.0,0.0,0.0,52,37.0,0.0,0.0,0.0,0.0,0.0,0.0,3.0,0.0,0.0,0.0,0.0,6.7,0.0,0.0,0.0,25.526999999999997,0.0,0.0,0.0,0.0,0.0,0.0,15.0,0.0,0.0
23552,0.0,0.0,0.0,0.0,0.0,0.0,0.0,124.0,70.0,0.0,73.02837157,167.64,0.0,53,38.0,0.0,0.0,0.0,0.0,0.0,0.0,3.0,0.0,0.0,0.0,0.0,0.0,0.0,0.0,0.0,0.0,0.0,0.0,25.985813205,0.0,-0.330534945,0.0,15.0,0.0,0.0
23552,0.0,0.0,0.0,0.0,0.0,0.0,0.0,109.0,74.0,5.0,72.0,167.64,0.0,54,39.0,0.3611111111,59.0,77.0,0.0,100.0,19.0,3.0,14.0,5.0,0.0,2.11,6.9,0.0,0.0,0.0,48.365,0.0,0.0,25.619885951,0.0,-0.368165535,51.8,15.0,0.0,0.0
23552,0.0,0.0,0.0,0.0,0.0,0.0,0.0,112.0,83.0,5.0,67.1,167.64,0.0,55,40.0,0.43219076009999996,64.0,94.0,0.0,89.0,17.0,4.0,14.0,5.0,8.0,0.0,6.7,0.0,0.0,4.0,60.481,0.0,0.0,23.876310379,0.0,-0.5474683229999999,53.0,15.0,0.0,0.0
