PtID,Pt_CGMUseNumDays,Pt_FatherT1D,Pt_MotherT1D,Pt_SiblingT1D,Pt_ChildT1D,Pt_GrandchildT1D,Pt_GrandparentT1D,BldPrSys,BldPrDia,SMBGperDayPtMeterCombo,WeightKg,HeightCm,DirectLDL,age,diabDur,TotalDailyInsPerKg,LDL,HDL,TotChol,Triglyc,BUN,AlbCreatRat_mggNew,UnitsInsBasalOrLongAct,BGTestAvgNumMeter,BGTestAvgNumPtRep,TSH,HbA1c,AutonomicNeuroCl,Pt_InsGov,NumPumpBolusOrShortAct,HbA1cImputeDtMnC,Pt_SHFlg,Pt_DKAFlg,bmi,bmiPerc,bmiZscore,GFR,diagAgeCombo,Pt_A1cGoalLev,Pt_A1cGoalLevelDsYr5
2358,0.0,0.0,0.0,0.0,0.0,0.0,0.0,111.0,72.0,5.0,51.392015521000005,157.48,0.0,14,1.0,0.8367058493999999,0.0,0.0,0.0,0.0,0.0,0.0,0.0,5.0,6.0,0.0,7.8,0.0,1.0,0.0,-0.43200000000000005,0.0,0.0,20.722628349,0.6665696808,0.43046057670000004,0.0,12.0,0.0,0.0
2358,0.0,0.0,0.0,0.0,0.0,0.0,0.0,119.0,79.0,7.0,67.9,161.0,0.0,15,2.0,0.8100147275,0.0,0.0,0.0,0.0,0.0,11.6,0.0,7.0,5.0,0.0,8.2,0.0,0.0,0.0,18.589000000000002,0.0,0.0,26.194977045999998,0.9188441370999999,1.3973387584,0.0,12.0,7.0,0.0
2358,0.0,0.0,0.0,0.0,0.0,0.0,0.0,121.0,84.0,8.0,70.8,161.5,0.0,17,4.0,0.8192090395,0.0,51.0,131.0,0.0,0.0,2.5,30.0,8.0,0.0,1.42,9.1,0.0,0.0,0.0,35.22,0.0,0.0,27.144897391999997,0.9107964526000001,1.3456757978,0.0,12.0,0.0,0.0
