PtID,Pt_CGMUseNumDays,Pt_FatherT1D,Pt_MotherT1D,Pt_SiblingT1D,Pt_ChildT1D,Pt_GrandchildT1D,Pt_GrandparentT1D,BldPrSys,BldPrDia,SMBGperDayPtMeterCombo,WeightKg,HeightCm,DirectLDL,age,diabDur,TotalDailyInsPerKg,LDL,HDL,TotChol,Triglyc,BUN,AlbCreatRat_mggNew,UnitsInsBasalOrLongAct,BGTestAvgNumMeter,BGTestAvgNumPtRep,TSH,HbA1c,AutonomicNeuroCl,Pt_InsGov,NumPumpBolusOrShortAct,HbA1cImputeDtMnC,Pt_SHFlg,Pt_DKAFlg,bmi,bmiPerc,bmiZscore,GFR,diagAgeCombo,Pt_A1cGoalLev,Pt_A1cGoalLevelDsYr5
23632,0.0,0.0,0.0,0.0,0.0,0.0,0.0,97.0,50.0,13.0,22.0,111.76,0.0,5,4.0,0.6818181818000001,0.0,0.0,129.0,0.0,20.0,0.0,0.0,13.0,12.0,0.0,7.4,0.0,0.0,4.0,0.0,1.0,0.0,17.613671591,0.9310279461,1.4834906162000001,0.0,1.0,0.0,0.0
23632,0.0,0.0,0.0,0.0,0.0,0.0,0.0,102.0,48.0,12.0,24.2,119.9,0.0,6,5.0,0.826446281,0.0,0.0,0.0,0.0,0.0,0.0,0.0,12.0,12.0,0.0,7.6,0.0,0.0,0.0,11.22,0.0,0.0,16.833599865,0.8282757866,0.9473736233,0.0,1.0,0.0,0.0
23632,0.0,0.0,0.0,0.0,0.0,0.0,0.0,89.0,54.0,11.0,25.9,126.1,0.0,7,6.0,0.5405405405,0.0,0.0,0.0,0.0,0.0,0.0,8.0,11.0,0.0,2.24,8.1,0.0,0.0,7.0,23.967,0.0,0.0,16.288068644000003,0.6899377304000001,0.4956738508,0.0,1.0,0.0,0.0
23632,0.0,0.0,0.0,0.0,0.0,0.0,0.0,103.0,70.0,4.0,32.5,135.1,0.0,9,8.0,0.21538461539999998,0.0,0.0,0.0,0.0,0.0,0.0,4.0,4.0,0.0,1.54,7.7,0.0,0.0,0.0,47.004,0.0,0.0,17.80625805,0.7767272237,0.7611867142000001,0.0,1.0,0.0,0.0
