PtID,Pt_CGMUseNumDays,Pt_FatherT1D,Pt_MotherT1D,Pt_SiblingT1D,Pt_ChildT1D,Pt_GrandchildT1D,Pt_GrandparentT1D,BldPrSys,BldPrDia,SMBGperDayPtMeterCombo,WeightKg,HeightCm,DirectLDL,age,diabDur,TotalDailyInsPerKg,LDL,HDL,TotChol,Triglyc,BUN,AlbCreatRat_mggNew,UnitsInsBasalOrLongAct,BGTestAvgNumMeter,BGTestAvgNumPtRep,TSH,HbA1c,AutonomicNeuroCl,Pt_InsGov,NumPumpBolusOrShortAct,HbA1cImputeDtMnC,Pt_SHFlg,Pt_DKAFlg,bmi,bmiPerc,bmiZscore,GFR,diagAgeCombo,Pt_A1cGoalLev,Pt_A1cGoalLevelDsYr5
2367,0.0,0.0,0.0,0.0,0.0,0.0,0.0,117.0,71.0,3.0,57.3,167.4,0.0,17,15.0,0.8376963351000001,0.0,0.0,135.0,0.0,0.0,2.7,0.0,3.0,3.0,0.0,8.4,0.0,0.0,3.0,0.0,0.0,0.0,20.447664684,0.4412603296,-0.147774595,0.0,1.0,0.0,0.0
2367,0.0,0.0,0.0,0.0,0.0,0.0,1.0,113.0,78.0,2.0,62.2,167.5,0.0,18,16.0,0.0,0.0,0.0,98.0,0.0,0.0,3.6,0.0,2.0,0.0,0.0,9.0,0.0,0.0,0.0,12.315,1.0,0.0,22.169748274,0.6067200541,0.2707804568,0.0,1.0,7.0,0.0
2367,0.0,0.0,0.0,0.0,0.0,0.0,0.0,131.0,80.0,7.0,65.0,167.5,0.0,19,17.0,0.9538461537999999,0.0,0.0,164.0,0.0,0.0,0.0,31.0,7.0,0.0,1.9,10.2,0.0,0.0,31.0,27.651,0.0,0.0,23.167743373,0.6736896855,0.45012455939999996,0.0,1.0,0.0,0.0
2367,0.0,0.0,0.0,0.0,0.0,0.0,0.0,129.0,80.0,2.0,64.6,168.0,0.0,20,18.0,0.9287925697,0.0,0.0,178.0,0.0,0.0,0.0,0.0,2.0,0.0,2.33,9.0,0.0,0.0,0.0,36.747,0.0,0.0,22.888321995,0.6274029459,-0.527443842,0.0,1.0,0.0,0.0
