PtID,Pt_CGMUseNumDays,Pt_FatherT1D,Pt_MotherT1D,Pt_SiblingT1D,Pt_ChildT1D,Pt_GrandchildT1D,Pt_GrandparentT1D,BldPrSys,BldPrDia,SMBGperDayPtMeterCombo,WeightKg,HeightCm,DirectLDL,age,diabDur,TotalDailyInsPerKg,LDL,HDL,TotChol,Triglyc,BUN,AlbCreatRat_mggNew,UnitsInsBasalOrLongAct,BGTestAvgNumMeter,BGTestAvgNumPtRep,TSH,HbA1c,AutonomicNeuroCl,Pt_InsGov,NumPumpBolusOrShortAct,HbA1cImputeDtMnC,Pt_SHFlg,Pt_DKAFlg,bmi,bmiPerc,bmiZscore,GFR,diagAgeCombo,Pt_A1cGoalLev,Pt_A1cGoalLevelDsYr5
23684,0.0,0.0,0.0,0.0,0.0,0.0,0.0,112.0,74.0,10.0,57.60623099,167.64,0.0,26,16.0,0.2951069651,0.0,0.0,0.0,0.0,17.0,2.9,0.0,0.0,10.0,0.0,7.0,0.0,0.0,0.0,0.465,0.0,0.0,20.498125944,0.0,-1.2035652540000001,0.0,10.0,0.0,0.0
23684,0.0,0.0,0.0,0.0,0.0,0.0,0.0,96.0,60.0,10.0,58.51341573,165.1,0.0,27,17.0,1.0254058706,0.0,0.0,0.0,0.0,18.0,8.0,0.0,0.0,10.0,0.0,6.0,0.0,0.0,0.0,19.750999999999998,0.0,0.0,21.466503142,0.0,-1.012557519,0.0,10.0,6.0,0.0
23684,0.0,0.0,0.0,0.0,0.0,0.0,0.0,114.0,76.0,7.0,58.51341573,167.64,0.0,28,18.0,0.0,0.0,0.0,0.0,0.0,20.0,0.0,20.0,7.0,0.0,1.27,6.5,0.0,0.0,0.0,30.838,0.0,0.0,20.820931077,0.0,-1.139893497,0.0,10.0,0.0,0.0
23684,0.0,0.0,0.0,0.0,0.0,0.0,0.0,110.0,60.0,7.0,60.78137758,167.64,0.0,29,19.0,0.0,0.0,0.0,0.0,0.0,21.0,0.0,18.0,7.0,7.0,1.51,7.4,0.0,0.0,0.0,42.95399999999999,0.0,0.0,21.62794391,0.0,-0.980714105,0.0,10.0,0.0,0.0
23684,0.0,0.0,0.0,0.0,0.0,0.0,0.0,113.0,64.0,7.0,58.05982336,167.64,0.0,31,21.0,0.5167084270000001,0.0,0.0,0.0,0.0,22.0,0.0,14.0,7.0,7.0,0.65,7.8,0.0,0.0,5.0,60.11600000000001,0.0,0.0,20.659528510999998,0.0,-0.991576806,0.0,10.0,0.0,0.0
23684,0.0,0.0,0.0,0.0,0.0,0.0,0.0,122.0,67.0,0.0,59.42060047,167.64,0.0,31,21.0,0.0,0.0,0.0,0.0,0.0,0.0,0.0,13.0,0.0,0.0,0.0,8.0,0.0,0.0,3.0,69.178,0.0,0.0,21.14373621,0.0,-0.921387328,0.0,10.0,0.0,0.0
