PtID,Pt_CGMUseNumDays,Pt_FatherT1D,Pt_MotherT1D,Pt_SiblingT1D,Pt_ChildT1D,Pt_GrandchildT1D,Pt_GrandparentT1D,BldPrSys,BldPrDia,SMBGperDayPtMeterCombo,WeightKg,HeightCm,DirectLDL,age,diabDur,TotalDailyInsPerKg,LDL,HDL,TotChol,Triglyc,BUN,AlbCreatRat_mggNew,UnitsInsBasalOrLongAct,BGTestAvgNumMeter,BGTestAvgNumPtRep,TSH,HbA1c,AutonomicNeuroCl,Pt_InsGov,NumPumpBolusOrShortAct,HbA1cImputeDtMnC,Pt_SHFlg,Pt_DKAFlg,bmi,bmiPerc,bmiZscore,GFR,diagAgeCombo,Pt_A1cGoalLev,Pt_A1cGoalLevelDsYr5
23744,0.0,0.0,0.0,0.0,0.0,0.0,0.0,142.0,84.0,4.0,74.661304102,183.388,0.0,19,4.0,0.8839920598000001,70.0,47.0,0.0,59.0,0.0,5.6,0.0,0.0,4.0,0.0,7.2,0.0,0.0,0.0,-0.19899999999999998,0.0,0.0,22.200039289,0.4623533953,-0.094506536,0.0,14.0,0.0,0.0
23744,0.0,0.0,0.0,0.0,0.0,0.0,0.0,128.0,62.0,6.0,73.02837157,183.896,0.0,20,5.0,0.47926578740000003,0.0,0.0,0.0,0.0,0.0,11.4,0.0,6.0,4.0,0.0,6.5,0.0,0.0,0.0,14.505999999999998,0.0,0.0,21.594693828,0.3095796289,-0.987272523,0.0,14.0,6.5,0.0
23744,0.0,0.0,0.0,0.0,0.0,0.0,0.0,102.0,68.0,2.0,74.5,182.372,1.0,21,6.0,0.5637583893,63.0,0.0,0.0,0.0,0.0,0.0,10.0,2.0,0.0,1.5,7.3,0.0,0.0,0.0,27.519000000000002,0.0,0.0,22.399583909,0.0,-0.828511833,0.0,14.0,0.0,0.0
23744,0.0,0.0,0.0,0.0,0.0,0.0,0.0,126.0,72.0,5.0,74.1,183.388,0.0,22,7.0,0.5937921727000001,0.0,0.0,0.0,0.0,0.0,103.5,10.0,5.0,0.0,0.0,6.7,0.0,0.0,0.0,40.299,0.0,0.0,22.03313927,0.0,-0.900791273,0.0,14.0,0.0,0.0
23744,0.0,0.0,0.0,0.0,0.0,0.0,0.0,120.0,70.0,3.0,0.0,0.0,1.0,23,8.0,0.0,73.0,0.0,0.0,0.0,0.0,103.5,15.0,3.0,0.0,1.22,6.7,0.0,0.0,0.0,50.988,0.0,0.0,0.0,0.0,0.0,0.0,14.0,0.0,0.0
23744,7.0,0.0,0.0,0.0,0.0,0.0,0.0,136.0,82.0,3.0,71.66759446,184.15,1.0,24,10.0,0.4604591552,82.0,0.0,0.0,0.0,0.0,30.6,15.0,0.0,3.0,1.43,6.9,0.0,0.0,0.0,66.755,0.0,0.0,21.133887007000002,0.0,-1.0781644479999999,0.0,14.0,0.0,0.0
23744,0.0,0.0,0.0,0.0,0.0,0.0,0.0,102.0,68.0,0.0,0.0,0.0,0.0,25,10.0,0.0,0.0,0.0,0.0,0.0,0.0,30.6,14.0,0.0,0.0,0.0,6.1,0.0,0.0,0.0,77.378,0.0,0.0,0.0,0.0,0.0,0.0,14.0,0.0,0.0
