PtID,Pt_CGMUseNumDays,Pt_FatherT1D,Pt_MotherT1D,Pt_SiblingT1D,Pt_ChildT1D,Pt_GrandchildT1D,Pt_GrandparentT1D,BldPrSys,BldPrDia,SMBGperDayPtMeterCombo,WeightKg,HeightCm,DirectLDL,age,diabDur,TotalDailyInsPerKg,LDL,HDL,TotChol,Triglyc,BUN,AlbCreatRat_mggNew,UnitsInsBasalOrLongAct,BGTestAvgNumMeter,BGTestAvgNumPtRep,TSH,HbA1c,AutonomicNeuroCl,Pt_InsGov,NumPumpBolusOrShortAct,HbA1cImputeDtMnC,Pt_SHFlg,Pt_DKAFlg,bmi,bmiPerc,bmiZscore,GFR,diagAgeCombo,Pt_A1cGoalLev,Pt_A1cGoalLevelDsYr5
23793,0.0,0.0,0.0,0.0,0.0,0.0,0.0,0.0,0.0,8.0,11.9,85.6,0.0,2,1.0,1.0084033612999999,83.0,68.0,163.0,59.0,17.0,0.0,0.0,8.0,9.0,0.0,7.4,0.0,0.0,7.0,-2.523,0.0,0.0,16.240501354000003,0.44757917560000005,-0.131779943,0.0,1.0,0.0,0.0
23793,0.0,0.0,0.0,0.0,0.0,0.0,0.0,94.0,52.0,8.0,16.0,95.2,0.0,3,2.0,0.75,0.0,0.0,0.0,0.0,0.0,6.0,4.0,8.0,0.0,4.69,6.6,0.0,0.0,8.0,12.747,0.0,0.0,17.654120472,0.9049081362000001,1.3100357924,0.0,1.0,0.0,0.0
23793,0.0,0.0,0.0,0.0,0.0,0.0,0.0,90.0,56.0,10.0,18.2,101.5,0.0,4,3.0,0.6593406593,56.0,98.0,0.0,79.0,0.0,6.0,4.0,10.0,10.0,3.32,6.8,0.0,0.0,0.0,24.896,0.0,0.0,17.666043825,0.9307605312999999,1.4814791483,0.0,1.0,0.0,0.0
23793,0.0,0.0,0.0,0.0,0.0,0.0,0.0,94.0,48.0,13.0,21.2,107.4,0.0,5,4.0,0.6132075472,0.0,0.0,0.0,0.0,0.0,6.0,6.0,13.0,10.0,3.35,6.4,0.0,0.0,0.0,37.178000000000004,0.0,0.0,18.37922939,0.9547514589,1.6927814115000002,0.0,1.0,0.0,0.0
23793,0.0,0.0,0.0,0.0,0.0,0.0,0.0,92.0,56.0,9.0,0.0,0.0,0.0,6,5.0,0.0,88.0,79.0,0.0,52.0,0.0,6.0,6.0,9.0,10.0,5.03,7.1,0.0,0.0,0.0,49.295,0.0,0.0,0.0,0.0,0.0,0.0,1.0,0.0,0.0
23793,0.0,0.0,0.0,0.0,0.0,0.0,0.0,104.0,50.0,12.0,25.0,119.0,0.0,7,6.0,0.72,0.0,0.0,0.0,0.0,0.0,6.0,9.0,12.0,10.0,0.97,6.2,0.0,0.0,0.0,61.378,0.0,0.0,17.654120472,0.8545725316,1.056247977,0.0,1.0,0.0,0.0
23793,0.0,0.0,0.0,0.0,0.0,0.0,0.0,110.0,62.0,10.0,33.0,124.9,0.0,8,7.0,0.7272727273,61.0,108.0,0.0,98.0,0.0,6.0,13.0,10.0,10.0,3.67,6.0,0.0,0.0,0.0,74.39,0.0,0.0,21.153832594,0.9594159438,1.7439482591,0.0,1.0,0.0,0.0
