PtID,Pt_CGMUseNumDays,Pt_FatherT1D,Pt_MotherT1D,Pt_SiblingT1D,Pt_ChildT1D,Pt_GrandchildT1D,Pt_GrandparentT1D,BldPrSys,BldPrDia,SMBGperDayPtMeterCombo,WeightKg,HeightCm,DirectLDL,age,diabDur,TotalDailyInsPerKg,LDL,HDL,TotChol,Triglyc,BUN,AlbCreatRat_mggNew,UnitsInsBasalOrLongAct,BGTestAvgNumMeter,BGTestAvgNumPtRep,TSH,HbA1c,AutonomicNeuroCl,Pt_InsGov,NumPumpBolusOrShortAct,HbA1cImputeDtMnC,Pt_SHFlg,Pt_DKAFlg,bmi,bmiPerc,bmiZscore,GFR,diagAgeCombo,Pt_A1cGoalLev,Pt_A1cGoalLevelDsYr5
23790,3.0,0.0,0.0,0.0,0.0,0.0,0.0,134.0,77.0,8.0,94.80080533,180.34,0.0,42,6.0,2.0252992507,122.0,52.0,0.0,107.0,19.0,1.0,0.0,0.0,8.0,0.0,7.5,0.0,0.0,6.0,-1.693,0.0,0.0,29.149284298,0.0,0.1077298716,0.0,36.0,0.0,0.0
23790,23.0,0.0,0.0,0.0,0.0,0.0,0.0,124.0,73.0,7.0,0.0,0.0,0.0,43,7.0,0.0,93.0,46.0,169.0,148.0,15.0,0.0,0.0,7.0,8.0,0.0,7.1,0.0,0.0,7.0,15.469000000000001,0.0,0.0,0.0,0.0,0.0,0.0,36.0,6.7,0.0
23790,0.0,0.0,0.0,0.0,0.0,0.0,0.0,134.0,74.0,8.0,0.0,0.0,0.0,44,8.0,0.0,0.0,0.0,0.0,0.0,0.0,0.0,23.0,8.0,0.0,0.0,6.7,0.0,0.0,6.0,26.555999999999997,0.0,0.0,0.0,0.0,0.0,0.0,36.0,0.0,0.0
23790,0.0,0.0,0.0,0.0,0.0,0.0,0.0,122.0,80.0,7.0,0.0,0.0,0.0,45,9.0,0.0,97.0,51.0,170.0,108.0,20.0,0.0,23.0,7.0,0.0,0.4,6.6,0.0,0.0,5.0,38.672,0.0,0.0,0.0,0.0,0.0,0.0,36.0,0.0,0.0
23790,0.0,0.0,0.0,0.0,0.0,0.0,0.0,111.0,77.0,6.0,95.0,180.0,0.0,46,10.0,0.46315789469999996,55.0,40.0,118.0,124.0,20.0,0.0,23.0,6.0,0.0,0.1,6.3,0.0,0.0,7.0,49.826,0.0,0.0,29.320987654,0.0,0.1324168705,70.0,36.0,0.0,0.0
23790,29.0,0.0,0.0,0.0,0.0,0.0,0.0,114.0,78.0,4.0,95.0,180.0,0.0,47,11.0,0.4421052632,0.0,0.0,0.0,0.0,0.0,0.0,23.0,4.0,10.0,0.0,6.9,0.0,0.0,2.0,63.967,0.0,0.0,29.320987654,0.0,0.1324168705,0.0,36.0,0.0,0.0
