PtID,Pt_CGMUseNumDays,Pt_FatherT1D,Pt_MotherT1D,Pt_SiblingT1D,Pt_ChildT1D,Pt_GrandchildT1D,Pt_GrandparentT1D,BldPrSys,BldPrDia,SMBGperDayPtMeterCombo,WeightKg,HeightCm,DirectLDL,age,diabDur,TotalDailyInsPerKg,LDL,HDL,TotChol,Triglyc,BUN,AlbCreatRat_mggNew,UnitsInsBasalOrLongAct,BGTestAvgNumMeter,BGTestAvgNumPtRep,TSH,HbA1c,AutonomicNeuroCl,Pt_InsGov,NumPumpBolusOrShortAct,HbA1cImputeDtMnC,Pt_SHFlg,Pt_DKAFlg,bmi,bmiPerc,bmiZscore,GFR,diagAgeCombo,Pt_A1cGoalLev,Pt_A1cGoalLevelDsYr5
23860,0.0,0.0,0.0,0.0,0.0,0.0,0.0,100.0,70.0,5.0,67.58526313,154.94,0.0,50,30.0,0.4586798743,91.0,68.0,0.0,46.0,13.0,12.0,0.0,5.0,8.0,0.0,7.3,0.0,0.0,4.0,-0.166,0.0,0.0,28.153014611,0.0,-0.10766806,0.0,20.0,0.0,0.0
23860,0.0,0.0,0.0,0.0,0.0,0.0,0.0,112.0,70.0,5.0,68.94604024,154.94,0.0,53,33.0,0.4061146935,86.0,60.0,162.0,80.0,15.0,6.3,0.0,5.0,7.0,0.0,7.3,0.0,0.0,7.0,25.627,0.0,0.0,28.719853830999998,0.0,-0.049376435999999996,0.0,20.0,6.5,0.0
23860,0.0,0.0,0.0,0.0,0.0,0.0,0.0,104.0,62.0,5.0,70.76040972,154.94,0.0,54,34.0,0.46636247770000006,0.0,0.0,0.0,0.0,0.0,7.4,19.0,5.0,0.0,0.0,6.3,0.0,0.0,5.0,40.664,0.0,0.0,29.475639458000003,0.0,0.0283457306,0.0,20.0,0.0,0.0
23860,0.0,0.0,0.0,0.0,0.0,0.0,0.0,104.0,60.0,4.0,72.5747792,154.94,0.0,56,36.0,0.4822611985,96.0,53.0,174.0,126.0,14.0,7.4,20.0,4.0,0.0,1.22,7.1,0.0,0.0,6.0,64.365,0.0,0.0,30.231425085,0.0,0.1060678969,71.0,20.0,0.0,0.0
23860,0.0,0.0,0.0,0.0,0.0,0.0,0.0,102.0,68.0,4.0,71.21400209,157.48,0.0,57,37.0,0.46339201609999997,0.0,0.0,0.0,0.0,0.0,7.4,20.0,4.0,6.0,0.0,6.6,0.0,1.0,5.0,77.444,1.0,0.0,28.715380854,0.0,-0.04983642,0.0,20.0,0.0,0.0
