PtID,Pt_CGMUseNumDays,Pt_FatherT1D,Pt_MotherT1D,Pt_SiblingT1D,Pt_ChildT1D,Pt_GrandchildT1D,Pt_GrandparentT1D,BldPrSys,BldPrDia,SMBGperDayPtMeterCombo,WeightKg,HeightCm,DirectLDL,age,diabDur,TotalDailyInsPerKg,LDL,HDL,TotChol,Triglyc,BUN,AlbCreatRat_mggNew,UnitsInsBasalOrLongAct,BGTestAvgNumMeter,BGTestAvgNumPtRep,TSH,HbA1c,AutonomicNeuroCl,Pt_InsGov,NumPumpBolusOrShortAct,HbA1cImputeDtMnC,Pt_SHFlg,Pt_DKAFlg,bmi,bmiPerc,bmiZscore,GFR,diagAgeCombo,Pt_A1cGoalLev,Pt_A1cGoalLevelDsYr5
23873,0.0,0.0,0.0,1.0,0.0,0.0,0.0,118.0,78.0,4.0,88.90410452,182.0,0.0,18,3.0,0.46117105869999997,0.0,0.0,125.0,35.0,20.0,9.6,0.0,4.0,8.0,0.0,7.7,0.0,0.0,8.0,0.0,0.0,0.0,26.839785207,0.9006209911,1.2850980644,0.0,15.0,0.0,0.0
23873,0.0,0.0,0.0,1.0,0.0,0.0,0.0,122.0,77.0,1.0,84.82177319,183.0,0.0,19,4.0,0.6484184182,0.0,0.0,125.0,35.0,20.0,2.1,0.0,1.0,4.0,0.0,7.1,0.0,0.0,4.0,12.216,0.0,0.0,25.328249034000002,0.7908320451,0.8093116446999999,0.0,15.0,6.0,0.0
23873,0.0,0.0,0.0,0.0,0.0,0.0,0.0,123.0,75.0,3.0,83.91458845,182.5,0.0,20,5.0,0.5005089196,0.0,0.0,0.0,0.0,0.0,0.0,20.0,3.0,0.0,0.0,6.9,0.0,0.0,0.0,28.381999999999998,0.0,0.0,25.194847348000003,0.7338597670999999,-0.27715959,0.0,15.0,0.0,0.0
23873,0.0,0.0,0.0,0.0,0.0,0.0,0.0,122.0,70.0,3.0,87.54332741,182.8,0.0,21,6.0,0.571145757,0.0,0.0,0.0,0.0,0.0,0.0,28.0,3.0,0.0,0.0,0.0,0.0,0.0,0.0,0.0,0.0,0.0,26.198152556,0.0,-0.079262472,0.0,15.0,0.0,0.0
