PtID,Pt_CGMUseNumDays,Pt_FatherT1D,Pt_MotherT1D,Pt_SiblingT1D,Pt_ChildT1D,Pt_GrandchildT1D,Pt_GrandparentT1D,BldPrSys,BldPrDia,SMBGperDayPtMeterCombo,WeightKg,HeightCm,DirectLDL,age,diabDur,TotalDailyInsPerKg,LDL,HDL,TotChol,Triglyc,BUN,AlbCreatRat_mggNew,UnitsInsBasalOrLongAct,BGTestAvgNumMeter,BGTestAvgNumPtRep,TSH,HbA1c,AutonomicNeuroCl,Pt_InsGov,NumPumpBolusOrShortAct,HbA1cImputeDtMnC,Pt_SHFlg,Pt_DKAFlg,bmi,bmiPerc,bmiZscore,GFR,diagAgeCombo,Pt_A1cGoalLev,Pt_A1cGoalLevelDsYr5
23918,0.0,0.0,0.0,0.0,0.0,0.0,0.0,119.0,75.0,10.0,74.9,175.2,0.0,14,2.0,1.0947930574,110.0,59.0,0.0,112.0,5.0,16.1,0.0,0.0,10.0,0.0,10.8,0.0,0.0,0.0,-0.365,0.0,1.0,24.401336503000003,0.8915851028,1.2350019068,0.0,11.0,0.0,0.0
23918,0.0,0.0,0.0,0.0,0.0,0.0,0.0,123.0,78.0,6.0,90.0,176.9,0.0,15,3.0,0.5333333333,124.0,54.0,0.0,81.0,13.0,0.0,0.0,0.0,6.0,0.0,13.7,0.0,0.0,0.0,14.905,0.0,0.0,28.759865033,0.9573633886,1.7208765766999998,0.0,11.0,0.0,0.0
23918,0.0,0.0,0.0,0.0,0.0,0.0,0.0,121.0,76.0,0.0,102.5,175.7,0.0,16,4.0,0.0,0.0,0.0,0.0,0.0,0.0,41.9,0.0,0.0,0.0,0.0,11.0,0.0,0.0,0.0,22.605999999999998,0.0,0.0,33.203230658,0.9790535837000001,2.034583166,0.0,11.0,0.0,0.0
23918,0.0,0.0,0.0,0.0,0.0,0.0,0.0,117.0,72.0,0.0,106.59420695,176.5,0.0,17,5.0,0.0,138.0,53.0,0.0,108.0,14.0,41.9,0.0,0.0,0.0,1.9,11.0,0.0,0.0,0.0,38.34,0.0,0.0,34.217177555,0.9789543989,2.0326173018,0.0,11.0,0.0,0.0
