PtID,Pt_CGMUseNumDays,Pt_FatherT1D,Pt_MotherT1D,Pt_SiblingT1D,Pt_ChildT1D,Pt_GrandchildT1D,Pt_GrandparentT1D,BldPrSys,BldPrDia,SMBGperDayPtMeterCombo,WeightKg,HeightCm,DirectLDL,age,diabDur,TotalDailyInsPerKg,LDL,HDL,TotChol,Triglyc,BUN,AlbCreatRat_mggNew,UnitsInsBasalOrLongAct,BGTestAvgNumMeter,BGTestAvgNumPtRep,TSH,HbA1c,AutonomicNeuroCl,Pt_InsGov,NumPumpBolusOrShortAct,HbA1cImputeDtMnC,Pt_SHFlg,Pt_DKAFlg,bmi,bmiPerc,bmiZscore,GFR,diagAgeCombo,Pt_A1cGoalLev,Pt_A1cGoalLevelDsYr5
23911,0.0,0.0,0.0,0.0,0.0,0.0,0.0,133.0,73.0,1.0,61.2,171.8,0.0,14,8.0,1.7810457516,75.0,66.0,162.0,101.0,0.0,0.0,0.0,1.0,3.0,0.0,8.4,0.0,0.0,0.0,0.0,0.0,0.0,20.735050774,0.707374143,0.5457297569,0.0,5.0,0.0,0.0
23911,0.0,0.0,0.0,0.0,0.0,0.0,0.0,0.0,0.0,5.0,70.0,176.0,0.0,15,9.0,0.6428571429,0.0,0.0,0.0,0.0,0.0,0.0,0.0,0.0,5.0,0.0,6.8,0.0,0.0,0.0,12.315,0.0,0.0,22.598140496,0.8007195688,0.8441942586,0.0,5.0,6.3,0.0
23911,0.0,0.0,0.0,0.0,0.0,0.0,0.0,140.0,76.0,4.0,74.1,174.0,0.0,16,10.0,0.0,0.0,0.0,198.0,0.0,0.0,0.0,36.0,0.0,4.0,0.52,8.5,0.0,0.0,4.0,23.701,0.0,0.0,24.47483155,0.8644014937000001,1.1003101469,0.0,5.0,0.0,0.0
23911,0.0,0.0,0.0,0.0,0.0,0.0,0.0,142.0,72.0,0.0,85.7,174.4,0.0,18,12.0,0.0,0.0,0.0,0.0,0.0,0.0,0.0,0.0,0.0,0.0,0.98,8.1,0.0,0.0,4.0,44.481,0.0,0.0,28.176552899999997,0.9362636518,1.5241441882,0.0,5.0,0.0,0.0
23911,0.0,0.0,0.0,0.0,0.0,0.0,0.0,139.0,83.0,1.0,83.0,173.7,0.0,19,13.0,0.0,0.0,46.0,197.0,0.0,0.0,22.0,36.0,1.0,0.0,0.87,7.2,0.0,0.0,4.0,60.747,0.0,0.0,27.509231336,0.8986260418,1.2737616044,0.0,5.0,0.0,0.0
23911,0.0,0.0,0.0,0.0,0.0,0.0,0.0,147.0,88.0,3.0,83.3,174.0,0.0,19,13.0,0.0,0.0,0.0,0.0,0.0,0.0,22.0,36.0,3.0,2.0,0.0,7.2,0.0,0.0,4.0,63.17,0.0,0.0,27.51354208,0.8987705702,1.2745774039,0.0,5.0,0.0,0.0
