PtID,Pt_CGMUseNumDays,Pt_FatherT1D,Pt_MotherT1D,Pt_SiblingT1D,Pt_ChildT1D,Pt_GrandchildT1D,Pt_GrandparentT1D,BldPrSys,BldPrDia,SMBGperDayPtMeterCombo,WeightKg,HeightCm,DirectLDL,age,diabDur,TotalDailyInsPerKg,LDL,HDL,TotChol,Triglyc,BUN,AlbCreatRat_mggNew,UnitsInsBasalOrLongAct,BGTestAvgNumMeter,BGTestAvgNumPtRep,TSH,HbA1c,AutonomicNeuroCl,Pt_InsGov,NumPumpBolusOrShortAct,HbA1cImputeDtMnC,Pt_SHFlg,Pt_DKAFlg,bmi,bmiPerc,bmiZscore,GFR,diagAgeCombo,Pt_A1cGoalLev,Pt_A1cGoalLevelDsYr5
23922,0.0,0.0,0.0,0.0,0.0,0.0,0.0,96.0,65.0,5.0,39.1,150.4,0.0,10,0.0,1.0741687979999999,0.0,0.0,0.0,0.0,0.0,0.0,0.0,5.0,10.0,0.0,9.6,0.0,0.0,0.0,0.0,0.0,0.0,17.285465708,0.5739579332,0.18645988579999997,0.0,10.0,0.0,0.0
23922,0.0,0.0,0.0,0.0,0.0,0.0,0.0,118.0,68.0,2.0,46.1,158.4,0.0,11,1.0,0.0,0.0,0.0,0.0,0.0,0.0,0.0,0.0,2.0,4.0,0.0,8.9,0.0,0.0,10.0,11.552,0.0,0.0,18.373444036,0.6342659402,0.34317326049999997,0.0,10.0,0.0,0.0
23922,0.0,0.0,0.0,0.0,0.0,0.0,0.0,107.0,69.0,2.0,51.4,162.9,0.0,12,1.0,0.953307393,0.0,0.0,0.0,0.0,0.0,9.4,21.0,2.0,0.0,0.0,11.1,0.0,0.0,6.0,20.183,0.0,0.0,19.369613297,0.668663447,0.4362255308,0.0,10.0,0.0,0.0
23922,0.0,0.0,0.0,0.0,0.0,0.0,0.0,103.0,61.0,1.0,55.6,167.3,0.0,13,2.0,0.0,0.0,0.0,0.0,0.0,0.0,9.4,38.0,1.0,0.0,0.0,13.4,0.0,0.0,0.0,31.336,0.0,0.0,19.864741120999998,0.6462048229,0.3750942757,0.0,10.0,0.0,0.0
23922,0.0,0.0,0.0,0.0,0.0,0.0,0.0,109.0,42.0,5.0,63.1,170.0,0.0,14,3.0,0.0,143.0,48.0,219.0,139.0,0.0,9.4,0.0,5.0,0.0,1.35,8.9,0.0,0.0,0.0,42.49,0.0,0.0,21.833910035,0.7631227773,0.7163837185999999,0.0,10.0,0.0,0.0
23922,0.0,0.0,0.0,0.0,0.0,0.0,0.0,115.0,63.0,3.0,65.4,170.7,0.0,15,4.0,0.7645259939,0.0,0.0,0.0,0.0,0.0,37.7,24.0,3.0,0.0,0.0,9.2,0.0,0.0,3.0,54.573,0.0,0.0,22.444539851,0.7602342423999999,0.7070562618,0.0,10.0,0.0,0.0
23922,0.0,0.0,0.0,0.0,0.0,0.0,0.0,120.0,60.0,2.0,63.2,171.0,0.0,15,5.0,0.7753164557,0.0,0.0,0.0,0.0,0.0,37.7,31.0,2.0,0.0,0.0,7.9,0.0,0.0,4.0,64.1,0.0,0.0,21.613487911,0.6924972176,0.5029412690999999,0.0,10.0,0.0,0.0
23922,30.0,0.0,0.0,0.0,0.0,0.0,0.0,107.0,58.0,3.0,64.7,171.4,0.0,16,6.0,0.6491499227,0.0,0.0,0.0,0.0,0.0,10.4,23.0,3.0,1.0,0.0,8.2,0.0,0.0,4.0,74.556,0.0,0.0,22.023312715,0.678952604,0.464771929,0.0,10.0,0.0,0.0
