PtID,Pt_CGMUseNumDays,Pt_FatherT1D,Pt_MotherT1D,Pt_SiblingT1D,Pt_ChildT1D,Pt_GrandchildT1D,Pt_GrandparentT1D,BldPrSys,BldPrDia,SMBGperDayPtMeterCombo,WeightKg,HeightCm,DirectLDL,age,diabDur,TotalDailyInsPerKg,LDL,HDL,TotChol,Triglyc,BUN,AlbCreatRat_mggNew,UnitsInsBasalOrLongAct,BGTestAvgNumMeter,BGTestAvgNumPtRep,TSH,HbA1c,AutonomicNeuroCl,Pt_InsGov,NumPumpBolusOrShortAct,HbA1cImputeDtMnC,Pt_SHFlg,Pt_DKAFlg,bmi,bmiPerc,bmiZscore,GFR,diagAgeCombo,Pt_A1cGoalLev,Pt_A1cGoalLevelDsYr5
23936,0.0,0.0,0.0,0.0,0.0,0.0,0.0,116.0,42.0,9.0,50.0,152.0,0.0,10,5.0,1.1,0.0,0.0,0.0,0.0,0.0,18.0,0.0,0.0,9.0,0.0,8.3,0.0,0.0,10.0,0.0,0.0,0.0,21.641274238,0.9213335551,1.4140988192,0.0,4.0,0.0,0.0
23936,0.0,0.0,0.0,0.0,0.0,0.0,0.0,123.0,71.0,9.0,56.4,159.0,0.0,11,6.0,1.2411347518,0.0,0.0,0.0,0.0,0.0,0.0,0.0,0.0,9.0,0.0,8.6,0.0,0.0,0.0,10.357000000000001,0.0,0.0,22.309244096,0.9107682127,1.3455007645,0.0,4.0,7.5,0.0
23936,0.0,0.0,0.0,0.0,0.0,0.0,0.0,120.0,64.0,9.0,66.1,164.2,0.0,12,7.0,1.1497730711,0.0,0.0,0.0,0.0,0.0,9.0,25.0,9.0,0.0,1.36,7.9,0.0,0.0,0.0,23.369,0.0,0.0,24.516312806,0.9387730918000001,1.5445555027000002,0.0,4.0,0.0,0.0
23936,0.0,0.0,0.0,0.0,0.0,0.0,0.0,108.0,58.0,8.0,68.0,166.8,1.0,13,8.0,0.9852941176000001,105.0,0.0,0.0,0.0,0.0,27.8,28.0,8.0,0.0,2.56,7.8,0.0,0.0,0.0,33.826,0.0,0.0,24.440878952,0.9164436851000001,1.3815411648,0.0,4.0,0.0,0.0
23936,0.0,0.0,0.0,0.0,0.0,0.0,0.0,96.0,54.0,7.0,59.5,168.3,0.0,14,9.0,0.218487395,0.0,0.0,0.0,0.0,0.0,27.8,11.0,7.0,0.0,1.15,7.8,0.0,0.0,0.0,45.776,0.0,0.0,21.006259865,0.6941790382999999,0.5077311165999999,0.0,4.0,0.0,0.0
23936,0.0,0.0,0.0,0.0,0.0,0.0,0.0,112.0,64.0,2.0,78.3,169.0,0.0,15,10.0,0.7151979566,83.0,58.0,168.0,137.0,7.0,2.7,31.0,2.0,4.0,1.47,9.9,0.0,0.0,0.0,66.689,0.0,0.0,27.415006477,0.940936003,1.5626795197999999,0.0,4.0,0.0,0.0
