PtID,Pt_CGMUseNumDays,Pt_FatherT1D,Pt_MotherT1D,Pt_SiblingT1D,Pt_ChildT1D,Pt_GrandchildT1D,Pt_GrandparentT1D,BldPrSys,BldPrDia,SMBGperDayPtMeterCombo,WeightKg,HeightCm,DirectLDL,age,diabDur,TotalDailyInsPerKg,LDL,HDL,TotChol,Triglyc,BUN,AlbCreatRat_mggNew,UnitsInsBasalOrLongAct,BGTestAvgNumMeter,BGTestAvgNumPtRep,TSH,HbA1c,AutonomicNeuroCl,Pt_InsGov,NumPumpBolusOrShortAct,HbA1cImputeDtMnC,Pt_SHFlg,Pt_DKAFlg,bmi,bmiPerc,bmiZscore,GFR,diagAgeCombo,Pt_A1cGoalLev,Pt_A1cGoalLevelDsYr5
23955,0.0,0.0,0.0,1.0,0.0,0.0,0.0,107.0,60.0,10.0,32.1,129.4,0.0,7,3.0,0.8411214953,0.0,0.0,0.0,0.0,0.0,0.0,0.0,10.0,10.0,0.0,8.7,0.0,1.0,5.0,0.033,0.0,0.0,19.170634172,0.9366410666,1.5271735288,0.0,3.0,0.0,0.0
23955,0.0,0.0,0.0,1.0,0.0,0.0,0.0,112.0,58.0,16.0,41.0,141.0,0.0,8,5.0,0.5365853659,0.0,0.0,0.0,0.0,0.0,0.0,0.0,0.0,16.0,0.0,7.6,0.0,0.0,0.0,22.34,0.0,0.0,20.622705095,0.9494081612999999,1.6391420592,0.0,3.0,6.9,0.0
23955,0.0,0.0,0.0,0.0,0.0,0.0,0.0,110.0,53.0,10.0,44.0,148.0,0.0,10,6.0,0.9318181818000001,0.0,0.0,0.0,0.0,0.0,0.0,17.0,10.0,0.0,0.0,8.1,0.0,0.0,0.0,35.485,0.0,0.0,20.087655223,0.8580549506,1.0716214414,0.0,3.0,0.0,0.0
23955,0.0,0.0,0.0,0.0,0.0,0.0,0.0,0.0,0.0,10.0,52.6,154.7,0.0,10,6.0,1.0076045626999999,0.0,0.0,0.0,0.0,0.0,0.0,24.0,10.0,6.0,0.0,8.3,0.0,0.0,6.0,46.306999999999995,0.0,0.0,21.978857676,0.9303694427,1.4785481674,0.0,3.0,0.0,0.0
23955,0.0,0.0,0.0,0.0,0.0,0.0,0.0,111.0,51.0,3.0,58.9,160.3,0.0,12,8.0,0.9847198642,0.0,0.0,0.0,0.0,0.0,0.0,28.0,3.0,0.0,0.0,9.8,0.0,0.0,4.0,64.398,0.0,0.0,22.921775258,0.8995434634999999,1.278954517,0.0,3.0,0.0,0.0
23955,0.0,0.0,0.0,0.0,0.0,0.0,0.0,114.0,50.0,4.0,61.0,161.8,0.0,12,8.0,0.9344262295,0.0,0.0,0.0,0.0,0.0,0.0,29.0,4.0,11.0,0.0,0.0,0.0,0.0,4.0,0.0,0.0,0.0,23.300905603,0.9110158056000001,1.3470367756000001,0.0,3.0,0.0,0.0
23955,0.0,0.0,0.0,0.0,0.0,0.0,0.0,107.0,67.0,4.0,59.6,161.3,0.0,13,9.0,1.0067114094,0.0,0.0,0.0,0.0,0.0,0.0,29.0,4.0,0.0,0.0,9.5,0.0,0.0,5.0,80.166,0.0,0.0,22.907491019000002,0.8664083720999999,1.1095725723999998,0.0,3.0,0.0,0.0
