PtID,Pt_CGMUseNumDays,Pt_FatherT1D,Pt_MotherT1D,Pt_SiblingT1D,Pt_ChildT1D,Pt_GrandchildT1D,Pt_GrandparentT1D,BldPrSys,BldPrDia,SMBGperDayPtMeterCombo,WeightKg,HeightCm,DirectLDL,age,diabDur,TotalDailyInsPerKg,LDL,HDL,TotChol,Triglyc,BUN,AlbCreatRat_mggNew,UnitsInsBasalOrLongAct,BGTestAvgNumMeter,BGTestAvgNumPtRep,TSH,HbA1c,AutonomicNeuroCl,Pt_InsGov,NumPumpBolusOrShortAct,HbA1cImputeDtMnC,Pt_SHFlg,Pt_DKAFlg,bmi,bmiPerc,bmiZscore,GFR,diagAgeCombo,Pt_A1cGoalLev,Pt_A1cGoalLevelDsYr5
2397,0.0,0.0,0.0,0.0,0.0,0.0,0.0,130.0,86.0,4.0,80.0,175.0,0.0,16,9.0,0.6625,83.0,48.0,0.0,95.0,12.0,6.0,0.0,4.0,10.0,0.0,10.3,0.0,0.0,7.0,3.32,0.0,0.0,26.12244898,0.9218448088,1.4175904075,0.0,7.0,0.0,0.0
2397,0.0,0.0,0.0,0.0,0.0,0.0,0.0,115.0,78.0,2.0,84.36818082,175.0,0.0,17,10.0,0.0,0.0,0.0,0.0,0.0,0.0,0.0,0.0,2.0,6.0,0.0,11.2,0.0,0.0,5.0,12.78,0.0,0.0,27.548793736999997,0.9379213055,1.5375552797,0.0,7.0,7.5,0.0
2397,0.0,0.0,0.0,0.0,0.0,0.0,0.0,126.0,86.0,3.0,87.54332741,174.2,0.0,19,12.0,0.6054145024,128.0,57.0,206.0,107.0,22.0,5.6,32.0,3.0,0.0,4.7,9.8,0.0,0.0,0.0,31.601999999999997,0.0,0.0,28.848733264,0.9345852376,1.5108388071,127.0,7.0,0.0,0.0
2397,0.0,0.0,0.0,0.0,0.0,0.0,0.0,130.0,84.0,3.0,84.322821583,173.2,1.0,20,13.0,0.557381728,118.0,47.0,172.0,98.0,16.0,5.6,31.0,3.0,6.0,1.25,10.4,0.0,0.0,15.0,44.282,0.0,0.0,28.109256271,0.8940032515999999,0.2976935268,127.0,7.0,0.0,0.0
2397,0.0,0.0,0.0,0.0,0.0,0.0,0.0,128.0,76.0,3.0,78.0,174.0,0.0,22,15.0,0.0,74.0,58.0,149.0,85.0,22.0,10.5,30.0,0.0,3.0,3.27,9.6,0.0,0.0,0.0,67.917,0.0,0.0,25.762980579,0.0,-0.165098048,113.0,7.0,0.0,9.5
2397,0.0,0.0,0.0,0.0,0.0,0.0,0.0,128.0,88.0,0.0,76.0,174.0,1.0,23,16.0,0.5131578947,89.0,0.0,0.0,0.0,18.0,10.5,30.0,0.0,0.0,1.15,11.4,0.0,0.0,3.0,79.967,0.0,0.0,25.102391333000003,0.0,-0.295396093,118.0,7.0,0.0,0.0
