PtID,Pt_CGMUseNumDays,Pt_FatherT1D,Pt_MotherT1D,Pt_SiblingT1D,Pt_ChildT1D,Pt_GrandchildT1D,Pt_GrandparentT1D,BldPrSys,BldPrDia,SMBGperDayPtMeterCombo,WeightKg,HeightCm,DirectLDL,age,diabDur,TotalDailyInsPerKg,LDL,HDL,TotChol,Triglyc,BUN,AlbCreatRat_mggNew,UnitsInsBasalOrLongAct,BGTestAvgNumMeter,BGTestAvgNumPtRep,TSH,HbA1c,AutonomicNeuroCl,Pt_InsGov,NumPumpBolusOrShortAct,HbA1cImputeDtMnC,Pt_SHFlg,Pt_DKAFlg,bmi,bmiPerc,bmiZscore,GFR,diagAgeCombo,Pt_A1cGoalLev,Pt_A1cGoalLevelDsYr5
24006,0.0,0.0,0.0,0.0,0.0,0.0,0.0,104.0,46.0,9.0,38.7,140.0,0.0,10,4.0,0.6459948320000001,70.0,48.0,130.0,62.0,14.0,0.0,0.0,9.0,10.0,0.0,7.4,0.0,0.0,7.0,0.0,0.0,0.0,19.744897959,0.8732530117,1.1419038776000001,0.0,6.0,0.0,0.0
24006,0.0,0.0,0.0,0.0,0.0,0.0,0.0,104.0,57.0,3.0,41.4,149.2,0.0,11,5.0,0.7729468598999999,96.0,72.0,0.0,80.0,9.0,0.0,0.0,3.0,17.0,0.0,7.3,0.0,0.0,8.0,14.772,0.0,0.0,18.59784804,0.7149316776000001,0.567850266,0.0,6.0,7.0,0.0
24006,0.0,0.0,0.0,0.0,0.0,0.0,0.0,99.0,53.0,3.0,46.2,159.5,0.0,12,6.0,1.1255411255,0.0,0.0,0.0,0.0,18.0,0.0,18.0,3.0,6.0,0.0,10.8,0.0,0.0,5.0,28.945999999999998,0.0,0.0,18.160198897,0.5611185049,0.15380563560000002,0.0,6.0,0.0,0.0
24006,0.0,0.0,0.0,0.0,0.0,0.0,0.0,98.0,68.0,1.0,51.7,164.4,0.0,13,7.0,0.8704061895999999,67.0,49.0,0.0,174.0,10.0,0.0,23.0,1.0,6.0,2.69,12.6,0.0,0.0,4.0,38.905,0.0,0.0,19.128764334,0.6028618585000001,0.2607616985,0.0,6.0,0.0,0.0
24006,0.0,0.0,0.0,0.0,0.0,0.0,0.0,106.0,78.0,1.0,59.3,167.7,0.0,14,8.0,0.9443507589,0.0,0.0,0.0,0.0,0.0,0.0,28.0,1.0,8.0,0.0,10.9,0.0,0.0,2.0,47.501999999999995,0.0,0.0,21.085726457,0.7413159837000001,0.6474078255,0.0,6.0,0.0,0.0
24006,0.0,0.0,0.0,0.0,0.0,0.0,0.0,112.0,76.0,1.0,64.7,168.2,0.0,15,9.0,1.4219474498,0.0,0.0,0.0,0.0,0.0,0.0,27.0,1.0,0.0,0.0,10.9,0.0,0.0,4.0,60.747,0.0,0.0,22.869269781,0.8186148857,0.9100991391,0.0,6.0,0.0,0.0
24006,0.0,0.0,0.0,0.0,0.0,0.0,0.0,112.0,74.0,1.0,64.9,168.3,0.0,16,10.0,1.2326656394,0.0,0.0,0.0,0.0,0.0,0.0,28.0,1.0,4.0,0.0,14.0,0.0,0.0,5.0,69.112,0.0,0.0,22.912710341,0.7682461989,0.7330833374,0.0,6.0,0.0,0.0
