PtID,Pt_CGMUseNumDays,Pt_FatherT1D,Pt_MotherT1D,Pt_SiblingT1D,Pt_ChildT1D,Pt_GrandchildT1D,Pt_GrandparentT1D,BldPrSys,BldPrDia,SMBGperDayPtMeterCombo,WeightKg,HeightCm,DirectLDL,age,diabDur,TotalDailyInsPerKg,LDL,HDL,TotChol,Triglyc,BUN,AlbCreatRat_mggNew,UnitsInsBasalOrLongAct,BGTestAvgNumMeter,BGTestAvgNumPtRep,TSH,HbA1c,AutonomicNeuroCl,Pt_InsGov,NumPumpBolusOrShortAct,HbA1cImputeDtMnC,Pt_SHFlg,Pt_DKAFlg,bmi,bmiPerc,bmiZscore,GFR,diagAgeCombo,Pt_A1cGoalLev,Pt_A1cGoalLevelDsYr5
24003,0.0,0.0,0.0,0.0,0.0,0.0,0.0,123.0,76.0,6.0,92.53284348,177.8,0.0,40,30.0,0.9185927590999999,122.0,33.0,0.0,199.0,20.0,10.5,0.0,0.0,6.0,0.0,7.3,0.0,0.0,0.0,0.0,0.0,0.0,29.270651887,0.0,0.1251797433,0.0,9.0,0.0,0.0
24003,0.0,0.0,0.0,0.0,0.0,0.0,0.0,143.0,82.0,4.0,99.0,178.0,0.0,42,32.0,0.9696969697,0.0,29.0,203.0,842.0,17.0,74.9,51.0,4.0,0.0,1.92,7.1,0.0,0.0,3.0,33.461,0.0,0.0,31.246054791,0.0,0.4091973077,84.0,9.0,0.0,0.0
24003,0.0,0.0,0.0,0.0,0.0,0.0,0.0,139.0,81.0,4.0,95.0,178.0,0.0,43,33.0,0.7263157895,108.0,33.0,164.0,117.0,17.0,65.3,36.0,4.0,0.0,1.72,7.4,0.0,0.0,4.0,46.938,0.0,0.0,29.983587931,0.0,0.2276835709,0.0,9.0,0.0,0.0
24003,12.0,0.0,0.0,0.0,0.0,0.0,0.0,134.0,77.0,4.0,101.0,178.0,0.0,45,35.0,0.7920792079000001,101.0,35.0,169.0,164.0,15.0,0.0,36.0,4.0,4.0,2.14,7.5,0.0,0.0,6.0,65.992,0.0,0.0,31.877288221,0.0,0.4999541762,94.0,9.0,0.0,0.0
24003,0.0,0.0,0.0,0.0,0.0,0.0,0.0,127.0,76.0,4.0,101.0,178.0,0.0,46,36.0,0.8287128712999999,80.0,31.0,138.0,134.0,19.0,46.4,36.7,4.0,0.0,1.96,0.0,0.0,0.0,5.0,0.0,0.0,0.0,31.877288221,0.0,0.4999541762,90.0,9.0,0.0,0.0
