PtID,Pt_CGMUseNumDays,Pt_FatherT1D,Pt_MotherT1D,Pt_SiblingT1D,Pt_ChildT1D,Pt_GrandchildT1D,Pt_GrandparentT1D,BldPrSys,BldPrDia,SMBGperDayPtMeterCombo,WeightKg,HeightCm,DirectLDL,age,diabDur,TotalDailyInsPerKg,LDL,HDL,TotChol,Triglyc,BUN,AlbCreatRat_mggNew,UnitsInsBasalOrLongAct,BGTestAvgNumMeter,BGTestAvgNumPtRep,TSH,HbA1c,AutonomicNeuroCl,Pt_InsGov,NumPumpBolusOrShortAct,HbA1cImputeDtMnC,Pt_SHFlg,Pt_DKAFlg,bmi,bmiPerc,bmiZscore,GFR,diagAgeCombo,Pt_A1cGoalLev,Pt_A1cGoalLevelDsYr5
24014,7.0,0.0,0.0,0.0,0.0,0.0,0.0,125.0,74.0,10.0,0.0,0.0,0.0,59,26.0,0.0,79.0,78.0,164.0,37.0,19.0,6.2,0.0,0.0,10.0,0.0,8.2,0.0,0.0,5.0,-0.763,0.0,0.0,0.0,0.0,0.0,0.0,32.0,0.0,0.0
24014,0.0,0.0,0.0,0.0,0.0,0.0,0.0,135.0,67.0,14.0,0.0,0.0,0.0,61,28.0,0.0,69.0,87.0,164.0,38.0,12.0,5.3,0.0,0.0,14.0,0.0,6.9,0.0,0.0,0.0,20.68,0.0,0.0,0.0,0.0,0.0,0.0,32.0,6.5,0.0
24014,0.0,0.0,0.0,0.0,0.0,0.0,0.0,125.0,67.0,0.0,74.84274105,165.1,0.0,62,29.0,0.0,78.0,84.0,0.0,39.0,17.0,5.3,0.0,0.0,0.0,0.0,7.6,0.0,0.0,0.0,35.32,0.0,0.0,27.457155180999997,0.0,-0.266197038,0.0,32.0,0.0,0.0
24014,0.0,0.0,0.0,0.0,0.0,0.0,0.0,92.0,57.0,0.0,76.20351816,162.56,0.0,63,30.0,0.0,0.0,0.0,0.0,0.0,18.0,0.0,0.0,0.0,0.0,0.0,7.1,0.0,0.0,0.0,45.51,0.0,0.0,28.836838226999998,0.0,-0.09480453300000001,0.0,32.0,0.0,0.0
24014,0.0,0.0,0.0,0.0,0.0,0.0,0.0,92.0,59.0,12.0,77.1107029,162.56,0.0,64,31.0,0.0,0.0,88.0,0.0,43.0,14.0,0.0,0.0,0.0,12.0,0.0,7.1,0.0,0.0,0.0,55.701,0.0,0.0,29.180133921,0.0,-0.052158283,0.0,32.0,0.0,0.0
24014,0.0,0.0,0.0,0.0,0.0,0.0,0.0,93.0,61.0,15.0,76.65711053,162.56,0.0,65,32.0,0.0,85.0,79.0,0.0,37.0,12.0,5.0,0.0,0.0,15.0,0.96,7.5,0.0,1.0,0.0,68.61399999999999,0.0,0.0,29.008486074,0.0,-0.073481408,0.0,32.0,0.0,0.0
24014,0.0,0.0,0.0,0.0,0.0,0.0,0.0,136.0,61.0,0.0,0.0,0.0,0.0,66,33.0,0.0,71.0,80.0,0.0,41.0,15.0,0.0,16.0,0.0,0.0,1.83,7.8,0.0,0.0,0.0,78.57300000000001,0.0,0.0,0.0,0.0,0.0,0.0,32.0,0.0,0.0
