PtID,Pt_CGMUseNumDays,Pt_FatherT1D,Pt_MotherT1D,Pt_SiblingT1D,Pt_ChildT1D,Pt_GrandchildT1D,Pt_GrandparentT1D,BldPrSys,BldPrDia,SMBGperDayPtMeterCombo,WeightKg,HeightCm,DirectLDL,age,diabDur,TotalDailyInsPerKg,LDL,HDL,TotChol,Triglyc,BUN,AlbCreatRat_mggNew,UnitsInsBasalOrLongAct,BGTestAvgNumMeter,BGTestAvgNumPtRep,TSH,HbA1c,AutonomicNeuroCl,Pt_InsGov,NumPumpBolusOrShortAct,HbA1cImputeDtMnC,Pt_SHFlg,Pt_DKAFlg,bmi,bmiPerc,bmiZscore,GFR,diagAgeCombo,Pt_A1cGoalLev,Pt_A1cGoalLevelDsYr5
24053,0.0,0.0,0.0,0.0,0.0,0.0,0.0,116.0,65.0,1.0,47.1,163.6,0.0,12,1.0,1.0615711253,0.0,0.0,0.0,0.0,0.0,0.0,0.0,0.0,1.0,0.0,14.0,0.0,0.0,0.0,-14.805,0.0,0.0,17.597635117,0.4668717697,-0.083135826,0.0,11.0,0.0,0.0
24053,0.0,0.0,0.0,0.0,0.0,0.0,0.0,0.0,0.0,0.0,62.5,170.8,0.0,14,2.0,1.28,61.0,91.0,162.0,51.0,12.0,40.0,0.0,0.0,0.0,1.04,14.0,0.0,0.0,0.0,19.021,0.0,0.0,21.424183755999998,0.7704996246,0.7404932575,0.0,11.0,0.0,0.0
24053,0.0,0.0,0.0,0.0,0.0,0.0,0.0,121.0,75.0,0.0,59.2,171.3,0.0,15,4.0,1.3513513514,37.0,109.0,185.0,193.0,0.0,5.0,35.0,0.0,0.0,1.45,14.0,0.0,0.0,0.0,34.158,0.0,0.0,20.174695139,0.5500491126,0.1257854306,0.0,11.0,0.0,0.0
24053,0.0,0.0,0.0,0.0,0.0,0.0,0.0,115.0,62.0,2.0,73.1,172.9,0.0,16,5.0,1.2995896033,56.0,57.0,134.0,107.0,0.0,5.0,0.0,2.0,0.0,1.02,10.0,0.0,0.0,0.0,48.133,0.0,0.0,24.452732133,0.8633746486,1.0956072154,0.0,11.0,0.0,0.0
24053,0.0,0.0,0.0,0.0,0.0,0.0,0.0,119.0,68.0,2.0,79.3,182.9,0.0,18,6.0,0.0,0.0,0.0,0.0,0.0,8.0,5.0,45.0,0.0,2.0,1.32,9.0,0.0,0.0,0.0,66.523,0.0,0.0,23.705317494000003,0.7141032916,0.5654122171,0.0,11.0,0.0,0.0
