PtID,Pt_CGMUseNumDays,Pt_FatherT1D,Pt_MotherT1D,Pt_SiblingT1D,Pt_ChildT1D,Pt_GrandchildT1D,Pt_GrandparentT1D,BldPrSys,BldPrDia,SMBGperDayPtMeterCombo,WeightKg,HeightCm,DirectLDL,age,diabDur,TotalDailyInsPerKg,LDL,HDL,TotChol,Triglyc,BUN,AlbCreatRat_mggNew,UnitsInsBasalOrLongAct,BGTestAvgNumMeter,BGTestAvgNumPtRep,TSH,HbA1c,AutonomicNeuroCl,Pt_InsGov,NumPumpBolusOrShortAct,HbA1cImputeDtMnC,Pt_SHFlg,Pt_DKAFlg,bmi,bmiPerc,bmiZscore,GFR,diagAgeCombo,Pt_A1cGoalLev,Pt_A1cGoalLevelDsYr5
24064,0.0,0.0,0.0,0.0,0.0,0.0,0.0,137.0,83.0,4.0,64.86370891,175.26,0.0,26,22.0,0.7245962463,66.0,57.0,139.0,76.0,20.0,2.0,0.0,4.0,4.0,0.0,7.9,0.0,0.0,7.0,0.0,0.0,0.0,21.117191743,0.0,-1.081457509,0.0,4.0,0.0,0.0
24064,0.0,0.0,0.0,0.0,0.0,0.0,0.0,142.0,75.0,4.0,0.0,0.0,0.0,28,24.0,0.0,85.0,63.0,156.0,41.0,0.0,7.0,0.0,4.0,0.0,0.0,7.7,0.0,0.0,8.0,15.237,0.0,0.0,0.0,0.0,0.0,0.0,4.0,0.0,0.0
24064,0.0,0.0,0.0,0.0,0.0,0.0,0.0,138.0,83.0,8.0,0.0,0.0,0.0,28,24.0,0.0,46.0,54.0,142.0,213.0,18.0,0.0,23.0,8.0,0.0,0.98,7.0,0.0,0.0,10.0,26.324,0.0,0.0,0.0,0.0,0.0,85.0,4.0,0.0,0.0
24064,0.0,0.0,0.0,0.0,0.0,0.0,0.0,136.0,77.0,4.0,0.0,0.0,0.0,30,26.0,0.0,86.0,58.0,158.0,69.0,4.0,0.0,24.0,4.0,0.0,1.87,6.7,0.0,0.0,8.0,39.369,0.0,0.0,0.0,0.0,0.0,0.0,4.0,0.0,0.0
24064,7.0,0.0,0.0,0.0,0.0,0.0,0.0,131.0,79.0,5.0,64.0,172.0,0.0,31,27.0,0.640625,78.0,80.0,172.0,68.0,14.0,0.0,24.0,5.0,6.0,1.03,7.2,0.0,0.0,8.0,61.676,0.0,0.0,21.633315306,0.0,-0.850419226,99.0,4.0,0.0,0.0
24064,0.0,0.0,0.0,0.0,0.0,0.0,0.0,162.0,77.0,5.0,62.0,172.0,0.0,32,28.0,0.6935483870999999,0.0,0.0,0.0,0.0,0.0,0.0,24.0,5.0,0.0,0.0,8.1,0.0,0.0,9.0,74.822,0.0,0.0,20.957274202,0.0,-0.948416371,0.0,4.0,0.0,0.0
