PtID,Pt_CGMUseNumDays,Pt_FatherT1D,Pt_MotherT1D,Pt_SiblingT1D,Pt_ChildT1D,Pt_GrandchildT1D,Pt_GrandparentT1D,BldPrSys,BldPrDia,SMBGperDayPtMeterCombo,WeightKg,HeightCm,DirectLDL,age,diabDur,TotalDailyInsPerKg,LDL,HDL,TotChol,Triglyc,BUN,AlbCreatRat_mggNew,UnitsInsBasalOrLongAct,BGTestAvgNumMeter,BGTestAvgNumPtRep,TSH,HbA1c,AutonomicNeuroCl,Pt_InsGov,NumPumpBolusOrShortAct,HbA1cImputeDtMnC,Pt_SHFlg,Pt_DKAFlg,bmi,bmiPerc,bmiZscore,GFR,diagAgeCombo,Pt_A1cGoalLev,Pt_A1cGoalLevelDsYr5
24067,0.0,0.0,0.0,0.0,0.0,0.0,0.0,106.0,64.0,10.0,40.1,144.8,0.0,11,6.0,1.0473815461,0.0,0.0,0.0,0.0,0.0,2.0,0.0,0.0,10.0,0.0,8.3,0.0,0.0,7.0,0.0,0.0,0.0,19.125255639000002,0.7707438856000001,0.7412988993999999,0.0,5.0,0.0,0.0
24067,0.0,0.0,0.0,0.0,0.0,0.0,0.0,127.0,76.0,3.0,47.8,165.5,0.0,13,8.0,0.8577405858,122.0,45.0,0.0,121.0,0.0,4.0,23.0,3.0,0.0,3.32,11.2,0.0,0.0,4.0,28.614,0.0,0.0,17.451465394,0.32984924379999997,-0.440329487,0.0,5.0,0.0,0.0
24067,0.0,0.0,0.0,0.0,0.0,0.0,0.0,123.0,84.0,4.0,53.52389966,172.0,0.0,15,9.0,1.1957275237,0.0,0.0,0.0,0.0,0.0,11.0,29.0,4.0,0.0,3.55,12.6,0.0,0.0,0.0,44.88,0.0,0.0,18.09217809,0.2269202916,-0.749027579,0.0,5.0,0.0,0.0
24067,0.0,0.0,0.0,0.0,0.0,0.0,0.0,127.0,80.0,1.0,57.5,175.3,0.0,16,10.0,1.0782608696,0.0,0.0,0.0,0.0,0.0,3.0,35.0,1.0,0.0,3.2,13.4,0.0,0.0,0.0,56.465,0.0,0.0,18.71130218,0.2235690287,-0.76019496,0.0,5.0,0.0,0.0
