PtID,Pt_CGMUseNumDays,Pt_FatherT1D,Pt_MotherT1D,Pt_SiblingT1D,Pt_ChildT1D,Pt_GrandchildT1D,Pt_GrandparentT1D,BldPrSys,BldPrDia,SMBGperDayPtMeterCombo,WeightKg,HeightCm,DirectLDL,age,diabDur,TotalDailyInsPerKg,LDL,HDL,TotChol,Triglyc,BUN,AlbCreatRat_mggNew,UnitsInsBasalOrLongAct,BGTestAvgNumMeter,BGTestAvgNumPtRep,TSH,HbA1c,AutonomicNeuroCl,Pt_InsGov,NumPumpBolusOrShortAct,HbA1cImputeDtMnC,Pt_SHFlg,Pt_DKAFlg,bmi,bmiPerc,bmiZscore,GFR,diagAgeCombo,Pt_A1cGoalLev,Pt_A1cGoalLevelDsYr5
24062,0.0,0.0,0.0,0.0,0.0,0.0,0.0,100.0,61.0,8.0,26.3,131.6,0.0,7,6.0,1.2927756654,76.0,65.0,157.0,78.0,0.0,6.0,0.0,0.0,8.0,0.0,7.2,0.0,1.0,5.0,0.033,0.0,0.0,15.186020085,0.4073561646,-0.234351215,0.0,1.0,0.0,0.0
24062,0.0,0.0,0.0,0.0,0.0,0.0,0.0,107.0,53.0,6.0,30.8,143.1,0.0,8,7.0,0.7142857143000001,79.0,59.0,163.0,124.0,0.0,4.0,0.0,0.0,6.0,0.0,6.9,0.0,1.0,0.0,18.589000000000002,1.0,0.0,15.040817752,0.30793841969999997,-0.5017024520000001,0.0,1.0,6.5,0.0
24062,0.0,0.0,0.0,0.0,0.0,0.0,0.0,112.0,58.0,4.0,33.7,149.0,0.0,9,8.0,0.7418397626000001,90.0,72.0,176.0,70.0,0.0,2.0,10.0,4.0,0.0,1.62,7.7,0.0,0.0,0.0,30.705,0.0,0.0,15.179496419000001,0.2706704472,-0.6107865570000001,0.0,1.0,0.0,0.0
24062,0.0,0.0,0.0,0.0,0.0,0.0,0.0,117.0,56.0,5.0,37.5,154.7,0.0,10,9.0,0.6666666667,69.0,69.0,151.0,65.0,0.0,18.0,9.0,5.0,0.0,2.19,7.5,0.0,0.0,0.0,40.73,0.0,0.0,15.669337697000001,0.29568304300000003,-0.536857448,0.0,1.0,0.0,0.0
24062,0.0,0.0,0.0,0.0,0.0,0.0,0.0,116.0,64.0,5.0,40.5,158.7,0.0,11,10.0,0.962962963,0.0,0.0,0.0,0.0,0.0,5.3,11.0,5.0,0.0,0.0,7.0,0.0,0.0,0.0,50.224,0.0,0.0,16.080560032,0.2848423383,-0.568515953,0.0,1.0,0.0,0.0
24062,0.0,0.0,0.0,0.0,0.0,0.0,0.0,110.0,60.0,0.0,50.3,168.2,0.0,13,12.0,0.8747514911,78.0,55.0,145.0,61.0,0.0,4.2,16.0,0.0,0.0,2.1,6.6,0.0,0.0,0.0,72.531,0.0,0.0,17.779355023,0.38754195020000004,-0.285731338,0.0,1.0,0.0,0.0
24062,7.0,0.0,0.0,0.0,0.0,0.0,0.0,120.0,56.0,8.0,52.2,173.2,0.0,13,12.0,0.0,0.0,0.0,0.0,0.0,0.0,4.2,0.0,0.0,8.0,0.0,6.6,0.0,0.0,0.0,78.57300000000001,0.0,0.0,17.40102086,0.3209726973,-0.464980537,0.0,1.0,0.0,0.0
