PtID,Pt_CGMUseNumDays,Pt_FatherT1D,Pt_MotherT1D,Pt_SiblingT1D,Pt_ChildT1D,Pt_GrandchildT1D,Pt_GrandparentT1D,BldPrSys,BldPrDia,SMBGperDayPtMeterCombo,WeightKg,HeightCm,DirectLDL,age,diabDur,TotalDailyInsPerKg,LDL,HDL,TotChol,Triglyc,BUN,AlbCreatRat_mggNew,UnitsInsBasalOrLongAct,BGTestAvgNumMeter,BGTestAvgNumPtRep,TSH,HbA1c,AutonomicNeuroCl,Pt_InsGov,NumPumpBolusOrShortAct,HbA1cImputeDtMnC,Pt_SHFlg,Pt_DKAFlg,bmi,bmiPerc,bmiZscore,GFR,diagAgeCombo,Pt_A1cGoalLev,Pt_A1cGoalLevelDsYr5
24104,0.0,0.0,0.0,1.0,0.0,0.0,0.0,126.0,60.0,4.0,0.0,0.0,0.0,59,43.0,0.0,80.0,64.0,0.0,75.0,15.0,4.0,0.0,0.0,4.0,0.0,8.1,1.0,0.0,6.0,-0.033,0.0,1.0,0.0,0.0,0.0,0.0,16.0,0.0,0.0
24104,0.0,0.0,0.0,1.0,0.0,0.0,0.0,112.0,60.0,5.0,0.0,0.0,0.0,60,44.0,0.0,94.0,59.0,0.0,98.0,0.0,0.0,0.0,0.0,5.0,0.0,7.0,1.0,0.0,0.0,15.369000000000002,0.0,0.0,0.0,0.0,0.0,0.0,16.0,7.0,0.0
24104,0.0,0.0,0.0,0.0,0.0,0.0,0.0,126.0,70.0,0.0,0.0,0.0,0.0,62,46.0,0.0,97.0,65.0,0.0,95.0,0.0,0.0,27.0,0.0,0.0,8.07,7.4,1.0,0.0,0.0,34.39,0.0,0.0,0.0,0.0,0.0,0.0,16.0,0.0,0.0
24104,0.0,0.0,0.0,0.0,0.0,0.0,0.0,126.0,74.0,0.0,0.0,0.0,0.0,63,47.0,0.0,77.0,55.0,0.0,60.0,0.0,0.0,27.0,0.0,0.0,12.98,7.6,1.0,0.0,0.0,44.647,0.0,0.0,0.0,0.0,0.0,0.0,16.0,0.0,0.0
24104,0.0,0.0,0.0,0.0,0.0,0.0,0.0,124.0,60.0,4.0,102.96546799,180.34,0.0,63,47.0,0.5827196357,76.0,60.0,0.0,72.0,0.0,10.0,25.0,4.0,4.0,1.32,7.9,1.0,0.0,0.0,56.299,0.0,0.0,31.659748974,0.0,0.5260722163,0.0,16.0,0.0,0.0
24104,0.0,0.0,0.0,0.0,0.0,0.0,0.0,120.0,70.0,3.0,104.46232281,180.34,1.0,65,49.0,0.5647969374,85.0,0.0,0.0,0.0,0.0,10.0,27.0,0.0,3.0,2.9,8.4,1.0,0.0,0.0,69.743,0.0,0.0,32.120000831,0.0,0.6138069040999999,0.0,16.0,0.0,0.0
24104,0.0,0.0,0.0,0.0,0.0,0.0,0.0,120.0,74.0,3.0,104.3262451,180.34,1.0,65,49.0,0.5176070503,85.0,0.0,0.0,0.0,20.0,10.0,29.7,0.0,3.0,0.0,8.7,1.0,0.0,2.0,79.70100000000001,0.0,0.0,32.078159753,0.0,0.6058310234000001,0.0,16.0,0.0,0.0
