PtID,Pt_CGMUseNumDays,Pt_FatherT1D,Pt_MotherT1D,Pt_SiblingT1D,Pt_ChildT1D,Pt_GrandchildT1D,Pt_GrandparentT1D,BldPrSys,BldPrDia,SMBGperDayPtMeterCombo,WeightKg,HeightCm,DirectLDL,age,diabDur,TotalDailyInsPerKg,LDL,HDL,TotChol,Triglyc,BUN,AlbCreatRat_mggNew,UnitsInsBasalOrLongAct,BGTestAvgNumMeter,BGTestAvgNumPtRep,TSH,HbA1c,AutonomicNeuroCl,Pt_InsGov,NumPumpBolusOrShortAct,HbA1cImputeDtMnC,Pt_SHFlg,Pt_DKAFlg,bmi,bmiPerc,bmiZscore,GFR,diagAgeCombo,Pt_A1cGoalLev,Pt_A1cGoalLevelDsYr5
24125,0.0,0.0,0.0,0.0,0.0,0.0,0.0,101.0,66.0,6.0,64.86370891,157.48,0.0,54,14.0,0.3545896525,111.0,78.0,0.0,81.0,23.0,0.0,0.0,6.0,6.0,0.0,6.9,0.0,1.0,3.0,0.266,0.0,0.0,26.154773644000002,0.0,-0.313159685,0.0,40.0,0.0,0.0
24125,0.0,0.0,0.0,0.0,0.0,0.0,0.0,0.0,0.0,5.0,66.22448602,157.48,0.0,55,15.0,0.0,106.0,95.0,0.0,91.0,20.0,0.0,0.0,5.0,6.0,0.0,7.5,0.0,1.0,6.0,13.743,0.0,0.0,26.703475189000002,0.0,-0.25673327100000004,0.0,40.0,6.5,0.0
24125,0.0,0.0,0.0,0.0,0.0,0.0,0.0,177.0,68.0,8.0,70.0,157.48,0.0,57,17.0,0.3571428571,127.0,78.0,225.0,100.0,21.0,0.0,11.0,8.0,7.0,1.32,6.9,0.0,0.0,7.0,39.535,0.0,0.0,28.225862903000003,0.0,-0.100176615,0.0,40.0,0.0,0.0
24125,0.0,0.0,0.0,0.0,0.0,0.0,0.0,132.0,56.0,8.0,71.6,157.5,0.0,58,18.0,0.0,0.0,0.0,0.0,0.0,0.0,0.0,0.0,8.0,0.0,0.0,6.8,0.0,0.0,0.0,47.402,0.0,0.0,28.863693626,0.0,-0.034584488999999996,0.0,40.0,0.0,0.0
24125,0.0,0.0,0.0,0.0,0.0,0.0,0.0,132.0,56.0,9.0,0.0,0.0,0.0,59,19.0,0.0,0.0,0.0,0.0,0.0,0.0,0.0,10.0,9.0,0.0,0.0,6.8,0.0,0.0,0.0,59.519,0.0,0.0,0.0,0.0,0.0,0.0,40.0,0.0,0.0
