PtID,Pt_CGMUseNumDays,Pt_FatherT1D,Pt_MotherT1D,Pt_SiblingT1D,Pt_ChildT1D,Pt_GrandchildT1D,Pt_GrandparentT1D,BldPrSys,BldPrDia,SMBGperDayPtMeterCombo,WeightKg,HeightCm,DirectLDL,age,diabDur,TotalDailyInsPerKg,LDL,HDL,TotChol,Triglyc,BUN,AlbCreatRat_mggNew,UnitsInsBasalOrLongAct,BGTestAvgNumMeter,BGTestAvgNumPtRep,TSH,HbA1c,AutonomicNeuroCl,Pt_InsGov,NumPumpBolusOrShortAct,HbA1cImputeDtMnC,Pt_SHFlg,Pt_DKAFlg,bmi,bmiPerc,bmiZscore,GFR,diagAgeCombo,Pt_A1cGoalLev,Pt_A1cGoalLevelDsYr5
24150,0.0,1.0,0.0,0.0,0.0,0.0,1.0,144.0,86.0,4.0,108.8621688,179.578,0.0,45,20.0,0.9920801798000001,70.0,34.0,0.0,133.0,18.0,3.6,0.0,0.0,4.0,0.0,6.9,0.0,0.0,0.0,-0.1,0.0,0.0,33.757534598,0.0,0.7702904177,0.0,25.0,0.0,0.0
24150,0.0,1.0,0.0,0.0,0.0,0.0,1.0,120.0,70.0,3.0,0.0,0.0,0.0,46,21.0,0.0,63.0,34.0,0.0,131.0,0.0,6.5,0.0,0.0,3.0,0.0,6.8,0.0,0.0,0.0,14.472999999999999,0.0,0.0,0.0,0.0,0.0,0.0,25.0,7.0,0.0
24150,0.0,0.0,0.0,0.0,0.0,0.0,0.0,120.0,70.0,4.0,0.0,0.0,0.0,47,22.0,0.0,194.0,34.0,0.0,275.0,0.0,0.0,94.0,0.0,4.0,1.61,6.3,0.0,0.0,0.0,22.838,0.0,0.0,0.0,0.0,0.0,0.0,25.0,0.0,0.0
24150,0.0,0.0,0.0,0.0,0.0,0.0,0.0,144.0,70.0,0.0,0.0,0.0,0.0,48,23.0,0.0,85.0,45.0,0.0,90.0,0.0,0.0,84.0,0.0,0.0,0.0,6.5,0.0,0.0,0.0,35.784,0.0,0.0,0.0,0.0,0.0,0.0,25.0,0.0,0.0
24150,0.0,0.0,0.0,0.0,0.0,0.0,0.0,134.0,70.0,4.0,0.0,0.0,1.0,49,24.0,0.0,74.0,33.0,0.0,90.0,0.0,9.9,84.0,0.0,4.0,0.0,6.5,1.0,0.0,0.0,50.025,0.0,0.0,0.0,0.0,0.0,0.0,25.0,0.0,0.0
24150,0.0,0.0,0.0,0.0,0.0,0.0,0.0,124.0,70.0,0.0,0.0,0.0,1.0,50,25.0,0.0,83.0,0.0,0.0,0.0,0.0,9.9,80.0,0.0,0.0,0.0,6.6,1.0,0.0,0.0,56.1,0.0,0.0,0.0,0.0,0.0,0.0,25.0,0.0,0.0
24150,0.0,0.0,0.0,0.0,0.0,0.0,0.0,122.0,68.0,4.0,111.76515997,180.34,1.0,51,26.0,0.0,76.0,0.0,0.0,0.0,0.0,7.5,77.0,4.0,4.0,1.61,6.8,1.0,0.0,0.0,72.365,0.0,0.0,34.365472014,0.0,0.7498617175,0.0,25.0,0.0,0.0
24150,0.0,0.0,0.0,0.0,0.0,0.0,0.0,124.0,74.0,3.0,110.67653828,180.34,1.0,51,26.0,0.0,83.0,0.0,0.0,0.0,0.0,16.0,75.0,0.0,3.0,0.0,7.1,1.0,0.0,0.0,78.407,0.0,0.0,34.030743391,0.0,0.7055582279000001,0.0,25.0,0.0,0.0
