PtID,Pt_CGMUseNumDays,Pt_FatherT1D,Pt_MotherT1D,Pt_SiblingT1D,Pt_ChildT1D,Pt_GrandchildT1D,Pt_GrandparentT1D,BldPrSys,BldPrDia,SMBGperDayPtMeterCombo,WeightKg,HeightCm,DirectLDL,age,diabDur,TotalDailyInsPerKg,LDL,HDL,TotChol,Triglyc,BUN,AlbCreatRat_mggNew,UnitsInsBasalOrLongAct,BGTestAvgNumMeter,BGTestAvgNumPtRep,TSH,HbA1c,AutonomicNeuroCl,Pt_InsGov,NumPumpBolusOrShortAct,HbA1cImputeDtMnC,Pt_SHFlg,Pt_DKAFlg,bmi,bmiPerc,bmiZscore,GFR,diagAgeCombo,Pt_A1cGoalLev,Pt_A1cGoalLevelDsYr5
24155,0.0,0.0,0.0,0.0,0.0,0.0,0.0,0.0,0.0,6.0,0.0,0.0,0.0,39,18.0,0.0,127.0,68.0,260.0,324.0,13.0,27.9,0.0,0.0,6.0,0.0,12.6,1.0,0.0,0.0,3.054,0.0,0.0,0.0,0.0,0.0,0.0,21.0,0.0,0.0
24155,0.0,0.0,0.0,0.0,0.0,0.0,0.0,131.0,86.0,5.0,94.02969830100001,165.1,0.0,40,19.0,0.2446035712,0.0,57.0,323.0,446.0,16.0,0.0,0.0,0.0,5.0,0.0,6.5,1.0,0.0,0.0,18.357,1.0,1.0,34.496171328,0.0,0.5267799323,0.0,21.0,8.0,0.0
24155,0.0,0.0,0.0,0.0,0.0,0.0,0.0,137.0,85.0,0.0,95.25439770000001,165.1,0.0,42,21.0,0.8398562369,0.0,0.0,0.0,0.0,0.0,53.2,50.0,0.0,0.0,0.0,9.1,1.0,0.0,0.0,35.817,0.0,0.0,34.945470231,0.0,0.5669215145000001,0.0,21.0,0.0,0.0
24155,0.0,0.0,0.0,0.0,0.0,0.0,0.0,136.0,90.0,4.0,0.0,0.0,0.0,43,22.0,0.0,105.0,45.0,197.0,235.0,11.0,53.2,48.0,0.0,4.0,0.0,10.2,1.0,0.0,3.0,51.386,0.0,0.0,0.0,0.0,0.0,0.0,21.0,0.0,0.0
24155,0.0,0.0,0.0,0.0,0.0,0.0,0.0,137.0,94.0,4.0,0.0,0.0,0.0,44,23.0,0.0,0.0,0.0,0.0,0.0,13.0,0.0,0.0,0.0,4.0,0.0,9.2,1.0,0.0,0.0,64.29899999999999,1.0,1.0,0.0,0.0,0.0,0.0,21.0,0.0,0.0
24155,0.0,0.0,0.0,0.0,0.0,0.0,0.0,149.0,93.0,4.0,97.52235955,167.64,0.0,46,25.0,0.0,0.0,0.0,0.0,0.0,0.0,0.0,82.0,0.0,4.0,0.0,10.6,1.0,0.0,3.0,85.27799999999999,0.0,0.0,34.701551796,0.0,0.5451291802,0.0,21.0,0.0,0.0
