PtID,Pt_CGMUseNumDays,Pt_FatherT1D,Pt_MotherT1D,Pt_SiblingT1D,Pt_ChildT1D,Pt_GrandchildT1D,Pt_GrandparentT1D,BldPrSys,BldPrDia,SMBGperDayPtMeterCombo,WeightKg,HeightCm,DirectLDL,age,diabDur,TotalDailyInsPerKg,LDL,HDL,TotChol,Triglyc,BUN,AlbCreatRat_mggNew,UnitsInsBasalOrLongAct,BGTestAvgNumMeter,BGTestAvgNumPtRep,TSH,HbA1c,AutonomicNeuroCl,Pt_InsGov,NumPumpBolusOrShortAct,HbA1cImputeDtMnC,Pt_SHFlg,Pt_DKAFlg,bmi,bmiPerc,bmiZscore,GFR,diagAgeCombo,Pt_A1cGoalLev,Pt_A1cGoalLevelDsYr5
24163,0.0,0.0,0.0,0.0,0.0,0.0,0.0,115.0,71.0,3.0,56.2,153.3,1.0,13,5.0,0.8896797153,106.0,0.0,0.0,0.0,13.0,14.0,0.0,0.0,3.0,0.0,9.1,0.0,0.0,3.0,-0.033,0.0,0.0,23.913987938,0.9021466028,1.2938802296,0.0,7.0,0.0,0.0
24163,0.0,0.0,0.0,0.0,0.0,0.0,0.0,115.0,65.0,2.0,64.2,156.3,1.0,14,6.0,0.8566978193000001,111.0,0.0,0.0,0.0,0.0,0.0,24.0,2.0,0.0,0.99,8.9,0.0,0.0,3.0,10.655999999999999,0.0,0.0,26.27949843,0.9360869745,1.5227308713999999,0.0,7.0,0.0,0.0
24163,0.0,0.0,0.0,0.0,0.0,0.0,0.0,122.0,73.0,4.0,66.6,157.6,0.0,15,7.0,0.7057057056999999,0.0,0.0,0.0,0.0,0.0,0.0,21.0,4.0,0.0,0.0,10.5,0.0,0.0,3.0,24.83,0.0,0.0,26.814012214,0.9311063168000001,1.4840812514,0.0,7.0,0.0,0.0
24163,0.0,0.0,0.0,0.0,0.0,0.0,0.0,107.0,69.0,4.0,65.8,158.0,0.0,16,8.0,0.9118541032999999,0.0,0.0,0.0,0.0,0.0,29.9,20.0,4.0,4.0,0.0,9.5,0.0,0.0,3.0,32.498000000000005,0.0,0.0,26.357955456,0.9065737093,1.3199473971,0.0,7.0,0.0,0.0
24163,0.0,0.0,0.0,0.0,0.0,0.0,0.0,110.0,72.0,1.0,62.8,158.5,1.0,17,9.0,0.0,143.0,0.0,0.0,0.0,0.0,29.9,0.0,1.0,5.0,1.31,11.1,0.0,0.0,0.0,43.917,0.0,0.0,24.997760949,0.8420702790000001,1.0030029414,0.0,7.0,0.0,0.0
