PtID,Pt_CGMUseNumDays,Pt_FatherT1D,Pt_MotherT1D,Pt_SiblingT1D,Pt_ChildT1D,Pt_GrandchildT1D,Pt_GrandparentT1D,BldPrSys,BldPrDia,SMBGperDayPtMeterCombo,WeightKg,HeightCm,DirectLDL,age,diabDur,TotalDailyInsPerKg,LDL,HDL,TotChol,Triglyc,BUN,AlbCreatRat_mggNew,UnitsInsBasalOrLongAct,BGTestAvgNumMeter,BGTestAvgNumPtRep,TSH,HbA1c,AutonomicNeuroCl,Pt_InsGov,NumPumpBolusOrShortAct,HbA1cImputeDtMnC,Pt_SHFlg,Pt_DKAFlg,bmi,bmiPerc,bmiZscore,GFR,diagAgeCombo,Pt_A1cGoalLev,Pt_A1cGoalLevelDsYr5
24193,0.0,0.0,0.0,0.0,0.0,0.0,0.0,108.0,69.0,2.0,58.5,167.0,0.0,14,9.0,0.905982906,98.0,47.0,158.0,64.0,7.0,6.8,0.0,2.0,3.0,0.0,8.7,0.0,0.0,6.0,0.0,0.0,0.0,20.976012048,0.6913351605,0.4996384499,0.0,5.0,0.0,0.0
24193,0.0,0.0,0.0,0.0,0.0,0.0,0.0,129.0,73.0,2.0,60.1,168.1,0.0,15,10.0,0.5823627288000001,71.0,68.0,151.0,59.0,12.0,1.1,0.0,2.0,4.0,0.0,8.7,0.0,0.0,2.0,10.855,1.0,0.0,21.268606935,0.6594815919,0.41104871229999995,0.0,5.0,7.0,0.0
24193,0.0,0.0,0.0,0.0,0.0,0.0,0.0,120.0,79.0,2.0,64.0,168.0,0.0,16,11.0,0.828125,0.0,0.0,0.0,0.0,0.0,8.0,32.0,2.0,0.0,1.03,10.5,0.0,0.0,3.0,22.905,0.0,0.0,22.675736961,0.7345878824,0.6267483039,0.0,5.0,0.0,0.0
24193,0.0,0.0,0.0,0.0,0.0,0.0,0.0,123.0,72.0,1.0,66.6,168.6,0.0,17,12.0,0.7957957957999999,0.0,0.0,0.0,0.0,0.0,12.9,33.0,1.0,0.0,0.0,8.9,0.0,0.0,2.0,32.664,0.0,0.0,23.429287876,0.75366362,0.6860639859000001,0.0,5.0,0.0,0.0
24193,0.0,0.0,0.0,0.0,0.0,0.0,0.0,120.0,78.0,1.0,67.2,168.5,0.0,18,13.0,0.6845238095,0.0,0.0,0.0,0.0,0.0,3.9,39.0,1.0,0.0,1.06,10.4,0.0,0.0,1.0,42.92100000000001,0.0,0.0,23.668430645999997,0.7406498979999999,0.6453502986999999,0.0,5.0,0.0,0.0
