PtID,Pt_CGMUseNumDays,Pt_FatherT1D,Pt_MotherT1D,Pt_SiblingT1D,Pt_ChildT1D,Pt_GrandchildT1D,Pt_GrandparentT1D,BldPrSys,BldPrDia,SMBGperDayPtMeterCombo,WeightKg,HeightCm,DirectLDL,age,diabDur,TotalDailyInsPerKg,LDL,HDL,TotChol,Triglyc,BUN,AlbCreatRat_mggNew,UnitsInsBasalOrLongAct,BGTestAvgNumMeter,BGTestAvgNumPtRep,TSH,HbA1c,AutonomicNeuroCl,Pt_InsGov,NumPumpBolusOrShortAct,HbA1cImputeDtMnC,Pt_SHFlg,Pt_DKAFlg,bmi,bmiPerc,bmiZscore,GFR,diagAgeCombo,Pt_A1cGoalLev,Pt_A1cGoalLevelDsYr5
24212,0.0,1.0,0.0,0.0,0.0,0.0,0.0,136.0,86.0,4.0,75.74992579,162.56,0.0,66,29.0,0.36963732579999997,85.0,100.0,0.0,46.0,0.0,9.9,0.0,0.0,4.0,0.0,6.0,0.0,1.0,0.0,-3.552,0.0,0.0,28.665190381,0.0,-0.11612765900000001,0.0,37.0,0.0,0.0
24212,0.0,1.0,1.0,0.0,0.0,0.0,0.0,120.0,70.0,4.0,0.0,0.0,0.0,67,30.0,0.0,74.0,102.0,0.0,40.0,0.0,9.9,0.0,0.0,4.0,0.0,6.5,0.0,1.0,0.0,7.768,0.0,0.0,0.0,0.0,0.0,0.0,37.0,6.0,0.0
24212,0.0,0.0,0.0,0.0,0.0,0.0,0.0,128.0,78.0,4.0,0.0,0.0,1.0,68,31.0,0.0,79.0,0.0,0.0,0.0,16.0,0.0,10.0,0.0,4.0,2.62,6.5,0.0,0.0,3.0,26.954,0.0,0.0,0.0,0.0,0.0,0.0,37.0,0.0,0.0
24212,0.0,0.0,0.0,0.0,0.0,0.0,0.0,127.0,78.0,5.0,0.0,0.0,1.0,69,32.0,0.0,78.0,0.0,0.0,0.0,0.0,5.1,9.0,0.0,5.0,3.26,5.9,0.0,0.0,0.0,39.236999999999995,0.0,0.0,0.0,0.0,0.0,0.0,37.0,0.0,0.0
24212,0.0,0.0,0.0,0.0,0.0,0.0,0.0,118.0,66.0,4.0,70.76040972,163.8,1.0,71,34.0,0.0,73.0,0.0,0.0,0.0,0.0,10.0,8.0,0.0,4.0,1.6,6.7,0.0,0.0,3.0,57.361000000000004,0.0,0.0,26.373182743,0.0,-0.258756843,0.0,37.0,0.0,0.0
24212,0.0,0.0,0.0,0.0,0.0,0.0,0.0,116.0,64.0,5.0,68.49244787,162.56,0.0,71,34.0,0.0,93.0,79.0,184.0,62.0,0.0,10.0,8.0,0.0,5.0,1.55,6.2,0.0,1.0,0.0,63.402,0.0,0.0,25.918824835,0.0,-0.33102569600000004,0.0,37.0,0.0,0.0
