PtID,Pt_CGMUseNumDays,Pt_FatherT1D,Pt_MotherT1D,Pt_SiblingT1D,Pt_ChildT1D,Pt_GrandchildT1D,Pt_GrandparentT1D,BldPrSys,BldPrDia,SMBGperDayPtMeterCombo,WeightKg,HeightCm,DirectLDL,age,diabDur,TotalDailyInsPerKg,LDL,HDL,TotChol,Triglyc,BUN,AlbCreatRat_mggNew,UnitsInsBasalOrLongAct,BGTestAvgNumMeter,BGTestAvgNumPtRep,TSH,HbA1c,AutonomicNeuroCl,Pt_InsGov,NumPumpBolusOrShortAct,HbA1cImputeDtMnC,Pt_SHFlg,Pt_DKAFlg,bmi,bmiPerc,bmiZscore,GFR,diagAgeCombo,Pt_A1cGoalLev,Pt_A1cGoalLevelDsYr5
24296,0.0,0.0,0.0,1.0,0.0,0.0,1.0,135.0,79.0,4.0,0.0,0.0,1.0,29,18.0,0.0,133.0,0.0,0.0,0.0,18.0,201.9,0.0,0.0,4.0,0.0,10.0,0.0,0.0,0.0,16.896,0.0,0.0,0.0,0.0,0.0,0.0,11.0,9.0,0.0
24296,30.0,0.0,0.0,1.0,0.0,0.0,1.0,118.0,74.0,4.0,0.0,0.0,0.0,28,17.0,0.0,124.0,48.0,187.0,74.0,21.0,93.0,0.0,0.0,4.0,0.0,10.9,0.0,0.0,3.0,-0.73,0.0,0.0,0.0,0.0,0.0,0.0,11.0,0.0,0.0
24296,0.0,0.0,0.0,0.0,0.0,0.0,0.0,143.0,83.0,0.0,0.0,0.0,0.0,30,19.0,0.0,146.0,45.0,0.0,192.0,0.0,456.0,0.0,0.0,0.0,0.0,11.5,0.0,0.0,0.0,31.401999999999997,0.0,0.0,0.0,0.0,0.0,0.0,11.0,0.0,0.0
24296,0.0,0.0,0.0,0.0,0.0,0.0,0.0,152.0,96.0,7.0,94.34721296,172.72,0.0,32,21.0,1.2718976665000001,0.0,0.0,0.0,0.0,0.0,370.5,0.0,0.0,7.0,0.0,9.0,0.0,0.0,0.0,51.851000000000006,0.0,0.0,31.62596725,0.0,0.598089391,0.0,11.0,0.0,0.0
24296,0.0,0.0,0.0,0.0,0.0,0.0,0.0,146.0,91.0,4.0,94.80080533,172.72,0.0,33,22.0,0.0,0.0,0.0,0.0,0.0,0.0,370.5,0.0,0.0,4.0,0.0,9.6,0.0,0.0,0.0,64.797,0.0,0.0,31.77801517,0.0,0.6201298586,0.0,11.0,0.0,0.0
24296,0.0,0.0,0.0,0.0,0.0,0.0,0.0,147.0,95.0,3.0,0.0,0.0,1.0,34,23.0,0.0,123.0,0.0,0.0,0.0,19.0,370.5,0.0,0.0,3.0,2.3,10.3,0.0,0.0,0.0,77.311,0.0,0.0,0.0,0.0,0.0,0.0,11.0,0.0,0.0
