PtID,Pt_CGMUseNumDays,Pt_FatherT1D,Pt_MotherT1D,Pt_SiblingT1D,Pt_ChildT1D,Pt_GrandchildT1D,Pt_GrandparentT1D,BldPrSys,BldPrDia,SMBGperDayPtMeterCombo,WeightKg,HeightCm,DirectLDL,age,diabDur,TotalDailyInsPerKg,LDL,HDL,TotChol,Triglyc,BUN,AlbCreatRat_mggNew,UnitsInsBasalOrLongAct,BGTestAvgNumMeter,BGTestAvgNumPtRep,TSH,HbA1c,AutonomicNeuroCl,Pt_InsGov,NumPumpBolusOrShortAct,HbA1cImputeDtMnC,Pt_SHFlg,Pt_DKAFlg,bmi,bmiPerc,bmiZscore,GFR,diagAgeCombo,Pt_A1cGoalLev,Pt_A1cGoalLevelDsYr5
24326,0.0,0.0,0.0,0.0,0.0,0.0,0.0,98.0,66.0,2.0,56.0,172.72,0.0,23,15.0,1.25,92.0,62.0,178.0,121.0,8.0,14.0,0.0,2.0,4.0,0.0,8.9,0.0,0.0,0.0,5.942,0.0,0.0,18.771663841,0.0,-1.082526849,0.0,7.0,0.0,0.0
24326,0.0,0.0,0.0,0.0,0.0,0.0,0.0,108.0,69.0,0.0,52.5,158.0,0.0,25,18.0,1.1238095237999999,0.0,0.0,0.0,0.0,0.0,21.8,34.0,0.0,0.0,0.51,11.0,0.0,0.0,3.0,29.576999999999998,0.0,0.0,21.030283608,0.0,-0.777978498,0.0,7.0,0.0,0.0
24326,0.0,0.0,0.0,0.0,0.0,0.0,0.0,136.0,87.0,0.0,62.0,158.0,0.0,26,19.0,1.1451612903,0.0,0.0,0.0,0.0,0.0,177.8,46.0,0.0,0.0,0.0,9.8,0.0,0.0,0.0,43.22,0.0,0.0,24.835763499000002,0.0,-0.264854225,0.0,7.0,0.0,0.0
24326,0.0,0.0,0.0,0.0,0.0,0.0,0.0,119.0,70.0,3.0,63.5,158.0,0.0,28,21.0,0.0,165.0,68.0,258.0,127.0,9.0,177.8,34.0,0.0,3.0,0.937,9.0,0.0,0.0,0.0,65.195,0.0,0.0,25.436628745,0.0,-0.183834603,120.0,7.0,0.0,0.0
24326,0.0,0.0,0.0,0.0,0.0,0.0,0.0,124.0,81.0,0.0,64.2,158.0,0.0,28,21.0,0.0,91.0,52.0,191.0,239.0,0.0,45.2,49.0,0.0,0.0,0.0,9.4,0.0,0.0,0.0,69.278,0.0,0.0,25.717032526999997,0.0,-0.146025446,0.0,7.0,0.0,0.0
