PtID,Pt_CGMUseNumDays,Pt_FatherT1D,Pt_MotherT1D,Pt_SiblingT1D,Pt_ChildT1D,Pt_GrandchildT1D,Pt_GrandparentT1D,BldPrSys,BldPrDia,SMBGperDayPtMeterCombo,WeightKg,HeightCm,DirectLDL,age,diabDur,TotalDailyInsPerKg,LDL,HDL,TotChol,Triglyc,BUN,AlbCreatRat_mggNew,UnitsInsBasalOrLongAct,BGTestAvgNumMeter,BGTestAvgNumPtRep,TSH,HbA1c,AutonomicNeuroCl,Pt_InsGov,NumPumpBolusOrShortAct,HbA1cImputeDtMnC,Pt_SHFlg,Pt_DKAFlg,bmi,bmiPerc,bmiZscore,GFR,diagAgeCombo,Pt_A1cGoalLev,Pt_A1cGoalLevelDsYr5
24346,0.0,0.0,0.0,0.0,0.0,0.0,0.0,107.0,71.0,1.0,61.507125372,164.084,0.0,13,8.0,1.3169205927,0.0,67.0,169.0,0.0,0.0,3.5,0.0,1.0,2.0,0.0,11.8,0.0,1.0,0.0,0.0,0.0,0.0,22.845094604,0.8637559404,1.097350692,0.0,5.0,0.0,0.0
24346,0.0,0.0,0.0,0.0,0.0,0.0,0.0,118.0,77.0,2.0,78.9,166.0,0.0,15,10.0,1.2040557668,0.0,0.0,0.0,0.0,0.0,0.0,0.0,2.0,2.0,0.0,9.4,0.0,1.0,0.0,20.68,0.0,1.0,28.6326027,0.9560764376,1.7068651228,0.0,5.0,8.0,0.0
24346,0.0,0.0,0.0,0.0,0.0,0.0,0.0,110.0,76.0,1.0,72.9,166.4,0.0,16,11.0,0.0,0.0,54.0,0.0,489.0,0.0,3.1,37.0,1.0,0.0,1.81,12.9,0.0,0.0,0.0,36.481,0.0,0.0,26.328182785,0.9058324554,1.3155203305,0.0,5.0,0.0,0.0
24346,0.0,0.0,0.0,0.0,0.0,0.0,0.0,100.0,67.0,2.0,67.5,166.6,0.0,17,12.0,0.5481481481,0.0,0.0,0.0,0.0,0.0,3.1,0.0,2.0,0.0,0.0,10.8,0.0,0.0,0.0,46.938,0.0,0.0,24.31945167,0.8089345609999999,0.8739768187000001,0.0,5.0,0.0,0.0
24346,0.0,0.0,0.0,0.0,0.0,0.0,0.0,121.0,82.0,1.0,72.4,167.1,0.0,18,13.0,1.546961326,94.0,60.0,0.0,250.0,0.0,22.0,0.0,1.0,0.0,1.98,10.1,0.0,0.0,0.0,58.988,0.0,0.0,25.928993951,0.8603652843999999,1.08196196,0.0,5.0,0.0,0.0
24346,0.0,0.0,0.0,0.0,0.0,0.0,0.0,103.0,73.0,0.0,48.5,165.2,0.0,20,14.0,0.0,112.0,58.0,192.0,0.0,0.0,22.0,30.0,0.0,0.0,2.17,13.1,0.0,0.0,0.0,74.755,0.0,0.0,17.77140043,0.04705401730000001,-1.2174006240000002,0.0,5.0,0.0,0.0
