PtID,Pt_CGMUseNumDays,Pt_FatherT1D,Pt_MotherT1D,Pt_SiblingT1D,Pt_ChildT1D,Pt_GrandchildT1D,Pt_GrandparentT1D,BldPrSys,BldPrDia,SMBGperDayPtMeterCombo,WeightKg,HeightCm,DirectLDL,age,diabDur,TotalDailyInsPerKg,LDL,HDL,TotChol,Triglyc,BUN,AlbCreatRat_mggNew,UnitsInsBasalOrLongAct,BGTestAvgNumMeter,BGTestAvgNumPtRep,TSH,HbA1c,AutonomicNeuroCl,Pt_InsGov,NumPumpBolusOrShortAct,HbA1cImputeDtMnC,Pt_SHFlg,Pt_DKAFlg,bmi,bmiPerc,bmiZscore,GFR,diagAgeCombo,Pt_A1cGoalLev,Pt_A1cGoalLevelDsYr5
2434,0.0,1.0,0.0,0.0,0.0,0.0,0.0,101.0,62.0,8.0,24.4,127.2,0.0,8,6.0,0.6557377049,65.0,64.0,157.0,140.0,0.0,3.0,0.0,0.0,8.0,0.0,8.1,0.0,0.0,6.0,0.0,1.0,0.0,15.080495234,0.318570548,-0.47169977799999996,0.0,2.0,0.0,0.0
2434,0.0,1.0,0.0,0.0,0.0,0.0,0.0,104.0,58.0,9.0,27.7,132.1,0.0,9,7.0,0.3971119134,67.0,66.0,170.0,183.0,0.0,0.0,0.0,0.0,9.0,0.0,8.0,0.0,0.0,0.0,13.71,0.0,0.0,15.873552540999999,0.4369770641,-0.158637949,0.0,2.0,7.5,0.0
2434,0.0,0.0,0.0,0.0,0.0,0.0,0.0,104.0,58.0,0.0,29.7,135.5,0.0,10,8.0,0.0,0.0,0.0,0.0,0.0,0.0,0.0,8.0,0.0,0.0,3.21,7.1,0.0,0.0,5.0,22.772,0.0,0.0,16.176250322999998,0.4062886077,-0.23710257399999998,0.0,2.0,0.0,0.0
2434,0.0,0.0,0.0,0.0,0.0,0.0,0.0,105.0,50.0,8.0,32.3,139.8,0.0,11,9.0,0.0,69.0,77.0,161.0,77.0,0.0,4.0,0.0,0.0,8.0,3.34,8.1,0.0,0.0,0.0,36.481,0.0,0.0,16.526777473,0.374242069,-0.32063879,0.0,2.0,0.0,0.0
2434,0.0,0.0,0.0,0.0,0.0,0.0,0.0,102.0,58.0,6.0,34.6,144.2,0.0,12,10.0,0.0,69.0,53.0,161.0,194.0,0.0,4.0,12.0,6.0,0.0,3.74,7.6,0.0,0.0,0.0,46.938,0.0,0.0,16.639703294,0.29028461780000003,-0.552553434,0.0,2.0,0.0,0.0
2434,0.0,0.0,0.0,0.0,0.0,0.0,0.0,119.0,58.0,6.0,40.9,148.7,0.0,13,11.0,0.0,96.0,61.0,175.0,89.0,0.0,5.1,11.0,6.0,0.0,3.81,7.6,0.0,0.0,0.0,57.162,0.0,0.0,18.497003169,0.5085474089,0.0214268162,0.0,2.0,0.0,0.0
2434,1.0,0.0,0.0,0.0,0.0,0.0,0.0,121.0,57.0,3.0,44.7,154.0,0.0,14,11.0,0.0,85.0,50.0,164.0,147.0,0.0,3.8,14.0,3.0,5.0,2.25,9.2,0.0,0.0,0.0,64.133,0.0,0.0,18.848035082,0.45576796070000003,-0.11110142199999999,0.0,2.0,0.0,0.0
2434,0.0,0.0,0.0,0.0,0.0,0.0,0.0,120.0,59.0,2.0,53.1,163.7,0.0,15,12.0,0.0,0.0,0.0,0.0,0.0,0.0,3.8,21.0,2.0,0.0,2.12,7.7,0.0,0.0,0.0,75.51899999999999,0.0,0.0,19.815140783,0.4980248984,-0.004950866,0.0,2.0,0.0,0.0
