PtID,Pt_CGMUseNumDays,Pt_FatherT1D,Pt_MotherT1D,Pt_SiblingT1D,Pt_ChildT1D,Pt_GrandchildT1D,Pt_GrandparentT1D,BldPrSys,BldPrDia,SMBGperDayPtMeterCombo,WeightKg,HeightCm,DirectLDL,age,diabDur,TotalDailyInsPerKg,LDL,HDL,TotChol,Triglyc,BUN,AlbCreatRat_mggNew,UnitsInsBasalOrLongAct,BGTestAvgNumMeter,BGTestAvgNumPtRep,TSH,HbA1c,AutonomicNeuroCl,Pt_InsGov,NumPumpBolusOrShortAct,HbA1cImputeDtMnC,Pt_SHFlg,Pt_DKAFlg,bmi,bmiPerc,bmiZscore,GFR,diagAgeCombo,Pt_A1cGoalLev,Pt_A1cGoalLevelDsYr5
24357,0.0,0.0,0.0,0.0,0.0,0.0,0.0,109.0,59.0,8.0,28.9,123.3,0.0,6,4.0,0.7612456747,68.0,62.0,0.0,64.0,17.0,0.0,0.0,8.0,9.0,0.0,8.0,0.0,0.0,6.0,0.0,0.0,0.0,19.00954358,0.9685640086,1.8600957336000001,0.0,2.0,0.0,0.0
24357,0.0,0.0,0.0,0.0,0.0,0.0,0.0,113.0,53.0,9.0,35.5,131.1,0.0,8,5.0,0.9014084507,0.0,0.0,0.0,0.0,0.0,0.0,10.0,9.0,0.0,0.0,8.5,0.0,0.0,9.0,15.037,0.0,0.0,20.654893959000002,0.9624318692,1.7796316587,0.0,2.0,0.0,0.0
24357,0.0,0.0,0.0,0.0,0.0,0.0,0.0,103.0,57.0,7.0,42.0,139.0,0.0,9,6.0,0.8333333333,0.0,0.0,0.0,0.0,12.0,0.0,11.0,7.0,9.0,0.735,8.6,0.0,0.0,9.0,30.241,0.0,0.0,21.738005279,0.9617052043000001,1.7708262976,0.0,2.0,0.0,0.0
24357,0.0,0.0,0.0,0.0,0.0,0.0,0.0,108.0,52.0,6.0,46.3,145.2,0.0,10,7.0,0.7559395248,0.0,0.0,0.0,0.0,13.0,0.0,12.0,6.0,5.0,1.23,9.2,0.0,0.0,10.0,42.95399999999999,0.0,0.0,21.96077985,0.9472830405,1.6190620228000001,0.0,2.0,0.0,0.0
24357,0.0,0.0,0.0,0.0,0.0,0.0,0.0,108.0,60.0,7.0,54.9,149.3,0.0,11,8.0,0.8925318761,0.0,0.0,0.0,0.0,0.0,0.0,20.0,7.0,6.0,0.0,9.2,0.0,0.0,10.0,52.714,0.0,0.0,24.629337444,0.96784787,1.8500644567,0.0,2.0,0.0,0.0
