PtID,Pt_CGMUseNumDays,Pt_FatherT1D,Pt_MotherT1D,Pt_SiblingT1D,Pt_ChildT1D,Pt_GrandchildT1D,Pt_GrandparentT1D,BldPrSys,BldPrDia,SMBGperDayPtMeterCombo,WeightKg,HeightCm,DirectLDL,age,diabDur,TotalDailyInsPerKg,LDL,HDL,TotChol,Triglyc,BUN,AlbCreatRat_mggNew,UnitsInsBasalOrLongAct,BGTestAvgNumMeter,BGTestAvgNumPtRep,TSH,HbA1c,AutonomicNeuroCl,Pt_InsGov,NumPumpBolusOrShortAct,HbA1cImputeDtMnC,Pt_SHFlg,Pt_DKAFlg,bmi,bmiPerc,bmiZscore,GFR,diagAgeCombo,Pt_A1cGoalLev,Pt_A1cGoalLevelDsYr5
24365,0.0,0.0,0.0,0.0,0.0,0.0,0.0,110.0,74.0,6.0,94.34721296,172.72,0.0,19,16.0,0.8479317776,53.0,50.0,148.0,224.0,16.0,5.0,0.0,6.0,5.0,0.0,8.4,0.0,0.0,4.0,-0.066,0.0,0.0,31.62596725,0.9555047359000001,1.7007468787,0.0,2.0,0.0,0.0
24365,0.0,0.0,0.0,0.0,0.0,0.0,0.0,111.0,76.0,3.0,50.34875307,172.72,0.0,21,18.0,0.0,44.0,50.0,134.0,199.0,0.0,0.0,0.0,0.0,3.0,0.0,11.6,0.0,0.0,0.0,17.162,0.0,0.0,16.877319060999998,0.0,-1.337956996,0.0,2.0,7.0,0.0
24365,0.0,0.0,0.0,0.0,0.0,0.0,0.0,113.0,73.0,4.0,87.99691978,172.72,0.0,22,19.0,0.6136578432,64.0,57.0,134.0,64.0,0.0,0.0,28.0,4.0,4.0,1.24,9.1,0.0,0.0,0.0,35.22,0.0,0.0,29.497296378,0.0,0.36369874049999995,0.0,2.0,0.0,0.0
24365,0.0,0.0,0.0,0.0,0.0,0.0,0.0,118.0,78.0,4.0,89.35769689,172.72,0.0,24,21.0,0.49240302210000003,54.0,56.0,117.0,35.0,10.0,0.0,25.0,4.0,0.0,1.64,0.0,0.0,0.0,19.0,0.0,0.0,0.0,29.953440135999998,0.0,0.4252043695,0.0,2.0,0.0,0.0
