PtID,Pt_CGMUseNumDays,Pt_FatherT1D,Pt_MotherT1D,Pt_SiblingT1D,Pt_ChildT1D,Pt_GrandchildT1D,Pt_GrandparentT1D,BldPrSys,BldPrDia,SMBGperDayPtMeterCombo,WeightKg,HeightCm,DirectLDL,age,diabDur,TotalDailyInsPerKg,LDL,HDL,TotChol,Triglyc,BUN,AlbCreatRat_mggNew,UnitsInsBasalOrLongAct,BGTestAvgNumMeter,BGTestAvgNumPtRep,TSH,HbA1c,AutonomicNeuroCl,Pt_InsGov,NumPumpBolusOrShortAct,HbA1cImputeDtMnC,Pt_SHFlg,Pt_DKAFlg,bmi,bmiPerc,bmiZscore,GFR,diagAgeCombo,Pt_A1cGoalLev,Pt_A1cGoalLevelDsYr5
24362,0.0,0.0,0.0,0.0,0.0,0.0,1.0,117.0,67.0,6.0,37.0,152.7,0.0,12,7.0,0.7837837837999999,93.0,73.0,0.0,36.0,10.0,8.0,0.0,0.0,6.0,0.0,8.5,0.0,0.0,5.0,0.332,0.0,0.0,15.868053277000001,0.1581605792,-1.002046452,0.0,4.0,0.0,0.0
24362,0.0,0.0,0.0,0.0,0.0,0.0,1.0,115.0,68.0,6.0,46.0,157.6,0.0,13,8.0,0.8695652173999999,0.0,0.0,0.0,0.0,0.0,0.0,0.0,0.0,6.0,0.0,9.3,0.0,0.0,0.0,12.614,0.0,0.0,18.520188616,0.47271878850000004,-0.068437241,0.0,4.0,6.0,0.0
24362,0.0,0.0,0.0,0.0,0.0,0.0,0.0,114.0,56.0,6.0,51.9,159.5,0.0,13,8.0,0.6743737958,114.0,69.0,0.0,52.0,14.0,4.0,18.0,0.0,6.0,0.73,9.5,0.0,0.0,0.0,19.618,0.0,0.0,20.400742917,0.7013505245,0.5282887323,0.0,4.0,0.0,0.0
24362,0.0,0.0,0.0,0.0,0.0,0.0,0.0,107.0,92.0,5.0,72.983012333,153.4,0.0,14,9.0,0.8221091194,0.0,0.0,0.0,0.0,0.0,4.0,23.0,0.0,5.0,0.0,14.0,0.0,0.0,0.0,29.71,0.0,0.0,31.014948577,0.978914849,2.0318355983000003,0.0,4.0,0.0,0.0
24362,0.0,0.0,0.0,0.0,0.0,0.0,0.0,117.0,66.0,6.0,57.9,162.0,0.0,15,10.0,0.8635578584,149.0,76.0,0.0,70.0,14.0,4.0,23.0,0.0,6.0,0.89,12.1,0.0,0.0,0.0,45.809,0.0,0.0,22.062185642,0.7310658095,0.6160396048,0.0,4.0,0.0,0.0
24362,0.0,0.0,0.0,0.0,0.0,0.0,0.0,136.0,73.0,5.0,58.4,162.3,0.0,16,11.0,1.1301369863,111.0,68.0,0.0,83.0,8.0,4.0,23.0,0.0,5.0,1.28,9.3,0.0,0.0,0.0,57.958999999999996,0.0,0.0,22.170516325999998,0.6923839002,0.5026189554,0.0,4.0,0.0,0.0
24362,0.0,0.0,0.0,0.0,0.0,0.0,0.0,125.0,94.0,10.0,59.4,162.4,0.0,17,12.0,0.0,0.0,0.0,0.0,0.0,0.0,4.0,23.0,0.0,10.0,0.0,9.4,0.0,0.0,0.0,70.075,0.0,0.0,22.522385887,0.6806419574,0.4694946819,0.0,4.0,0.0,0.0
