PtID,Pt_CGMUseNumDays,Pt_FatherT1D,Pt_MotherT1D,Pt_SiblingT1D,Pt_ChildT1D,Pt_GrandchildT1D,Pt_GrandparentT1D,BldPrSys,BldPrDia,SMBGperDayPtMeterCombo,WeightKg,HeightCm,DirectLDL,age,diabDur,TotalDailyInsPerKg,LDL,HDL,TotChol,Triglyc,BUN,AlbCreatRat_mggNew,UnitsInsBasalOrLongAct,BGTestAvgNumMeter,BGTestAvgNumPtRep,TSH,HbA1c,AutonomicNeuroCl,Pt_InsGov,NumPumpBolusOrShortAct,HbA1cImputeDtMnC,Pt_SHFlg,Pt_DKAFlg,bmi,bmiPerc,bmiZscore,GFR,diagAgeCombo,Pt_A1cGoalLev,Pt_A1cGoalLevelDsYr5
24373,0.0,0.0,0.0,0.0,0.0,0.0,0.0,106.0,66.0,10.0,53.7,158.6,0.0,13,2.0,0.5586592179,111.0,58.0,0.0,72.0,10.0,3.8,0.0,0.0,10.0,0.0,7.5,0.0,0.0,5.0,0.0,0.0,0.0,21.34852723,0.7799023453,0.7718634459999999,0.0,10.0,0.0,0.0
24373,0.0,0.0,0.0,0.0,0.0,0.0,0.0,120.0,71.0,3.0,59.8,160.5,0.0,14,3.0,0.5016722408,0.0,0.0,188.0,0.0,0.0,1.9,0.0,3.0,4.0,0.0,9.5,0.0,0.0,4.0,13.012,0.0,0.0,23.214060423000003,0.8452652909,1.0163359848,0.0,10.0,7.0,0.0
24373,0.0,0.0,0.0,0.0,0.0,0.0,0.0,125.0,80.0,4.0,65.9,161.2,0.0,15,4.0,0.5007587253,0.0,0.0,229.0,0.0,0.0,6.3,20.0,4.0,6.0,2.2,7.6,0.0,0.0,4.0,26.256999999999998,0.0,0.0,25.360355645,0.8979697041,1.2700674868000001,0.0,10.0,0.0,0.0
24373,0.0,0.0,0.0,0.0,0.0,0.0,0.0,120.0,77.0,3.0,62.4,162.5,0.0,16,5.0,0.5929487179,113.0,76.0,198.0,43.0,0.0,6.3,21.0,3.0,3.0,1.64,8.9,0.0,0.0,4.0,36.946,0.0,0.0,23.630769231,0.7993319301999999,0.8392373363,0.0,10.0,0.0,0.0
24373,0.0,0.0,0.0,0.0,0.0,0.0,0.0,125.0,83.0,2.0,64.9,162.0,0.0,17,6.0,0.0,0.0,0.0,0.0,0.0,0.0,1.8,24.0,2.0,3.0,0.0,8.8,0.0,0.0,0.0,47.402,0.0,0.0,24.729461972,0.8297872773999999,0.953324967,0.0,10.0,0.0,0.0
24373,0.0,0.0,0.0,0.0,0.0,0.0,0.0,118.0,73.0,3.0,65.4,162.6,0.0,18,7.0,0.5657492355,136.0,59.0,212.0,86.0,0.0,1.8,0.0,3.0,4.0,1.53,8.1,0.0,0.0,3.0,58.091,0.0,0.0,24.736409725999998,0.8073127353,0.8680361746999999,0.0,10.0,0.0,0.0
24373,0.0,0.0,0.0,0.0,0.0,0.0,0.0,120.0,75.0,4.0,62.9,162.2,0.0,19,8.0,0.49284578700000004,0.0,0.0,0.0,0.0,0.0,1.8,23.0,4.0,3.0,0.0,7.9,0.0,0.0,2.0,69.477,0.0,0.0,23.908313706999998,0.7330472199,0.6220552177,0.0,10.0,0.0,0.0
24373,0.0,0.0,0.0,0.0,0.0,0.0,0.0,128.0,80.0,4.0,62.7,162.1,0.0,20,9.0,0.48644338119999997,114.0,59.0,188.0,61.0,12.0,1.8,22.6,4.0,3.0,3.48,7.7,0.0,0.0,0.0,79.768,0.0,0.0,23.861707136,0.7103923164,-0.39619428700000003,106.0,10.0,0.0,0.0
