PtID,Pt_CGMUseNumDays,Pt_FatherT1D,Pt_MotherT1D,Pt_SiblingT1D,Pt_ChildT1D,Pt_GrandchildT1D,Pt_GrandparentT1D,BldPrSys,BldPrDia,SMBGperDayPtMeterCombo,WeightKg,HeightCm,DirectLDL,age,diabDur,TotalDailyInsPerKg,LDL,HDL,TotChol,Triglyc,BUN,AlbCreatRat_mggNew,UnitsInsBasalOrLongAct,BGTestAvgNumMeter,BGTestAvgNumPtRep,TSH,HbA1c,AutonomicNeuroCl,Pt_InsGov,NumPumpBolusOrShortAct,HbA1cImputeDtMnC,Pt_SHFlg,Pt_DKAFlg,bmi,bmiPerc,bmiZscore,GFR,diagAgeCombo,Pt_A1cGoalLev,Pt_A1cGoalLevelDsYr5
24394,0.0,0.0,0.0,0.0,0.0,0.0,0.0,99.0,62.0,3.0,56.3,157.4,0.0,14,11.0,0.7460035523999999,99.0,56.0,170.0,77.0,0.0,9.0,0.0,3.0,3.0,0.0,8.6,0.0,1.0,0.0,0.0,0.0,0.0,22.724740825,0.8202119196,0.9161730068,0.0,2.0,0.0,0.0
24394,0.0,0.0,0.0,0.0,0.0,0.0,0.0,108.0,56.0,1.0,56.0,157.8,0.0,15,12.0,0.2678571429,89.0,57.0,158.0,57.0,0.0,14.3,0.0,1.0,2.0,0.0,8.9,0.0,1.0,1.0,10.921,0.0,0.0,22.489201168,0.763430993,0.717382663,0.0,2.0,0.0,0.0
24394,0.0,0.0,0.0,0.0,0.0,0.0,0.0,126.0,61.0,1.0,58.51341573,156.972,0.0,16,13.0,0.7006940116,0.0,0.0,0.0,0.0,0.0,0.0,21.0,1.0,0.0,0.0,8.0,0.0,0.0,4.0,20.480999999999998,0.0,0.0,23.747126594,0.8060203229999999,0.8633239969,0.0,2.0,0.0,0.0
24394,0.0,0.0,0.0,0.0,0.0,0.0,0.0,116.0,73.0,4.0,58.8,157.8,0.0,17,14.0,0.8503401361,73.0,53.0,137.0,55.0,0.0,0.0,50.0,0.0,4.0,2.062,7.8,0.0,0.0,4.0,36.05,0.0,0.0,23.613661225999998,0.7663445109,0.7268612159000001,0.0,2.0,0.0,0.0
24394,0.0,0.0,0.0,0.0,0.0,0.0,0.0,117.0,75.0,19.0,63.230776378,157.48,0.0,18,15.0,0.7116787517000001,0.0,0.0,0.0,0.0,0.0,0.0,20.0,19.0,0.0,0.0,6.0,0.0,0.0,12.0,47.203,0.0,0.0,25.49633179,0.8433104018,1.0081567935,0.0,2.0,0.0,0.0
24394,0.0,0.0,0.0,0.0,0.0,0.0,0.0,116.0,74.0,7.0,70.4,157.4,0.0,19,16.0,0.44034090909999996,66.0,58.0,130.0,30.0,0.0,0.0,13.0,7.0,0.0,2.095,6.3,0.0,0.0,7.0,56.631,0.0,0.0,28.416016946,0.9145222051999999,1.3691397672999999,0.0,2.0,0.0,0.0
24394,0.0,0.0,0.0,0.0,0.0,0.0,0.0,109.0,77.0,5.0,65.1,158.6,0.0,20,17.0,0.5529953917,65.0,49.0,122.0,40.0,0.0,0.0,15.0,5.0,5.0,3.56,6.4,0.0,1.0,9.0,74.158,0.0,0.0,25.880616809,0.8270334838,-0.123968026,0.0,2.0,0.0,0.0
