PtID,Pt_CGMUseNumDays,Pt_FatherT1D,Pt_MotherT1D,Pt_SiblingT1D,Pt_ChildT1D,Pt_GrandchildT1D,Pt_GrandparentT1D,BldPrSys,BldPrDia,SMBGperDayPtMeterCombo,WeightKg,HeightCm,DirectLDL,age,diabDur,TotalDailyInsPerKg,LDL,HDL,TotChol,Triglyc,BUN,AlbCreatRat_mggNew,UnitsInsBasalOrLongAct,BGTestAvgNumMeter,BGTestAvgNumPtRep,TSH,HbA1c,AutonomicNeuroCl,Pt_InsGov,NumPumpBolusOrShortAct,HbA1cImputeDtMnC,Pt_SHFlg,Pt_DKAFlg,bmi,bmiPerc,bmiZscore,GFR,diagAgeCombo,Pt_A1cGoalLev,Pt_A1cGoalLevelDsYr5
24396,0.0,0.0,0.0,0.0,0.0,0.0,0.0,112.0,73.0,6.0,79.0,167.64,0.0,23,21.0,0.5063291139,28.0,59.0,0.0,75.0,11.0,5.5,0.0,6.0,5.0,0.0,8.6,0.0,0.0,6.0,-13.942,0.0,0.0,28.110708195999997,0.0,0.1767336077,0.0,2.0,0.0,0.0
24396,0.0,0.0,0.0,0.0,0.0,0.0,0.0,109.0,75.0,0.0,85.72895793,166.37,0.0,22,20.0,0.0,0.0,0.0,0.0,0.0,0.0,0.0,20.0,0.0,0.0,3.97,7.5,0.0,0.0,0.0,-3.718,0.0,0.0,30.972589139,0.0,0.562624644,0.0,2.0,0.0,0.0
24396,0.0,0.0,0.0,0.0,0.0,0.0,0.0,125.0,82.0,0.0,85.502161745,166.37,0.0,24,22.0,0.5847805363,34.0,61.0,0.0,33.0,8.0,0.0,0.0,0.0,0.0,1.2,9.3,0.0,0.0,0.0,10.456,0.0,0.0,30.890651071999997,0.0,0.551576258,0.0,2.0,0.0,0.0
24396,0.0,0.0,0.0,0.0,0.0,0.0,0.0,113.0,78.0,3.0,83.687792265,166.62400000000002,0.0,25,23.0,0.5974587051,20.0,75.0,0.0,54.0,0.0,117.7,17.0,0.0,3.0,0.22,8.5,0.0,0.0,0.0,29.51,0.0,0.0,30.143036475,0.0,0.4507692093,0.0,2.0,0.0,0.0
24396,0.0,0.0,0.0,0.0,0.0,0.0,0.0,106.0,73.0,0.0,87.72476435799999,168.91,0.0,27,25.0,0.0,0.0,0.0,0.0,0.0,6.0,35.9,21.0,0.0,0.0,5.85,10.3,0.0,0.0,3.0,46.705,0.0,0.0,30.747618679000002,0.0,0.5322900195,0.0,2.0,0.0,0.0
24396,0.0,0.0,0.0,0.0,0.0,0.0,0.0,111.0,75.0,1.0,96.61517481,167.64,0.0,27,25.0,0.4761156836,28.0,63.0,0.0,48.0,10.0,7.0,23.0,1.0,0.0,3.64,9.2,0.0,0.0,5.0,55.037,0.0,0.0,34.378746663,0.0,1.0219049856,0.0,2.0,0.0,0.0
24396,0.0,0.0,0.0,0.0,0.0,0.0,0.0,120.0,75.0,0.0,96.61517481,167.64,0.0,28,26.0,0.0,0.0,0.0,0.0,0.0,0.0,7.0,24.0,0.0,0.0,0.0,8.7,0.0,0.0,6.0,66.689,0.0,0.0,34.378746663,0.0,1.0219049856,0.0,2.0,0.0,0.0
