PtID,Pt_CGMUseNumDays,Pt_FatherT1D,Pt_MotherT1D,Pt_SiblingT1D,Pt_ChildT1D,Pt_GrandchildT1D,Pt_GrandparentT1D,BldPrSys,BldPrDia,SMBGperDayPtMeterCombo,WeightKg,HeightCm,DirectLDL,age,diabDur,TotalDailyInsPerKg,LDL,HDL,TotChol,Triglyc,BUN,AlbCreatRat_mggNew,UnitsInsBasalOrLongAct,BGTestAvgNumMeter,BGTestAvgNumPtRep,TSH,HbA1c,AutonomicNeuroCl,Pt_InsGov,NumPumpBolusOrShortAct,HbA1cImputeDtMnC,Pt_SHFlg,Pt_DKAFlg,bmi,bmiPerc,bmiZscore,GFR,diagAgeCombo,Pt_A1cGoalLev,Pt_A1cGoalLevelDsYr5
24409,0.0,0.0,0.0,0.0,0.0,0.0,0.0,106.0,66.0,8.0,0.0,0.0,0.0,41,23.0,0.0,71.0,47.0,141.0,114.0,29.0,5.7,0.0,0.0,8.0,0.0,7.8,0.0,0.0,3.0,-2.722,0.0,0.0,0.0,0.0,0.0,0.0,18.0,0.0,0.0
24409,0.0,0.0,0.0,0.0,0.0,0.0,0.0,119.0,68.0,7.0,81.19303423,163.83,0.0,41,23.0,0.36948982490000004,84.0,46.0,141.0,54.0,29.0,0.0,0.0,0.0,7.0,0.0,7.4,0.0,0.0,0.0,10.755,0.0,0.0,30.250454841999996,0.0,0.1474561103,0.0,18.0,6.0,0.0
24409,0.0,0.0,0.0,0.0,0.0,0.0,0.0,113.0,78.0,0.0,73.48196394,162.0,0.0,43,25.0,0.0,0.0,0.0,0.0,0.0,0.0,22.4,0.0,0.0,0.0,0.0,10.6,0.0,0.0,0.0,27.718000000000004,0.0,0.0,27.999529011999996,0.0,-0.053647705999999996,0.0,18.0,0.0,0.0
24409,0.0,0.0,0.0,0.0,0.0,0.0,0.0,105.0,71.0,8.0,75.74992579,162.56,0.0,44,26.0,0.0,0.0,0.0,0.0,0.0,0.0,22.4,0.0,0.0,8.0,0.0,0.0,0.0,0.0,0.0,0.0,0.0,0.0,28.665190381,0.0,0.0058242854,0.0,18.0,0.0,0.0
24409,0.0,0.0,0.0,0.0,0.0,0.0,0.0,105.0,65.0,5.0,74.38914868,162.56,0.0,45,27.0,0.0,77.0,47.0,0.0,85.0,20.0,22.4,0.0,0.0,5.0,34.4,10.1,0.0,0.0,0.0,55.635,0.0,0.0,28.150246840999998,0.0,-0.040182167000000005,0.0,18.0,0.0,0.0
24409,0.0,0.0,0.0,0.0,0.0,0.0,0.0,115.0,63.0,5.0,77.56429527,162.56,1.0,46,28.0,0.0,83.0,0.0,0.0,0.0,24.0,10.1,0.0,0.0,5.0,1.3,8.7,0.0,0.0,0.0,67.419,0.0,0.0,29.351781767,0.0,0.0671662213,0.0,18.0,0.0,0.0
24409,0.0,0.0,0.0,0.0,0.0,0.0,0.0,122.0,69.0,4.0,79.83225712,165.1,1.0,47,29.0,0.0,103.0,0.0,0.0,0.0,15.0,9.3,0.0,0.0,4.0,9.36,8.9,0.0,0.0,0.0,80.929,0.0,0.0,29.287632193,0.0,0.0614349245,0.0,18.0,0.0,0.0
