PtID,Pt_CGMUseNumDays,Pt_FatherT1D,Pt_MotherT1D,Pt_SiblingT1D,Pt_ChildT1D,Pt_GrandchildT1D,Pt_GrandparentT1D,BldPrSys,BldPrDia,SMBGperDayPtMeterCombo,WeightKg,HeightCm,DirectLDL,age,diabDur,TotalDailyInsPerKg,LDL,HDL,TotChol,Triglyc,BUN,AlbCreatRat_mggNew,UnitsInsBasalOrLongAct,BGTestAvgNumMeter,BGTestAvgNumPtRep,TSH,HbA1c,AutonomicNeuroCl,Pt_InsGov,NumPumpBolusOrShortAct,HbA1cImputeDtMnC,Pt_SHFlg,Pt_DKAFlg,bmi,bmiPerc,bmiZscore,GFR,diagAgeCombo,Pt_A1cGoalLev,Pt_A1cGoalLevelDsYr5
24426,0.0,0.0,0.0,0.0,0.0,0.0,0.0,107.0,68.0,10.0,31.1,133.2,0.0,8,3.0,0.8681672026,0.0,59.0,144.0,0.0,0.0,5.0,0.0,10.0,12.0,0.0,7.5,0.0,0.0,9.0,0.0,0.0,0.0,17.528790050999998,0.780826661,0.7749881227,0.0,5.0,0.0,0.0
24426,0.0,0.0,0.0,0.0,0.0,0.0,0.0,98.0,64.0,6.0,36.0,139.0,0.0,9,4.0,0.8611111111,0.0,54.0,109.0,0.0,0.0,5.0,0.0,6.0,7.0,0.0,8.2,0.0,0.0,0.0,12.714,0.0,0.0,18.632575954,0.8169403856,0.9037664997,0.0,5.0,0.0,0.0
24426,0.0,0.0,0.0,0.0,0.0,0.0,0.0,99.0,66.0,10.0,40.2,144.7,0.0,10,5.0,1.4925373134,0.0,0.0,0.0,0.0,0.0,8.3,17.0,10.0,10.0,2.44,7.7,0.0,0.0,4.0,23.967,0.0,0.0,19.199458976,0.7981225083,0.8349337987000001,0.0,5.0,0.0,0.0
24426,0.0,0.0,0.0,0.0,0.0,0.0,0.0,109.0,71.0,6.0,44.0,150.0,0.0,11,6.0,0.7727272727,75.0,55.0,140.0,0.0,0.0,23.8,19.0,6.0,0.0,0.0,9.5,0.0,0.0,0.0,35.585,0.0,0.0,19.555555555999998,0.7610053773000001,0.7095403108,0.0,5.0,0.0,0.0
24426,0.0,0.0,0.0,0.0,0.0,0.0,0.0,105.0,71.0,3.0,48.8,155.5,0.0,12,7.0,0.8401639343999999,0.0,0.0,0.0,0.0,0.0,7.7,22.0,3.0,0.0,2.39,9.8,0.0,0.0,0.0,47.004,0.0,0.0,20.181759907,0.7480476761,0.6683587063,0.0,5.0,0.0,0.0
24426,0.0,0.0,0.0,0.0,0.0,0.0,0.0,105.0,70.0,2.0,58.1,160.9,0.0,13,8.0,0.9466437177,0.0,0.0,0.0,0.0,0.0,3.1,28.0,2.0,5.0,2.33,10.2,0.0,0.0,5.0,61.378,0.0,0.0,22.442128471999997,0.845182138,1.0159866916,0.0,5.0,0.0,8.8
24426,0.0,0.0,0.0,0.0,0.0,0.0,0.0,107.0,73.0,3.0,63.9,162.7,0.0,14,9.0,0.5962441315,0.0,0.0,0.0,0.0,0.0,3.1,27.8,3.0,0.0,0.0,13.3,0.0,0.0,0.0,74.556,0.0,0.0,24.139360039,0.8828767795999999,1.1894911770999999,0.0,5.0,0.0,0.0
