PtID,Pt_CGMUseNumDays,Pt_FatherT1D,Pt_MotherT1D,Pt_SiblingT1D,Pt_ChildT1D,Pt_GrandchildT1D,Pt_GrandparentT1D,BldPrSys,BldPrDia,SMBGperDayPtMeterCombo,WeightKg,HeightCm,DirectLDL,age,diabDur,TotalDailyInsPerKg,LDL,HDL,TotChol,Triglyc,BUN,AlbCreatRat_mggNew,UnitsInsBasalOrLongAct,BGTestAvgNumMeter,BGTestAvgNumPtRep,TSH,HbA1c,AutonomicNeuroCl,Pt_InsGov,NumPumpBolusOrShortAct,HbA1cImputeDtMnC,Pt_SHFlg,Pt_DKAFlg,bmi,bmiPerc,bmiZscore,GFR,diagAgeCombo,Pt_A1cGoalLev,Pt_A1cGoalLevelDsYr5
24477,5.0,0.0,0.0,0.0,0.0,0.0,0.0,102.0,64.0,2.0,26.7,123.4,0.0,7,5.0,0.22471910109999998,0.0,0.0,0.0,0.0,18.0,3.0,0.0,2.0,10.0,0.0,10.2,0.0,1.0,0.0,0.0,1.0,1.0,17.533997568,0.8644653644,1.1006034781,0.0,2.0,0.0,0.0
24477,0.0,0.0,0.0,0.0,0.0,0.0,0.0,121.0,75.0,1.0,31.3,129.2,0.0,9,6.0,0.9584664537,0.0,0.0,0.0,0.0,16.0,0.0,0.0,1.0,3.0,0.0,9.1,0.0,1.0,0.0,14.008,0.0,0.0,18.750778785999998,0.8605422860999999,1.0827589561,0.0,2.0,6.5,0.0
24477,0.0,0.0,0.0,0.0,0.0,0.0,0.0,113.0,71.0,8.0,34.9,134.5,0.0,10,7.0,0.7163323782,0.0,0.0,0.0,0.0,0.0,0.0,25.0,8.0,8.0,0.0,10.7,0.0,0.0,0.0,25.162,0.0,0.0,19.292160142,0.8456107647,1.0177885161,0.0,2.0,0.0,0.0
24477,0.0,0.0,0.0,0.0,0.0,0.0,0.0,114.0,69.0,2.0,37.8,138.0,0.0,11,8.0,0.0,0.0,0.0,0.0,0.0,16.0,17.0,13.0,0.0,2.0,0.0,9.2,0.0,0.0,0.0,37.012,0.0,0.0,19.848771267,0.8297003973999999,0.9529819717,0.0,2.0,0.0,0.0
24477,0.0,0.0,0.0,0.0,0.0,0.0,0.0,121.0,66.0,2.0,40.7,143.0,0.0,12,9.0,0.8353808354000001,91.0,56.0,0.0,250.0,0.0,17.0,13.0,2.0,2.0,3.15,11.1,0.0,0.0,4.0,51.651,0.0,0.0,19.903173749,0.7728506218000001,0.7482676114,0.0,2.0,0.0,0.0
24477,0.0,0.0,0.0,0.0,0.0,0.0,0.0,118.0,68.0,0.0,43.9,148.0,0.0,13,10.0,0.9339407745,0.0,0.0,0.0,0.0,0.0,17.0,18.0,0.0,4.0,0.0,13.0,0.0,1.0,0.0,64.432,0.0,0.0,20.042001460999998,0.7134469929,0.5634830276,0.0,2.0,0.0,0.0
