PtID,Pt_CGMUseNumDays,Pt_FatherT1D,Pt_MotherT1D,Pt_SiblingT1D,Pt_ChildT1D,Pt_GrandchildT1D,Pt_GrandparentT1D,BldPrSys,BldPrDia,SMBGperDayPtMeterCombo,WeightKg,HeightCm,DirectLDL,age,diabDur,TotalDailyInsPerKg,LDL,HDL,TotChol,Triglyc,BUN,AlbCreatRat_mggNew,UnitsInsBasalOrLongAct,BGTestAvgNumMeter,BGTestAvgNumPtRep,TSH,HbA1c,AutonomicNeuroCl,Pt_InsGov,NumPumpBolusOrShortAct,HbA1cImputeDtMnC,Pt_SHFlg,Pt_DKAFlg,bmi,bmiPerc,bmiZscore,GFR,diagAgeCombo,Pt_A1cGoalLev,Pt_A1cGoalLevelDsYr5
2451,0.0,0.0,0.0,0.0,0.0,0.0,0.0,111.0,58.0,3.0,71.6,171.6,0.0,18,6.0,1.1033519553,126.0,68.0,0.0,181.0,15.0,5.4,0.0,0.0,3.0,0.0,8.9,0.0,0.0,5.0,1.095,0.0,0.0,24.315234105,0.7834983478,0.7840627277,0.0,11.0,0.0,0.0
2451,0.0,0.0,0.0,0.0,0.0,0.0,0.0,117.0,68.0,3.0,72.6,172.0,0.0,19,7.0,0.8953168043999999,99.0,76.0,0.0,88.0,21.0,0.0,0.0,0.0,3.0,0.0,7.7,0.0,0.0,0.0,13.245,0.0,0.0,24.54029205,0.7749552198999999,0.7552657240999999,0.0,11.0,7.0,0.0
2451,0.0,0.0,0.0,0.0,0.0,0.0,0.0,127.0,75.0,0.0,72.0,172.4,0.0,20,8.0,0.0,119.0,75.0,0.0,97.0,18.0,1.4,45.0,0.0,0.0,1.16,11.3,0.0,0.0,0.0,23.401999999999997,0.0,0.0,24.224675793000003,0.7364214813,-0.347252226,109.0,11.0,0.0,0.0
2451,0.0,0.0,0.0,0.0,0.0,0.0,0.0,100.0,69.0,3.0,76.6,172.0,0.0,20,8.0,0.0,174.0,71.0,0.0,195.0,23.0,1.4,47.0,0.0,3.0,2.4,11.0,0.0,0.0,0.0,28.415,0.0,0.0,25.892374256,0.8275366540000001,-0.12238267300000001,0.0,11.0,0.0,0.0
