PtID,Pt_CGMUseNumDays,Pt_FatherT1D,Pt_MotherT1D,Pt_SiblingT1D,Pt_ChildT1D,Pt_GrandchildT1D,Pt_GrandparentT1D,BldPrSys,BldPrDia,SMBGperDayPtMeterCombo,WeightKg,HeightCm,DirectLDL,age,diabDur,TotalDailyInsPerKg,LDL,HDL,TotChol,Triglyc,BUN,AlbCreatRat_mggNew,UnitsInsBasalOrLongAct,BGTestAvgNumMeter,BGTestAvgNumPtRep,TSH,HbA1c,AutonomicNeuroCl,Pt_InsGov,NumPumpBolusOrShortAct,HbA1cImputeDtMnC,Pt_SHFlg,Pt_DKAFlg,bmi,bmiPerc,bmiZscore,GFR,diagAgeCombo,Pt_A1cGoalLev,Pt_A1cGoalLevelDsYr5
24535,0.0,0.0,0.0,0.0,0.0,0.0,0.0,123.0,65.0,4.0,58.8,165.7,0.0,15,2.0,0.9013605442,0.0,0.0,154.0,0.0,12.0,0.0,0.0,0.0,4.0,0.0,9.3,0.0,0.0,35.0,0.863,0.0,0.0,21.415701715999997,0.6739297754000001,0.4507906383,0.0,12.0,0.0,0.0
24535,0.0,0.0,0.0,0.0,0.0,0.0,0.0,107.0,72.0,6.0,59.2,167.0,0.0,16,4.0,0.0,56.0,47.0,126.0,119.0,0.0,0.0,0.0,0.0,6.0,0.0,8.4,0.0,0.0,0.0,16.664,0.0,0.0,21.227007064000002,0.5970216402,0.2456454285,0.0,12.0,7.0,0.0
24535,0.0,0.0,0.0,0.0,0.0,0.0,0.0,114.0,66.0,3.0,62.9,167.3,0.0,17,5.0,0.6359300477000001,0.0,0.0,0.0,0.0,0.0,11.0,17.0,3.0,4.0,0.55,8.7,0.0,0.0,23.0,29.212,0.0,0.0,22.472881591,0.6761134067,0.45685789909999996,0.0,12.0,0.0,0.0
24535,0.0,0.0,0.0,0.0,0.0,0.0,0.0,121.0,64.0,4.0,67.9,167.6,0.0,21,9.0,0.6980854197,78.0,89.0,0.0,142.0,9.0,0.0,21.6,4.0,5.0,1.25,7.6,0.0,1.0,0.0,78.041,0.0,0.0,24.17250984,0.0,-0.35428619200000006,0.0,12.0,0.0,0.0
