PtID,Pt_CGMUseNumDays,Pt_FatherT1D,Pt_MotherT1D,Pt_SiblingT1D,Pt_ChildT1D,Pt_GrandchildT1D,Pt_GrandparentT1D,BldPrSys,BldPrDia,SMBGperDayPtMeterCombo,WeightKg,HeightCm,DirectLDL,age,diabDur,TotalDailyInsPerKg,LDL,HDL,TotChol,Triglyc,BUN,AlbCreatRat_mggNew,UnitsInsBasalOrLongAct,BGTestAvgNumMeter,BGTestAvgNumPtRep,TSH,HbA1c,AutonomicNeuroCl,Pt_InsGov,NumPumpBolusOrShortAct,HbA1cImputeDtMnC,Pt_SHFlg,Pt_DKAFlg,bmi,bmiPerc,bmiZscore,GFR,diagAgeCombo,Pt_A1cGoalLev,Pt_A1cGoalLevelDsYr5
2453,0.0,0.0,0.0,0.0,0.0,0.0,0.0,116.0,63.0,5.0,51.4,154.3,0.0,11,6.0,1.8482490272,103.0,51.0,0.0,52.0,10.0,0.0,0.0,0.0,5.0,0.0,8.2,0.0,0.0,3.0,0.0,0.0,0.0,21.588937392,0.8854627909,1.2027465395999999,0.0,5.0,0.0,0.0
2453,0.0,0.0,0.0,0.0,0.0,0.0,0.0,120.0,67.0,6.0,56.8,159.7,0.0,12,7.0,0.0,109.0,45.0,0.0,73.0,12.0,6.3,0.0,6.0,6.0,0.0,11.7,0.0,0.0,0.0,13.942,0.0,1.0,22.27093772,0.8757366095999999,1.1539350923,0.0,5.0,0.0,0.0
2453,0.0,0.0,0.0,0.0,0.0,0.0,0.0,0.0,0.0,0.0,68.49244787,157.48,0.0,13,8.0,0.0,0.0,0.0,0.0,0.0,0.0,0.0,0.0,0.0,0.0,0.0,9.3,0.0,0.0,0.0,23.136999999999997,0.0,0.0,27.617977764000003,0.9648171509000001,1.8095493659,0.0,5.0,0.0,0.0
2453,0.0,0.0,0.0,0.0,0.0,0.0,0.0,108.0,73.0,0.0,0.0,0.0,0.0,14,9.0,0.0,111.0,50.0,0.0,72.0,10.0,0.0,0.0,0.0,0.0,1.71,10.0,0.0,0.0,0.0,35.22,0.0,0.0,0.0,0.0,0.0,0.0,5.0,0.0,0.0
2453,0.0,0.0,0.0,0.0,0.0,0.0,0.0,120.0,84.0,4.0,69.39963261,160.02,0.0,15,10.0,0.0,126.0,53.0,0.0,101.0,13.0,0.0,0.0,0.0,4.0,2.05,10.4,0.0,0.0,0.0,47.303000000000004,0.0,0.0,27.102455450999997,0.9360535108,1.5224635236000001,0.0,5.0,0.0,0.0
2453,0.0,0.0,0.0,0.0,0.0,0.0,0.0,122.0,72.0,5.0,74.38914868,160.02,0.0,16,11.0,0.0,123.0,62.0,0.0,83.0,11.0,0.0,0.0,5.0,0.0,1.7,10.0,0.0,0.0,0.0,59.386,0.0,0.0,29.050998,0.9519388177,1.6639502859,0.0,5.0,0.0,0.0
2453,0.0,0.0,0.0,0.0,0.0,0.0,0.0,122.0,86.0,4.0,72.2,160.5,0.0,17,11.0,0.0,174.0,33.0,245.0,226.0,0.0,0.0,0.0,4.0,5.0,1.15,11.5,0.0,1.0,3.0,65.66,0.0,1.0,28.027678303000002,0.9282401218999999,1.4628086112,0.0,5.0,0.0,0.0
