PtID,Pt_CGMUseNumDays,Pt_FatherT1D,Pt_MotherT1D,Pt_SiblingT1D,Pt_ChildT1D,Pt_GrandchildT1D,Pt_GrandparentT1D,BldPrSys,BldPrDia,SMBGperDayPtMeterCombo,WeightKg,HeightCm,DirectLDL,age,diabDur,TotalDailyInsPerKg,LDL,HDL,TotChol,Triglyc,BUN,AlbCreatRat_mggNew,UnitsInsBasalOrLongAct,BGTestAvgNumMeter,BGTestAvgNumPtRep,TSH,HbA1c,AutonomicNeuroCl,Pt_InsGov,NumPumpBolusOrShortAct,HbA1cImputeDtMnC,Pt_SHFlg,Pt_DKAFlg,bmi,bmiPerc,bmiZscore,GFR,diagAgeCombo,Pt_A1cGoalLev,Pt_A1cGoalLevelDsYr5
24549,0.0,0.0,0.0,0.0,0.0,0.0,0.0,104.0,53.0,7.0,45.2,154.6,0.0,12,0.0,0.6415929204,0.0,0.0,0.0,0.0,16.0,0.0,0.0,7.0,7.0,0.0,14.3,0.0,0.0,0.0,-0.797,0.0,0.0,18.911216025,0.6675614609,0.43318953880000005,0.0,12.0,0.0,0.0
24549,0.0,0.0,0.0,0.0,0.0,0.0,0.0,121.0,63.0,6.0,52.4,162.7,0.0,12,0.0,0.4770992366,0.0,0.0,0.0,0.0,0.0,0.0,0.0,0.0,6.0,0.0,11.8,0.0,1.0,0.0,10.357000000000001,1.0,0.0,19.795030767,0.763170902,0.7165396465,0.0,12.0,7.0,0.0
24549,0.0,0.0,0.0,0.0,0.0,0.0,0.0,118.0,59.0,4.0,66.0,171.1,0.0,13,1.0,1.0606060606,57.0,68.0,140.0,0.0,14.0,0.0,32.0,4.0,4.0,2.72,11.8,0.0,0.0,5.0,23.27,0.0,0.0,22.544671755,0.8840883996,1.1956755383,0.0,12.0,0.0,0.0
24549,0.0,0.0,0.0,0.0,0.0,0.0,0.0,132.0,74.0,3.0,71.2,174.8,0.0,14,2.0,0.5617977528,78.0,54.0,0.0,49.0,13.0,0.0,40.0,3.0,3.0,3.24,11.9,0.0,0.0,0.0,35.419000000000004,0.0,0.0,23.302211354,0.8810941893,1.1804743118,0.0,12.0,0.0,0.0
24549,0.0,0.0,0.0,0.0,0.0,0.0,0.0,116.0,65.0,4.0,73.8,177.4,0.0,16,4.0,1.3143631436,0.0,0.0,0.0,0.0,13.0,0.0,59.0,4.0,0.0,1.78,10.8,0.0,0.0,38.0,52.78,0.0,0.0,23.450339299,0.8072749440000001,0.8678981131,0.0,12.0,0.0,0.0
