PtID,Pt_CGMUseNumDays,Pt_FatherT1D,Pt_MotherT1D,Pt_SiblingT1D,Pt_ChildT1D,Pt_GrandchildT1D,Pt_GrandparentT1D,BldPrSys,BldPrDia,SMBGperDayPtMeterCombo,WeightKg,HeightCm,DirectLDL,age,diabDur,TotalDailyInsPerKg,LDL,HDL,TotChol,Triglyc,BUN,AlbCreatRat_mggNew,UnitsInsBasalOrLongAct,BGTestAvgNumMeter,BGTestAvgNumPtRep,TSH,HbA1c,AutonomicNeuroCl,Pt_InsGov,NumPumpBolusOrShortAct,HbA1cImputeDtMnC,Pt_SHFlg,Pt_DKAFlg,bmi,bmiPerc,bmiZscore,GFR,diagAgeCombo,Pt_A1cGoalLev,Pt_A1cGoalLevelDsYr5
24575,0.0,0.0,0.0,0.0,0.0,0.0,1.0,114.0,60.0,5.0,51.7,155.6,0.0,10,5.0,1.2185686654,80.0,61.0,160.0,93.0,8.0,4.3,0.0,5.0,6.0,0.0,11.3,0.0,1.0,5.0,-0.465,0.0,0.0,21.353612519000002,0.9125464142,1.3566036805000001,0.0,5.0,0.0,0.0
24575,0.0,0.0,0.0,0.0,0.0,0.0,1.0,120.0,69.0,2.0,54.9,159.6,0.0,12,6.0,1.3296903461,0.0,0.0,0.0,0.0,0.0,0.0,0.0,2.0,4.0,0.0,15.2,0.0,1.0,0.0,13.411,1.0,0.0,21.552942506999997,0.8420141884000001,1.0027704628,0.0,5.0,0.0,0.0
24575,0.0,0.0,0.0,0.0,0.0,0.0,0.0,131.0,65.0,3.0,68.4,162.2,0.0,13,7.0,0.9795321637000001,59.0,54.0,130.0,87.0,12.0,0.0,0.0,3.0,0.0,1.54,12.9,0.0,0.0,0.0,28.480999999999998,0.0,0.0,25.99886578,0.946380133,1.6107247261000002,0.0,5.0,0.0,0.0
24575,0.0,0.0,0.0,0.0,0.0,0.0,0.0,128.0,73.0,5.0,73.0,164.5,0.0,14,8.0,0.8493150684999999,0.0,0.0,0.0,0.0,9.0,0.0,29.0,5.0,0.0,2.52,12.6,0.0,0.0,0.0,42.95399999999999,0.0,0.0,26.976838721,0.9468114729000001,1.6146936459,0.0,5.0,0.0,0.0
24575,0.0,0.0,0.0,0.0,0.0,0.0,0.0,119.0,65.0,1.0,70.0,164.6,0.0,15,9.0,0.7428571429,83.0,41.0,155.0,155.0,12.0,0.0,34.0,1.0,0.0,1.72,15.1,0.0,0.0,0.0,55.104,0.0,0.0,25.836779468000003,0.9105650586,1.3442428084,0.0,5.0,0.0,0.0
24575,0.0,0.0,0.0,0.0,0.0,0.0,0.0,128.0,69.0,4.0,77.2,165.1,0.0,16,10.0,1.2694300518000001,0.0,0.0,0.0,0.0,0.0,0.0,38.0,4.0,3.0,0.0,10.6,0.0,1.0,0.0,62.207,0.0,0.0,28.321950135,0.9430372227,1.5807922178,0.0,5.0,0.0,0.0
24575,0.0,0.0,0.0,0.0,0.0,0.0,0.0,112.0,71.0,0.0,66.3,164.8,0.0,16,11.0,0.6787330317,107.0,57.0,188.0,120.0,7.0,0.0,38.0,0.0,0.0,3.0,12.0,0.0,0.0,0.0,73.16199999999999,0.0,0.0,24.41176124,0.8399193654000001,0.9941265331999999,0.0,5.0,0.0,0.0
