PtID,Pt_CGMUseNumDays,Pt_FatherT1D,Pt_MotherT1D,Pt_SiblingT1D,Pt_ChildT1D,Pt_GrandchildT1D,Pt_GrandparentT1D,BldPrSys,BldPrDia,SMBGperDayPtMeterCombo,WeightKg,HeightCm,DirectLDL,age,diabDur,TotalDailyInsPerKg,LDL,HDL,TotChol,Triglyc,BUN,AlbCreatRat_mggNew,UnitsInsBasalOrLongAct,BGTestAvgNumMeter,BGTestAvgNumPtRep,TSH,HbA1c,AutonomicNeuroCl,Pt_InsGov,NumPumpBolusOrShortAct,HbA1cImputeDtMnC,Pt_SHFlg,Pt_DKAFlg,bmi,bmiPerc,bmiZscore,GFR,diagAgeCombo,Pt_A1cGoalLev,Pt_A1cGoalLevelDsYr5
24596,0.0,0.0,0.0,0.0,0.0,0.0,0.0,101.0,42.0,8.0,25.4,121.0,0.0,6,0.0,0.6299212598,0.0,0.0,0.0,0.0,0.0,0.0,0.0,0.0,8.0,0.0,7.7,0.0,0.0,3.0,2.755,0.0,0.0,17.348541766,0.8864133868,1.2076725871,0.0,5.0,0.0,0.0
24596,0.0,0.0,0.0,0.0,0.0,0.0,0.0,105.0,67.0,11.0,13.244897204,132.08,0.0,8,2.0,0.9060092967,0.0,0.0,0.0,0.0,0.0,0.0,0.0,11.0,9.0,0.0,7.0,0.0,0.0,0.0,22.671999999999997,0.0,0.0,7.5923194250999995,4.5116299999999984e-181,-28.67002758,0.0,5.0,7.0,0.0
24596,0.0,0.0,0.0,0.0,0.0,0.0,0.0,111.0,73.0,9.0,31.2,135.4,0.0,8,3.0,0.7371794872,0.0,0.0,0.0,0.0,0.0,0.0,7.0,9.0,0.0,0.87,7.1,0.0,0.0,9.0,32.996,0.0,0.0,17.018342719,0.7472225837,0.6657751471,0.0,5.0,0.0,0.0
24596,0.0,0.0,0.0,0.0,0.0,0.0,0.0,106.0,72.0,10.0,34.4,139.9,0.0,9,4.0,0.6976744186,0.0,0.0,0.0,0.0,0.0,0.0,8.0,10.0,0.0,1.09,7.2,0.0,0.0,0.0,46.506,0.0,0.0,17.576120184,0.7492530849,0.6721411681999999,0.0,5.0,0.0,0.0
24596,0.0,0.0,0.0,0.0,0.0,0.0,0.0,130.0,81.0,6.0,41.0,149.3,0.0,12,7.0,0.7560975609999999,0.0,0.0,0.0,0.0,0.0,0.0,11.6,6.0,0.0,1.21,10.7,0.0,0.0,8.0,77.046,0.0,0.0,18.393494265999998,0.596704196,0.2448254231,0.0,5.0,0.0,0.0
