PtID,Pt_CGMUseNumDays,Pt_FatherT1D,Pt_MotherT1D,Pt_SiblingT1D,Pt_ChildT1D,Pt_GrandchildT1D,Pt_GrandparentT1D,BldPrSys,BldPrDia,SMBGperDayPtMeterCombo,WeightKg,HeightCm,DirectLDL,age,diabDur,TotalDailyInsPerKg,LDL,HDL,TotChol,Triglyc,BUN,AlbCreatRat_mggNew,UnitsInsBasalOrLongAct,BGTestAvgNumMeter,BGTestAvgNumPtRep,TSH,HbA1c,AutonomicNeuroCl,Pt_InsGov,NumPumpBolusOrShortAct,HbA1cImputeDtMnC,Pt_SHFlg,Pt_DKAFlg,bmi,bmiPerc,bmiZscore,GFR,diagAgeCombo,Pt_A1cGoalLev,Pt_A1cGoalLevelDsYr5
24638,0.0,0.0,0.0,0.0,0.0,0.0,0.0,104.0,67.0,7.0,35.5,137.2,0.0,12,0.0,0.3943661972,0.0,0.0,0.0,0.0,0.0,0.0,0.0,0.0,7.0,0.0,8.3,0.0,1.0,0.0,-0.166,0.0,0.0,18.859063825,0.6609360726,0.4150191904,0.0,12.0,0.0,0.0
24638,0.0,0.0,0.0,0.0,0.0,0.0,0.0,118.0,69.0,4.0,46.4,152.0,0.0,13,1.0,0.474137931,109.0,67.0,202.0,131.0,23.0,5.0,0.0,4.0,5.0,0.0,7.1,0.0,1.0,0.0,21.046,1.0,1.0,20.083102493,0.7177059828,0.5760401638,0.0,12.0,5.0,0.0
24638,0.0,0.0,0.0,0.0,0.0,0.0,0.0,126.0,58.0,0.0,54.7,159.4,0.0,15,3.0,0.987202925,0.0,0.0,0.0,0.0,0.0,14.4,32.0,0.0,0.0,0.0,9.7,0.0,0.0,0.0,39.436,0.0,0.0,21.528347363,0.7116514244,0.5582156268,0.0,12.0,0.0,0.0
24638,0.0,0.0,0.0,0.0,0.0,0.0,0.0,143.0,72.0,4.0,55.8,160.6,0.0,16,4.0,1.0752688172,80.0,55.0,186.0,254.0,0.0,14.4,0.0,0.0,4.0,2.74,11.8,0.0,0.0,0.0,51.053999999999995,0.0,0.0,21.634313416999998,0.6445165754,0.3705578928,0.0,12.0,0.0,0.0
24638,0.0,0.0,0.0,0.0,0.0,0.0,0.0,140.0,75.0,2.0,57.6,161.6,0.0,17,5.0,0.0,142.0,51.0,254.0,303.0,0.0,8.0,32.0,2.0,0.0,2.53,14.0,0.0,0.0,0.0,63.43600000000001,0.0,0.0,22.056661111999997,0.6108995262,0.28166427829999996,0.0,12.0,0.0,0.0
