PtID,Pt_CGMUseNumDays,Pt_FatherT1D,Pt_MotherT1D,Pt_SiblingT1D,Pt_ChildT1D,Pt_GrandchildT1D,Pt_GrandparentT1D,BldPrSys,BldPrDia,SMBGperDayPtMeterCombo,WeightKg,HeightCm,DirectLDL,age,diabDur,TotalDailyInsPerKg,LDL,HDL,TotChol,Triglyc,BUN,AlbCreatRat_mggNew,UnitsInsBasalOrLongAct,BGTestAvgNumMeter,BGTestAvgNumPtRep,TSH,HbA1c,AutonomicNeuroCl,Pt_InsGov,NumPumpBolusOrShortAct,HbA1cImputeDtMnC,Pt_SHFlg,Pt_DKAFlg,bmi,bmiPerc,bmiZscore,GFR,diagAgeCombo,Pt_A1cGoalLev,Pt_A1cGoalLevelDsYr5
24657,0.0,0.0,0.0,0.0,0.0,0.0,0.0,110.0,64.0,5.0,61.507125372,175.00599999999997,0.0,14,0.0,0.5527814834,0.0,0.0,0.0,0.0,0.0,0.0,0.0,5.0,3.0,0.0,7.8,0.0,1.0,0.0,0.0,0.0,0.0,20.08258219,0.6334558940999999,0.3410204165,0.0,13.0,0.0,0.0
24657,0.0,0.0,0.0,0.0,0.0,0.0,0.0,122.0,52.0,1.0,62.7,176.53,0.0,15,2.0,1.9298245613999998,84.0,53.0,0.0,73.0,0.0,8.0,0.0,1.0,2.0,0.0,11.3,0.0,0.0,0.0,15.071,0.0,0.0,20.120116840999998,0.5423718604,0.1064109833,0.0,13.0,7.0,0.0
24657,0.0,0.0,0.0,0.0,0.0,0.0,0.0,90.0,68.0,3.0,70.0,177.546,1.0,17,3.0,0.0,66.0,0.0,0.0,0.0,0.0,3.7,26.0,3.0,0.0,2.85,7.2,0.0,0.0,0.0,28.515,0.0,0.0,22.206302689,0.6287088234,0.32843556890000003,0.0,13.0,0.0,0.0
24657,0.0,0.0,0.0,0.0,0.0,0.0,0.0,108.0,56.0,3.0,74.7,178.308,1.0,18,4.0,0.0,79.0,0.0,0.0,0.0,0.0,17.7,29.0,3.0,0.0,1.23,8.0,0.0,0.0,0.0,46.174,0.0,0.0,23.495189075,0.6939502947,0.5070789693,0.0,13.0,0.0,0.0
24657,0.0,0.0,0.0,0.0,0.0,0.0,0.0,110.0,72.0,2.0,71.66759446,177.8,0.0,19,5.0,0.0,0.0,0.0,0.0,0.0,0.0,0.0,30.0,2.0,0.0,0.0,9.5,0.0,0.0,0.0,59.053999999999995,0.0,0.0,22.670406854,0.5256192454999999,0.06426212740000001,0.0,13.0,0.0,0.0
24657,0.0,0.0,0.0,0.0,0.0,0.0,0.0,0.0,0.0,0.0,0.0,0.0,0.0,20,6.0,0.0,89.0,52.0,0.0,37.0,0.0,0.0,25.0,0.0,0.0,1.79,6.9,0.0,0.0,0.0,68.34899999999999,0.0,0.0,0.0,0.0,0.0,0.0,13.0,0.0,0.0
24657,0.0,0.0,0.0,0.0,0.0,0.0,0.0,132.0,80.0,0.0,72.12118683,180.34,0.0,21,7.0,0.6378153497,81.0,0.0,0.0,0.0,0.0,28.1,24.0,0.0,0.0,1.52,7.9,0.0,0.0,0.0,79.369,0.0,0.0,22.175771308,0.0,-0.872657791,0.0,13.0,0.0,0.0
