PtID,Pt_CGMUseNumDays,Pt_FatherT1D,Pt_MotherT1D,Pt_SiblingT1D,Pt_ChildT1D,Pt_GrandchildT1D,Pt_GrandparentT1D,BldPrSys,BldPrDia,SMBGperDayPtMeterCombo,WeightKg,HeightCm,DirectLDL,age,diabDur,TotalDailyInsPerKg,LDL,HDL,TotChol,Triglyc,BUN,AlbCreatRat_mggNew,UnitsInsBasalOrLongAct,BGTestAvgNumMeter,BGTestAvgNumPtRep,TSH,HbA1c,AutonomicNeuroCl,Pt_InsGov,NumPumpBolusOrShortAct,HbA1cImputeDtMnC,Pt_SHFlg,Pt_DKAFlg,bmi,bmiPerc,bmiZscore,GFR,diagAgeCombo,Pt_A1cGoalLev,Pt_A1cGoalLevelDsYr5
24671,0.0,0.0,0.0,0.0,0.0,0.0,0.0,93.0,52.0,8.0,50.0,168.5,0.0,13,1.0,1.04,63.0,55.0,0.0,43.0,20.0,0.0,0.0,0.0,8.0,0.0,6.4,0.0,0.0,6.0,-3.0210000000000004,0.0,0.0,17.610439469,0.3578634851,-0.364175487,0.0,12.0,0.0,0.0
24671,0.0,0.0,0.0,0.0,0.0,0.0,1.0,137.0,82.0,8.0,57.7,172.7,0.0,14,2.0,0.6065857886,0.0,0.0,0.0,0.0,0.0,0.0,0.0,8.0,8.0,0.0,7.5,0.0,0.0,5.0,12.979000000000001,0.0,0.0,19.345997977,0.5328782606,0.0825070921,0.0,12.0,0.0,0.0
24671,0.0,0.0,0.0,0.0,0.0,0.0,0.0,107.0,66.0,5.0,59.0,174.5,0.0,16,4.0,0.6949152542,0.0,0.0,0.0,0.0,0.0,4.0,23.0,5.0,5.0,1.13,9.0,0.0,0.0,3.0,36.946,0.0,0.0,19.375867193,0.323851441,-0.45695570700000004,0.0,12.0,0.0,0.0
24671,0.0,0.0,0.0,0.0,0.0,0.0,0.0,121.0,72.0,5.0,62.0,174.0,0.0,17,5.0,0.7096774194,0.0,0.0,0.0,0.0,0.0,4.0,23.0,5.0,0.0,1.3,9.3,0.0,0.0,0.0,47.468999999999994,0.0,0.0,20.478266614000002,0.39177129299999996,-0.274705395,0.0,12.0,0.0,0.0
24671,0.0,0.0,0.0,0.0,0.0,0.0,0.0,113.0,70.0,4.0,65.5,174.0,1.0,18,6.0,0.6564885496,34.0,34.0,0.0,275.0,0.0,30.0,25.0,4.0,6.0,0.94,9.0,0.0,0.0,0.0,64.199,0.0,0.0,21.634297794000002,0.46710550630000003,-0.082547921,0.0,12.0,0.0,0.0
24671,0.0,0.0,0.0,0.0,0.0,0.0,0.0,123.0,85.0,0.0,64.8,175.0,0.0,18,6.0,0.7237654320999999,0.0,0.0,0.0,0.0,0.0,30.0,28.1,0.0,0.0,0.0,10.6,0.0,0.0,0.0,69.311,0.0,0.0,21.159183673,0.3984157812,-0.25744980100000003,0.0,12.0,0.0,0.0
