PtID,Pt_CGMUseNumDays,Pt_FatherT1D,Pt_MotherT1D,Pt_SiblingT1D,Pt_ChildT1D,Pt_GrandchildT1D,Pt_GrandparentT1D,BldPrSys,BldPrDia,SMBGperDayPtMeterCombo,WeightKg,HeightCm,DirectLDL,age,diabDur,TotalDailyInsPerKg,LDL,HDL,TotChol,Triglyc,BUN,AlbCreatRat_mggNew,UnitsInsBasalOrLongAct,BGTestAvgNumMeter,BGTestAvgNumPtRep,TSH,HbA1c,AutonomicNeuroCl,Pt_InsGov,NumPumpBolusOrShortAct,HbA1cImputeDtMnC,Pt_SHFlg,Pt_DKAFlg,bmi,bmiPerc,bmiZscore,GFR,diagAgeCombo,Pt_A1cGoalLev,Pt_A1cGoalLevelDsYr5
24749,0.0,0.0,0.0,0.0,0.0,0.0,0.0,109.0,64.0,5.0,42.8,151.3,0.0,10,2.0,0.9345794393000001,0.0,0.0,0.0,0.0,8.0,5.6,0.0,0.0,5.0,0.0,0.0,0.0,0.0,0.0,0.0,0.0,0.0,18.696741044,0.7532715543,0.6848209851,0.0,8.0,0.0,0.0
24749,0.0,0.0,0.0,0.0,0.0,0.0,0.0,115.0,62.0,5.0,58.4,162.4,0.0,11,3.0,0.7705479451999999,0.0,0.0,0.0,0.0,0.0,0.0,0.0,0.0,5.0,0.0,10.0,0.0,0.0,0.0,13.942,0.0,0.0,22.143221140999998,0.9055515298000001,1.3138492492,0.0,8.0,0.0,0.0
24749,0.0,0.0,0.0,0.0,0.0,0.0,0.0,128.0,70.0,5.0,63.7,168.3,0.0,12,4.0,0.8948194662000001,105.0,70.0,197.0,108.0,0.0,225.1,24.0,0.0,5.0,10.2,11.1,0.0,0.0,4.0,23.17,0.0,0.0,22.489054679000002,0.8843535728,1.1970351504,0.0,8.0,0.0,0.0
24749,0.0,0.0,0.0,0.0,0.0,0.0,0.0,128.0,64.0,5.0,64.9,169.7,0.0,13,5.0,1.0477657935,0.0,0.0,0.0,0.0,0.0,5.4,0.0,0.0,5.0,0.0,0.0,0.0,0.0,0.0,0.0,0.0,0.0,22.536216812,0.8497518331,1.0353696072,0.0,8.0,0.0,0.0
24749,0.0,0.0,0.0,0.0,0.0,0.0,0.0,123.0,68.0,5.0,69.7,170.2,0.0,14,5.0,0.9325681492,0.0,0.0,0.0,0.0,0.0,18.9,30.0,0.0,5.0,2.0,11.8,0.0,0.0,3.0,44.614,0.0,0.0,24.06099964,0.880120841,1.1755910892,0.0,8.0,0.0,0.0
24749,0.0,0.0,0.0,0.0,0.0,0.0,0.0,120.0,67.0,4.0,75.0,170.6,0.0,16,7.0,0.88,110.0,55.0,188.0,113.0,0.0,10.0,38.0,4.0,0.0,4.98,11.8,0.0,0.0,0.0,66.357,0.0,0.0,25.769334904,0.8905467455,1.2294409922,0.0,8.0,0.0,0.0
24749,0.0,0.0,0.0,0.0,0.0,0.0,0.0,134.0,74.0,5.0,76.2,171.5,0.0,16,8.0,1.0761154856,117.0,57.0,187.0,67.0,0.0,10.0,38.0,0.0,5.0,3.51,11.1,0.0,0.0,0.0,74.025,0.0,0.0,25.907572525,0.8945826011,1.2512732601999998,0.0,8.0,0.0,0.0
