PtID,Pt_CGMUseNumDays,Pt_FatherT1D,Pt_MotherT1D,Pt_SiblingT1D,Pt_ChildT1D,Pt_GrandchildT1D,Pt_GrandparentT1D,BldPrSys,BldPrDia,SMBGperDayPtMeterCombo,WeightKg,HeightCm,DirectLDL,age,diabDur,TotalDailyInsPerKg,LDL,HDL,TotChol,Triglyc,BUN,AlbCreatRat_mggNew,UnitsInsBasalOrLongAct,BGTestAvgNumMeter,BGTestAvgNumPtRep,TSH,HbA1c,AutonomicNeuroCl,Pt_InsGov,NumPumpBolusOrShortAct,HbA1cImputeDtMnC,Pt_SHFlg,Pt_DKAFlg,bmi,bmiPerc,bmiZscore,GFR,diagAgeCombo,Pt_A1cGoalLev,Pt_A1cGoalLevelDsYr5
24763,10.0,0.0,0.0,0.0,0.0,0.0,0.0,118.0,83.0,8.0,61.23496995,152.4,0.0,38,18.0,0.8818490487,107.0,58.0,178.0,66.0,13.0,0.0,0.0,0.0,8.0,0.0,8.2,0.0,0.0,0.0,-0.299,0.0,0.0,26.365109236,0.0,-0.17604991600000003,0.0,20.0,0.0,0.0
24763,0.0,0.0,0.0,0.0,0.0,0.0,0.0,118.0,75.0,7.0,0.0,0.0,0.0,39,19.0,0.0,0.0,0.0,0.0,0.0,0.0,0.0,0.0,0.0,7.0,0.0,8.3,0.0,0.0,0.0,10.788,0.0,0.0,0.0,0.0,0.0,0.0,20.0,7.0,0.0
24763,0.0,0.0,0.0,0.0,0.0,0.0,0.0,117.0,77.0,9.0,0.0,0.0,0.0,41,21.0,0.0,110.0,62.0,189.0,83.0,0.0,0.0,20.0,9.0,0.0,0.14,7.2,0.0,0.0,8.0,25.228,0.0,0.0,0.0,0.0,0.0,0.0,20.0,0.0,0.0
24763,0.0,0.0,0.0,0.0,0.0,0.0,0.0,115.0,71.0,8.0,0.0,0.0,0.0,41,21.0,0.0,106.0,51.0,171.0,71.0,14.0,0.0,20.0,8.0,0.0,0.68,7.9,0.0,0.0,7.0,36.083,0.0,0.0,0.0,0.0,0.0,0.0,20.0,0.0,0.0
24763,21.0,0.0,0.0,0.0,0.0,0.0,0.0,0.0,0.0,8.0,0.0,0.0,0.0,44,24.0,0.0,0.0,0.0,0.0,0.0,0.0,0.0,0.0,0.0,8.0,0.0,8.7,0.0,0.0,0.0,66.357,0.0,0.0,0.0,0.0,0.0,0.0,20.0,0.0,0.0
24763,0.0,0.0,0.0,0.0,0.0,0.0,0.0,133.0,86.0,10.0,64.0,152.4,0.0,45,25.0,0.5625,84.0,73.0,171.0,62.0,13.0,0.0,15.0,10.0,0.0,17.8,7.3,0.0,0.0,9.0,84.581,0.0,0.0,27.555610667,0.0,-0.093308575,80.0,20.0,0.0,0.0
