PtID,Pt_CGMUseNumDays,Pt_FatherT1D,Pt_MotherT1D,Pt_SiblingT1D,Pt_ChildT1D,Pt_GrandchildT1D,Pt_GrandparentT1D,BldPrSys,BldPrDia,SMBGperDayPtMeterCombo,WeightKg,HeightCm,DirectLDL,age,diabDur,TotalDailyInsPerKg,LDL,HDL,TotChol,Triglyc,BUN,AlbCreatRat_mggNew,UnitsInsBasalOrLongAct,BGTestAvgNumMeter,BGTestAvgNumPtRep,TSH,HbA1c,AutonomicNeuroCl,Pt_InsGov,NumPumpBolusOrShortAct,HbA1cImputeDtMnC,Pt_SHFlg,Pt_DKAFlg,bmi,bmiPerc,bmiZscore,GFR,diagAgeCombo,Pt_A1cGoalLev,Pt_A1cGoalLevelDsYr5
24837,0.0,0.0,0.0,0.0,0.0,0.0,0.0,102.0,68.0,11.0,32.7,136.8,0.0,9,5.0,0.6727828746,0.0,0.0,0.0,0.0,23.0,0.0,0.0,11.0,11.0,0.0,8.9,0.0,0.0,7.0,0.0,0.0,0.0,17.473325126,0.7359296756,0.6308468778,0.0,4.0,0.0,0.0
24837,0.0,0.0,0.0,0.0,0.0,0.0,0.0,105.0,65.0,11.0,36.1,144.5,0.0,11,7.0,0.0,0.0,0.0,0.0,0.0,16.0,0.0,0.0,11.0,12.0,0.0,8.5,0.0,0.0,6.0,18.555999999999997,0.0,0.0,17.289065026,0.5204117361999999,0.0511869789,0.0,4.0,8.0,0.0
24837,0.0,0.0,0.0,0.0,0.0,0.0,0.0,120.0,69.0,7.0,43.09127515,158.0,0.0,12,8.0,0.7890228331,0.0,0.0,0.0,0.0,16.0,0.0,19.0,7.0,0.0,0.38,9.0,0.0,0.0,3.0,36.946,0.0,0.0,17.261366428,0.4060499116,-0.237717998,0.0,4.0,0.0,0.0
24837,0.0,0.0,0.0,0.0,0.0,0.0,0.0,0.0,0.0,7.0,51.25593781,167.6,0.0,14,10.0,0.8194172577,0.0,0.0,0.0,0.0,13.0,0.0,21.0,7.0,0.0,1.97,10.6,0.0,0.0,4.0,51.651,0.0,0.0,18.247196776,0.3564849022,-0.367870491,0.0,4.0,0.0,0.0
24837,0.0,0.0,0.0,0.0,0.0,0.0,0.0,122.0,76.0,1.0,53.97749203,170.6,0.0,15,10.0,0.6669446587,0.0,0.0,0.0,0.0,17.0,0.0,25.0,1.0,0.0,2.67,11.9,0.0,0.0,0.0,62.473,0.0,0.0,18.546187592,0.2974443747,-0.531765025,0.0,4.0,0.0,0.0
