PtID,Pt_CGMUseNumDays,Pt_FatherT1D,Pt_MotherT1D,Pt_SiblingT1D,Pt_ChildT1D,Pt_GrandchildT1D,Pt_GrandparentT1D,BldPrSys,BldPrDia,SMBGperDayPtMeterCombo,WeightKg,HeightCm,DirectLDL,age,diabDur,TotalDailyInsPerKg,LDL,HDL,TotChol,Triglyc,BUN,AlbCreatRat_mggNew,UnitsInsBasalOrLongAct,BGTestAvgNumMeter,BGTestAvgNumPtRep,TSH,HbA1c,AutonomicNeuroCl,Pt_InsGov,NumPumpBolusOrShortAct,HbA1cImputeDtMnC,Pt_SHFlg,Pt_DKAFlg,bmi,bmiPerc,bmiZscore,GFR,diagAgeCombo,Pt_A1cGoalLev,Pt_A1cGoalLevelDsYr5
24928,0.0,0.0,0.0,0.0,0.0,0.0,0.0,96.0,74.0,3.0,48.0,162.5,0.0,18,1.0,0.5416666667,0.0,0.0,0.0,0.0,9.0,0.0,0.0,0.0,3.0,0.0,5.0,0.0,0.0,5.0,0.332,0.0,0.0,18.177514793,0.1000285952,-1.281388645,0.0,16.0,0.0,0.0
24928,0.0,0.0,0.0,0.0,0.0,0.0,0.0,82.0,62.0,0.0,47.5,163.9,0.0,19,2.0,0.0,93.0,76.0,180.0,53.0,11.0,0.0,0.0,0.0,0.0,0.0,14.0,0.0,0.0,0.0,18.224,0.0,0.0,17.682175734,0.0454133239,-1.691053172,0.0,16.0,0.0,0.0
24928,0.0,0.0,0.0,0.0,0.0,0.0,0.0,100.0,70.0,2.0,0.0,0.0,0.0,21,4.0,0.0,108.0,49.0,208.0,251.0,14.0,0.0,0.0,2.0,0.0,1.04,11.8,0.0,0.0,0.0,42.025,0.0,0.0,0.0,0.0,0.0,0.0,16.0,0.0,0.0
24928,0.0,0.0,0.0,0.0,0.0,0.0,0.0,108.0,64.0,1.0,0.0,0.0,0.0,22,5.0,0.0,120.0,72.0,222.0,152.0,14.0,0.0,0.0,0.0,1.0,1.22,9.5,0.0,0.0,0.0,56.199,0.0,0.0,0.0,0.0,0.0,0.0,16.0,0.0,0.0
24928,0.0,0.0,0.0,0.0,0.0,0.0,0.0,90.0,62.0,1.0,53.3,164.0,0.0,23,6.0,0.0,122.0,76.0,219.0,107.0,13.0,8.0,0.0,1.0,0.0,0.88,0.0,0.0,0.0,0.0,0.0,0.0,0.0,19.817073171,0.0,-0.941565678,104.0,16.0,0.0,0.0
