PtID,Pt_CGMUseNumDays,Pt_FatherT1D,Pt_MotherT1D,Pt_SiblingT1D,Pt_ChildT1D,Pt_GrandchildT1D,Pt_GrandparentT1D,BldPrSys,BldPrDia,SMBGperDayPtMeterCombo,WeightKg,HeightCm,DirectLDL,age,diabDur,TotalDailyInsPerKg,LDL,HDL,TotChol,Triglyc,BUN,AlbCreatRat_mggNew,UnitsInsBasalOrLongAct,BGTestAvgNumMeter,BGTestAvgNumPtRep,TSH,HbA1c,AutonomicNeuroCl,Pt_InsGov,NumPumpBolusOrShortAct,HbA1cImputeDtMnC,Pt_SHFlg,Pt_DKAFlg,bmi,bmiPerc,bmiZscore,GFR,diagAgeCombo,Pt_A1cGoalLev,Pt_A1cGoalLevelDsYr5
24996,0.0,0.0,0.0,1.0,0.0,0.0,0.0,150.0,70.0,5.0,67.58526313,167.64,0.0,50,40.0,0.3551069995,82.0,76.0,0.0,58.0,19.0,15.0,0.0,5.0,5.0,0.0,6.8,0.0,0.0,4.0,0.066,0.0,0.0,24.048982406999997,0.0,-0.529711378,0.0,10.0,0.0,0.0
24996,0.0,0.0,0.0,0.0,0.0,0.0,0.0,120.0,70.0,3.0,0.0,0.0,0.0,54,44.0,0.0,92.0,95.0,209.0,110.0,14.0,14.7,12.0,3.0,0.0,2.58,7.2,0.0,0.0,5.0,39.303000000000004,0.0,0.0,0.0,0.0,0.0,118.0,10.0,0.0,0.0
24996,0.0,0.0,0.0,0.0,0.0,0.0,0.0,118.0,74.0,4.0,66.67807839,167.64,0.0,55,45.0,0.31494608879999997,130.0,101.0,0.0,71.0,12.0,7.0,12.0,4.0,0.0,2.74,7.3,0.0,0.0,3.0,52.282,0.0,0.0,23.726177274,0.0,-0.56290745,0.0,10.0,0.0,0.0
24996,0.0,0.0,0.0,0.0,0.0,0.0,0.0,130.0,72.0,2.0,68.94604024,167.64,0.0,56,46.0,0.3045860201,120.0,101.0,229.0,38.0,17.0,5.0,13.0,2.0,0.0,1.86,7.2,0.0,0.0,4.0,70.672,0.0,0.0,24.533190107,0.0,-0.47991727,84.0,10.0,0.0,0.0
24996,0.0,0.0,0.0,0.0,0.0,0.0,0.0,124.0,64.0,5.0,68.03885550000001,167.64,0.0,57,47.0,0.3071774186,98.0,83.0,198.0,84.0,16.0,18.0,13.4,5.0,0.0,2.57,6.5,0.0,0.0,4.0,82.72200000000001,0.0,0.0,24.210384974,0.0,-0.513113342,90.0,10.0,0.0,0.0
