PtID,Pt_CGMUseNumDays,Pt_FatherT1D,Pt_MotherT1D,Pt_SiblingT1D,Pt_ChildT1D,Pt_GrandchildT1D,Pt_GrandparentT1D,BldPrSys,BldPrDia,SMBGperDayPtMeterCombo,WeightKg,HeightCm,DirectLDL,age,diabDur,TotalDailyInsPerKg,LDL,HDL,TotChol,Triglyc,BUN,AlbCreatRat_mggNew,UnitsInsBasalOrLongAct,BGTestAvgNumMeter,BGTestAvgNumPtRep,TSH,HbA1c,AutonomicNeuroCl,Pt_InsGov,NumPumpBolusOrShortAct,HbA1cImputeDtMnC,Pt_SHFlg,Pt_DKAFlg,bmi,bmiPerc,bmiZscore,GFR,diagAgeCombo,Pt_A1cGoalLev,Pt_A1cGoalLevelDsYr5
249,0.0,0.0,0.0,0.0,0.0,0.0,0.0,128.0,84.0,5.0,103.41906036,175.26,0.0,30,1.0,0.05801638480000001,135.0,44.0,215.0,181.0,9.0,5.0,0.0,0.0,5.0,0.0,8.7,1.0,0.0,0.0,0.066,0.0,0.0,33.669368653,0.0,0.8942954989,0.0,28.0,0.0,0.0
249,0.0,0.0,0.0,0.0,0.0,0.0,0.0,120.0,82.0,5.0,98.88313666,175.26,0.0,31,2.0,0.5562121294,101.0,45.0,176.0,152.0,11.0,3.0,0.0,0.0,5.0,0.0,6.6,1.0,0.0,0.0,12.216,0.0,0.0,32.192641958,0.0,0.6802330704,0.0,28.0,7.0,0.0
249,0.0,0.0,0.0,0.0,0.0,0.0,0.0,132.0,84.0,4.0,104.3262451,172.72,1.0,32,3.0,0.0,153.0,0.0,0.0,0.0,15.0,0.0,30.0,4.0,4.0,11.09,7.3,1.0,0.0,0.0,23.303,0.0,0.0,34.971021479,0.0,1.0829796784999999,0.0,28.0,0.0,0.0
249,0.0,0.0,0.0,0.0,0.0,0.0,0.0,124.0,80.0,4.0,97.52235955,175.26,1.0,33,4.0,0.7177841093999999,118.0,0.0,0.0,0.0,9.0,0.0,30.0,4.0,4.0,0.13,7.7,1.0,0.0,3.0,38.407,0.0,0.0,31.749623949,0.0,0.6160143418,0.0,28.0,0.0,0.0
249,0.0,0.0,0.0,0.0,0.0,0.0,0.0,129.0,83.0,4.0,104.3262451,170.18,0.0,34,5.0,0.5559483132999999,164.0,50.0,265.0,253.0,9.0,0.0,34.0,4.0,4.0,1.91,8.1,1.0,0.0,3.0,53.577,0.0,0.0,36.022722949,0.0,1.2354315653,0.0,28.0,0.0,0.0
249,0.0,0.0,0.0,0.0,0.0,0.0,0.0,138.0,88.0,5.0,105.68702221,173.99,0.0,35,6.0,0.0,94.0,46.0,181.0,203.0,12.0,0.0,50.0,5.0,6.0,0.19,7.4,1.0,0.0,3.0,64.697,0.0,0.0,34.911867879,0.0,1.0744049279,0.0,28.0,0.0,0.0
