PtID,Pt_CGMUseNumDays,Pt_FatherT1D,Pt_MotherT1D,Pt_SiblingT1D,Pt_ChildT1D,Pt_GrandchildT1D,Pt_GrandparentT1D,BldPrSys,BldPrDia,SMBGperDayPtMeterCombo,WeightKg,HeightCm,DirectLDL,age,diabDur,TotalDailyInsPerKg,LDL,HDL,TotChol,Triglyc,BUN,AlbCreatRat_mggNew,UnitsInsBasalOrLongAct,BGTestAvgNumMeter,BGTestAvgNumPtRep,TSH,HbA1c,AutonomicNeuroCl,Pt_InsGov,NumPumpBolusOrShortAct,HbA1cImputeDtMnC,Pt_SHFlg,Pt_DKAFlg,bmi,bmiPerc,bmiZscore,GFR,diagAgeCombo,Pt_A1cGoalLev,Pt_A1cGoalLevelDsYr5
25047,0.0,0.0,0.0,0.0,0.0,0.0,1.0,102.0,58.0,4.0,78.92507238,165.1,1.0,39,32.0,0.5955015128,126.0,0.0,0.0,0.0,18.0,4.0,0.0,0.0,4.0,0.0,6.5,0.0,1.0,4.0,0.0,1.0,0.0,28.954818190999998,0.0,0.12098623439999999,0.0,7.0,0.0,0.0
25047,0.0,0.0,0.0,0.0,0.0,0.0,1.0,116.0,66.0,4.0,78.92507238,165.1,0.0,40,33.0,0.6841932275,91.0,55.0,0.0,87.0,0.0,0.0,0.0,0.0,4.0,0.0,8.2,0.0,1.0,0.0,11.154000000000002,0.0,0.0,28.954818190999998,0.0,0.031700419199999996,0.0,7.0,7.0,0.0
25047,0.0,0.0,0.0,0.0,0.0,0.0,0.0,108.0,62.0,0.0,0.0,0.0,0.0,41,34.0,0.0,0.0,0.0,0.0,0.0,0.0,0.0,37.0,0.0,0.0,0.0,9.2,0.0,0.0,0.0,26.224,0.0,0.0,0.0,0.0,0.0,41.0,7.0,0.0,0.0
25047,0.0,0.0,0.0,0.0,0.0,0.0,0.0,106.0,58.0,8.0,0.0,0.0,0.0,42,35.0,0.0,98.0,56.0,0.0,135.0,0.0,0.0,26.0,8.0,8.0,0.0,6.8,0.0,0.0,0.0,36.249,0.0,0.0,0.0,0.0,0.0,0.0,7.0,0.0,0.0
25047,0.0,0.0,0.0,0.0,0.0,0.0,0.0,100.0,60.0,5.0,72.5747792,165.1,1.0,43,36.0,0.0,131.0,0.0,0.0,0.0,0.0,9.9,25.0,5.0,0.0,0.0,6.4,0.0,0.0,0.0,46.473,0.0,0.0,26.625120176,0.0,-0.176441118,0.0,7.0,0.0,0.0
25047,30.0,0.0,0.0,0.0,0.0,0.0,0.0,110.0,58.0,8.0,75.74992579,165.7,1.0,44,37.0,0.7392746515999999,73.0,0.0,0.0,0.0,20.0,9.9,27.0,8.0,4.0,1.36,7.0,0.0,1.0,29.0,64.697,0.0,0.0,27.589078498000003,0.0,-0.09031846800000001,0.0,7.0,0.0,0.0
25047,0.0,0.0,0.0,0.0,0.0,0.0,0.0,120.0,68.0,7.0,57.60623099,165.1,0.0,46,39.0,0.5902139303,65.0,100.0,0.0,106.0,0.0,0.0,13.0,7.0,0.0,1.97,7.0,0.0,0.0,0.0,78.108,0.0,0.0,21.133689139,0.0,-0.667060455,0.0,7.0,0.0,0.0
