PtID,Pt_CGMUseNumDays,Pt_FatherT1D,Pt_MotherT1D,Pt_SiblingT1D,Pt_ChildT1D,Pt_GrandchildT1D,Pt_GrandparentT1D,BldPrSys,BldPrDia,SMBGperDayPtMeterCombo,WeightKg,HeightCm,DirectLDL,age,diabDur,TotalDailyInsPerKg,LDL,HDL,TotChol,Triglyc,BUN,AlbCreatRat_mggNew,UnitsInsBasalOrLongAct,BGTestAvgNumMeter,BGTestAvgNumPtRep,TSH,HbA1c,AutonomicNeuroCl,Pt_InsGov,NumPumpBolusOrShortAct,HbA1cImputeDtMnC,Pt_SHFlg,Pt_DKAFlg,bmi,bmiPerc,bmiZscore,GFR,diagAgeCombo,Pt_A1cGoalLev,Pt_A1cGoalLevelDsYr5
25066,0.0,0.0,0.0,0.0,0.0,0.0,0.0,123.0,67.0,12.0,70.5,164.6,0.0,14,8.0,1.4893617021,106.0,63.0,190.0,103.0,0.0,4.6,0.0,0.0,12.0,0.0,7.7,0.0,0.0,10.0,-2.988,0.0,0.0,26.021327892,0.9501377236,1.6461904594,0.0,5.0,0.0,0.0
25066,0.0,0.0,0.0,0.0,0.0,0.0,0.0,125.0,73.0,10.0,92.8,174.1,0.0,16,10.0,0.9482758620999999,86.0,54.0,160.0,99.0,0.0,42.0,0.0,0.0,10.0,0.0,7.2,0.0,0.0,0.0,20.515,0.0,0.0,30.616139918000002,0.9790665023999999,2.0348397977,0.0,5.0,7.2,0.0
25066,0.0,0.0,0.0,0.0,0.0,0.0,0.0,129.0,78.0,5.0,88.4,177.8,0.0,17,11.0,0.7013574661,73.0,48.0,150.0,143.0,0.0,2.1,36.0,0.0,5.0,1.52,6.6,0.0,0.0,0.0,35.086999999999996,0.0,0.0,27.963321233000002,0.9456373620999999,1.6039490859999999,0.0,5.0,0.0,0.0
