PtID,Pt_CGMUseNumDays,Pt_FatherT1D,Pt_MotherT1D,Pt_SiblingT1D,Pt_ChildT1D,Pt_GrandchildT1D,Pt_GrandparentT1D,BldPrSys,BldPrDia,SMBGperDayPtMeterCombo,WeightKg,HeightCm,DirectLDL,age,diabDur,TotalDailyInsPerKg,LDL,HDL,TotChol,Triglyc,BUN,AlbCreatRat_mggNew,UnitsInsBasalOrLongAct,BGTestAvgNumMeter,BGTestAvgNumPtRep,TSH,HbA1c,AutonomicNeuroCl,Pt_InsGov,NumPumpBolusOrShortAct,HbA1cImputeDtMnC,Pt_SHFlg,Pt_DKAFlg,bmi,bmiPerc,bmiZscore,GFR,diagAgeCombo,Pt_A1cGoalLev,Pt_A1cGoalLevelDsYr5
2509,0.0,0.0,0.0,0.0,0.0,0.0,0.0,96.0,44.0,13.0,26.2,130.2,0.0,8,1.0,0.572519084,0.0,0.0,0.0,0.0,12.0,0.0,0.0,13.0,8.0,0.0,7.9,0.0,0.0,3.0,0.0,0.0,0.0,15.455367024000001,0.420779322,-0.19990018699999998,0.0,6.0,0.0,0.0
2509,0.0,0.0,0.0,0.0,0.0,0.0,0.0,113.0,68.0,19.0,31.3,138.0,0.0,9,2.0,0.5750798722,0.0,0.0,0.0,0.0,13.0,0.0,0.0,19.0,8.0,0.0,7.3,0.0,0.0,6.0,18.357,0.0,0.0,16.435622767999998,0.5285502964,0.0716261772,0.0,6.0,7.1,0.0
2509,0.0,0.0,0.0,0.0,0.0,0.0,0.0,99.0,51.0,13.0,34.2,143.6,0.0,10,3.0,0.6725146198999999,0.0,0.0,0.0,0.0,13.0,186.2,10.0,13.0,0.0,6.49,7.5,0.0,0.0,6.0,28.78,0.0,0.0,16.585066845,0.45519508579999995,-0.112546412,0.0,6.0,0.0,0.0
2509,0.0,0.0,0.0,0.0,0.0,0.0,0.0,104.0,54.0,14.0,38.55535145,149.0,0.0,11,4.0,0.8818490487,0.0,0.0,0.0,0.0,15.0,0.0,17.0,14.0,0.0,2.34,8.3,0.0,0.0,6.0,40.531,0.0,0.0,17.366493153,0.48771657310000005,-0.030794852,0.0,6.0,0.0,0.0
2509,0.0,0.0,0.0,0.0,0.0,0.0,0.0,0.0,0.0,14.0,45.359237,155.5,0.0,12,5.0,0.9920801798000001,0.0,0.0,0.0,0.0,0.0,0.0,20.0,14.0,0.0,4.89,7.6,0.0,0.0,6.0,51.253,0.0,0.0,18.758795710999998,0.5954457934,0.24157639649999998,0.0,6.0,0.0,0.0
2509,0.0,0.0,0.0,0.0,0.0,0.0,0.0,109.0,57.0,13.0,48.53438359,159.6,0.0,13,6.0,0.9477816879000001,0.0,0.0,0.0,0.0,11.0,88.1,23.0,13.0,0.0,2.89,8.0,0.0,0.0,0.0,61.876000000000005,0.0,0.0,19.053893973,0.5472468606,0.1187085294,0.0,6.0,0.0,0.0
