PtID,Pt_CGMUseNumDays,Pt_FatherT1D,Pt_MotherT1D,Pt_SiblingT1D,Pt_ChildT1D,Pt_GrandchildT1D,Pt_GrandparentT1D,BldPrSys,BldPrDia,SMBGperDayPtMeterCombo,WeightKg,HeightCm,DirectLDL,age,diabDur,TotalDailyInsPerKg,LDL,HDL,TotChol,Triglyc,BUN,AlbCreatRat_mggNew,UnitsInsBasalOrLongAct,BGTestAvgNumMeter,BGTestAvgNumPtRep,TSH,HbA1c,AutonomicNeuroCl,Pt_InsGov,NumPumpBolusOrShortAct,HbA1cImputeDtMnC,Pt_SHFlg,Pt_DKAFlg,bmi,bmiPerc,bmiZscore,GFR,diagAgeCombo,Pt_A1cGoalLev,Pt_A1cGoalLevelDsYr5
2513,0.0,0.0,0.0,0.0,0.0,0.0,0.0,142.0,78.0,5.0,111.22084912,188.976,1.0,18,6.0,0.6113961594,94.0,0.0,0.0,0.0,0.0,9.9,0.0,5.0,7.0,0.0,5.6,0.0,0.0,6.0,0.0,0.0,0.0,31.143893248,0.9745846693000001,1.952906618,0.0,11.0,0.0,0.0
2513,0.0,0.0,0.0,0.0,0.0,0.0,0.0,126.0,60.0,6.0,119.74838568,182.88,1.0,21,9.0,0.6847691477,89.0,0.0,0.0,0.0,0.0,0.0,29.0,6.0,0.0,1.07,6.4,0.0,0.0,0.0,26.256999999999998,0.0,0.0,35.804469333,0.0,1.8155372226,0.0,11.0,0.0,0.0
2513,0.0,0.0,0.0,0.0,0.0,0.0,0.0,138.0,70.0,5.0,132.4,188.722,0.0,22,10.0,0.6495468278000001,0.0,0.0,0.0,0.0,0.0,5.6,31.0,5.0,0.0,0.0,5.9,0.0,0.0,0.0,44.846000000000004,0.0,0.0,37.174310694,0.0,2.08573183,0.0,11.0,0.0,0.0
2513,0.0,0.0,0.0,0.0,0.0,0.0,0.0,122.0,60.0,0.0,133.35615678,190.5,0.0,23,11.0,0.0,0.0,0.0,0.0,0.0,0.0,5.6,46.0,0.0,0.0,0.0,6.7,0.0,0.0,0.0,57.858999999999995,0.0,0.0,36.747103362,0.0,2.0014672426,0.0,11.0,0.0,0.0
2513,0.0,0.0,0.0,0.0,0.0,0.0,0.0,134.0,66.0,0.0,138.34567285,190.5,1.0,24,12.0,0.8167946106999999,135.0,0.0,0.0,0.0,0.0,5.6,47.0,0.0,0.0,0.0,7.2,0.0,0.0,0.0,67.751,0.0,0.0,38.121994985,0.0,2.2726579899,0.0,11.0,0.0,0.0
2513,0.0,0.0,0.0,0.0,0.0,0.0,0.0,136.0,70.0,0.0,0.0,0.0,0.0,25,13.0,0.0,105.0,50.0,0.0,109.0,0.0,0.0,69.0,0.0,0.0,1.73,7.5,0.0,0.0,0.0,79.03699999999999,0.0,0.0,0.0,0.0,0.0,0.0,11.0,0.0,0.0
