PtID,Pt_CGMUseNumDays,Pt_FatherT1D,Pt_MotherT1D,Pt_SiblingT1D,Pt_ChildT1D,Pt_GrandchildT1D,Pt_GrandparentT1D,BldPrSys,BldPrDia,SMBGperDayPtMeterCombo,WeightKg,HeightCm,DirectLDL,age,diabDur,TotalDailyInsPerKg,LDL,HDL,TotChol,Triglyc,BUN,AlbCreatRat_mggNew,UnitsInsBasalOrLongAct,BGTestAvgNumMeter,BGTestAvgNumPtRep,TSH,HbA1c,AutonomicNeuroCl,Pt_InsGov,NumPumpBolusOrShortAct,HbA1cImputeDtMnC,Pt_SHFlg,Pt_DKAFlg,bmi,bmiPerc,bmiZscore,GFR,diagAgeCombo,Pt_A1cGoalLev,Pt_A1cGoalLevelDsYr5
25180,0.0,0.0,0.0,0.0,0.0,0.0,0.0,95.0,52.0,5.0,41.9,136.7,0.0,8,0.0,0.3818615752,0.0,0.0,0.0,0.0,0.0,0.0,0.0,5.0,5.0,0.0,5.8,0.0,0.0,0.0,0.0,0.0,0.0,22.422136589,0.9812285824,2.0798113985,0.0,8.0,0.0,0.0
25180,0.0,0.0,0.0,0.0,0.0,0.0,0.0,86.0,58.0,4.0,40.0,141.0,0.0,9,1.0,0.125,0.0,0.0,0.0,0.0,0.0,0.0,0.0,0.0,4.0,0.0,9.8,0.0,0.0,0.0,11.286,0.0,0.0,20.119712288,0.9262649905,1.4485259315,0.0,8.0,0.0,0.0
25180,0.0,0.0,0.0,0.0,0.0,0.0,0.0,109.0,72.0,5.0,42.1,142.8,0.0,10,1.0,0.0,0.0,0.0,0.0,0.0,0.0,0.0,0.0,5.0,0.0,0.0,10.5,0.0,0.0,1.0,18.257,0.0,0.0,20.645513107,0.9129650421,1.3592420019,0.0,8.0,0.0,0.0
25180,0.0,0.0,0.0,0.0,0.0,0.0,0.0,121.0,63.0,5.0,45.4,145.4,0.0,11,2.0,0.0,0.0,0.0,0.0,0.0,0.0,0.0,11.0,5.0,0.0,0.0,9.3,0.0,0.0,4.0,27.784000000000002,0.0,0.0,21.474696753,0.9098198262999999,1.33964635,0.0,8.0,0.0,0.0
25180,0.0,0.0,0.0,0.0,0.0,0.0,0.0,101.0,67.0,4.0,53.0,148.5,0.0,12,3.0,0.0,0.0,0.0,0.0,0.0,0.0,0.0,22.0,4.0,0.0,0.0,9.0,0.0,0.0,0.0,40.199,0.0,0.0,24.033828748,0.9475602109000001,1.6216440821,0.0,8.0,0.0,0.0
25180,0.0,0.0,0.0,0.0,0.0,0.0,0.0,108.0,73.0,6.0,64.6,156.9,0.0,13,4.0,0.0,0.0,0.0,0.0,0.0,0.0,0.0,27.0,6.0,0.0,0.0,10.4,0.0,0.0,0.0,54.705,0.0,0.0,26.241377615,0.9634777871,1.7925530094,0.0,8.0,0.0,0.0
25180,0.0,0.0,0.0,0.0,0.0,0.0,0.0,128.0,80.0,7.0,73.7,163.0,0.0,14,5.0,0.0,0.0,0.0,148.0,43.0,0.0,0.0,29.0,7.0,0.0,2.67,10.0,0.0,0.0,0.0,64.133,0.0,0.0,27.739094433,0.9691116093000001,1.8678944726,0.0,8.0,0.0,0.0
25180,20.0,0.0,0.0,0.0,0.0,0.0,0.0,126.0,69.0,5.0,76.9,165.1,0.0,14,5.0,0.9882964889,0.0,0.0,0.0,0.0,0.0,0.0,35.0,5.0,6.0,0.0,10.6,0.0,0.0,3.0,68.548,0.0,0.0,28.211890743,0.9726600899,1.9214117352000002,0.0,8.0,0.0,0.0
25180,0.0,0.0,0.0,0.0,0.0,0.0,0.0,125.0,75.0,2.0,75.8,168.6,0.0,15,6.0,0.8179419525,0.0,0.0,0.0,0.0,0.0,0.0,23.0,2.0,0.0,1.34,10.6,0.0,0.0,3.0,80.498,0.0,0.0,26.665766080999997,0.9478607640000001,1.6244562428,0.0,8.0,0.0,0.0
