PtID,Pt_CGMUseNumDays,Pt_FatherT1D,Pt_MotherT1D,Pt_SiblingT1D,Pt_ChildT1D,Pt_GrandchildT1D,Pt_GrandparentT1D,BldPrSys,BldPrDia,SMBGperDayPtMeterCombo,WeightKg,HeightCm,DirectLDL,age,diabDur,TotalDailyInsPerKg,LDL,HDL,TotChol,Triglyc,BUN,AlbCreatRat_mggNew,UnitsInsBasalOrLongAct,BGTestAvgNumMeter,BGTestAvgNumPtRep,TSH,HbA1c,AutonomicNeuroCl,Pt_InsGov,NumPumpBolusOrShortAct,HbA1cImputeDtMnC,Pt_SHFlg,Pt_DKAFlg,bmi,bmiPerc,bmiZscore,GFR,diagAgeCombo,Pt_A1cGoalLev,Pt_A1cGoalLevelDsYr5
25186,0.0,0.0,0.0,0.0,0.0,0.0,0.0,89.0,57.0,9.0,20.9,117.2,0.0,6,0.0,0.5263157895,0.0,0.0,0.0,0.0,17.0,0.0,0.0,9.0,8.0,0.0,8.7,0.0,1.0,0.0,0.0,0.0,0.0,15.215669372999999,0.44688494,-0.133535513,0.0,6.0,0.0,0.0
25186,0.0,0.0,0.0,0.0,0.0,0.0,0.0,80.0,45.0,12.0,21.7,119.8,0.0,7,1.0,0.6451612903,0.0,0.0,189.0,0.0,0.0,0.0,0.0,0.0,12.0,0.0,8.6,0.0,1.0,0.0,7.635,0.0,0.0,15.119801784000002,0.38752695740000004,-0.285770486,0.0,6.0,7.0,0.0
25186,0.0,0.0,0.0,0.0,0.0,0.0,0.0,104.0,49.0,7.0,25.1,126.2,0.0,8,2.0,0.0,0.0,0.0,164.0,0.0,11.0,5.9,5.0,7.0,0.0,2.12,7.6,0.0,0.0,0.0,21.51,0.0,0.0,15.759956400000002,0.4978163957,-0.005473512,0.0,6.0,0.0,0.0
25186,0.0,0.0,0.0,0.0,0.0,0.0,0.0,93.0,57.0,7.0,27.3,130.2,0.0,9,3.0,0.0,98.0,76.0,189.0,74.0,10.0,5.9,5.0,7.0,0.0,2.64,8.2,0.0,0.0,0.0,32.398,0.0,0.0,16.104256479,0.4899838936,-0.025109294,0.0,6.0,0.0,0.0
25186,0.0,0.0,0.0,0.0,0.0,0.0,0.0,110.0,72.0,5.0,30.1,135.8,0.0,10,4.0,0.7973421927,0.0,0.0,0.0,0.0,0.0,5.9,8.0,5.0,0.0,2.64,7.9,0.0,0.0,0.0,43.917,0.0,0.0,16.321758802,0.43744370409999994,-0.157453556,0.0,6.0,0.0,0.0
25186,0.0,0.0,0.0,0.0,0.0,0.0,0.0,0.0,0.0,0.0,0.0,0.0,0.0,11,5.0,0.0,0.0,0.0,0.0,0.0,0.0,5.9,0.0,0.0,0.0,1.96,9.1,0.0,0.0,0.0,54.772,0.0,0.0,0.0,0.0,0.0,0.0,6.0,0.0,0.0
25186,0.0,0.0,0.0,0.0,0.0,0.0,0.0,105.0,58.0,3.0,35.8,142.0,0.0,12,5.0,0.0,0.0,66.0,219.0,0.0,8.0,29.9,0.0,3.0,8.0,1.47,8.3,0.0,0.0,0.0,61.577,0.0,0.0,17.754413807,0.49421972,-0.01448952,0.0,6.0,0.0,0.0
25186,0.0,0.0,0.0,0.0,0.0,0.0,0.0,106.0,62.0,5.0,41.8,146.7,0.0,12,6.0,0.0,0.0,0.0,0.0,0.0,0.0,29.9,0.0,5.0,0.0,0.0,7.2,0.0,0.0,0.0,71.336,0.0,0.0,19.422988547,0.7266385775,0.6026781123,0.0,6.0,0.0,0.0
