PtID,Pt_CGMUseNumDays,Pt_FatherT1D,Pt_MotherT1D,Pt_SiblingT1D,Pt_ChildT1D,Pt_GrandchildT1D,Pt_GrandparentT1D,BldPrSys,BldPrDia,SMBGperDayPtMeterCombo,WeightKg,HeightCm,DirectLDL,age,diabDur,TotalDailyInsPerKg,LDL,HDL,TotChol,Triglyc,BUN,AlbCreatRat_mggNew,UnitsInsBasalOrLongAct,BGTestAvgNumMeter,BGTestAvgNumPtRep,TSH,HbA1c,AutonomicNeuroCl,Pt_InsGov,NumPumpBolusOrShortAct,HbA1cImputeDtMnC,Pt_SHFlg,Pt_DKAFlg,bmi,bmiPerc,bmiZscore,GFR,diagAgeCombo,Pt_A1cGoalLev,Pt_A1cGoalLevelDsYr5
25193,18.0,0.0,0.0,1.0,0.0,0.0,0.0,0.0,0.0,12.0,0.0,0.0,0.0,10,0.0,0.0,0.0,0.0,0.0,0.0,19.0,0.0,0.0,0.0,12.0,0.0,8.7,0.0,0.0,12.0,-0.763,0.0,0.0,0.0,0.0,0.0,0.0,9.0,0.0,0.0
25193,30.0,0.0,0.0,1.0,0.0,0.0,0.0,99.0,46.0,12.0,45.4,165.0,0.0,10,1.0,0.5286343612,68.0,95.0,0.0,41.0,0.0,0.0,0.0,0.0,12.0,0.0,6.1,0.0,0.0,0.0,12.05,0.0,0.0,16.675849403,0.5102032335,0.0255785025,0.0,9.0,6.1,0.0
25193,0.0,0.0,0.0,0.0,0.0,0.0,0.0,106.0,65.0,0.0,52.8,171.0,0.0,11,2.0,0.7196969697,74.0,107.0,191.0,51.0,0.0,2.0,13.0,0.0,0.0,1.11,6.9,0.0,0.0,3.0,23.834,0.0,0.0,18.056838001,0.6445111486,0.3705433232,0.0,9.0,0.0,0.0
25193,0.0,0.0,0.0,0.0,0.0,0.0,0.0,117.0,52.0,15.0,65.0,176.78400000000002,0.0,13,3.0,0.8,74.0,107.0,191.0,51.0,0.0,2.0,18.0,0.0,15.0,1.11,7.6,0.0,0.0,0.0,37.975,0.0,0.0,20.798281126,0.7827468307,0.7815036368000001,0.0,9.0,0.0,0.0
25193,0.0,0.0,0.0,0.0,0.0,0.0,0.0,120.0,70.0,12.0,69.4,183.0,0.0,14,4.0,1.023054755,87.0,91.0,190.0,61.0,0.0,2.0,29.0,12.0,0.0,1.01,7.4,0.0,0.0,0.0,48.696999999999996,0.0,0.0,20.723222551,0.706160627,0.5422028881000001,0.0,9.0,0.0,0.0
25193,0.0,0.0,0.0,0.0,0.0,0.0,0.0,121.0,72.0,15.0,86.0,190.8,1.0,14,4.0,1.0465116279,73.0,83.0,169.0,63.0,16.0,2.0,44.0,0.0,15.0,0.93,7.2,0.0,0.0,0.0,58.39,0.0,0.0,23.623362296999996,0.8933700337,1.2446513595,0.0,9.0,0.0,0.0
25193,0.0,0.0,0.0,0.0,0.0,0.0,0.0,126.0,71.0,10.0,99.8,196.9,0.0,15,5.0,0.9118236473000001,0.0,0.0,0.0,0.0,0.0,1.0,47.0,0.0,10.0,0.0,7.4,0.0,0.0,0.0,68.846,0.0,0.0,25.741811692,0.9306330692,1.4805224966,0.0,9.0,0.0,0.0
25193,0.0,0.0,0.0,0.0,0.0,0.0,0.0,118.0,69.0,6.0,95.1,199.4,0.0,16,6.0,0.7570977918,101.0,83.0,194.0,52.0,0.0,1.0,46.0,0.0,6.0,0.91,7.2,0.0,0.0,0.0,78.44,0.0,0.0,23.918294502,0.835917439,0.977816433,0.0,9.0,0.0,0.0
25193,30.0,0.0,0.0,0.0,0.0,0.0,0.0,105.0,67.0,5.0,93.0,199.8,0.0,17,7.0,0.8494623656,0.0,0.0,0.0,0.0,0.0,1.0,52.0,0.0,5.0,0.0,7.6,0.0,0.0,0.0,85.876,0.0,0.0,23.296569843,0.7398405804000001,0.6428540012,0.0,9.0,0.0,0.0
