PtID,Pt_CGMUseNumDays,Pt_FatherT1D,Pt_MotherT1D,Pt_SiblingT1D,Pt_ChildT1D,Pt_GrandchildT1D,Pt_GrandparentT1D,BldPrSys,BldPrDia,SMBGperDayPtMeterCombo,WeightKg,HeightCm,DirectLDL,age,diabDur,TotalDailyInsPerKg,LDL,HDL,TotChol,Triglyc,BUN,AlbCreatRat_mggNew,UnitsInsBasalOrLongAct,BGTestAvgNumMeter,BGTestAvgNumPtRep,TSH,HbA1c,AutonomicNeuroCl,Pt_InsGov,NumPumpBolusOrShortAct,HbA1cImputeDtMnC,Pt_SHFlg,Pt_DKAFlg,bmi,bmiPerc,bmiZscore,GFR,diagAgeCombo,Pt_A1cGoalLev,Pt_A1cGoalLevelDsYr5
25208,30.0,0.0,0.0,0.0,0.0,0.0,0.0,122.0,57.0,6.0,78.3,163.8,0.0,55,43.0,0.4597701149,63.0,70.0,142.0,47.0,21.0,5.0,0.0,6.0,10.0,0.0,7.8,0.0,0.0,8.0,-2.158,0.0,0.0,29.183270941999996,0.0,-0.001720354,0.0,12.0,0.0,0.0
25208,0.0,0.0,0.0,0.0,0.0,0.0,0.0,132.0,62.0,8.0,77.56429527,165.1,0.0,56,44.0,0.5157011981,63.0,70.0,142.0,47.0,21.0,0.0,0.0,0.0,8.0,0.0,8.5,0.0,0.0,0.0,7.535,0.0,0.0,28.455597188000002,0.0,-0.07655160000000001,0.0,12.0,7.0,0.0
25208,0.0,0.0,0.0,0.0,0.0,0.0,0.0,139.0,69.0,0.0,0.0,0.0,0.0,57,45.0,0.0,91.0,73.0,176.0,60.0,0.0,0.0,15.0,0.0,0.0,1.1,8.5,1.0,0.0,0.0,21.676,0.0,0.0,0.0,0.0,0.0,36.0,12.0,0.0,0.0
25208,0.0,0.0,0.0,0.0,0.0,0.0,0.0,100.0,58.0,0.0,77.56429527,162.56,0.0,58,46.0,0.0,90.0,76.0,176.0,49.0,23.0,0.0,15.0,0.0,0.0,0.0,8.6,1.0,0.0,0.0,34.423,0.0,0.0,29.351781767,0.0,0.0156086691,0.0,12.0,0.0,0.0
25208,0.0,0.0,0.0,0.0,0.0,0.0,0.0,122.0,68.0,0.0,78.47148001,162.56,0.0,59,47.0,0.0,80.0,81.0,170.0,45.0,19.0,0.0,15.0,0.0,0.0,1.72,0.0,1.0,0.0,0.0,0.0,0.0,0.0,29.69507746,0.0,0.0509119138,0.0,12.0,0.0,0.0
25208,0.0,0.0,0.0,0.0,0.0,0.0,0.0,128.0,60.0,0.0,0.0,0.0,0.0,60,48.0,0.0,83.0,68.0,162.0,53.0,23.0,0.0,14.0,0.0,0.0,0.74,0.0,1.0,0.0,0.0,0.0,0.0,0.0,0.0,0.0,0.0,59.0,12.0,0.0,0.0
25208,30.0,0.0,0.0,0.0,0.0,0.0,0.0,122.0,60.0,3.0,80.73944186,160.02,0.0,61,49.0,0.0,0.0,0.0,0.0,0.0,23.0,0.0,16.4,0.0,3.0,0.85,8.4,1.0,0.0,0.0,69.344,0.0,0.0,31.530961244,0.0,0.23987558899999997,51.0,12.0,0.0,0.0
