PtID,Pt_CGMUseNumDays,Pt_FatherT1D,Pt_MotherT1D,Pt_SiblingT1D,Pt_ChildT1D,Pt_GrandchildT1D,Pt_GrandparentT1D,BldPrSys,BldPrDia,SMBGperDayPtMeterCombo,WeightKg,HeightCm,DirectLDL,age,diabDur,TotalDailyInsPerKg,LDL,HDL,TotChol,Triglyc,BUN,AlbCreatRat_mggNew,UnitsInsBasalOrLongAct,BGTestAvgNumMeter,BGTestAvgNumPtRep,TSH,HbA1c,AutonomicNeuroCl,Pt_InsGov,NumPumpBolusOrShortAct,HbA1cImputeDtMnC,Pt_SHFlg,Pt_DKAFlg,bmi,bmiPerc,bmiZscore,GFR,diagAgeCombo,Pt_A1cGoalLev,Pt_A1cGoalLevelDsYr5
25290,0.0,0.0,0.0,0.0,0.0,0.0,0.0,114.0,71.0,2.0,68.0,172.5,0.0,17,2.0,0.4558823529,0.0,0.0,0.0,0.0,16.0,0.0,0.0,0.0,2.0,0.0,7.9,0.0,0.0,0.0,0.0,0.0,0.0,22.852341945,0.6984971484,0.5200830335000001,0.0,14.0,0.0,0.0
25290,0.0,0.0,0.0,0.0,0.0,0.0,0.0,123.0,77.0,4.0,72.6,173.0,0.0,19,4.0,1.0743801653,0.0,0.0,0.0,0.0,0.0,0.0,0.0,4.0,2.0,0.0,8.2,0.0,0.0,0.0,23.004,0.0,0.0,24.257409201999998,0.7043227001000001,0.5368740749,0.0,14.0,0.0,0.0
25290,0.0,0.0,0.0,0.0,0.0,0.0,0.0,0.0,0.0,2.0,0.0,0.0,0.0,20,5.0,0.0,0.0,0.0,0.0,0.0,0.0,4.0,24.0,2.0,0.0,0.0,7.5,0.0,0.0,0.0,36.913000000000004,0.0,0.0,0.0,0.0,0.0,0.0,14.0,0.0,0.0
25290,0.0,0.0,0.0,0.0,0.0,0.0,0.0,119.0,67.0,3.0,73.1,172.0,1.0,20,6.0,0.8891928865000001,128.0,0.0,0.0,0.0,0.0,4.0,24.0,3.0,0.0,1.61,8.1,0.0,0.0,4.0,42.025,0.0,0.0,24.709302326,0.6914288853,-0.372931006,0.0,14.0,0.0,0.0
