PtID,Pt_CGMUseNumDays,Pt_FatherT1D,Pt_MotherT1D,Pt_SiblingT1D,Pt_ChildT1D,Pt_GrandchildT1D,Pt_GrandparentT1D,BldPrSys,BldPrDia,SMBGperDayPtMeterCombo,WeightKg,HeightCm,DirectLDL,age,diabDur,TotalDailyInsPerKg,LDL,HDL,TotChol,Triglyc,BUN,AlbCreatRat_mggNew,UnitsInsBasalOrLongAct,BGTestAvgNumMeter,BGTestAvgNumPtRep,TSH,HbA1c,AutonomicNeuroCl,Pt_InsGov,NumPumpBolusOrShortAct,HbA1cImputeDtMnC,Pt_SHFlg,Pt_DKAFlg,bmi,bmiPerc,bmiZscore,GFR,diagAgeCombo,Pt_A1cGoalLev,Pt_A1cGoalLevelDsYr5
25302,28.0,0.0,0.0,0.0,0.0,0.0,0.0,108.0,67.0,3.0,0.0,0.0,0.0,46,25.0,0.0,110.0,61.0,177.0,30.0,19.0,1.4,0.0,3.0,2.0,0.0,7.5,0.0,0.0,0.0,0.299,0.0,0.0,0.0,0.0,0.0,0.0,21.0,0.0,0.0
25302,0.0,0.0,0.0,0.0,0.0,0.0,0.0,114.0,60.0,4.0,0.0,0.0,0.0,48,27.0,0.0,86.0,55.0,0.0,32.0,9.0,2.5,32.0,4.0,0.0,0.0,6.7,0.0,0.0,0.0,18.357,0.0,0.0,0.0,0.0,0.0,0.0,21.0,0.0,0.0
25302,0.0,0.0,0.0,0.0,0.0,0.0,0.0,122.0,70.0,4.0,0.0,0.0,0.0,48,27.0,0.0,0.0,0.0,0.0,0.0,0.0,2.5,32.0,4.0,0.0,0.0,6.4,0.0,0.0,3.0,25.494,0.0,0.0,0.0,0.0,0.0,0.0,21.0,0.0,0.0
25302,0.0,0.0,0.0,0.0,0.0,0.0,0.0,126.0,75.0,4.0,88.90410452,193.0,0.0,50,29.0,0.7761171475,109.0,56.0,0.0,52.0,15.0,4.1,24.0,4.0,0.0,0.0,6.7,0.0,0.0,3.0,42.357,0.0,0.0,23.867514435,0.0,-0.639610595,0.0,21.0,0.0,0.0
25302,0.0,0.0,0.0,0.0,0.0,0.0,0.0,126.0,62.0,3.0,92.07925111,193.04,0.0,51,30.0,0.0,87.0,57.0,154.0,50.0,15.0,5.0,32.0,3.0,0.0,0.0,7.4,0.0,0.0,3.0,53.909,0.0,0.0,24.709682248000004,0.0,-0.52814426,0.0,21.0,0.0,0.0
25302,0.0,0.0,0.0,0.0,0.0,0.0,0.0,125.0,68.0,4.0,0.0,0.0,0.0,52,31.0,0.0,0.0,0.0,146.0,0.0,18.0,7.9,34.0,4.0,0.0,0.96,7.3,0.0,0.0,0.0,71.17,0.0,0.0,0.0,0.0,0.0,0.0,21.0,0.0,0.0
