PtID,Pt_CGMUseNumDays,Pt_FatherT1D,Pt_MotherT1D,Pt_SiblingT1D,Pt_ChildT1D,Pt_GrandchildT1D,Pt_GrandparentT1D,BldPrSys,BldPrDia,SMBGperDayPtMeterCombo,WeightKg,HeightCm,DirectLDL,age,diabDur,TotalDailyInsPerKg,LDL,HDL,TotChol,Triglyc,BUN,AlbCreatRat_mggNew,UnitsInsBasalOrLongAct,BGTestAvgNumMeter,BGTestAvgNumPtRep,TSH,HbA1c,AutonomicNeuroCl,Pt_InsGov,NumPumpBolusOrShortAct,HbA1cImputeDtMnC,Pt_SHFlg,Pt_DKAFlg,bmi,bmiPerc,bmiZscore,GFR,diagAgeCombo,Pt_A1cGoalLev,Pt_A1cGoalLevelDsYr5
25317,0.0,0.0,0.0,0.0,0.0,0.0,0.0,123.0,83.0,6.0,93.031795087,171.958,0.0,27,9.0,0.21498026539999998,68.0,65.0,157.0,122.0,16.0,30.9,0.0,0.0,6.0,0.0,6.8,0.0,0.0,0.0,0.0,0.0,0.0,31.462021994,0.0,0.6286189168999999,0.0,17.0,0.0,0.0
25317,0.0,0.0,0.0,0.0,0.0,0.0,0.0,120.0,88.0,0.0,92.0,172.0,0.0,28,10.0,0.0,0.0,0.0,0.0,0.0,0.0,0.0,0.0,0.0,0.0,0.0,6.7,0.0,0.0,0.0,13.411,0.0,0.0,31.097890751999998,0.0,0.5795200951,0.0,17.0,0.0,0.0
25317,0.0,0.0,0.0,0.0,0.0,0.0,0.0,118.0,78.0,1.0,95.5,172.0,0.0,29,12.0,0.7120418848000001,78.0,41.0,184.0,324.0,14.0,0.0,32.0,1.0,0.0,1.12,9.3,0.0,0.0,3.0,34.855,0.0,0.0,32.280962683,0.0,0.7390434514,111.0,17.0,0.0,0.0
25317,0.0,0.0,0.0,0.0,0.0,0.0,0.0,123.0,88.0,1.0,98.5,172.0,0.0,31,14.0,0.6497461929,108.0,50.0,177.0,97.0,14.0,6.0,28.0,1.0,0.0,1.03,7.7,0.0,0.0,3.0,54.739,0.0,0.0,33.295024337,0.0,0.6188020688,103.0,17.0,0.0,0.0
25317,0.0,0.0,0.0,0.0,0.0,0.0,0.0,130.0,82.0,2.0,100.0,172.0,1.0,33,15.0,0.53,124.0,50.0,182.0,92.0,17.0,6.0,25.0,2.0,4.0,0.0,7.8,0.0,1.0,0.0,74.324,0.0,0.0,33.802055165,0.0,0.6769578259000001,101.0,17.0,0.0,0.0
25317,0.0,0.0,0.0,0.0,0.0,0.0,0.0,0.0,0.0,0.0,97.0,170.18,1.0,34,16.0,2.0618556701,81.0,52.0,142.0,126.0,18.0,6.0,100.0,0.0,0.0,0.0,0.0,0.0,0.0,3.0,0.0,0.0,0.0,33.493049833,0.0,0.641515328,93.0,17.0,0.0,0.0
