PtID,Pt_CGMUseNumDays,Pt_FatherT1D,Pt_MotherT1D,Pt_SiblingT1D,Pt_ChildT1D,Pt_GrandchildT1D,Pt_GrandparentT1D,BldPrSys,BldPrDia,SMBGperDayPtMeterCombo,WeightKg,HeightCm,DirectLDL,age,diabDur,TotalDailyInsPerKg,LDL,HDL,TotChol,Triglyc,BUN,AlbCreatRat_mggNew,UnitsInsBasalOrLongAct,BGTestAvgNumMeter,BGTestAvgNumPtRep,TSH,HbA1c,AutonomicNeuroCl,Pt_InsGov,NumPumpBolusOrShortAct,HbA1cImputeDtMnC,Pt_SHFlg,Pt_DKAFlg,bmi,bmiPerc,bmiZscore,GFR,diagAgeCombo,Pt_A1cGoalLev,Pt_A1cGoalLevelDsYr5
25387,0.0,0.0,0.0,0.0,0.0,0.0,0.0,115.0,55.0,6.0,40.4,133.7,0.0,9,2.0,0.495049505,0.0,0.0,0.0,0.0,7.0,0.0,0.0,0.0,6.0,0.0,8.5,0.0,1.0,0.0,0.0,0.0,0.0,22.600526189,0.9629568293999999,1.7860797824,0.0,7.0,0.0,0.0
25387,0.0,0.0,0.0,0.0,0.0,0.0,0.0,116.0,64.0,3.0,51.8,147.0,0.0,11,4.0,0.8301158301,0.0,43.0,138.0,92.0,13.0,0.0,0.0,3.0,6.0,0.0,9.1,0.0,1.0,0.0,23.734,0.0,0.0,23.971493359,0.9480770513,1.6264879374,0.0,7.0,7.0,0.0
25387,0.0,0.0,0.0,0.0,0.0,0.0,0.0,118.0,62.0,0.0,61.2,153.8,0.0,12,5.0,0.9803921568999999,0.0,41.0,120.0,0.0,0.0,0.0,35.0,0.0,0.0,0.7709999999999999,8.6,0.0,0.0,0.0,39.934,0.0,0.0,25.872521184,0.9584660468999999,1.7331562191,0.0,7.0,0.0,0.0
25387,0.0,0.0,0.0,0.0,0.0,0.0,0.0,128.0,63.0,3.0,74.0,157.2,0.0,13,6.0,1.2972972973,0.0,0.0,0.0,0.0,24.0,10.9,36.0,0.0,3.0,0.769,7.1,0.0,0.0,0.0,53.743,0.0,0.0,29.945159891,0.9794020529999999,2.0415529754,0.0,7.0,0.0,0.0
25387,0.0,0.0,0.0,0.0,0.0,0.0,0.0,122.0,68.0,4.0,75.4,157.4,0.0,14,7.0,1.0477453581,0.0,0.0,123.0,0.0,0.0,19.0,37.0,4.0,0.0,0.8420000000000001,7.4,0.0,0.0,0.0,64.432,0.0,0.0,30.434199968,0.9762498306,1.9818115269,0.0,7.0,0.0,0.0
25387,0.0,0.0,0.0,0.0,0.0,0.0,0.0,116.0,54.0,4.0,78.8,157.6,0.0,15,8.0,0.9010152284,0.0,0.0,0.0,0.0,0.0,0.0,37.0,4.0,6.0,0.0,7.4,0.0,1.0,0.0,70.473,0.0,0.0,31.725888325,0.977290337,2.0007501131,0.0,7.0,0.0,0.0
25387,0.0,0.0,0.0,0.0,0.0,0.0,0.0,122.0,61.0,5.0,79.4,157.7,0.0,16,8.0,0.9508816120999999,0.0,0.0,146.0,0.0,0.0,0.0,40.0,5.0,0.0,0.594,8.3,0.0,0.0,0.0,81.39399999999999,0.0,0.0,31.926926744,0.9735948201000001,1.9364683943,0.0,7.0,0.0,0.0
