PtID,Pt_CGMUseNumDays,Pt_FatherT1D,Pt_MotherT1D,Pt_SiblingT1D,Pt_ChildT1D,Pt_GrandchildT1D,Pt_GrandparentT1D,BldPrSys,BldPrDia,SMBGperDayPtMeterCombo,WeightKg,HeightCm,DirectLDL,age,diabDur,TotalDailyInsPerKg,LDL,HDL,TotChol,Triglyc,BUN,AlbCreatRat_mggNew,UnitsInsBasalOrLongAct,BGTestAvgNumMeter,BGTestAvgNumPtRep,TSH,HbA1c,AutonomicNeuroCl,Pt_InsGov,NumPumpBolusOrShortAct,HbA1cImputeDtMnC,Pt_SHFlg,Pt_DKAFlg,bmi,bmiPerc,bmiZscore,GFR,diagAgeCombo,Pt_A1cGoalLev,Pt_A1cGoalLevelDsYr5
25405,0.0,1.0,0.0,0.0,0.0,0.0,0.0,111.0,70.0,5.0,35.7,142.3,0.0,10,9.0,0.6442577031000001,54.0,44.0,123.0,128.0,9.0,5.0,0.0,5.0,6.0,0.0,8.3,0.0,0.0,6.0,0.0,0.0,0.0,17.630247777,0.6255164447,0.3200016093,0.0,0.0,0.0,0.0
25405,0.0,0.0,0.0,0.0,0.0,0.0,0.0,108.0,72.0,5.0,42.410886595,153.162,0.0,12,11.0,0.0,0.0,0.0,0.0,0.0,0.0,8.0,0.0,5.0,0.0,0.0,7.1,0.0,0.0,5.0,24.432,0.0,0.0,18.079037014,0.5006106248,0.0015306099,0.0,0.0,0.0,0.0
25405,0.0,0.0,0.0,0.0,0.0,0.0,0.0,110.0,60.0,5.0,55.610424562,163.06799999999998,0.0,14,13.0,0.9710409591,71.0,53.0,158.0,169.0,0.0,5.0,25.0,5.0,0.0,5.319,9.0,0.0,0.0,5.0,47.934,0.0,0.0,20.913114795,0.6853452406,0.4826989359,0.0,0.0,0.0,0.0
25405,0.0,0.0,0.0,0.0,0.0,0.0,0.0,114.0,74.0,3.0,65.0,167.0,0.0,15,14.0,1.0153846154000001,74.0,69.0,159.0,81.0,0.0,5.0,37.0,3.0,0.0,2.451,8.1,0.0,0.0,5.0,58.191,0.0,0.0,23.306680053,0.814854585,0.8959287276000001,0.0,0.0,0.0,0.0
25405,30.0,0.0,0.0,0.0,0.0,0.0,0.0,120.0,78.0,2.0,72.8,169.9,0.0,16,15.0,1.1950549451,93.0,49.0,159.0,84.0,0.0,5.0,39.0,2.0,4.0,3.5839999999999996,9.1,0.0,0.0,3.0,74.689,0.0,0.0,25.219973249000002,0.8726401867,1.1389605072,0.0,0.0,0.0,0.0
