PtID,Pt_CGMUseNumDays,Pt_FatherT1D,Pt_MotherT1D,Pt_SiblingT1D,Pt_ChildT1D,Pt_GrandchildT1D,Pt_GrandparentT1D,BldPrSys,BldPrDia,SMBGperDayPtMeterCombo,WeightKg,HeightCm,DirectLDL,age,diabDur,TotalDailyInsPerKg,LDL,HDL,TotChol,Triglyc,BUN,AlbCreatRat_mggNew,UnitsInsBasalOrLongAct,BGTestAvgNumMeter,BGTestAvgNumPtRep,TSH,HbA1c,AutonomicNeuroCl,Pt_InsGov,NumPumpBolusOrShortAct,HbA1cImputeDtMnC,Pt_SHFlg,Pt_DKAFlg,bmi,bmiPerc,bmiZscore,GFR,diagAgeCombo,Pt_A1cGoalLev,Pt_A1cGoalLevelDsYr5
25452,0.0,0.0,0.0,0.0,0.0,0.0,0.0,124.0,72.0,7.0,0.0,0.0,0.0,19,1.0,0.0,90.0,0.0,0.0,0.0,11.0,5.4,0.0,0.0,7.0,0.0,7.7,0.0,0.0,0.0,-3.32,0.0,0.0,0.0,0.0,0.0,0.0,17.0,0.0,0.0
25452,0.0,0.0,0.0,0.0,0.0,0.0,0.0,125.0,71.0,10.0,0.0,0.0,1.0,19,2.0,0.0,90.0,0.0,0.0,0.0,0.0,0.0,0.0,0.0,10.0,0.0,7.1,0.0,0.0,0.0,10.29,0.0,0.0,0.0,0.0,0.0,0.0,17.0,5.0,0.0
25452,0.0,0.0,0.0,0.0,0.0,0.0,0.0,110.0,67.0,7.0,85.0,175.26,0.0,21,4.0,0.8470588235,75.0,46.0,134.0,67.0,0.0,3.8,36.0,0.0,7.0,1.18,6.2,0.0,0.0,36.0,33.494,0.0,0.0,27.67281317,0.0,0.2116072282,0.0,17.0,0.0,0.0
25452,0.0,0.0,0.0,0.0,0.0,0.0,0.0,126.0,69.0,5.0,90.26488163,177.8,0.0,22,4.0,0.6868673495000001,93.0,54.0,0.0,76.0,15.0,0.0,0.0,0.0,5.0,1.72,6.5,0.0,0.0,0.0,42.821999999999996,0.0,0.0,28.553233949000003,0.0,0.3852659843,0.0,17.0,0.0,0.0
25452,0.0,0.0,0.0,0.0,0.0,0.0,0.0,135.0,74.0,7.0,0.0,0.0,0.0,23,5.0,0.0,0.0,0.0,0.0,0.0,0.0,0.0,0.0,0.0,7.0,0.0,6.4,0.0,0.0,0.0,52.315,0.0,0.0,0.0,0.0,0.0,0.0,17.0,0.0,0.0
25452,0.0,0.0,0.0,0.0,0.0,0.0,0.0,129.0,75.0,7.0,89.35769689,177.8,0.0,24,6.0,0.7386045332,0.0,0.0,0.0,0.0,0.0,0.0,0.0,0.0,7.0,0.0,6.9,0.0,0.0,0.0,62.108000000000004,0.0,0.0,28.266266773,0.0,0.3286630918,0.0,17.0,0.0,0.0
25452,0.0,0.0,0.0,0.0,0.0,0.0,0.0,116.0,69.0,8.0,87.08973504,175.26,0.0,24,7.0,0.6200501124000001,0.0,0.0,0.0,0.0,0.0,0.0,0.0,0.0,8.0,0.0,0.0,0.0,0.0,0.0,0.0,0.0,0.0,28.35315255,0.0,0.34580089259999996,0.0,17.0,0.0,0.0
25452,0.0,0.0,0.0,0.0,0.0,0.0,0.0,127.0,73.0,8.0,80.73944186,177.8,1.0,25,8.0,0.0,70.0,0.0,0.0,0.0,23.0,0.0,22.0,0.0,8.0,1.36,6.8,0.0,0.0,0.0,81.82600000000001,0.0,0.0,25.540078606999998,0.0,-0.209064387,0.0,17.0,0.0,0.0
