PtID,Pt_CGMUseNumDays,Pt_FatherT1D,Pt_MotherT1D,Pt_SiblingT1D,Pt_ChildT1D,Pt_GrandchildT1D,Pt_GrandparentT1D,BldPrSys,BldPrDia,SMBGperDayPtMeterCombo,WeightKg,HeightCm,DirectLDL,age,diabDur,TotalDailyInsPerKg,LDL,HDL,TotChol,Triglyc,BUN,AlbCreatRat_mggNew,UnitsInsBasalOrLongAct,BGTestAvgNumMeter,BGTestAvgNumPtRep,TSH,HbA1c,AutonomicNeuroCl,Pt_InsGov,NumPumpBolusOrShortAct,HbA1cImputeDtMnC,Pt_SHFlg,Pt_DKAFlg,bmi,bmiPerc,bmiZscore,GFR,diagAgeCombo,Pt_A1cGoalLev,Pt_A1cGoalLevelDsYr5
25470,26.0,0.0,0.0,0.0,0.0,0.0,0.0,138.0,64.0,15.0,94.7,185.4,0.0,60,53.0,0.8025343189,62.0,40.0,0.0,109.0,26.0,19.0,0.0,0.0,15.0,0.0,7.9,1.0,1.0,5.0,0.0,0.0,0.0,27.550565616,0.0,-0.257233518,0.0,7.0,0.0,0.0
25470,26.0,0.0,0.0,0.0,0.0,0.0,0.0,100.0,60.0,16.0,90.2,182.9,0.0,61,54.0,0.7982261640999999,78.0,0.0,126.0,76.0,41.0,12.0,0.0,0.0,16.0,0.0,7.8,1.0,1.0,0.0,15.104000000000001,1.0,0.0,26.963677654,0.0,-0.369107987,0.0,7.0,7.0,0.0
25470,0.0,0.0,0.0,0.0,0.0,0.0,0.0,140.0,76.0,0.0,91.8,185.4,0.0,62,55.0,0.6427015251,109.0,36.0,0.0,98.0,66.0,25.0,26.0,0.0,0.0,0.0,7.2,1.0,0.0,10.0,30.44,0.0,0.0,26.706884092,0.0,-0.41805880100000004,27.0,7.0,0.0,0.0
25470,0.0,0.0,0.0,0.0,0.0,0.0,0.0,126.0,66.0,6.0,0.0,0.0,0.0,63,56.0,0.0,48.0,52.0,0.0,50.0,58.0,31.0,28.0,6.0,0.0,1.66,6.8,1.0,0.0,0.0,42.123999999999995,0.0,0.0,0.0,0.0,0.0,31.0,7.0,0.0,0.0
25470,0.0,0.0,0.0,0.0,0.0,0.0,0.0,130.0,58.0,12.0,92.0,185.4,0.0,64,57.0,0.6086956522,33.0,42.0,0.0,197.0,68.0,26.0,27.0,12.0,0.0,2.18,6.9,1.0,0.0,0.0,51.086999999999996,0.0,0.0,26.765069025,0.0,-0.40696740200000003,27.0,7.0,0.0,0.0
25470,19.0,0.0,0.0,0.0,0.0,0.0,0.0,125.0,54.0,2.0,0.0,0.0,0.0,66,59.0,0.0,59.0,51.0,0.0,60.0,65.0,65.0,25.0,2.0,19.0,1.94,7.4,1.0,1.0,0.0,70.87100000000001,0.0,0.0,0.0,0.0,0.0,27.0,7.0,0.0,0.0
