PtID,Pt_CGMUseNumDays,Pt_FatherT1D,Pt_MotherT1D,Pt_SiblingT1D,Pt_ChildT1D,Pt_GrandchildT1D,Pt_GrandparentT1D,BldPrSys,BldPrDia,SMBGperDayPtMeterCombo,WeightKg,HeightCm,DirectLDL,age,diabDur,TotalDailyInsPerKg,LDL,HDL,TotChol,Triglyc,BUN,AlbCreatRat_mggNew,UnitsInsBasalOrLongAct,BGTestAvgNumMeter,BGTestAvgNumPtRep,TSH,HbA1c,AutonomicNeuroCl,Pt_InsGov,NumPumpBolusOrShortAct,HbA1cImputeDtMnC,Pt_SHFlg,Pt_DKAFlg,bmi,bmiPerc,bmiZscore,GFR,diagAgeCombo,Pt_A1cGoalLev,Pt_A1cGoalLevelDsYr5
25497,0.0,0.0,1.0,0.0,0.0,0.0,0.0,120.0,70.0,6.0,67.58526313,157.48,0.0,76,11.0,0.4882721243,79.0,63.0,0.0,106.0,22.0,4.0,0.0,6.0,6.0,0.0,6.1,0.0,1.0,6.0,-0.465,0.0,0.0,27.252176734000003,0.0,-0.118946604,0.0,65.0,0.0,0.0
25497,0.0,0.0,1.0,0.0,0.0,0.0,0.0,0.0,0.0,6.0,62.59574706,157.48,0.0,77,12.0,0.3195105249,97.0,63.0,0.0,152.0,24.0,7.0,0.0,6.0,6.0,0.0,6.6,0.0,1.0,0.0,11.552,0.0,0.0,25.240271069000002,0.0,-0.438954494,0.0,65.0,6.5,0.0
25497,0.0,0.0,0.0,0.0,0.0,0.0,0.0,120.0,80.0,6.0,64.86370891,157.48,0.0,78,13.0,0.5858437736,0.0,0.0,0.0,0.0,19.0,0.0,12.0,6.0,4.0,0.0,5.9,0.0,0.0,4.0,27.816999999999997,0.0,0.0,26.154773644000002,0.0,-0.293496362,0.0,65.0,0.0,0.0
25497,0.0,0.0,0.0,0.0,0.0,0.0,0.0,0.0,0.0,6.0,61.23496995,154.94,0.0,79,14.0,0.5062466761,0.0,0.0,0.0,0.0,0.0,0.0,10.0,6.0,0.0,0.0,6.2,0.0,0.0,4.0,38.971,0.0,0.0,25.507764916,0.0,-0.396407697,0.0,65.0,0.0,0.0
25497,0.0,0.0,0.0,0.0,0.0,0.0,0.0,120.0,85.0,6.0,59.647396655,154.94,0.0,80,15.0,0.43589496710000003,0.0,0.0,0.0,0.0,0.0,0.0,9.0,6.0,0.0,0.0,7.1,0.0,0.0,17.0,48.73,0.0,0.0,24.846452491999997,0.0,-0.144419449,0.0,65.0,0.0,0.0
