PtID,Pt_CGMUseNumDays,Pt_FatherT1D,Pt_MotherT1D,Pt_SiblingT1D,Pt_ChildT1D,Pt_GrandchildT1D,Pt_GrandparentT1D,BldPrSys,BldPrDia,SMBGperDayPtMeterCombo,WeightKg,HeightCm,DirectLDL,age,diabDur,TotalDailyInsPerKg,LDL,HDL,TotChol,Triglyc,BUN,AlbCreatRat_mggNew,UnitsInsBasalOrLongAct,BGTestAvgNumMeter,BGTestAvgNumPtRep,TSH,HbA1c,AutonomicNeuroCl,Pt_InsGov,NumPumpBolusOrShortAct,HbA1cImputeDtMnC,Pt_SHFlg,Pt_DKAFlg,bmi,bmiPerc,bmiZscore,GFR,diagAgeCombo,Pt_A1cGoalLev,Pt_A1cGoalLevelDsYr5
25495,0.0,0.0,0.0,0.0,0.0,0.0,1.0,116.0,78.0,3.0,77.1,171.7,0.0,14,7.0,0.0,0.0,0.0,0.0,0.0,8.0,9.7,0.0,3.0,5.0,0.0,9.6,0.0,1.0,0.0,0.0,0.0,0.0,26.152534744,0.9338633623999999,1.5051976266,0.0,7.0,0.0,0.0
25495,0.0,0.0,0.0,0.0,0.0,0.0,1.0,102.0,72.0,2.0,76.6,171.9,0.0,15,8.0,1.0574412533,0.0,0.0,0.0,0.0,8.0,0.0,0.0,2.0,3.0,0.0,9.3,0.0,1.0,0.0,9.759,0.0,0.0,25.922507945,0.9126337231,1.3571531488,0.0,7.0,7.0,0.0
25495,0.0,0.0,0.0,0.0,0.0,0.0,0.0,100.0,71.0,2.0,82.0,173.3,0.0,16,9.0,1.6585365853999998,39.0,58.0,109.0,62.0,7.0,74.0,78.0,2.0,0.0,0.048,9.0,0.0,0.0,3.0,22.938000000000002,0.0,0.0,27.303399706,0.9268619590999999,1.4528115584999999,0.0,7.0,0.0,0.0
25495,0.0,0.0,0.0,0.0,0.0,0.0,0.0,107.0,78.0,1.0,91.6,172.5,0.0,17,10.0,0.7969432314,87.0,54.0,159.0,89.0,12.0,5.0,73.0,1.0,0.0,46.02,10.0,0.0,0.0,0.0,32.696999999999996,0.0,0.0,30.783448855,0.9609618746999999,1.7619588477,0.0,7.0,0.0,0.0
25495,0.0,0.0,0.0,0.0,0.0,0.0,0.0,107.0,77.0,3.0,80.0,172.8,0.0,18,10.0,1.175,0.0,0.0,0.0,0.0,7.0,5.0,43.0,3.0,3.0,0.0,8.6,0.0,0.0,3.0,43.485,0.0,0.0,26.791838134000002,0.8883136894,1.2176089251,149.0,7.0,0.0,0.0
25495,24.0,0.0,0.0,0.0,0.0,0.0,0.0,108.0,74.0,2.0,84.41354005699999,172.97400000000002,0.0,19,12.0,0.9678542084999999,0.0,0.0,0.0,0.0,8.0,6.0,45.1,2.0,4.0,0.04,0.0,0.0,0.0,3.0,0.0,0.0,1.0,28.213077160999998,0.9104940781,1.3438037897,124.0,7.0,0.0,0.0
