PtID,Pt_CGMUseNumDays,Pt_FatherT1D,Pt_MotherT1D,Pt_SiblingT1D,Pt_ChildT1D,Pt_GrandchildT1D,Pt_GrandparentT1D,BldPrSys,BldPrDia,SMBGperDayPtMeterCombo,WeightKg,HeightCm,DirectLDL,age,diabDur,TotalDailyInsPerKg,LDL,HDL,TotChol,Triglyc,BUN,AlbCreatRat_mggNew,UnitsInsBasalOrLongAct,BGTestAvgNumMeter,BGTestAvgNumPtRep,TSH,HbA1c,AutonomicNeuroCl,Pt_InsGov,NumPumpBolusOrShortAct,HbA1cImputeDtMnC,Pt_SHFlg,Pt_DKAFlg,bmi,bmiPerc,bmiZscore,GFR,diagAgeCombo,Pt_A1cGoalLev,Pt_A1cGoalLevelDsYr5
25496,0.0,0.0,0.0,0.0,0.0,0.0,0.0,123.0,67.0,5.0,36.8,147.5,0.0,13,11.0,0.8967391304000001,113.0,77.0,216.0,128.0,0.0,29.5,0.0,0.0,5.0,0.0,12.5,0.0,0.0,0.0,0.0,0.0,0.0,16.91467969,0.2295567541,-0.7403073729999999,0.0,2.0,0.0,0.0
25496,0.0,0.0,0.0,0.0,0.0,0.0,0.0,125.0,68.0,5.0,43.3,154.3,0.0,15,12.0,1.0623556582,0.0,0.0,0.0,0.0,0.0,30.0,0.0,0.0,5.0,0.0,12.8,0.0,1.0,0.0,13.477,0.0,0.0,18.18678967,0.2549204652,-0.6590854,0.0,2.0,8.0,0.0
25496,0.0,0.0,0.0,0.0,0.0,0.0,0.0,127.0,74.0,3.0,50.5,159.8,0.0,16,13.0,0.9108910890999999,0.0,0.0,0.0,0.0,0.0,47.5,28.0,3.0,3.0,3.73,10.3,0.0,0.0,18.0,26.589000000000002,0.0,0.0,19.775971529,0.4102967068,-0.22678180399999998,0.0,2.0,0.0,0.0
25496,0.0,0.0,0.0,0.0,0.0,0.0,0.0,122.0,74.0,3.0,53.3,159.3,0.0,16,14.0,0.95684803,103.0,61.0,179.0,76.0,0.0,26.5,29.0,3.0,4.0,2.73,10.8,0.0,0.0,3.0,35.187,0.0,0.0,21.003692788,0.5712261994,0.17949683649999998,0.0,2.0,0.0,0.0
25496,0.0,0.0,0.0,0.0,0.0,0.0,0.0,138.0,79.0,4.0,55.4,160.0,0.0,17,15.0,0.9386281588,0.0,0.0,0.0,0.0,0.0,5.8,34.0,4.0,4.0,0.0,11.1,0.0,0.0,2.0,45.876000000000005,0.0,0.0,21.640625,0.5910657009,0.23028721030000002,0.0,2.0,0.0,0.0
25496,0.0,0.0,0.0,0.0,0.0,0.0,0.0,80.0,60.0,2.0,59.0,154.2,0.0,19,16.0,0.8474576270999999,0.0,0.0,0.0,0.0,0.0,34.6,6.0,2.0,2.0,2.11,11.0,0.0,1.0,6.0,66.058,0.0,0.0,24.81322789,0.7908329842,0.8093149107,0.0,2.0,0.0,0.0
25496,0.0,0.0,0.0,0.0,0.0,0.0,0.0,137.0,82.0,14.0,60.2,161.3,0.0,20,17.0,0.853820598,0.0,0.0,0.0,0.0,10.0,34.6,32.2,14.0,13.0,2.45,8.2,0.0,0.0,0.0,78.17399999999999,0.0,0.0,23.138103344,0.6506158766,-0.49376376,80.0,2.0,0.0,0.0
