PtID,Pt_CGMUseNumDays,Pt_FatherT1D,Pt_MotherT1D,Pt_SiblingT1D,Pt_ChildT1D,Pt_GrandchildT1D,Pt_GrandparentT1D,BldPrSys,BldPrDia,SMBGperDayPtMeterCombo,WeightKg,HeightCm,DirectLDL,age,diabDur,TotalDailyInsPerKg,LDL,HDL,TotChol,Triglyc,BUN,AlbCreatRat_mggNew,UnitsInsBasalOrLongAct,BGTestAvgNumMeter,BGTestAvgNumPtRep,TSH,HbA1c,AutonomicNeuroCl,Pt_InsGov,NumPumpBolusOrShortAct,HbA1cImputeDtMnC,Pt_SHFlg,Pt_DKAFlg,bmi,bmiPerc,bmiZscore,GFR,diagAgeCombo,Pt_A1cGoalLev,Pt_A1cGoalLevelDsYr5
25518,0.0,0.0,0.0,0.0,0.0,0.0,0.0,104.0,55.0,5.0,46.5,161.8,0.0,13,4.0,1.1397849462,53.0,42.0,0.0,196.0,12.0,5.0,0.0,0.0,5.0,0.0,8.3,0.0,0.0,0.0,-0.066,0.0,0.0,17.762165747,0.3581817271,-0.363323214,0.0,8.0,0.0,0.0
25518,0.0,0.0,0.0,0.0,0.0,0.0,1.0,119.0,71.0,6.0,51.3,166.6,0.0,14,5.0,0.8966861598,0.0,0.0,121.0,0.0,12.0,0.0,0.0,0.0,6.0,0.0,7.7,0.0,1.0,0.0,11.020999999999999,0.0,0.0,18.482783269000002,0.3787071181,-0.308878127,0.0,8.0,7.0,0.0
25518,0.0,0.0,0.0,0.0,0.0,0.0,0.0,112.0,67.0,0.0,54.9,166.9,0.0,15,6.0,0.5100182149,61.0,35.0,0.0,376.0,15.0,7.0,0.0,0.0,0.0,1.33,9.2,0.0,0.0,0.0,23.17,0.0,0.0,19.708776796,0.47317389990000003,-0.06729381599999999,0.0,8.0,0.0,0.0
25518,0.0,0.0,0.0,0.0,0.0,0.0,0.0,124.0,75.0,4.0,56.4,167.1,0.0,16,7.0,0.0,89.0,51.0,0.0,164.0,14.0,29.9,30.0,0.0,4.0,1.69,8.5,0.0,0.0,0.0,36.315,0.0,0.0,20.198829542000002,0.4688597486,-0.07813647,0.0,8.0,0.0,0.0
25518,0.0,0.0,0.0,0.0,0.0,0.0,0.0,129.0,57.0,4.0,56.7,167.9,0.0,17,8.0,0.0,54.0,46.0,122.0,111.0,15.0,29.9,30.0,0.0,4.0,1.04,8.3,0.0,0.0,0.0,50.888000000000005,0.0,0.0,20.113222901,0.3947632742,-0.266925466,0.0,8.0,0.0,0.0
