PtID,Pt_CGMUseNumDays,Pt_FatherT1D,Pt_MotherT1D,Pt_SiblingT1D,Pt_ChildT1D,Pt_GrandchildT1D,Pt_GrandparentT1D,BldPrSys,BldPrDia,SMBGperDayPtMeterCombo,WeightKg,HeightCm,DirectLDL,age,diabDur,TotalDailyInsPerKg,LDL,HDL,TotChol,Triglyc,BUN,AlbCreatRat_mggNew,UnitsInsBasalOrLongAct,BGTestAvgNumMeter,BGTestAvgNumPtRep,TSH,HbA1c,AutonomicNeuroCl,Pt_InsGov,NumPumpBolusOrShortAct,HbA1cImputeDtMnC,Pt_SHFlg,Pt_DKAFlg,bmi,bmiPerc,bmiZscore,GFR,diagAgeCombo,Pt_A1cGoalLev,Pt_A1cGoalLevelDsYr5
25555,0.0,0.0,0.0,0.0,0.0,0.0,0.0,126.0,69.0,5.0,61.053533001999995,167.64,0.0,15,6.0,1.1956720014,79.0,63.0,150.0,40.0,0.0,9.9,0.0,0.0,5.0,0.0,8.6,0.0,0.0,0.0,0.465,0.0,0.0,21.72478545,0.7304111267,0.6140568714,0.0,9.0,0.0,0.0
25555,0.0,0.0,0.0,0.0,0.0,0.0,0.0,119.0,78.0,4.0,63.321494852,170.18,0.0,16,7.0,1.3107713295999999,0.0,0.0,0.0,0.0,0.0,0.0,0.0,4.0,4.0,0.0,10.6,0.0,0.0,0.0,12.78,0.0,0.0,21.864226625,0.6702279403,0.4405426636,0.0,9.0,7.0,0.0
25555,0.0,0.0,0.0,0.0,0.0,0.0,0.0,108.0,70.0,3.0,67.0,170.43400000000003,1.0,17,8.0,0.0,75.0,0.0,0.0,0.0,0.0,0.0,45.0,3.0,0.0,1.54,9.8,0.0,0.0,0.0,24.664,0.0,0.0,23.065471092,0.7189943901000001,0.579856756,0.0,9.0,0.0,0.0
25555,0.0,0.0,0.0,0.0,0.0,0.0,0.0,120.0,72.0,2.0,65.77089365,170.18,0.0,18,8.0,0.0,0.0,0.0,0.0,0.0,0.0,0.0,45.0,2.0,2.0,0.0,11.1,0.0,0.0,0.0,32.531,0.0,0.0,22.709977510999998,0.6084174639,0.275196765,0.0,9.0,0.0,0.0
