PtID,Pt_CGMUseNumDays,Pt_FatherT1D,Pt_MotherT1D,Pt_SiblingT1D,Pt_ChildT1D,Pt_GrandchildT1D,Pt_GrandparentT1D,BldPrSys,BldPrDia,SMBGperDayPtMeterCombo,WeightKg,HeightCm,DirectLDL,age,diabDur,TotalDailyInsPerKg,LDL,HDL,TotChol,Triglyc,BUN,AlbCreatRat_mggNew,UnitsInsBasalOrLongAct,BGTestAvgNumMeter,BGTestAvgNumPtRep,TSH,HbA1c,AutonomicNeuroCl,Pt_InsGov,NumPumpBolusOrShortAct,HbA1cImputeDtMnC,Pt_SHFlg,Pt_DKAFlg,bmi,bmiPerc,bmiZscore,GFR,diagAgeCombo,Pt_A1cGoalLev,Pt_A1cGoalLevelDsYr5
25590,0.0,0.0,0.0,0.0,0.0,0.0,1.0,107.0,65.0,3.0,60.690659106000005,174.498,0.0,15,4.0,0.0,0.0,63.0,141.0,0.0,0.0,4.0,0.0,3.0,5.0,0.0,8.6,0.0,0.0,0.0,0.0,0.0,0.0,19.931544181,0.5152298278,0.038184794300000005,0.0,11.0,0.0,0.0
25590,0.0,0.0,0.0,0.0,0.0,0.0,0.0,113.0,74.0,3.0,64.0,175.0,0.0,16,5.0,0.578125,0.0,0.0,0.0,0.0,0.0,49.1,17.0,3.0,0.0,0.0,8.4,0.0,0.0,3.0,12.78,0.0,0.0,20.897959184,0.5518841501,0.13042308960000001,0.0,11.0,0.0,0.0
25590,0.0,0.0,0.0,0.0,0.0,0.0,0.0,110.0,69.0,0.0,69.0,175.0,0.0,18,6.0,0.5797101449000001,0.0,0.0,0.0,0.0,0.0,49.1,18.0,0.0,0.0,0.0,9.3,0.0,0.0,3.0,27.451999999999998,0.0,0.0,22.530612245,0.5866523163,0.21894182199999998,0.0,11.0,0.0,0.0
25590,0.0,0.0,0.0,0.0,0.0,0.0,0.0,115.0,73.0,3.0,71.6,175.7,0.0,18,7.0,0.6983240223,0.0,0.0,0.0,0.0,0.0,49.1,18.0,3.0,0.0,0.0,9.2,0.0,0.0,0.0,34.257,0.0,0.0,23.193671366999997,0.663014883,0.4207053774,0.0,11.0,0.0,0.0
25590,0.0,0.0,0.0,0.0,0.0,0.0,0.0,118.0,77.0,2.0,72.0,177.0,0.0,19,8.0,0.6944444444,0.0,0.0,0.0,0.0,0.0,49.1,20.0,2.0,0.0,0.0,9.8,0.0,0.0,0.0,47.037,0.0,0.0,22.981901752,0.5652786405,0.1643663919,0.0,11.0,0.0,0.0
25590,27.0,0.0,0.0,0.0,0.0,0.0,0.0,125.0,85.0,4.0,74.6,177.5,0.0,21,10.0,0.6166219839,99.0,73.0,192.0,98.0,0.0,9.7,16.0,4.0,3.0,1.58,8.7,0.0,0.0,0.0,71.303,1.0,0.0,23.677841698,0.0,-0.576381644,0.0,11.0,0.0,0.0
