PtID,Pt_CGMUseNumDays,Pt_FatherT1D,Pt_MotherT1D,Pt_SiblingT1D,Pt_ChildT1D,Pt_GrandchildT1D,Pt_GrandparentT1D,BldPrSys,BldPrDia,SMBGperDayPtMeterCombo,WeightKg,HeightCm,DirectLDL,age,diabDur,TotalDailyInsPerKg,LDL,HDL,TotChol,Triglyc,BUN,AlbCreatRat_mggNew,UnitsInsBasalOrLongAct,BGTestAvgNumMeter,BGTestAvgNumPtRep,TSH,HbA1c,AutonomicNeuroCl,Pt_InsGov,NumPumpBolusOrShortAct,HbA1cImputeDtMnC,Pt_SHFlg,Pt_DKAFlg,bmi,bmiPerc,bmiZscore,GFR,diagAgeCombo,Pt_A1cGoalLev,Pt_A1cGoalLevelDsYr5
25646,0.0,0.0,0.0,0.0,0.0,0.0,0.0,108.0,63.0,6.0,19.5,108.9,0.0,6,3.0,0.8717948718,0.0,0.0,0.0,0.0,20.0,0.0,0.0,0.0,6.0,0.0,7.0,0.0,1.0,0.0,0.0,0.0,0.0,16.442916518,0.7662025187,0.7263977623000001,0.0,2.0,0.0,0.0
25646,0.0,0.0,0.0,0.0,0.0,0.0,0.0,107.0,60.0,10.0,20.6,113.6,0.0,7,4.0,0.6796116504999999,57.0,87.0,185.0,207.0,11.0,0.0,0.0,0.0,10.0,0.0,7.4,0.0,0.0,0.0,13.577,0.0,0.0,15.962854592000001,0.6189179023,0.3026400422,0.0,2.0,6.5,0.0
25646,0.0,0.0,0.0,0.0,0.0,0.0,0.0,109.0,67.0,3.0,24.1,119.9,0.0,8,5.0,0.0,0.0,0.0,0.0,0.0,0.0,8.0,7.0,3.0,0.0,0.0,6.7,0.0,0.0,0.0,28.116,0.0,0.0,16.764039535,0.7077596065999999,0.5468514587,0.0,2.0,0.0,0.0
25646,0.0,0.0,0.0,0.0,0.0,0.0,0.0,126.0,68.0,5.0,25.5,124.8,0.0,9,6.0,0.0,0.0,0.0,141.0,51.0,0.0,8.0,7.0,5.0,0.0,2.41,8.0,0.0,0.0,0.0,40.166,0.0,0.0,16.372349606,0.5480740696999999,0.1207969568,0.0,2.0,0.0,0.0
25646,0.0,0.0,0.0,0.0,0.0,0.0,0.0,120.0,65.0,5.0,27.3,130.8,0.0,10,7.0,0.0,0.0,71.0,165.0,40.0,11.0,10.0,8.0,5.0,0.0,0.96,7.4,0.0,0.0,6.0,58.324,0.0,0.0,15.956849872000001,0.35851268399999997,-0.362437169,0.0,2.0,0.0,0.0
25646,0.0,0.0,0.0,0.0,0.0,0.0,0.0,0.0,0.0,6.0,0.0,0.0,0.0,12,9.0,0.0,79.0,108.0,199.0,58.0,0.0,0.0,12.0,0.0,6.0,1.52,0.0,0.0,0.0,4.0,0.0,0.0,0.0,0.0,0.0,0.0,0.0,2.0,0.0,0.0
