PtID,Pt_CGMUseNumDays,Pt_FatherT1D,Pt_MotherT1D,Pt_SiblingT1D,Pt_ChildT1D,Pt_GrandchildT1D,Pt_GrandparentT1D,BldPrSys,BldPrDia,SMBGperDayPtMeterCombo,WeightKg,HeightCm,DirectLDL,age,diabDur,TotalDailyInsPerKg,LDL,HDL,TotChol,Triglyc,BUN,AlbCreatRat_mggNew,UnitsInsBasalOrLongAct,BGTestAvgNumMeter,BGTestAvgNumPtRep,TSH,HbA1c,AutonomicNeuroCl,Pt_InsGov,NumPumpBolusOrShortAct,HbA1cImputeDtMnC,Pt_SHFlg,Pt_DKAFlg,bmi,bmiPerc,bmiZscore,GFR,diagAgeCombo,Pt_A1cGoalLev,Pt_A1cGoalLevelDsYr5
2565,0.0,0.0,0.0,0.0,0.0,0.0,0.0,126.0,73.0,5.0,50.0,151.2,0.0,11,1.0,1.56,110.0,25.0,160.0,97.0,16.0,0.0,0.0,0.0,5.0,0.0,7.7,0.0,0.0,0.0,0.0,0.0,0.0,21.870888273000002,0.922002157,1.4186684963999998,0.0,10.0,0.0,0.0
2565,0.0,0.0,0.0,0.0,0.0,0.0,0.0,122.0,78.0,6.0,61.2,160.6,0.0,13,2.0,0.0,0.0,0.0,0.0,0.0,0.0,0.0,0.0,0.0,6.0,0.0,8.2,0.0,1.0,0.0,14.606,0.0,0.0,23.727956651,0.9223114967,1.4207927928,0.0,10.0,7.0,0.0
2565,0.0,0.0,0.0,0.0,0.0,0.0,0.0,134.0,77.0,6.0,68.4,163.5,1.0,14,3.0,1.3888888889,106.0,54.0,180.0,123.0,0.0,0.0,49.0,6.0,0.0,1.311,9.0,0.0,0.0,0.0,25.494,0.0,0.0,25.587071795,0.9432176465000001,1.58237185,0.0,10.0,0.0,0.0
2565,0.0,0.0,0.0,0.0,0.0,0.0,0.0,134.0,80.0,6.0,77.8,165.5,0.0,15,4.0,1.2853470437,0.0,50.0,170.0,83.0,16.0,0.0,51.0,0.0,6.0,0.0,7.9,0.0,0.0,0.0,39.768,0.0,0.0,28.404267941999997,0.9683189447,1.8566419559,0.0,10.0,0.0,0.0
2565,0.0,0.0,0.0,0.0,0.0,0.0,0.0,126.0,72.0,4.0,81.1,165.5,0.0,16,5.0,1.6029593094999999,116.0,40.0,180.0,107.0,0.0,0.0,10.0,4.0,4.0,0.8,8.3,0.0,0.0,5.0,51.685,0.0,0.0,29.609076222,0.9726266039,1.9208803615999999,0.0,10.0,0.0,0.0
2565,0.0,0.0,0.0,0.0,0.0,0.0,0.0,124.0,82.0,5.0,71.8,166.2,1.0,17,6.0,0.5710306407,100.0,50.0,171.0,85.0,0.0,0.0,35.0,5.0,5.0,1.25,0.0,0.0,0.0,5.0,0.0,0.0,0.0,25.993359023000004,0.8961565208,1.2599512240000001,0.0,10.0,0.0,0.0
2565,0.0,0.0,0.0,0.0,0.0,0.0,0.0,150.0,83.0,6.0,76.6,166.2,0.0,17,6.0,0.8485639687000001,0.0,0.0,0.0,0.0,0.0,0.0,41.5,6.0,7.0,0.0,9.7,0.0,0.0,5.0,71.734,0.0,0.0,27.731076617,0.9414557593,1.5671121430000001,0.0,10.0,0.0,0.0
