PtID,Pt_CGMUseNumDays,Pt_FatherT1D,Pt_MotherT1D,Pt_SiblingT1D,Pt_ChildT1D,Pt_GrandchildT1D,Pt_GrandparentT1D,BldPrSys,BldPrDia,SMBGperDayPtMeterCombo,WeightKg,HeightCm,DirectLDL,age,diabDur,TotalDailyInsPerKg,LDL,HDL,TotChol,Triglyc,BUN,AlbCreatRat_mggNew,UnitsInsBasalOrLongAct,BGTestAvgNumMeter,BGTestAvgNumPtRep,TSH,HbA1c,AutonomicNeuroCl,Pt_InsGov,NumPumpBolusOrShortAct,HbA1cImputeDtMnC,Pt_SHFlg,Pt_DKAFlg,bmi,bmiPerc,bmiZscore,GFR,diagAgeCombo,Pt_A1cGoalLev,Pt_A1cGoalLevelDsYr5
25674,0.0,0.0,0.0,0.0,0.0,0.0,0.0,104.0,64.0,3.0,36.7,147.5,0.0,13,7.0,0.5449591281,91.0,63.0,0.0,73.0,9.0,11.4,0.0,3.0,4.0,0.0,9.8,0.0,1.0,0.0,0.0,0.0,0.0,16.868715886,0.22292045370000002,-0.762367149,0.0,6.0,0.0,0.0
25674,0.0,0.0,0.0,0.0,0.0,0.0,0.0,109.0,66.0,1.0,42.0,149.3,0.0,14,8.0,0.0,79.0,71.0,0.0,54.0,8.0,20.0,0.0,1.0,0.0,0.0,10.1,0.0,0.0,0.0,15.302999999999999,0.0,0.0,18.842116077,0.43154386340000006,-0.17244496199999998,0.0,6.0,0.0,0.0
25674,0.0,0.0,0.0,0.0,0.0,0.0,0.0,113.0,55.0,2.0,50.4,150.5,0.0,16,10.0,0.0,167.0,67.0,0.0,203.0,18.0,7.0,27.0,2.0,0.0,2.17,12.2,0.0,0.0,0.0,30.174,0.0,0.0,22.251410029000002,0.6995428064,0.5230860292,0.0,6.0,0.0,0.0
25674,0.0,0.0,0.0,0.0,0.0,0.0,0.0,116.0,69.0,3.0,55.5,150.5,0.0,17,10.0,0.0,0.0,0.0,0.0,0.0,8.0,0.0,30.0,3.0,0.0,1.63,13.8,0.0,0.0,0.0,40.896,0.0,0.0,24.503040805,0.8185976318000001,0.9100337020999999,0.0,6.0,0.0,0.0
25674,0.0,0.0,0.0,0.0,0.0,0.0,0.0,110.0,69.0,2.0,57.2,151.2,0.0,17,11.0,0.0,165.0,53.0,0.0,135.0,13.0,0.0,35.0,2.0,0.0,1.22,14.0,0.0,0.0,0.0,52.148999999999994,0.0,0.0,25.020296184,0.8430561238,1.007097854,0.0,6.0,0.0,0.0
25674,0.0,0.0,0.0,0.0,0.0,0.0,0.0,106.0,56.0,0.0,54.3,151.1,0.0,18,12.0,0.0,0.0,0.0,0.0,0.0,0.0,0.0,0.0,0.0,1.0,0.0,14.0,0.0,0.0,0.0,62.373000000000005,0.0,0.0,23.783233565,0.7488524565000001,0.6708829686,0.0,6.0,0.0,0.0
25674,0.0,0.0,0.0,0.0,0.0,0.0,0.0,108.0,60.0,1.0,53.9,151.1,0.0,19,13.0,0.0,167.0,59.0,0.0,213.0,11.0,0.0,0.0,1.0,0.0,1.1,12.8,0.0,0.0,0.0,72.232,0.0,0.0,23.608034790999998,0.7103885069,0.5545200524,0.0,6.0,0.0,0.0
