PtID,Pt_CGMUseNumDays,Pt_FatherT1D,Pt_MotherT1D,Pt_SiblingT1D,Pt_ChildT1D,Pt_GrandchildT1D,Pt_GrandparentT1D,BldPrSys,BldPrDia,SMBGperDayPtMeterCombo,WeightKg,HeightCm,DirectLDL,age,diabDur,TotalDailyInsPerKg,LDL,HDL,TotChol,Triglyc,BUN,AlbCreatRat_mggNew,UnitsInsBasalOrLongAct,BGTestAvgNumMeter,BGTestAvgNumPtRep,TSH,HbA1c,AutonomicNeuroCl,Pt_InsGov,NumPumpBolusOrShortAct,HbA1cImputeDtMnC,Pt_SHFlg,Pt_DKAFlg,bmi,bmiPerc,bmiZscore,GFR,diagAgeCombo,Pt_A1cGoalLev,Pt_A1cGoalLevelDsYr5
25742,0.0,0.0,0.0,0.0,0.0,0.0,0.0,136.0,55.0,4.0,71.12328361600001,149.09799999999998,0.0,69,57.0,0.2671417718,72.0,66.0,162.0,120.0,22.0,23.1,0.0,0.0,4.0,0.0,7.1,0.0,1.0,0.0,0.0,0.0,0.0,31.993972205,0.0,0.2973935882,0.0,11.0,0.0,0.0
25742,0.0,0.0,0.0,0.0,0.0,0.0,0.0,121.0,78.0,4.0,65.0,146.0,0.0,71,60.0,0.0,103.0,75.0,198.0,99.0,0.0,0.0,7.0,4.0,0.0,0.5,7.8,0.0,0.0,0.0,30.671999999999997,0.0,0.0,30.49352599,0.0,0.3966130248,0.0,11.0,0.0,0.0
25742,0.0,0.0,0.0,0.0,0.0,0.0,0.0,157.0,81.0,4.0,65.0,146.0,0.0,72,61.0,0.0,91.0,55.0,163.0,87.0,0.0,0.0,6.0,4.0,0.0,0.0,8.7,0.0,0.0,0.0,45.278,0.0,0.0,30.49352599,0.0,0.3966130248,0.0,11.0,0.0,0.0
25742,30.0,0.0,0.0,0.0,0.0,0.0,0.0,134.0,58.0,2.0,65.0,146.0,0.0,74,62.0,0.3076923077,91.0,61.0,168.0,82.0,33.0,0.0,6.0,2.0,4.0,0.3,8.4,0.0,1.0,3.0,65.328,0.0,0.0,30.49352599,0.0,0.3966130248,40.0,11.0,0.0,0.0
25742,0.0,0.0,0.0,0.0,0.0,0.0,0.0,110.0,72.0,4.0,65.0,146.0,0.0,74,63.0,0.0,0.0,0.0,0.0,0.0,0.0,0.0,5.0,4.0,0.0,0.0,8.3,0.0,0.0,0.0,68.282,0.0,0.0,30.49352599,0.0,0.3966130248,0.0,11.0,0.0,0.0
