PtID,Pt_CGMUseNumDays,Pt_FatherT1D,Pt_MotherT1D,Pt_SiblingT1D,Pt_ChildT1D,Pt_GrandchildT1D,Pt_GrandparentT1D,BldPrSys,BldPrDia,SMBGperDayPtMeterCombo,WeightKg,HeightCm,DirectLDL,age,diabDur,TotalDailyInsPerKg,LDL,HDL,TotChol,Triglyc,BUN,AlbCreatRat_mggNew,UnitsInsBasalOrLongAct,BGTestAvgNumMeter,BGTestAvgNumPtRep,TSH,HbA1c,AutonomicNeuroCl,Pt_InsGov,NumPumpBolusOrShortAct,HbA1cImputeDtMnC,Pt_SHFlg,Pt_DKAFlg,bmi,bmiPerc,bmiZscore,GFR,diagAgeCombo,Pt_A1cGoalLev,Pt_A1cGoalLevelDsYr5
25803,0.0,0.0,0.0,1.0,0.0,0.0,0.0,116.0,64.0,4.0,0.0,0.0,0.0,52,29.0,0.0,83.0,34.0,132.0,75.0,7.0,2.7,0.0,4.0,3.0,0.0,7.0,1.0,0.0,0.0,3.253,0.0,0.0,0.0,0.0,0.0,0.0,23.0,0.0,0.0
25803,0.0,0.0,0.0,1.0,0.0,0.0,0.0,127.0,69.0,3.0,0.0,0.0,0.0,54,31.0,0.0,77.0,39.0,126.0,50.0,9.0,0.0,0.0,3.0,3.0,0.0,7.0,1.0,0.0,0.0,17.427,0.0,0.0,0.0,0.0,0.0,0.0,23.0,7.0,0.0
25803,0.0,0.0,0.0,0.0,0.0,0.0,0.0,112.0,62.0,3.0,0.0,0.0,0.0,55,32.0,0.0,0.0,0.0,0.0,0.0,0.0,0.0,70.0,3.0,0.0,0.0,7.5,1.0,0.0,0.0,30.34,0.0,0.0,0.0,0.0,0.0,0.0,23.0,0.0,0.0
25803,0.0,0.0,0.0,0.0,0.0,0.0,0.0,123.0,75.0,3.0,133.80974915,186.7,0.0,56,33.0,1.1957275237,75.0,44.0,0.0,115.0,13.0,0.0,60.0,3.0,0.0,1.71,0.0,1.0,0.0,4.0,0.0,0.0,0.0,38.388321262,0.0,1.2823117303,0.0,23.0,0.0,0.0
25803,0.0,0.0,0.0,0.0,0.0,0.0,0.0,120.0,70.0,3.0,0.0,0.0,0.0,57,34.0,0.0,87.0,38.0,143.0,89.0,0.0,0.0,70.0,3.0,0.0,0.0,0.0,1.0,0.0,5.0,0.0,0.0,0.0,0.0,0.0,0.0,0.0,23.0,0.0,0.0
25803,0.0,0.0,0.0,0.0,0.0,0.0,0.0,125.0,67.0,3.0,142.42800418,185.42,0.0,58,35.0,0.0,0.0,0.0,0.0,0.0,0.0,0.0,0.0,3.0,0.0,0.0,0.0,1.0,0.0,0.0,0.0,0.0,0.0,41.426880841999996,0.0,1.6844846649,0.0,23.0,0.0,0.0
25803,0.0,0.0,0.0,0.0,0.0,0.0,0.0,131.0,75.0,3.0,0.0,0.0,0.0,59,36.0,0.0,0.0,0.0,0.0,0.0,0.0,0.0,0.0,3.0,0.0,0.0,0.0,1.0,0.0,0.0,0.0,0.0,0.0,0.0,0.0,0.0,0.0,23.0,0.0,0.0
