PtID,Pt_CGMUseNumDays,Pt_FatherT1D,Pt_MotherT1D,Pt_SiblingT1D,Pt_ChildT1D,Pt_GrandchildT1D,Pt_GrandparentT1D,BldPrSys,BldPrDia,SMBGperDayPtMeterCombo,WeightKg,HeightCm,DirectLDL,age,diabDur,TotalDailyInsPerKg,LDL,HDL,TotChol,Triglyc,BUN,AlbCreatRat_mggNew,UnitsInsBasalOrLongAct,BGTestAvgNumMeter,BGTestAvgNumPtRep,TSH,HbA1c,AutonomicNeuroCl,Pt_InsGov,NumPumpBolusOrShortAct,HbA1cImputeDtMnC,Pt_SHFlg,Pt_DKAFlg,bmi,bmiPerc,bmiZscore,GFR,diagAgeCombo,Pt_A1cGoalLev,Pt_A1cGoalLevelDsYr5
25808,0.0,0.0,0.0,0.0,0.0,0.0,0.0,134.0,65.0,4.0,80.694082623,167.64,0.0,55,37.0,0.7063714977,72.0,44.0,135.0,95.0,15.0,49.0,0.0,0.0,4.0,0.0,8.1,0.0,0.0,0.0,0.0,0.0,0.0,28.713516579,0.0,0.0017890063,0.0,18.0,0.0,0.0
25808,0.0,0.0,0.0,0.0,0.0,0.0,0.0,126.0,62.0,5.0,81.6,168.9,1.0,57,39.0,0.0,70.0,41.0,0.0,65.0,17.0,0.0,30.0,0.0,5.0,2.98,6.9,0.0,0.0,0.0,17.029,0.0,0.0,28.604269398000003,0.0,-0.012670562,69.0,18.0,0.0,0.0
25808,0.0,0.0,0.0,0.0,0.0,0.0,0.0,125.0,64.0,4.0,79.5,167.6,0.0,58,40.0,0.0,65.0,47.0,134.0,108.0,14.0,0.0,25.0,0.0,4.0,2.71,7.0,0.0,0.0,3.0,29.809,0.0,0.0,28.302128605,0.0,-0.052660842,0.0,18.0,0.0,0.0
25808,0.0,0.0,0.0,0.0,0.0,0.0,0.0,135.0,65.0,0.0,0.0,0.0,0.0,59,41.0,0.0,58.0,47.0,119.0,70.0,17.0,0.0,24.0,0.0,0.0,4.62,7.3,0.0,0.0,0.0,39.336,0.0,0.0,0.0,0.0,0.0,0.0,18.0,0.0,0.0
25808,0.0,0.0,0.0,0.0,0.0,0.0,0.0,134.0,60.0,3.0,0.0,0.0,0.0,59,41.0,0.0,60.0,51.0,129.0,89.0,18.0,20.0,0.0,3.0,3.0,4.0,7.8,0.0,0.0,0.0,49.295,0.0,0.0,0.0,0.0,0.0,0.0,18.0,0.0,0.0
25808,0.0,0.0,0.0,0.0,0.0,0.0,0.0,130.0,60.0,3.0,0.0,0.0,0.0,60,42.0,0.0,0.0,0.0,0.0,0.0,18.0,20.0,22.0,3.0,0.0,0.0,8.5,0.0,0.0,0.0,57.427,0.0,0.0,0.0,0.0,0.0,0.0,18.0,0.0,0.0
25808,0.0,0.0,0.0,0.0,0.0,0.0,0.0,148.0,72.0,2.0,80.7,166.6,0.0,61,43.0,0.0,0.0,0.0,0.0,0.0,20.0,20.0,24.0,2.0,2.0,0.0,7.5,0.0,0.0,0.0,67.452,0.0,0.0,29.075255551999998,0.0,0.0334077765,0.0,18.0,0.0,0.0
