PtID,Pt_CGMUseNumDays,Pt_FatherT1D,Pt_MotherT1D,Pt_SiblingT1D,Pt_ChildT1D,Pt_GrandchildT1D,Pt_GrandparentT1D,BldPrSys,BldPrDia,SMBGperDayPtMeterCombo,WeightKg,HeightCm,DirectLDL,age,diabDur,TotalDailyInsPerKg,LDL,HDL,TotChol,Triglyc,BUN,AlbCreatRat_mggNew,UnitsInsBasalOrLongAct,BGTestAvgNumMeter,BGTestAvgNumPtRep,TSH,HbA1c,AutonomicNeuroCl,Pt_InsGov,NumPumpBolusOrShortAct,HbA1cImputeDtMnC,Pt_SHFlg,Pt_DKAFlg,bmi,bmiPerc,bmiZscore,GFR,diagAgeCombo,Pt_A1cGoalLev,Pt_A1cGoalLevelDsYr5
25809,0.0,0.0,0.0,0.0,0.0,0.0,0.0,94.0,62.0,4.0,17.7,103.1,0.0,4,0.0,0.4519774011,85.0,59.0,0.0,49.0,0.0,22.0,0.0,4.0,8.0,0.0,6.9,0.0,0.0,0.0,0.0,0.0,0.0,16.651598695,0.7961102962000001,0.8278077101000001,0.0,3.0,0.0,0.0
25809,0.0,0.0,0.0,0.0,0.0,0.0,0.0,99.0,62.0,6.0,20.1,106.9,0.0,5,1.0,0.5970149254,0.0,0.0,0.0,0.0,0.0,0.0,0.0,0.0,6.0,0.0,7.5,0.0,1.0,0.0,13.212,0.0,0.0,17.588979673,0.9292619422,1.4703162738,0.0,3.0,7.5,0.0
25809,0.0,0.0,0.0,0.0,0.0,0.0,0.0,100.0,68.0,9.0,27.0,120.0,0.0,7,3.0,0.7777777778,0.0,0.0,0.0,0.0,0.0,2.0,5.0,9.0,8.0,1.93,8.0,0.0,0.0,0.0,33.427,0.0,0.0,18.75,0.9377176036,1.5358923168,0.0,3.0,0.0,0.0
25809,0.0,0.0,0.0,0.0,0.0,0.0,0.0,108.0,71.0,3.0,31.0,128.0,0.0,8,4.0,0.7096774194,62.0,65.0,139.0,59.0,0.0,2.0,9.0,3.0,0.0,1.2,7.6,0.0,0.0,0.0,50.888000000000005,0.0,0.0,18.920898438,0.9129413031,1.3590921381,0.0,3.0,0.0,0.0
25809,30.0,0.0,0.0,0.0,0.0,0.0,0.0,118.0,78.0,5.0,40.0,134.8,0.0,9,5.0,0.0,0.0,0.0,0.0,0.0,0.0,2.0,0.0,0.0,5.0,0.0,6.8,0.0,0.0,0.0,62.905,0.0,0.0,22.013049335999998,0.9653562077,1.8165399555000001,0.0,3.0,0.0,0.0
25809,0.0,0.0,0.0,0.0,0.0,0.0,0.0,99.0,68.0,0.0,43.54486752,139.7,0.0,10,6.0,1.010452035,0.0,0.0,0.0,0.0,0.0,0.0,30.5,0.0,0.0,2.21,7.4,0.0,0.0,0.0,73.627,0.0,0.0,22.312290792,0.9534218620999999,1.6789782851,0.0,3.0,0.0,0.0
