PtID,Pt_CGMUseNumDays,Pt_FatherT1D,Pt_MotherT1D,Pt_SiblingT1D,Pt_ChildT1D,Pt_GrandchildT1D,Pt_GrandparentT1D,BldPrSys,BldPrDia,SMBGperDayPtMeterCombo,WeightKg,HeightCm,DirectLDL,age,diabDur,TotalDailyInsPerKg,LDL,HDL,TotChol,Triglyc,BUN,AlbCreatRat_mggNew,UnitsInsBasalOrLongAct,BGTestAvgNumMeter,BGTestAvgNumPtRep,TSH,HbA1c,AutonomicNeuroCl,Pt_InsGov,NumPumpBolusOrShortAct,HbA1cImputeDtMnC,Pt_SHFlg,Pt_DKAFlg,bmi,bmiPerc,bmiZscore,GFR,diagAgeCombo,Pt_A1cGoalLev,Pt_A1cGoalLevelDsYr5
25818,0.0,0.0,0.0,0.0,0.0,0.0,0.0,113.0,61.0,4.0,55.6,168.1,0.0,13,10.0,0.6474820144,0.0,0.0,160.0,0.0,16.0,0.0,0.0,0.0,4.0,0.0,9.8,0.0,0.0,0.0,0.0,0.0,0.0,19.676115567,0.6728547921,0.4478098754,0.0,3.0,0.0,0.0
25818,0.0,0.0,0.0,0.0,0.0,0.0,0.0,133.0,73.0,2.0,57.0,169.0,0.0,17,13.0,0.0,0.0,0.0,0.0,0.0,0.0,20.0,24.0,2.0,5.0,1.05,9.3,0.0,0.0,0.0,37.411,0.0,0.0,19.957284409,0.3129704831,-0.487447885,0.0,3.0,0.0,0.0
25818,0.0,0.0,0.0,0.0,0.0,0.0,0.0,125.0,66.0,4.0,58.9,169.7,0.0,17,14.0,0.0,76.0,57.0,141.0,42.0,0.0,26.0,25.0,4.0,4.0,1.06,9.7,0.0,0.0,0.0,48.1,0.0,0.0,20.452745304,0.38791567509999997,-0.284755653,0.0,3.0,0.0,0.0
25818,0.0,0.0,0.0,0.0,0.0,0.0,0.0,135.0,70.0,0.0,58.9,170.2,0.0,18,15.0,0.0,0.0,0.0,0.0,0.0,17.0,26.0,0.0,0.0,0.0,2.0,9.4,0.0,0.0,0.0,58.49,0.0,0.0,20.332752924,0.2775537855,-0.5901239229999999,0.0,3.0,0.0,0.0
25818,0.0,0.0,0.0,0.0,0.0,0.0,0.0,124.0,59.0,1.0,63.8,170.2,0.0,19,16.0,0.0,0.0,0.0,0.0,0.0,13.0,11.0,27.0,1.0,0.0,0.99,8.4,0.0,0.0,0.0,71.03699999999999,0.0,0.0,22.024272266999997,0.43789197630000004,-0.156315991,0.0,3.0,0.0,0.0
25818,0.0,0.0,0.0,0.0,0.0,0.0,0.0,129.0,66.0,1.0,62.2,170.2,0.0,20,17.0,0.0,0.0,0.0,0.0,0.0,0.0,11.0,24.0,1.0,0.0,0.0,9.1,0.0,0.0,0.0,80.863,0.0,0.0,21.47193942,0.2929031914,-1.011485239,0.0,3.0,0.0,0.0
