PtID,Pt_CGMUseNumDays,Pt_FatherT1D,Pt_MotherT1D,Pt_SiblingT1D,Pt_ChildT1D,Pt_GrandchildT1D,Pt_GrandparentT1D,BldPrSys,BldPrDia,SMBGperDayPtMeterCombo,WeightKg,HeightCm,DirectLDL,age,diabDur,TotalDailyInsPerKg,LDL,HDL,TotChol,Triglyc,BUN,AlbCreatRat_mggNew,UnitsInsBasalOrLongAct,BGTestAvgNumMeter,BGTestAvgNumPtRep,TSH,HbA1c,AutonomicNeuroCl,Pt_InsGov,NumPumpBolusOrShortAct,HbA1cImputeDtMnC,Pt_SHFlg,Pt_DKAFlg,bmi,bmiPerc,bmiZscore,GFR,diagAgeCombo,Pt_A1cGoalLev,Pt_A1cGoalLevelDsYr5
2585,0.0,0.0,0.0,0.0,0.0,0.0,0.0,99.0,58.0,5.0,34.1,149.8,0.0,11,0.0,0.5278592375,95.0,39.0,153.0,60.0,17.0,0.0,0.0,0.0,5.0,0.0,7.1,0.0,0.0,0.0,0.0,0.0,0.0,15.196051344,0.1335837872,-1.109608946,0.0,11.0,0.0,0.0
2585,0.0,0.0,0.0,0.0,0.0,0.0,0.0,100.0,66.0,5.0,43.8,161.6,0.0,13,2.0,0.502283105,65.0,59.0,133.0,43.0,0.0,5.4,11.0,5.0,0.0,1.14,9.0,0.0,0.0,0.0,23.401999999999997,0.0,0.0,16.77225272,0.209186927,-0.809245663,0.0,11.0,0.0,0.0
2585,0.0,0.0,0.0,0.0,0.0,0.0,0.0,102.0,60.0,5.0,51.5,163.9,0.0,14,3.0,0.8155339806,0.0,0.0,0.0,0.0,0.0,5.4,17.0,0.0,5.0,0.0,7.4,0.0,0.0,0.0,37.577,0.0,0.0,19.171201059,0.47842230979999995,-0.054113647,0.0,11.0,0.0,0.0
2585,0.0,0.0,0.0,0.0,0.0,0.0,0.0,101.0,71.0,8.0,54.0,164.9,1.0,15,4.0,0.6851851851999999,85.0,62.0,157.0,51.0,0.0,5.4,16.0,0.0,8.0,0.0,0.0,0.0,0.0,0.0,0.0,0.0,0.0,19.858774692,0.49350030409999995,-0.016293042,0.0,11.0,0.0,0.0
2585,21.0,0.0,0.0,0.0,0.0,0.0,0.0,123.0,77.0,2.0,56.2,165.5,0.0,17,5.0,1.3523131673,108.0,54.0,189.0,164.0,0.0,5.0,23.0,2.0,5.0,2.56,9.3,0.0,0.0,5.0,67.983,0.0,0.0,20.518250107,0.4508869926,-0.12342067599999999,0.0,11.0,0.0,0.0
