PtID,Pt_CGMUseNumDays,Pt_FatherT1D,Pt_MotherT1D,Pt_SiblingT1D,Pt_ChildT1D,Pt_GrandchildT1D,Pt_GrandparentT1D,BldPrSys,BldPrDia,SMBGperDayPtMeterCombo,WeightKg,HeightCm,DirectLDL,age,diabDur,TotalDailyInsPerKg,LDL,HDL,TotChol,Triglyc,BUN,AlbCreatRat_mggNew,UnitsInsBasalOrLongAct,BGTestAvgNumMeter,BGTestAvgNumPtRep,TSH,HbA1c,AutonomicNeuroCl,Pt_InsGov,NumPumpBolusOrShortAct,HbA1cImputeDtMnC,Pt_SHFlg,Pt_DKAFlg,bmi,bmiPerc,bmiZscore,GFR,diagAgeCombo,Pt_A1cGoalLev,Pt_A1cGoalLevelDsYr5
25868,0.0,0.0,0.0,0.0,0.0,0.0,0.0,120.0,80.0,0.0,83.052762947,175.26,0.0,22,4.0,0.0,88.0,63.0,170.0,93.0,0.0,9.0,0.0,0.0,0.0,0.0,10.0,0.0,1.0,0.0,0.0,0.0,0.0,27.038865791,0.0,0.0865641626,0.0,17.0,0.0,0.0
25868,0.0,0.0,0.0,0.0,0.0,0.0,0.0,102.0,60.0,0.0,71.21400209,175.26,0.0,23,5.0,1.2637964073999999,0.0,0.0,0.0,0.0,0.0,331.0,0.0,0.0,0.0,0.0,11.9,0.0,0.0,0.0,14.838,0.0,0.0,23.184609116,0.0,0.0,0.0,17.0,0.0,0.0
25868,0.0,0.0,0.0,0.0,0.0,0.0,0.0,140.0,90.0,0.0,73.300526992,175.26,0.0,24,6.0,1.0368274707,97.0,43.0,165.0,124.0,23.0,331.0,46.0,0.0,0.0,0.7240000000000001,0.0,0.0,0.0,3.0,0.0,0.0,0.0,23.863903395999998,0.0,0.0,58.0,17.0,0.0,0.0
25868,0.0,0.0,0.0,0.0,0.0,0.0,0.0,130.0,88.0,3.0,76.20351816,175.26,0.0,26,8.0,0.9973292813,103.0,65.0,234.0,329.0,0.0,331.0,46.0,0.0,3.0,0.0,12.1,0.0,0.0,3.0,47.9,0.0,0.0,24.809008481,0.0,0.0,0.0,17.0,0.0,0.0
