PtID,Pt_CGMUseNumDays,Pt_FatherT1D,Pt_MotherT1D,Pt_SiblingT1D,Pt_ChildT1D,Pt_GrandchildT1D,Pt_GrandparentT1D,BldPrSys,BldPrDia,SMBGperDayPtMeterCombo,WeightKg,HeightCm,DirectLDL,age,diabDur,TotalDailyInsPerKg,LDL,HDL,TotChol,Triglyc,BUN,AlbCreatRat_mggNew,UnitsInsBasalOrLongAct,BGTestAvgNumMeter,BGTestAvgNumPtRep,TSH,HbA1c,AutonomicNeuroCl,Pt_InsGov,NumPumpBolusOrShortAct,HbA1cImputeDtMnC,Pt_SHFlg,Pt_DKAFlg,bmi,bmiPerc,bmiZscore,GFR,diagAgeCombo,Pt_A1cGoalLev,Pt_A1cGoalLevelDsYr5
25879,28.0,0.0,0.0,1.0,0.0,0.0,0.0,125.0,70.0,7.0,0.0,0.0,0.0,64,51.0,0.0,90.0,52.0,152.0,50.0,19.0,4.3,0.0,0.0,7.0,0.0,6.5,1.0,0.0,3.0,-2.025,0.0,0.0,0.0,0.0,0.0,0.0,13.0,0.0,0.0
25879,30.0,0.0,0.0,1.0,0.0,0.0,0.0,128.0,72.0,4.0,0.0,0.0,0.0,65,52.0,0.0,96.0,45.0,155.0,72.0,12.0,36.1,0.0,0.0,4.0,0.0,6.7,1.0,0.0,0.0,13.145,0.0,0.0,0.0,0.0,0.0,0.0,13.0,6.0,0.0
25879,0.0,0.0,0.0,0.0,0.0,0.0,0.0,134.0,68.0,4.0,0.0,0.0,0.0,66,53.0,0.0,83.0,40.0,143.0,101.0,10.0,36.9,12.0,4.0,0.0,0.10800000000000001,6.6,1.0,0.0,0.0,24.266,0.0,0.0,0.0,0.0,0.0,0.0,13.0,0.0,0.0
25879,0.0,0.0,0.0,0.0,0.0,0.0,0.0,0.0,0.0,5.0,66.67807839,176.53,0.0,67,54.0,0.4499229841,92.0,42.0,145.0,55.0,14.0,15.1,12.0,5.0,0.0,0.057999999999999996,0.0,1.0,0.0,0.0,0.0,0.0,0.0,21.396662327,0.0,-1.430310335,0.0,13.0,0.0,0.0
25879,0.0,0.0,0.0,0.0,0.0,0.0,0.0,142.0,73.0,5.0,179.0,175.26,0.0,68,55.0,0.1675977654,0.0,0.0,0.0,0.0,0.0,8.0,12.0,5.0,0.0,0.996,0.0,1.0,0.0,3.0,0.0,0.0,0.0,58.27568891,0.0,5.599688201699999,0.0,13.0,0.0,0.0
25879,30.0,0.0,0.0,0.0,0.0,0.0,0.0,123.0,61.0,5.0,73.93555631,173.0,0.0,69,56.0,0.3651828883,68.0,44.0,0.0,81.0,18.0,8.0,12.0,5.0,2.0,0.9059999999999999,6.5,1.0,1.0,0.0,67.419,0.0,0.0,24.703650743,0.0,-0.799921578,0.0,13.0,0.0,0.0
25879,0.0,0.0,0.0,0.0,0.0,0.0,0.0,148.0,84.0,7.0,77.1107029,171.958,0.0,70,57.0,0.2593673673,0.0,0.0,0.0,0.0,19.0,8.0,12.0,7.0,0.0,4.246,6.8,1.0,0.0,6.0,77.77600000000001,0.0,0.0,26.077736416,0.0,-0.399083549,0.0,13.0,0.0,0.0
