PtID,Pt_CGMUseNumDays,Pt_FatherT1D,Pt_MotherT1D,Pt_SiblingT1D,Pt_ChildT1D,Pt_GrandchildT1D,Pt_GrandparentT1D,BldPrSys,BldPrDia,SMBGperDayPtMeterCombo,WeightKg,HeightCm,DirectLDL,age,diabDur,TotalDailyInsPerKg,LDL,HDL,TotChol,Triglyc,BUN,AlbCreatRat_mggNew,UnitsInsBasalOrLongAct,BGTestAvgNumMeter,BGTestAvgNumPtRep,TSH,HbA1c,AutonomicNeuroCl,Pt_InsGov,NumPumpBolusOrShortAct,HbA1cImputeDtMnC,Pt_SHFlg,Pt_DKAFlg,bmi,bmiPerc,bmiZscore,GFR,diagAgeCombo,Pt_A1cGoalLev,Pt_A1cGoalLevelDsYr5
25893,0.0,0.0,0.0,1.0,0.0,0.0,0.0,118.0,70.0,2.0,0.0,0.0,0.0,48,7.0,0.0,75.0,108.0,0.0,38.0,11.0,8.5,0.0,2.0,4.0,0.0,8.1,0.0,0.0,0.0,-0.39799999999999996,0.0,0.0,0.0,0.0,0.0,0.0,40.0,0.0,0.0
25893,0.0,0.0,0.0,1.0,0.0,0.0,0.0,100.0,64.0,6.0,64.3,161.5,0.0,49,8.0,0.0466562986,133.0,74.0,0.0,83.0,8.0,5.4,0.0,0.0,6.0,0.0,10.1,0.0,0.0,0.0,14.373,0.0,0.0,24.652781106,0.0,-0.352655238,0.0,40.0,7.0,0.0
25893,0.0,0.0,0.0,0.0,0.0,0.0,0.0,108.0,62.0,1.0,58.5,160.8,0.0,50,10.0,0.0,160.0,70.0,247.0,87.0,11.0,7.7,26.0,1.0,1.0,4.57,10.9,0.0,0.0,3.0,27.750999999999998,0.0,0.0,22.624749386999998,0.0,-0.6761741729999999,0.0,40.0,0.0,0.0
25893,0.0,0.0,0.0,0.0,0.0,0.0,0.0,112.0,62.0,2.0,54.4,160.0,0.0,51,10.0,0.0,125.0,73.0,221.0,113.0,14.0,3.1,26.0,2.0,2.0,0.129,10.0,0.0,0.0,0.0,39.501999999999995,0.0,0.0,21.25,0.0,-0.817548257,0.0,40.0,0.0,0.0
25893,0.0,0.0,0.0,0.0,0.0,0.0,0.0,134.0,68.0,0.0,58.4,160.0,0.0,52,11.0,0.0,92.0,67.0,187.0,139.0,11.0,1.9,28.0,0.0,0.0,0.7559999999999999,11.2,0.0,0.0,3.0,51.452,0.0,0.0,22.8125,0.0,-0.656866603,90.1,40.0,0.0,0.0
25893,0.0,0.0,0.0,0.0,0.0,0.0,0.0,120.0,60.0,1.0,62.0,162.0,1.0,54,13.0,0.0,197.0,94.0,292.0,121.0,10.0,7.5,12.0,1.0,4.0,6.49,10.6,0.0,0.0,0.0,67.618,0.0,0.0,23.624447493,0.0,-0.57336896,90.1,40.0,0.0,0.0
