PtID,Pt_CGMUseNumDays,Pt_FatherT1D,Pt_MotherT1D,Pt_SiblingT1D,Pt_ChildT1D,Pt_GrandchildT1D,Pt_GrandparentT1D,BldPrSys,BldPrDia,SMBGperDayPtMeterCombo,WeightKg,HeightCm,DirectLDL,age,diabDur,TotalDailyInsPerKg,LDL,HDL,TotChol,Triglyc,BUN,AlbCreatRat_mggNew,UnitsInsBasalOrLongAct,BGTestAvgNumMeter,BGTestAvgNumPtRep,TSH,HbA1c,AutonomicNeuroCl,Pt_InsGov,NumPumpBolusOrShortAct,HbA1cImputeDtMnC,Pt_SHFlg,Pt_DKAFlg,bmi,bmiPerc,bmiZscore,GFR,diagAgeCombo,Pt_A1cGoalLev,Pt_A1cGoalLevelDsYr5
25915,0.0,0.0,0.0,0.0,0.0,0.0,1.0,89.0,60.0,5.0,38.5,146.6,0.0,10,1.0,0.7532467531999999,0.0,0.0,175.0,0.0,12.0,0.0,0.0,0.0,5.0,0.0,9.3,0.0,1.0,0.0,0.0,0.0,0.0,17.914009034,0.7133509573000001,0.5632009068,0.0,8.0,0.0,0.0
25915,0.0,0.0,0.0,0.0,0.0,0.0,0.0,104.0,72.0,7.0,50.9,161.7,1.0,12,4.0,0.3536345776,146.0,78.0,231.0,90.0,9.0,13.4,0.0,0.0,7.0,3.0410000000000004,11.7,0.0,0.0,0.0,27.750999999999998,0.0,0.0,19.46694234,0.7312252033,0.616522702,0.0,8.0,0.0,0.0
25915,0.0,0.0,0.0,0.0,0.0,0.0,0.0,120.0,83.0,5.0,63.7,167.6,1.0,13,5.0,0.9419152276,131.0,62.0,228.0,415.0,0.0,13.4,0.0,0.0,5.0,5.518,12.3,0.0,0.0,0.0,39.27,0.0,0.0,22.677303046,0.8893113722,1.2228740913,0.0,8.0,0.0,0.0
25915,0.0,0.0,0.0,0.0,0.0,0.0,0.0,109.0,69.0,5.0,68.8,171.4,0.0,14,6.0,0.0,184.0,61.0,277.0,204.0,10.0,13.4,30.0,0.0,5.0,3.31,12.3,0.0,0.0,5.0,53.477,0.0,0.0,23.418916766,0.8857294206999999,1.2041252843999999,0.0,8.0,0.0,0.0
25915,0.0,0.0,0.0,0.0,0.0,0.0,0.0,119.0,80.0,3.0,64.3,172.1,1.0,15,7.0,0.0,166.0,57.0,287.0,572.0,7.0,13.4,26.0,3.0,5.0,1.22,14.7,0.0,0.0,0.0,62.705,0.0,0.0,21.709470561999996,0.7289896649,0.6097601992,0.0,8.0,0.0,0.0
25915,0.0,0.0,0.0,0.0,0.0,0.0,0.0,107.0,69.0,2.0,72.0,172.3,1.0,16,8.0,0.7638888889,135.0,60.0,217.0,161.0,3.0,0.0,25.0,2.0,5.0,1.22,12.7,0.0,0.0,0.0,75.78399999999999,0.0,0.0,24.252803136,0.8537071767000001,1.0524663385,0.0,8.0,0.0,0.0
