PtID,Pt_CGMUseNumDays,Pt_FatherT1D,Pt_MotherT1D,Pt_SiblingT1D,Pt_ChildT1D,Pt_GrandchildT1D,Pt_GrandparentT1D,BldPrSys,BldPrDia,SMBGperDayPtMeterCombo,WeightKg,HeightCm,DirectLDL,age,diabDur,TotalDailyInsPerKg,LDL,HDL,TotChol,Triglyc,BUN,AlbCreatRat_mggNew,UnitsInsBasalOrLongAct,BGTestAvgNumMeter,BGTestAvgNumPtRep,TSH,HbA1c,AutonomicNeuroCl,Pt_InsGov,NumPumpBolusOrShortAct,HbA1cImputeDtMnC,Pt_SHFlg,Pt_DKAFlg,bmi,bmiPerc,bmiZscore,GFR,diagAgeCombo,Pt_A1cGoalLev,Pt_A1cGoalLevelDsYr5
2591,0.0,0.0,0.0,0.0,0.0,0.0,1.0,124.0,70.0,4.0,67.5,169.6,0.0,16,10.0,1.1555555556000001,77.0,51.0,141.0,63.0,0.0,0.3,0.0,4.0,10.0,0.0,8.3,0.0,0.0,6.0,-3.6510000000000002,0.0,0.0,23.466703008000003,0.8083561733,0.8718546922,0.0,5.0,0.0,0.0
2591,0.0,0.0,0.0,1.0,0.0,0.0,1.0,123.0,82.0,5.0,67.6,171.2,0.0,17,11.0,0.9615384615000001,0.0,0.0,0.0,0.0,0.0,10.1,0.0,0.0,5.0,0.0,7.1,0.0,0.0,0.0,12.083,0.0,0.0,23.064241418,0.7188796604000001,0.5795165554,0.0,5.0,7.0,0.0
2591,0.0,0.0,0.0,0.0,0.0,0.0,0.0,132.0,75.0,4.0,66.2,171.45,0.0,18,12.0,0.7401812689,66.0,50.0,130.0,71.0,0.0,0.0,24.0,4.0,6.0,30.9,6.9,0.0,0.0,5.0,25.56,0.0,0.0,22.520758346999997,0.585433596,0.2158139063,0.0,5.0,0.0,0.0
2591,0.0,0.0,0.0,0.0,0.0,0.0,0.0,123.0,67.0,8.0,69.2,170.8,0.0,19,14.0,0.28901734100000004,0.0,0.0,0.0,0.0,0.0,0.0,18.0,0.0,8.0,2.95,6.8,0.0,0.0,0.0,38.34,0.0,0.0,23.720856254,0.6506543607999999,0.38708770659999997,0.0,5.0,0.0,0.0
2591,0.0,0.0,0.0,0.0,0.0,0.0,0.0,122.0,72.0,10.0,71.8,171.0,0.0,20,15.0,0.4874651811,70.0,80.0,160.0,49.0,0.0,0.0,17.0,10.0,10.0,2.85,6.3,0.0,0.0,0.0,51.585,0.0,0.0,24.554563796999997,0.6767788975,-0.403452435,0.0,5.0,0.0,0.0
2591,0.0,0.0,0.0,0.0,0.0,0.0,0.0,112.0,72.0,6.0,70.0,172.0,0.0,21,16.0,0.6,0.0,0.0,0.0,0.0,0.0,0.0,14.0,6.0,0.0,0.0,6.8,0.0,0.0,10.0,64.133,0.0,0.0,23.661438615,0.0,-0.579617073,0.0,5.0,0.0,0.0
