PtID,Pt_CGMUseNumDays,Pt_FatherT1D,Pt_MotherT1D,Pt_SiblingT1D,Pt_ChildT1D,Pt_GrandchildT1D,Pt_GrandparentT1D,BldPrSys,BldPrDia,SMBGperDayPtMeterCombo,WeightKg,HeightCm,DirectLDL,age,diabDur,TotalDailyInsPerKg,LDL,HDL,TotChol,Triglyc,BUN,AlbCreatRat_mggNew,UnitsInsBasalOrLongAct,BGTestAvgNumMeter,BGTestAvgNumPtRep,TSH,HbA1c,AutonomicNeuroCl,Pt_InsGov,NumPumpBolusOrShortAct,HbA1cImputeDtMnC,Pt_SHFlg,Pt_DKAFlg,bmi,bmiPerc,bmiZscore,GFR,diagAgeCombo,Pt_A1cGoalLev,Pt_A1cGoalLevelDsYr5
25924,0.0,0.0,0.0,0.0,0.0,0.0,0.0,102.0,51.0,5.0,80.7,175.9,0.0,22,8.0,1.0161090458,128.0,60.0,0.0,357.0,15.0,0.0,0.0,0.0,5.0,0.0,7.9,0.0,0.0,0.0,0.1,0.0,0.0,26.082057968,0.0,-0.09680605199999999,0.0,13.0,0.0,0.0
25924,0.0,0.0,0.0,0.0,0.0,0.0,0.0,113.0,71.0,0.0,0.0,0.0,0.0,23,9.0,0.0,133.0,52.0,209.0,120.0,0.0,2.7,0.0,0.0,0.0,0.0,7.9,0.0,0.0,4.0,12.647,0.0,0.0,0.0,0.0,0.0,0.0,13.0,0.0,0.0
25924,0.0,0.0,0.0,0.0,0.0,0.0,0.0,114.0,74.0,0.0,92.0,177.8,0.0,25,11.0,0.0,150.0,56.0,229.0,114.0,13.9,4.9,0.0,0.0,0.0,0.98,8.8,0.0,0.0,0.0,32.896,0.0,0.0,29.102099021,0.0,0.3104110179,0.0,13.0,0.0,0.0
25924,0.0,0.0,0.0,0.0,0.0,0.0,0.0,125.0,73.0,3.0,96.0,178.0,0.0,25,11.0,0.75,123.0,55.0,191.0,67.0,0.0,4.9,49.0,3.0,0.0,0.0,8.9,0.0,0.0,0.0,38.075,0.0,0.0,30.299204646,0.0,0.4718266532,111.0,13.0,0.0,0.0
25924,0.0,0.0,0.0,0.0,0.0,0.0,0.0,140.0,90.0,0.0,88.0,178.0,0.0,26,12.0,1.2159090909,0.0,0.0,0.0,0.0,0.0,4.9,52.0,0.0,0.0,0.0,8.7,0.0,0.0,0.0,50.589,0.0,0.0,27.774270925,0.0,0.1313689928,0.0,13.0,0.0,0.0
