PtID,Pt_CGMUseNumDays,Pt_FatherT1D,Pt_MotherT1D,Pt_SiblingT1D,Pt_ChildT1D,Pt_GrandchildT1D,Pt_GrandparentT1D,BldPrSys,BldPrDia,SMBGperDayPtMeterCombo,WeightKg,HeightCm,DirectLDL,age,diabDur,TotalDailyInsPerKg,LDL,HDL,TotChol,Triglyc,BUN,AlbCreatRat_mggNew,UnitsInsBasalOrLongAct,BGTestAvgNumMeter,BGTestAvgNumPtRep,TSH,HbA1c,AutonomicNeuroCl,Pt_InsGov,NumPumpBolusOrShortAct,HbA1cImputeDtMnC,Pt_SHFlg,Pt_DKAFlg,bmi,bmiPerc,bmiZscore,GFR,diagAgeCombo,Pt_A1cGoalLev,Pt_A1cGoalLevelDsYr5
25934,0.0,0.0,0.0,0.0,0.0,0.0,0.0,124.0,70.0,10.0,80.28584949,182.88,1.0,36,19.0,0.6103192569,72.0,0.0,0.0,0.0,0.0,9.9,0.0,0.0,10.0,0.0,6.1,0.0,0.0,7.0,0.0,0.0,0.0,24.005269211999998,0.0,-0.506587009,0.0,17.0,0.0,0.0
25934,0.0,0.0,0.0,0.0,0.0,0.0,0.0,124.0,66.0,8.0,0.0,0.0,1.0,37,20.0,0.0,81.0,53.0,0.0,129.0,0.0,0.0,21.0,0.0,8.0,0.0,6.1,0.0,0.0,0.0,18.224,0.0,0.0,0.0,0.0,0.0,0.0,17.0,0.0,0.0
25934,0.0,0.0,0.0,0.0,0.0,0.0,0.0,110.0,66.0,9.0,0.0,0.0,1.0,38,21.0,0.0,131.0,0.0,0.0,0.0,0.0,0.0,20.0,9.0,0.0,2.66,5.6,0.0,0.0,0.0,31.934,0.0,0.0,0.0,0.0,0.0,0.0,17.0,0.0,0.0
25934,0.0,0.0,0.0,0.0,0.0,0.0,0.0,118.0,72.0,6.0,80.240490253,182.88,1.0,39,22.0,0.5608141209,115.0,0.0,0.0,0.0,0.0,0.0,20.0,6.0,0.0,2.04,5.9,0.0,0.0,0.0,41.328,0.0,0.0,23.991706913,0.0,-0.5085529639999999,0.0,17.0,0.0,0.0
25934,0.0,0.0,0.0,0.0,0.0,0.0,0.0,104.0,62.0,8.0,83.0,184.0,1.0,40,23.0,0.6987951806999999,56.0,0.0,0.0,0.0,0.0,9.9,18.0,8.0,8.0,2.04,6.4,0.0,0.0,0.0,58.988,0.0,0.0,24.515595463,0.0,-0.558488151,0.0,17.0,0.0,0.0
25934,0.0,0.0,0.0,0.0,0.0,0.0,0.0,100.0,62.0,9.0,84.9,183.5,1.0,42,25.0,0.7302709069,66.0,0.0,0.0,0.0,8.0,0.0,18.4,9.0,0.0,2.1,6.4,0.0,0.0,0.0,72.0,0.0,0.0,25.213640312,0.0,-0.458125335,0.0,17.0,0.0,0.0
