PtID,Pt_CGMUseNumDays,Pt_FatherT1D,Pt_MotherT1D,Pt_SiblingT1D,Pt_ChildT1D,Pt_GrandchildT1D,Pt_GrandparentT1D,BldPrSys,BldPrDia,SMBGperDayPtMeterCombo,WeightKg,HeightCm,DirectLDL,age,diabDur,TotalDailyInsPerKg,LDL,HDL,TotChol,Triglyc,BUN,AlbCreatRat_mggNew,UnitsInsBasalOrLongAct,BGTestAvgNumMeter,BGTestAvgNumPtRep,TSH,HbA1c,AutonomicNeuroCl,Pt_InsGov,NumPumpBolusOrShortAct,HbA1cImputeDtMnC,Pt_SHFlg,Pt_DKAFlg,bmi,bmiPerc,bmiZscore,GFR,diagAgeCombo,Pt_A1cGoalLev,Pt_A1cGoalLevelDsYr5
25935,0.0,0.0,0.0,0.0,0.0,0.0,0.0,120.0,67.0,5.0,18.7,109.2,0.0,4,1.0,0.6417112299000001,0.0,0.0,0.0,0.0,0.0,0.0,0.0,0.0,5.0,0.0,8.8,0.0,1.0,0.0,0.0,0.0,0.0,15.681815132,0.6158185114,0.2945168664,0.0,3.0,0.0,0.0
25935,0.0,0.0,0.0,0.0,0.0,0.0,1.0,103.0,69.0,9.0,21.2,119.0,1.0,5,2.0,0.0,156.0,51.0,227.0,109.0,0.0,0.0,0.0,0.0,9.0,0.0,7.5,0.0,1.0,0.0,17.195,0.0,0.0,14.97069416,0.4413185925,-0.14762695,0.0,3.0,7.0,0.0
25935,0.0,0.0,0.0,0.0,0.0,0.0,0.0,96.0,67.0,9.0,22.5,125.3,1.0,6,3.0,0.7555555556,133.0,47.0,199.0,172.0,0.0,29.1,7.0,9.0,0.0,2.184,8.5,0.0,0.0,0.0,29.743000000000002,0.0,0.0,14.331128038,0.24082620579999997,-0.703647357,0.0,3.0,0.0,0.0
25935,0.0,0.0,0.0,0.0,0.0,0.0,0.0,95.0,65.0,7.0,25.5,130.4,1.0,7,4.0,0.9803921568999999,136.0,58.0,204.0,116.0,0.0,29.1,8.0,0.0,7.0,2.095,8.1,0.0,0.0,0.0,42.224,0.0,0.0,14.99633031,0.3855332299,-0.29098020399999996,0.0,3.0,0.0,0.0
25935,0.0,0.0,0.0,0.0,0.0,0.0,0.0,113.0,74.0,5.0,30.4,137.9,1.0,9,5.0,0.8552631579000001,144.0,59.0,216.0,94.0,0.0,29.1,11.0,5.0,5.0,1.9,0.0,0.0,0.0,5.0,0.0,0.0,0.0,15.986192978,0.4411286495,-0.1481083,0.0,3.0,0.0,0.0
25935,0.0,0.0,0.0,0.0,0.0,0.0,0.0,98.0,62.0,6.0,34.9,144.1,0.0,9,6.0,0.9169054441,34.0,57.0,216.0,170.0,0.0,29.1,7.0,6.0,8.0,1.65,0.0,0.0,1.0,6.0,0.0,0.0,0.0,16.807281165,0.5943000117,0.2386203595,0.0,3.0,0.0,0.0
