PtID,Pt_CGMUseNumDays,Pt_FatherT1D,Pt_MotherT1D,Pt_SiblingT1D,Pt_ChildT1D,Pt_GrandchildT1D,Pt_GrandparentT1D,BldPrSys,BldPrDia,SMBGperDayPtMeterCombo,WeightKg,HeightCm,DirectLDL,age,diabDur,TotalDailyInsPerKg,LDL,HDL,TotChol,Triglyc,BUN,AlbCreatRat_mggNew,UnitsInsBasalOrLongAct,BGTestAvgNumMeter,BGTestAvgNumPtRep,TSH,HbA1c,AutonomicNeuroCl,Pt_InsGov,NumPumpBolusOrShortAct,HbA1cImputeDtMnC,Pt_SHFlg,Pt_DKAFlg,bmi,bmiPerc,bmiZscore,GFR,diagAgeCombo,Pt_A1cGoalLev,Pt_A1cGoalLevelDsYr5
25959,24.0,0.0,0.0,0.0,0.0,0.0,0.0,102.0,58.0,4.0,0.0,0.0,0.0,69,54.0,0.0,58.0,80.0,145.0,33.0,25.0,79.3,0.0,4.0,8.0,0.0,7.9,0.0,1.0,0.0,0.498,0.0,0.0,0.0,0.0,0.0,0.0,15.0,0.0,0.0
25959,1.0,0.0,0.0,0.0,0.0,0.0,0.0,124.0,64.0,7.0,0.0,0.0,0.0,71,56.0,0.0,68.0,93.0,164.0,16.0,29.0,147.7,0.0,0.0,7.0,0.0,8.2,0.0,1.0,0.0,21.71,0.0,0.0,0.0,0.0,0.0,0.0,15.0,7.2,0.0
25959,0.0,0.0,0.0,0.0,0.0,0.0,0.0,128.0,70.0,0.0,0.0,0.0,0.0,72,57.0,0.0,80.0,91.0,179.0,39.0,28.0,317.9,32.0,0.0,0.0,0.0,7.1,0.0,0.0,0.0,31.801,0.0,0.0,0.0,0.0,0.0,0.0,15.0,0.0,0.0
25959,0.0,0.0,0.0,0.0,0.0,0.0,0.0,135.0,67.0,6.0,72.5747792,181.61,0.0,73,58.0,0.5787134382,0.0,0.0,0.0,0.0,24.0,190.0,10.0,6.0,0.0,0.0,6.4,0.0,0.0,33.0,45.012,0.0,0.0,22.00423155,0.0,-1.40118259,0.0,15.0,0.0,0.0
25959,0.0,0.0,0.0,0.0,0.0,0.0,0.0,125.0,65.0,5.0,0.0,0.0,0.0,74,59.0,0.0,57.0,84.0,151.0,48.0,25.0,261.0,10.0,5.0,5.0,0.0,7.1,0.0,1.0,24.0,57.195,1.0,0.0,0.0,0.0,0.0,0.0,15.0,0.0,0.0
25959,0.0,0.0,0.0,0.0,0.0,0.0,0.0,137.0,72.0,3.0,0.0,0.0,0.0,75,60.0,0.0,68.0,93.0,175.0,68.0,26.0,261.0,10.0,3.0,0.0,1.215,6.8,0.0,0.0,5.0,69.411,0.0,0.0,0.0,0.0,0.0,0.0,15.0,0.0,0.0
