PtID,Pt_CGMUseNumDays,Pt_FatherT1D,Pt_MotherT1D,Pt_SiblingT1D,Pt_ChildT1D,Pt_GrandchildT1D,Pt_GrandparentT1D,BldPrSys,BldPrDia,SMBGperDayPtMeterCombo,WeightKg,HeightCm,DirectLDL,age,diabDur,TotalDailyInsPerKg,LDL,HDL,TotChol,Triglyc,BUN,AlbCreatRat_mggNew,UnitsInsBasalOrLongAct,BGTestAvgNumMeter,BGTestAvgNumPtRep,TSH,HbA1c,AutonomicNeuroCl,Pt_InsGov,NumPumpBolusOrShortAct,HbA1cImputeDtMnC,Pt_SHFlg,Pt_DKAFlg,bmi,bmiPerc,bmiZscore,GFR,diagAgeCombo,Pt_A1cGoalLev,Pt_A1cGoalLevelDsYr5
25999,0.0,0.0,0.0,0.0,0.0,0.0,1.0,90.0,56.0,5.0,25.6,129.3,0.0,6,0.0,0.2734375,0.0,0.0,0.0,0.0,0.0,0.0,0.0,5.0,6.0,0.0,8.2,0.0,0.0,0.0,-0.166,0.0,0.0,15.312387662,0.4780621749,-0.055017715999999994,0.0,5.0,0.0,0.0
25999,0.0,0.0,0.0,0.0,0.0,0.0,1.0,112.0,71.0,11.0,30.8,139.3,0.0,8,2.0,0.0,0.0,0.0,0.0,0.0,12.0,0.0,0.0,11.0,8.0,0.0,8.8,0.0,0.0,12.0,21.776,0.0,0.0,15.872615049,0.5254813393,0.0639157372,0.0,5.0,7.5,0.0
25999,0.0,0.0,0.0,0.0,0.0,0.0,0.0,100.0,59.0,6.0,34.5,145.5,0.0,9,3.0,0.7246376812,0.0,0.0,0.0,0.0,0.0,0.0,12.0,6.0,6.0,0.0,8.4,0.0,0.0,0.0,36.88,0.0,0.0,16.29645375,0.532063793,0.0804587355,0.0,5.0,0.0,0.0
25999,0.0,0.0,0.0,0.0,0.0,0.0,0.0,102.0,54.0,12.0,40.1,151.3,0.0,10,4.0,0.6733167081999999,0.0,0.0,0.0,0.0,13.0,0.0,13.0,12.0,0.0,2.38,9.0,0.0,0.0,20.0,48.797,0.0,0.0,17.517273736,0.6577816576,0.406416382,0.0,5.0,0.0,0.0
25999,0.0,0.0,0.0,0.0,0.0,0.0,0.0,110.0,65.0,12.0,44.1,157.3,0.0,11,5.0,0.7256235828,0.0,0.0,0.0,0.0,0.0,0.0,19.0,12.0,2.0,0.0,9.0,0.0,0.0,14.0,59.286,0.0,0.0,17.823013835,0.6096855327,0.2784995185,0.0,5.0,0.0,0.0
25999,0.0,0.0,0.0,0.0,0.0,0.0,0.0,106.0,59.0,8.0,59.3,175.0,0.0,12,7.0,1.0118043845,0.0,0.0,0.0,0.0,8.0,0.0,36.0,8.0,0.0,0.0,8.2,0.0,0.0,0.0,79.635,0.0,0.0,19.363265306,0.7202862940000001,0.5836922059,0.0,5.0,0.0,0.0
