PtID,Pt_CGMUseNumDays,Pt_FatherT1D,Pt_MotherT1D,Pt_SiblingT1D,Pt_ChildT1D,Pt_GrandchildT1D,Pt_GrandparentT1D,BldPrSys,BldPrDia,SMBGperDayPtMeterCombo,WeightKg,HeightCm,DirectLDL,age,diabDur,TotalDailyInsPerKg,LDL,HDL,TotChol,Triglyc,BUN,AlbCreatRat_mggNew,UnitsInsBasalOrLongAct,BGTestAvgNumMeter,BGTestAvgNumPtRep,TSH,HbA1c,AutonomicNeuroCl,Pt_InsGov,NumPumpBolusOrShortAct,HbA1cImputeDtMnC,Pt_SHFlg,Pt_DKAFlg,bmi,bmiPerc,bmiZscore,GFR,diagAgeCombo,Pt_A1cGoalLev,Pt_A1cGoalLevelDsYr5
26013,0.0,0.0,0.0,0.0,0.0,0.0,0.0,110.0,52.0,5.0,52.5,166.9,0.0,13,2.0,1.1619047619,91.0,70.0,0.0,83.0,13.0,0.0,0.0,0.0,5.0,0.0,7.3,0.0,0.0,0.0,0.0,0.0,0.0,18.847190925,0.5191750976,0.048083363600000005,0.0,10.0,0.0,0.0
26013,0.0,0.0,0.0,0.0,0.0,0.0,0.0,135.0,56.0,5.0,58.0,169.0,0.0,13,3.0,0.8620689655,106.0,72.0,0.0,118.0,11.0,0.0,0.0,0.0,5.0,0.0,7.7,0.0,0.0,0.0,11.618,0.0,0.0,20.307412205,0.6923317484,0.5024706354,0.0,10.0,6.0,0.0
26013,0.0,0.0,0.0,0.0,0.0,0.0,0.0,106.0,55.0,0.0,58.51341573,170.18,0.0,15,4.0,0.0,96.0,69.0,0.0,116.0,15.0,0.0,0.0,0.0,0.0,0.094,7.5,0.0,0.0,0.0,24.863000000000003,0.0,0.0,20.204048957999998,0.5385463711999999,0.09677225519999999,0.0,10.0,0.0,0.0
26013,0.0,0.0,0.0,0.0,0.0,0.0,0.0,116.0,77.0,4.0,54.4310844,154.94,0.0,16,5.0,0.0,117.0,57.0,0.0,156.0,14.0,0.0,0.0,4.0,0.0,3.19,7.9,0.0,0.0,0.0,36.714,0.0,0.0,22.673568814,0.7344192449,0.6262339377,0.0,10.0,0.0,0.0
26013,0.0,0.0,0.0,0.0,0.0,0.0,0.0,121.0,64.0,5.0,68.03885550000001,170.18,0.0,16,6.0,0.0,117.0,54.0,0.0,146.0,12.0,0.0,0.0,5.0,0.0,1.33,8.1,0.0,0.0,0.0,47.071000000000005,0.0,0.0,23.493080184,0.7911026988,0.8102533126000001,0.0,10.0,0.0,0.0
26013,0.0,0.0,0.0,0.0,0.0,0.0,0.0,128.0,65.0,4.0,72.8,172.2,0.0,18,7.0,0.8241758242,108.0,78.0,197.0,67.0,0.0,5.9,23.0,4.0,4.0,0.98,10.3,0.0,0.0,0.0,64.033,0.0,0.0,24.550768156,0.7971851361,0.8316089159000001,0.0,10.0,0.0,0.0
