PtID,Pt_CGMUseNumDays,Pt_FatherT1D,Pt_MotherT1D,Pt_SiblingT1D,Pt_ChildT1D,Pt_GrandchildT1D,Pt_GrandparentT1D,BldPrSys,BldPrDia,SMBGperDayPtMeterCombo,WeightKg,HeightCm,DirectLDL,age,diabDur,TotalDailyInsPerKg,LDL,HDL,TotChol,Triglyc,BUN,AlbCreatRat_mggNew,UnitsInsBasalOrLongAct,BGTestAvgNumMeter,BGTestAvgNumPtRep,TSH,HbA1c,AutonomicNeuroCl,Pt_InsGov,NumPumpBolusOrShortAct,HbA1cImputeDtMnC,Pt_SHFlg,Pt_DKAFlg,bmi,bmiPerc,bmiZscore,GFR,diagAgeCombo,Pt_A1cGoalLev,Pt_A1cGoalLevelDsYr5
26012,0.0,0.0,0.0,0.0,0.0,0.0,0.0,76.0,55.0,11.0,22.2,116.9,0.0,5,0.0,0.3153153153,0.0,0.0,0.0,0.0,19.0,0.0,0.0,11.0,10.0,0.0,6.7,0.0,0.0,6.0,0.0,0.0,0.0,16.245158467,0.7700079047,0.7388728818000001,0.0,5.0,0.0,0.0
26012,0.0,0.0,0.0,0.0,0.0,0.0,0.0,84.0,49.0,13.0,25.4,121.0,0.0,6,1.0,0.5905511811,0.0,0.0,0.0,0.0,0.0,0.0,0.0,13.0,12.0,0.0,6.2,0.0,0.0,0.0,10.921,0.0,0.0,17.348541766,0.8743793509000001,1.1473395889,0.0,5.0,7.0,0.0
26012,0.0,0.0,0.0,0.0,0.0,0.0,0.0,108.0,60.0,0.0,29.3,128.2,0.0,7,2.0,0.7849829352,0.0,0.0,0.0,0.0,0.0,0.0,14.0,0.0,0.0,0.0,7.2,0.0,0.0,0.0,23.237,0.0,0.0,17.827546175,0.8682706357,1.1182535282,0.0,5.0,0.0,0.0
26012,0.0,0.0,0.0,0.0,0.0,0.0,0.0,106.0,58.0,0.0,29.8,130.4,0.0,8,2.0,0.7046979865999999,0.0,0.0,0.0,0.0,0.0,0.0,13.0,0.0,0.0,0.0,6.9,0.0,0.0,0.0,26.256999999999998,0.0,0.0,17.525123264,0.7804225201,0.7736209832,0.0,5.0,0.0,0.0
