PtID,Pt_CGMUseNumDays,Pt_FatherT1D,Pt_MotherT1D,Pt_SiblingT1D,Pt_ChildT1D,Pt_GrandchildT1D,Pt_GrandparentT1D,BldPrSys,BldPrDia,SMBGperDayPtMeterCombo,WeightKg,HeightCm,DirectLDL,age,diabDur,TotalDailyInsPerKg,LDL,HDL,TotChol,Triglyc,BUN,AlbCreatRat_mggNew,UnitsInsBasalOrLongAct,BGTestAvgNumMeter,BGTestAvgNumPtRep,TSH,HbA1c,AutonomicNeuroCl,Pt_InsGov,NumPumpBolusOrShortAct,HbA1cImputeDtMnC,Pt_SHFlg,Pt_DKAFlg,bmi,bmiPerc,bmiZscore,GFR,diagAgeCombo,Pt_A1cGoalLev,Pt_A1cGoalLevelDsYr5
2605,0.0,0.0,0.0,0.0,0.0,0.0,0.0,128.0,72.0,5.0,71.8,159.6,0.0,66,4.0,0.5431754875,78.0,50.0,0.0,118.0,22.0,31.3,0.0,5.0,10.0,0.0,9.5,0.0,1.0,0.0,-0.266,0.0,0.0,28.187637012,0.0,-0.175452203,0.0,62.0,0.0,0.0
2605,0.0,0.0,0.0,0.0,0.0,0.0,0.0,110.0,56.0,5.0,70.6,158.2,0.0,67,5.0,0.269121813,75.0,66.0,0.0,96.0,22.0,29.2,0.0,5.0,10.0,0.0,9.2,0.0,1.0,0.0,13.909,0.0,0.0,28.209263186999998,0.0,-0.17276567,0.0,62.0,7.5,0.0
2605,0.0,0.0,0.0,0.0,0.0,0.0,0.0,126.0,76.0,4.0,0.0,0.0,0.0,68,6.0,0.0,75.0,66.0,0.0,96.0,23.0,4.2,20.0,4.0,0.0,2.66,8.2,0.0,0.0,0.0,25.029,0.0,0.0,0.0,0.0,0.0,0.0,62.0,0.0,0.0
2605,0.0,0.0,0.0,0.0,0.0,0.0,0.0,102.0,58.0,11.0,56.9,157.8,0.0,69,7.0,0.0,58.0,43.0,0.0,84.0,24.0,4.2,19.0,0.0,11.0,1.67,9.9,0.0,0.0,0.0,38.141,0.0,0.0,22.850634758,0.0,-0.838446638,0.0,62.0,0.0,0.0
2605,0.0,0.0,0.0,0.0,0.0,0.0,0.0,124.0,70.0,3.0,60.2,156.8,0.0,70,8.0,0.0,82.0,51.0,156.0,116.0,25.0,4.2,20.0,3.0,10.0,0.6829999999999999,9.8,0.0,0.0,0.0,52.083,0.0,0.0,24.485240525,0.0,-0.559047466,71.0,62.0,0.0,0.0
2605,0.0,0.0,0.0,0.0,0.0,0.0,0.0,122.0,72.0,3.0,62.1,158.1,0.0,71,9.0,0.0,164.0,70.0,266.0,158.0,15.0,0.0,20.0,3.0,10.0,1.42,9.7,0.0,0.0,0.0,64.863,0.0,0.0,24.84436267,0.0,-0.501926538,85.0,62.0,0.0,0.0
2605,0.0,0.0,0.0,0.0,0.0,0.0,0.0,122.0,68.0,2.0,60.0,157.0,0.0,72,10.0,0.0,0.0,0.0,0.0,0.0,19.0,0.0,22.0,2.0,10.0,0.0,10.1,0.0,1.0,0.0,67.65100000000001,0.0,0.0,24.341758285999997,0.0,-0.581869336,104.5,62.0,0.0,0.0
2605,0.0,0.0,0.0,0.0,0.0,0.0,0.0,92.0,52.0,2.0,57.5,157.0,0.0,73,11.0,0.0,96.0,47.0,174.0,155.0,40.0,6.1,22.0,2.0,0.0,1.25,9.9,0.0,0.0,0.0,81.062,0.0,0.0,23.327518358000003,0.0,-0.743191402,44.0,62.0,0.0,0.0
