PtID,Pt_CGMUseNumDays,Pt_FatherT1D,Pt_MotherT1D,Pt_SiblingT1D,Pt_ChildT1D,Pt_GrandchildT1D,Pt_GrandparentT1D,BldPrSys,BldPrDia,SMBGperDayPtMeterCombo,WeightKg,HeightCm,DirectLDL,age,diabDur,TotalDailyInsPerKg,LDL,HDL,TotChol,Triglyc,BUN,AlbCreatRat_mggNew,UnitsInsBasalOrLongAct,BGTestAvgNumMeter,BGTestAvgNumPtRep,TSH,HbA1c,AutonomicNeuroCl,Pt_InsGov,NumPumpBolusOrShortAct,HbA1cImputeDtMnC,Pt_SHFlg,Pt_DKAFlg,bmi,bmiPerc,bmiZscore,GFR,diagAgeCombo,Pt_A1cGoalLev,Pt_A1cGoalLevelDsYr5
26324,30.0,0.0,0.0,0.0,0.0,0.0,0.0,118.0,63.0,12.0,13.2,91.9,0.0,2,1.0,0.0,0.0,0.0,0.0,0.0,3.0,0.0,3.0,12.0,10.0,1.64,6.9,0.0,0.0,10.0,0.0,0.0,0.0,15.629421676,0.2761595114,-0.594288719,0.0,1.0,7.5,0.0
26324,0.0,0.0,0.0,0.0,0.0,0.0,0.0,119.0,61.0,10.0,16.4,99.3,0.0,3,2.0,0.6097560975999999,0.0,0.0,0.0,0.0,0.0,0.0,3.0,10.0,0.0,0.0,7.2,0.0,0.0,17.0,11.419,0.0,0.0,16.632033499000002,0.7500853538,0.6747583714000001,0.0,0.0,0.0,0.0
26324,0.0,0.0,0.0,0.0,0.0,0.0,0.0,94.0,68.0,10.0,17.5,105.6,0.0,4,3.0,0.7428571429,0.0,0.0,0.0,0.0,9.0,0.0,4.0,10.0,0.0,0.0,6.7,0.0,0.0,19.0,21.909000000000002,0.0,0.0,15.693153122,0.6190804911,0.30306671739999996,0.0,0.0,0.0,0.0
26324,0.0,0.0,0.0,0.0,0.0,0.0,0.0,115.0,85.0,6.0,20.2,111.2,0.0,5,3.0,0.7821782178,0.0,0.0,0.0,0.0,0.0,0.0,5.5,6.0,0.0,1.94,7.3,0.0,0.0,13.0,31.668000000000003,0.0,0.0,16.335852182,0.785502184,0.7909115089000001,0.0,0.0,0.0,0.0
