PtID,Pt_CGMUseNumDays,Pt_FatherT1D,Pt_MotherT1D,Pt_SiblingT1D,Pt_ChildT1D,Pt_GrandchildT1D,Pt_GrandparentT1D,BldPrSys,BldPrDia,SMBGperDayPtMeterCombo,WeightKg,HeightCm,DirectLDL,age,diabDur,TotalDailyInsPerKg,LDL,HDL,TotChol,Triglyc,BUN,AlbCreatRat_mggNew,UnitsInsBasalOrLongAct,BGTestAvgNumMeter,BGTestAvgNumPtRep,TSH,HbA1c,AutonomicNeuroCl,Pt_InsGov,NumPumpBolusOrShortAct,HbA1cImputeDtMnC,Pt_SHFlg,Pt_DKAFlg,bmi,bmiPerc,bmiZscore,GFR,diagAgeCombo,Pt_A1cGoalLev,Pt_A1cGoalLevelDsYr5
26390,30.0,0.0,0.0,0.0,0.0,0.0,0.0,97.0,54.0,16.0,17.5,104.9,0.0,4,0.0,0.0,0.0,0.0,0.0,0.0,12.0,0.0,0.0,16.0,0.0,4.03,6.9,0.0,0.0,0.0,0.0,0.0,0.0,15.903293435999998,0.6762246287,0.4571673799,0.0,4.0,5.9,0.0
26390,0.0,0.0,0.0,0.0,0.0,0.0,0.0,102.0,69.0,13.0,20.1,109.1,0.0,5,1.0,0.6965174129,87.0,54.0,156.0,82.0,21.0,8.8,4.0,13.0,0.0,4.29,6.4,0.0,0.0,10.0,11.552,0.0,0.0,16.886768755,0.8602907320000001,1.0816264741,0.0,0.0,0.0,0.0
26390,0.0,0.0,0.0,0.0,0.0,0.0,0.0,101.0,69.0,15.0,21.3,113.1,0.0,6,2.0,0.8450704225,59.0,45.0,0.0,103.0,16.0,0.0,5.0,15.0,0.0,1.78,6.2,0.0,0.0,11.0,17.859,0.0,0.0,16.651539564,0.7996635101999999,0.8404199279000001,0.0,0.0,0.0,0.0
26390,0.0,0.0,0.0,0.0,0.0,0.0,0.0,95.0,59.0,11.0,25.8,121.0,0.0,7,3.0,0.7635658915000001,73.0,48.0,0.0,91.0,15.0,0.0,6.9,11.0,0.0,1.15,6.6,0.0,0.0,9.0,31.136999999999997,0.0,0.0,17.621747148,0.851851204,1.0444059931999998,0.0,0.0,0.0,0.0
