PtID,Pt_CGMUseNumDays,Pt_FatherT1D,Pt_MotherT1D,Pt_SiblingT1D,Pt_ChildT1D,Pt_GrandchildT1D,Pt_GrandparentT1D,BldPrSys,BldPrDia,SMBGperDayPtMeterCombo,WeightKg,HeightCm,DirectLDL,age,diabDur,TotalDailyInsPerKg,LDL,HDL,TotChol,Triglyc,BUN,AlbCreatRat_mggNew,UnitsInsBasalOrLongAct,BGTestAvgNumMeter,BGTestAvgNumPtRep,TSH,HbA1c,AutonomicNeuroCl,Pt_InsGov,NumPumpBolusOrShortAct,HbA1cImputeDtMnC,Pt_SHFlg,Pt_DKAFlg,bmi,bmiPerc,bmiZscore,GFR,diagAgeCombo,Pt_A1cGoalLev,Pt_A1cGoalLevelDsYr5
2649,0.0,0.0,0.0,0.0,0.0,0.0,0.0,126.0,78.0,3.0,75.29633342,170.18,0.0,34,4.0,0.38514491590000005,190.0,61.0,0.0,58.0,22.0,0.0,0.0,0.0,3.0,0.0,8.4,0.0,0.0,0.0,0.0,0.0,0.0,25.999008736999997,0.0,-0.21757975699999998,0.0,30.0,0.0,0.0
2649,0.0,0.0,0.0,0.0,0.0,0.0,0.0,120.0,77.0,0.0,75.74992579,170.18,0.0,37,7.0,0.0,0.0,0.0,0.0,0.0,0.0,0.0,22.0,0.0,0.0,0.0,9.4,0.0,0.0,0.0,29.743000000000002,0.0,0.0,26.155629271,0.0,-0.194876455,0.0,30.0,0.0,0.0
2649,0.0,0.0,0.0,0.0,0.0,0.0,0.0,118.0,80.0,0.0,76.65711053,170.18,0.0,38,8.0,0.0,0.0,0.0,0.0,0.0,0.0,0.0,22.0,0.0,0.0,0.0,9.5,0.0,0.0,0.0,41.858999999999995,0.0,0.0,26.468870341,0.0,-0.149469851,0.0,30.0,0.0,0.0
2649,0.0,0.0,0.0,0.0,0.0,0.0,0.0,129.0,81.0,0.0,0.0,0.0,0.0,39,9.0,0.0,0.0,0.0,0.0,0.0,0.0,0.0,24.0,0.0,0.0,0.0,7.6,0.0,0.0,0.0,50.821999999999996,0.0,0.0,0.0,0.0,0.0,0.0,30.0,0.0,0.0
2649,0.0,0.0,0.0,0.0,0.0,0.0,0.0,132.0,86.0,3.0,83.5,170.2,0.0,40,10.0,0.0,0.0,0.0,0.0,0.0,0.0,0.0,30.0,0.0,3.0,0.0,7.5,0.0,0.0,0.0,66.954,0.0,0.0,28.824870443000002,0.0,0.0610866109,0.0,30.0,0.0,0.0
