PtID,Pt_CGMUseNumDays,Pt_FatherT1D,Pt_MotherT1D,Pt_SiblingT1D,Pt_ChildT1D,Pt_GrandchildT1D,Pt_GrandparentT1D,BldPrSys,BldPrDia,SMBGperDayPtMeterCombo,WeightKg,HeightCm,DirectLDL,age,diabDur,TotalDailyInsPerKg,LDL,HDL,TotChol,Triglyc,BUN,AlbCreatRat_mggNew,UnitsInsBasalOrLongAct,BGTestAvgNumMeter,BGTestAvgNumPtRep,TSH,HbA1c,AutonomicNeuroCl,Pt_InsGov,NumPumpBolusOrShortAct,HbA1cImputeDtMnC,Pt_SHFlg,Pt_DKAFlg,bmi,bmiPerc,bmiZscore,GFR,diagAgeCombo,Pt_A1cGoalLev,Pt_A1cGoalLevelDsYr5
2654,6.0,0.0,0.0,0.0,0.0,0.0,0.0,112.0,64.0,10.0,88.45051215,182.88,0.0,20,10.0,0.36178422509999997,0.0,0.0,0.0,0.0,0.0,0.0,0.0,0.0,10.0,0.0,7.0,0.0,0.0,0.0,-1.925,0.0,0.0,26.44648303,0.8202408625,-0.030280482999999997,0.0,10.0,0.0,0.0
2654,30.0,0.0,0.0,0.0,0.0,0.0,0.0,120.0,60.0,4.0,91.62565874,180.34,0.0,21,11.0,0.3383331746,0.0,0.0,0.0,0.0,20.0,5.0,0.0,0.0,4.0,0.0,6.4,0.0,0.0,0.0,15.302999999999999,0.0,0.0,28.172992479,0.0,0.31026518670000003,0.0,10.0,6.0,0.0
2654,0.0,0.0,0.0,0.0,0.0,0.0,0.0,124.0,68.0,6.0,89.81128926,182.88,1.0,22,12.0,0.33403373059999997,72.0,0.0,0.0,0.0,22.0,0.0,15.0,6.0,7.0,3.81,6.4,0.0,0.0,7.0,29.444000000000003,0.0,0.0,26.853352,0.0,0.0499724612,0.0,10.0,0.0,0.0
2654,0.0,0.0,0.0,0.0,0.0,0.0,0.0,110.0,68.0,4.0,90.718474,182.88,0.0,24,14.0,0.2535316015,0.0,0.0,0.0,0.0,18.0,0.0,16.0,4.0,4.0,3.04,7.3,0.0,0.0,4.0,49.626999999999995,0.0,0.0,27.12459798,0.0,0.1034744237,0.0,10.0,0.0,0.0
2654,0.0,0.0,0.0,0.0,0.0,0.0,0.0,129.0,66.0,2.0,92.53284348,182.88,0.0,24,14.0,0.0,0.0,0.0,0.0,0.0,0.0,0.0,0.0,2.0,2.0,0.0,6.9,0.0,0.0,0.0,54.705,0.0,0.0,27.66708994,0.0,0.2104783486,0.0,10.0,0.0,0.0
