PtID,Pt_CGMUseNumDays,Pt_FatherT1D,Pt_MotherT1D,Pt_SiblingT1D,Pt_ChildT1D,Pt_GrandchildT1D,Pt_GrandparentT1D,BldPrSys,BldPrDia,SMBGperDayPtMeterCombo,WeightKg,HeightCm,DirectLDL,age,diabDur,TotalDailyInsPerKg,LDL,HDL,TotChol,Triglyc,BUN,AlbCreatRat_mggNew,UnitsInsBasalOrLongAct,BGTestAvgNumMeter,BGTestAvgNumPtRep,TSH,HbA1c,AutonomicNeuroCl,Pt_InsGov,NumPumpBolusOrShortAct,HbA1cImputeDtMnC,Pt_SHFlg,Pt_DKAFlg,bmi,bmiPerc,bmiZscore,GFR,diagAgeCombo,Pt_A1cGoalLev,Pt_A1cGoalLevelDsYr5
266,0.0,0.0,0.0,0.0,0.0,0.0,0.0,125.0,58.0,7.0,88.04227901700001,177.292,0.0,66,44.0,0.7382816611,66.0,40.0,125.0,91.0,19.0,13.0,0.0,7.0,11.0,0.0,6.7,0.0,1.0,6.0,0.0,1.0,0.0,28.009992818,0.0,-0.16965602899999999,0.0,22.0,0.0,0.0
266,0.0,0.0,0.0,0.0,0.0,0.0,0.0,146.0,65.0,11.0,89.130900705,177.292,0.0,67,45.0,0.5609726773,91.0,49.0,158.0,87.0,23.0,33.0,0.0,11.0,11.0,0.0,6.5,0.0,1.0,4.0,10.921,0.0,0.0,28.356329669,0.0,-0.103636185,0.0,22.0,6.5,0.0
266,0.0,0.0,0.0,0.0,0.0,0.0,0.0,131.0,61.0,0.0,90.1,177.8,0.0,69,47.0,0.0,95.0,53.0,0.0,122.0,20.0,20.0,24.0,0.0,0.0,0.06,6.7,0.0,0.0,0.0,29.278000000000002,0.0,0.0,28.50107741,0.0,-0.076043906,0.0,22.0,0.0,0.0
266,0.0,0.0,0.0,0.0,0.0,0.0,0.0,148.0,66.0,5.0,0.0,0.0,0.0,70,48.0,0.0,83.0,48.0,156.0,124.0,26.0,35.0,25.0,5.0,0.0,0.85,7.0,0.0,0.0,0.0,41.361000000000004,0.0,0.0,0.0,0.0,0.0,0.0,22.0,0.0,0.0
266,0.0,0.0,0.0,0.0,0.0,0.0,0.0,123.0,56.0,0.0,92.6,177.8,0.0,71,49.0,0.7019438445,78.0,50.0,147.0,94.0,20.0,27.0,25.0,0.0,0.0,1.06,6.7,0.0,0.0,40.0,50.722,0.0,0.0,29.291895318,0.0,0.3916128306,0.0,22.0,0.0,0.0
266,0.0,0.0,0.0,0.0,0.0,0.0,0.0,145.0,65.0,4.0,0.0,0.0,0.0,71,49.0,0.0,0.0,0.0,0.0,0.0,0.0,39.0,26.0,4.0,4.0,0.81,7.0,0.0,0.0,5.0,60.183,0.0,0.0,0.0,0.0,0.0,0.0,22.0,0.0,0.0
266,0.0,0.0,0.0,0.0,0.0,0.0,0.0,125.0,60.0,10.0,95.3,177.8,0.0,72,50.0,0.7450157398,69.0,54.0,0.0,126.0,0.0,39.0,27.0,10.0,0.0,15.38,7.3,0.0,0.0,10.0,69.71,0.0,0.0,30.145978659,0.0,0.601720864,0.0,22.0,0.0,0.0
266,30.0,0.0,0.0,0.0,0.0,0.0,0.0,137.0,61.0,5.0,0.0,0.0,0.0,73,51.0,0.0,58.0,47.0,122.0,89.0,22.0,114.0,27.9,5.0,12.0,15.37,7.0,0.0,1.0,0.0,79.469,0.0,0.0,0.0,0.0,0.0,0.0,22.0,0.0,0.0
