PtID,Pt_CGMUseNumDays,Pt_FatherT1D,Pt_MotherT1D,Pt_SiblingT1D,Pt_ChildT1D,Pt_GrandchildT1D,Pt_GrandparentT1D,BldPrSys,BldPrDia,SMBGperDayPtMeterCombo,WeightKg,HeightCm,DirectLDL,age,diabDur,TotalDailyInsPerKg,LDL,HDL,TotChol,Triglyc,BUN,AlbCreatRat_mggNew,UnitsInsBasalOrLongAct,BGTestAvgNumMeter,BGTestAvgNumPtRep,TSH,HbA1c,AutonomicNeuroCl,Pt_InsGov,NumPumpBolusOrShortAct,HbA1cImputeDtMnC,Pt_SHFlg,Pt_DKAFlg,bmi,bmiPerc,bmiZscore,GFR,diagAgeCombo,Pt_A1cGoalLev,Pt_A1cGoalLevelDsYr5
26851,0.0,0.0,0.0,0.0,0.0,0.0,0.0,107.0,67.0,6.0,61.6,169.5,1.0,14,0.0,0.0,68.0,46.0,132.0,88.0,16.0,0.0,0.0,0.0,6.0,1.114,7.8,0.0,0.0,6.0,0.19899999999999998,0.0,0.0,21.440815865,0.7718476966,0.7449456003,0.0,0.0,0.0,0.0
26851,0.0,0.0,0.0,0.0,0.0,0.0,0.0,130.0,70.0,0.0,72.3,175.5,0.0,15,1.0,0.0,0.0,0.0,0.0,0.0,0.0,0.0,19.0,0.0,0.0,0.0,6.2,0.0,0.0,0.0,13.311,0.0,0.0,23.47383544,0.8528096951999999,1.0485601397,0.0,0.0,0.0,0.0
26851,0.0,0.0,0.0,0.0,0.0,0.0,0.0,130.0,63.0,0.0,74.3,177.1,0.0,16,2.0,0.0,0.0,0.0,0.0,0.0,0.0,0.0,0.0,0.0,0.0,0.0,6.6,0.0,0.0,0.0,23.037,0.0,0.0,23.689270736999998,0.8224770701,0.9248463061,0.0,0.0,0.0,0.0
26851,0.0,0.0,0.0,0.0,0.0,0.0,0.0,131.0,65.0,6.0,76.2,178.2,0.0,17,2.0,0.0,73.0,54.0,136.0,46.0,0.0,0.0,34.0,6.0,0.0,0.843,6.6,0.0,0.0,0.0,33.260999999999996,0.0,0.0,23.996039709,0.7946691762,0.8227298304999999,0.0,0.0,0.0,0.0
