PtID,Pt_CGMUseNumDays,Pt_FatherT1D,Pt_MotherT1D,Pt_SiblingT1D,Pt_ChildT1D,Pt_GrandchildT1D,Pt_GrandparentT1D,BldPrSys,BldPrDia,SMBGperDayPtMeterCombo,WeightKg,HeightCm,DirectLDL,age,diabDur,TotalDailyInsPerKg,LDL,HDL,TotChol,Triglyc,BUN,AlbCreatRat_mggNew,UnitsInsBasalOrLongAct,BGTestAvgNumMeter,BGTestAvgNumPtRep,TSH,HbA1c,AutonomicNeuroCl,Pt_InsGov,NumPumpBolusOrShortAct,HbA1cImputeDtMnC,Pt_SHFlg,Pt_DKAFlg,bmi,bmiPerc,bmiZscore,GFR,diagAgeCombo,Pt_A1cGoalLev,Pt_A1cGoalLevelDsYr5
2691,0.0,0.0,0.0,0.0,0.0,0.0,0.0,121.0,83.0,5.0,72.4,167.4,0.0,39,14.0,0.6353591160000001,85.0,103.0,0.0,71.0,14.0,0.0,0.0,5.0,8.0,0.0,7.8,0.0,0.0,8.0,0.0,0.0,0.0,25.836141765,0.0,-0.236721777,0.0,25.0,0.0,0.0
2691,0.0,0.0,0.0,0.0,0.0,0.0,0.0,132.0,82.0,5.0,73.3,167.6,0.0,40,15.0,0.7094133697,77.0,114.0,0.0,139.0,16.0,0.0,0.0,5.0,8.0,0.0,7.9,0.0,0.0,7.0,12.083,0.0,0.0,26.094918575,0.0,-0.22381076600000002,0.0,25.0,6.5,0.0
2691,0.0,0.0,0.0,0.0,0.0,0.0,0.0,118.0,74.0,6.0,72.3,169.9,0.0,41,16.0,0.7745504840999999,93.0,117.0,238.0,139.0,12.0,0.0,19.0,6.0,6.0,2.09,7.8,0.0,0.0,8.0,25.56,0.0,0.0,25.046759147,0.0,-0.317456171,69.0,25.0,0.0,0.0
2691,0.0,0.0,0.0,0.0,0.0,0.0,0.0,104.0,72.0,5.0,70.8,167.5,0.0,42,17.0,0.7203389831,0.0,0.0,0.0,0.0,0.0,0.0,19.0,5.0,6.0,1.22,7.6,0.0,0.0,7.0,36.913000000000004,0.0,0.0,25.235018935,0.0,-0.300636532,0.0,25.0,0.0,0.0
2691,0.0,0.0,0.0,0.0,0.0,0.0,0.0,106.0,60.0,6.0,62.9,168.5,0.0,43,18.0,0.747217806,0.0,0.0,0.0,0.0,0.0,0.0,19.0,6.0,0.0,0.0,7.1,0.0,0.0,5.0,46.705,0.0,0.0,22.153932851,0.0,-0.575909116,0.0,25.0,0.0,0.0
2691,0.0,0.0,0.0,0.0,0.0,0.0,0.0,108.0,72.0,6.0,70.6,168.5,0.0,45,20.0,0.6728045326000001,99.0,128.0,253.0,132.0,18.0,0.0,18.5,6.0,8.0,1.865,7.4,0.0,0.0,5.0,66.22399999999999,0.0,0.0,24.86594053,0.0,-0.333610997,77.0,25.0,0.0,0.0
