PtID,Pt_CGMUseNumDays,Pt_FatherT1D,Pt_MotherT1D,Pt_SiblingT1D,Pt_ChildT1D,Pt_GrandchildT1D,Pt_GrandparentT1D,BldPrSys,BldPrDia,SMBGperDayPtMeterCombo,WeightKg,HeightCm,DirectLDL,age,diabDur,TotalDailyInsPerKg,LDL,HDL,TotChol,Triglyc,BUN,AlbCreatRat_mggNew,UnitsInsBasalOrLongAct,BGTestAvgNumMeter,BGTestAvgNumPtRep,TSH,HbA1c,AutonomicNeuroCl,Pt_InsGov,NumPumpBolusOrShortAct,HbA1cImputeDtMnC,Pt_SHFlg,Pt_DKAFlg,bmi,bmiPerc,bmiZscore,GFR,diagAgeCombo,Pt_A1cGoalLev,Pt_A1cGoalLevelDsYr5
2707,15.0,0.0,0.0,0.0,0.0,0.0,0.0,122.0,62.0,7.0,39.553254664,149.86,0.0,11,5.0,0.40451791229999995,0.0,0.0,0.0,0.0,14.0,38.0,0.0,0.0,7.0,0.0,8.3,0.0,0.0,7.0,0.0,0.0,0.0,17.612084845,0.5264923697999999,0.06645540559999999,0.0,5.0,0.0,0.0
2707,0.0,0.0,0.0,0.0,0.0,0.0,0.0,98.0,68.0,6.0,42.819119728000004,159.25799999999998,0.0,12,6.0,0.7473297023000001,0.0,0.0,0.0,0.0,0.0,0.0,0.0,0.0,6.0,0.0,8.2,0.0,0.0,0.0,13.245,0.0,0.0,16.882440195999997,0.31100328850000003,-0.493008506,0.0,5.0,7.5,0.0
2707,0.0,0.0,0.0,0.0,0.0,0.0,0.0,110.0,58.0,4.0,56.336172354,165.1,0.0,13,7.0,1.065035083,0.0,0.0,0.0,0.0,17.0,59.2,36.0,0.0,4.0,0.0,7.5,0.0,0.0,5.0,27.253,0.0,0.0,20.667749536,0.7258326381,0.6002573714,116.4,5.0,0.0,0.0
2707,0.0,0.0,0.0,0.0,0.0,0.0,0.0,118.0,68.0,3.0,63.04933943,172.21200000000002,0.0,14,8.0,0.8723326921,0.0,0.0,0.0,0.0,0.0,14.9,28.0,3.0,6.0,1.15,8.8,0.0,0.0,5.0,39.768,0.0,0.0,21.259532977,0.7170682998000001,0.5741542865,0.0,5.0,0.0,0.0
2707,0.0,0.0,0.0,0.0,0.0,0.0,0.0,108.0,54.0,0.0,64.86370891,172.72,0.0,15,9.0,0.7400131878,0.0,0.0,0.0,0.0,0.0,8.1,33.0,0.0,0.0,0.76,8.2,0.0,0.0,3.0,52.083,0.0,0.0,21.742852485,0.7041160365000001,0.5362758379,0.0,5.0,0.0,0.0
2707,1.0,0.0,0.0,0.0,0.0,0.0,0.0,100.0,62.0,6.0,66.950233812,169.418,0.0,16,10.0,0.7468233814,91.0,55.0,0.0,80.0,0.0,5.3,35.0,0.0,6.0,0.75,8.3,0.0,1.0,4.0,62.805,0.0,0.0,23.325609299,0.7806170936,0.7742790113,0.0,5.0,0.0,0.0
2707,0.0,0.0,0.0,0.0,0.0,0.0,0.0,108.0,56.0,0.0,69.218195662,171.196,0.0,17,11.0,0.7512475514,88.0,53.0,0.0,134.0,0.0,5.3,35.0,0.0,0.0,0.79,10.2,0.0,0.0,5.0,72.929,0.0,0.0,23.617452353,0.7665981245,0.7276893829000001,0.0,5.0,0.0,0.0
