PtID,Pt_CGMUseNumDays,Pt_FatherT1D,Pt_MotherT1D,Pt_SiblingT1D,Pt_ChildT1D,Pt_GrandchildT1D,Pt_GrandparentT1D,BldPrSys,BldPrDia,SMBGperDayPtMeterCombo,WeightKg,HeightCm,DirectLDL,age,diabDur,TotalDailyInsPerKg,LDL,HDL,TotChol,Triglyc,BUN,AlbCreatRat_mggNew,UnitsInsBasalOrLongAct,BGTestAvgNumMeter,BGTestAvgNumPtRep,TSH,HbA1c,AutonomicNeuroCl,Pt_InsGov,NumPumpBolusOrShortAct,HbA1cImputeDtMnC,Pt_SHFlg,Pt_DKAFlg,bmi,bmiPerc,bmiZscore,GFR,diagAgeCombo,Pt_A1cGoalLev,Pt_A1cGoalLevelDsYr5
271,0.0,0.0,0.0,0.0,0.0,0.0,0.0,90.0,64.0,10.0,22.2,120.6,0.0,6,0.0,0.0,0.0,0.0,0.0,0.0,0.0,0.0,0.0,10.0,0.0,0.0,8.4,0.0,0.0,0.0,9.56,0.0,0.0,15.26364859,0.46242588219999997,-0.09432402699999999,0.0,6.0,0.0,0.0
271,0.0,0.0,0.0,0.0,0.0,0.0,0.0,96.0,55.0,8.0,25.4,128.4,0.0,8,2.0,0.0,86.0,70.0,170.0,71.0,0.0,17.0,5.0,8.0,0.0,3.21,8.6,0.0,0.0,0.0,28.349,0.0,0.0,15.406488679,0.4062290125,-0.23725621800000002,0.0,6.0,0.0,0.0
271,0.0,0.0,0.0,0.0,0.0,0.0,0.0,80.0,61.0,9.0,27.7,133.0,0.0,9,3.0,0.0,0.0,0.0,0.0,0.0,0.0,17.0,6.0,9.0,0.0,2.24,8.1,0.0,0.0,0.0,39.071,0.0,0.0,15.659449375,0.3860378957,-0.28966074399999997,0.0,6.0,0.0,0.0
271,0.0,0.0,0.0,0.0,0.0,0.0,0.0,110.0,60.0,8.0,38.4,139.0,0.0,10,4.0,0.546875,0.0,0.0,0.0,0.0,0.0,17.0,5.0,8.0,0.0,0.0,7.2,0.0,0.0,8.0,52.481,0.0,0.0,19.874747684000003,0.880113329,1.1755535108,0.0,6.0,0.0,0.0
271,0.0,0.0,0.0,0.0,0.0,0.0,0.0,119.0,57.0,7.0,33.8,144.0,0.0,11,5.0,0.7100591716,100.0,76.0,189.0,63.0,0.0,8.0,6.0,7.0,8.0,2.3,7.5,0.0,1.0,10.0,65.527,0.0,0.0,16.300154320999997,0.3287095656,-0.443479241,0.0,6.0,0.0,0.0
271,0.0,0.0,0.0,0.0,0.0,0.0,0.0,113.0,60.0,5.0,36.6,149.0,0.0,12,6.0,0.7377049179999999,74.0,77.0,169.0,91.0,0.0,8.0,7.9,5.0,0.0,1.72,7.3,0.0,0.0,12.0,78.274,0.0,0.0,16.485743885,0.2620808233,-0.6369435,0.0,6.0,0.0,0.0
