PtID,Pt_CGMUseNumDays,Pt_FatherT1D,Pt_MotherT1D,Pt_SiblingT1D,Pt_ChildT1D,Pt_GrandchildT1D,Pt_GrandparentT1D,BldPrSys,BldPrDia,SMBGperDayPtMeterCombo,WeightKg,HeightCm,DirectLDL,age,diabDur,TotalDailyInsPerKg,LDL,HDL,TotChol,Triglyc,BUN,AlbCreatRat_mggNew,UnitsInsBasalOrLongAct,BGTestAvgNumMeter,BGTestAvgNumPtRep,TSH,HbA1c,AutonomicNeuroCl,Pt_InsGov,NumPumpBolusOrShortAct,HbA1cImputeDtMnC,Pt_SHFlg,Pt_DKAFlg,bmi,bmiPerc,bmiZscore,GFR,diagAgeCombo,Pt_A1cGoalLev,Pt_A1cGoalLevelDsYr5
27207,0.0,0.0,0.0,0.0,0.0,0.0,0.0,116.0,71.0,0.0,62.867902482,161.4,0.0,13,4.0,1.0021011917,54.0,66.0,0.0,93.0,11.0,7.0,36.0,0.0,0.0,1.44,8.3,0.0,0.0,27.0,-1.7590000000000001,0.0,0.0,24.133588874,0.9084225726,1.3311038122,0.0,0.0,0.0,0.0
27207,0.0,0.0,0.0,0.0,0.0,0.0,0.0,134.0,79.0,3.0,67.58526313,162.56,0.0,15,5.0,0.0,67.0,79.0,161.0,75.0,12.0,5.0,36.0,3.0,0.0,0.92,8.1,0.0,0.0,0.0,15.104000000000001,0.0,0.0,25.575529141999997,0.9038980678,1.3040871655,0.0,0.0,0.0,0.0
27207,0.0,0.0,0.0,0.0,0.0,0.0,0.0,128.0,78.0,3.0,69.9,164.0,0.0,16,7.0,0.686695279,0.0,0.0,0.0,0.0,0.0,18.0,33.0,3.0,0.0,0.0,7.9,0.0,0.0,0.0,31.469,0.0,0.0,25.988994646,0.8968784470000001,1.2639635613,0.0,0.0,0.0,0.0
27207,0.0,0.0,0.0,0.0,0.0,0.0,0.0,123.0,71.0,2.0,72.1,162.7,1.0,17,8.0,0.932038835,82.0,80.0,176.0,65.0,10.0,18.0,27.4,2.0,0.0,1.62,9.2,0.0,0.0,0.0,46.606,0.0,0.0,27.237055693000002,0.9128437837000001,1.3584768211000002,0.0,0.0,0.0,0.0
