PtID,Pt_CGMUseNumDays,Pt_FatherT1D,Pt_MotherT1D,Pt_SiblingT1D,Pt_ChildT1D,Pt_GrandchildT1D,Pt_GrandparentT1D,BldPrSys,BldPrDia,SMBGperDayPtMeterCombo,WeightKg,HeightCm,DirectLDL,age,diabDur,TotalDailyInsPerKg,LDL,HDL,TotChol,Triglyc,BUN,AlbCreatRat_mggNew,UnitsInsBasalOrLongAct,BGTestAvgNumMeter,BGTestAvgNumPtRep,TSH,HbA1c,AutonomicNeuroCl,Pt_InsGov,NumPumpBolusOrShortAct,HbA1cImputeDtMnC,Pt_SHFlg,Pt_DKAFlg,bmi,bmiPerc,bmiZscore,GFR,diagAgeCombo,Pt_A1cGoalLev,Pt_A1cGoalLevelDsYr5
27298,0.0,0.0,0.0,0.0,0.0,0.0,0.0,99.0,65.0,0.0,74.6,160.2,0.0,14,6.0,1.5013404825999999,86.0,51.0,0.0,50.0,18.0,11.2,38.0,0.0,0.0,1.05,8.0,0.0,0.0,9.0,8.531,0.0,0.0,29.067909807,0.9679999029,1.8521785056,0.0,0.0,0.0,0.0
27298,0.0,0.0,0.0,0.0,0.0,0.0,0.0,116.0,60.0,2.0,79.2,161.0,0.0,15,6.0,0.9722222222,0.0,0.0,0.0,0.0,0.0,10.7,40.0,2.0,0.0,0.0,8.7,0.0,0.0,5.0,18.755,0.0,0.0,30.55437676,0.9712838345999999,1.9000060117,0.0,0.0,0.0,0.0
27298,0.0,0.0,0.0,0.0,0.0,0.0,0.0,133.0,80.0,5.0,84.1,161.4,0.0,16,8.0,1.0225921521999999,100.0,46.0,189.0,215.0,0.0,10.7,44.0,5.0,0.0,1.26,8.9,0.0,0.0,4.0,31.967,0.0,0.0,32.28411867,0.9753014823999999,1.9651486501,0.0,0.0,0.0,0.0
27298,0.0,0.0,0.0,0.0,0.0,0.0,0.0,132.0,74.0,6.0,87.5,161.1,0.0,17,9.0,1.0937142857,0.0,0.0,0.0,0.0,0.0,28.4,55.9,6.0,0.0,0.0,7.8,0.0,0.0,0.0,45.477,0.0,0.0,33.714519322,0.977165561,1.9984409301,0.0,0.0,0.0,0.0
