PtID,Pt_CGMUseNumDays,Pt_FatherT1D,Pt_MotherT1D,Pt_SiblingT1D,Pt_ChildT1D,Pt_GrandchildT1D,Pt_GrandparentT1D,BldPrSys,BldPrDia,SMBGperDayPtMeterCombo,WeightKg,HeightCm,DirectLDL,age,diabDur,TotalDailyInsPerKg,LDL,HDL,TotChol,Triglyc,BUN,AlbCreatRat_mggNew,UnitsInsBasalOrLongAct,BGTestAvgNumMeter,BGTestAvgNumPtRep,TSH,HbA1c,AutonomicNeuroCl,Pt_InsGov,NumPumpBolusOrShortAct,HbA1cImputeDtMnC,Pt_SHFlg,Pt_DKAFlg,bmi,bmiPerc,bmiZscore,GFR,diagAgeCombo,Pt_A1cGoalLev,Pt_A1cGoalLevelDsYr5
2740,0.0,0.0,0.0,0.0,0.0,0.0,0.0,87.0,58.0,6.0,25.8,127.2,0.0,9,5.0,0.3488372093,96.0,38.0,195.0,303.0,0.0,9.0,0.0,0.0,6.0,0.0,9.2,0.0,1.0,0.0,0.0,0.0,0.0,15.94576955,0.4329365188,-0.168902875,0.0,3.0,0.0,0.0
2740,0.0,0.0,0.0,0.0,0.0,0.0,0.0,90.0,50.0,0.0,29.7,134.1,0.0,10,6.0,0.0,0.0,0.0,0.0,0.0,0.0,3.0,9.0,0.0,0.0,0.0,8.3,0.0,0.0,0.0,14.140999999999998,0.0,0.0,16.515772563,0.4426156685,-0.144340831,0.0,3.0,0.0,0.0
2740,0.0,0.0,0.0,0.0,0.0,0.0,0.0,107.0,57.0,0.0,33.8,137.3,0.0,11,7.0,0.0,0.0,0.0,0.0,0.0,0.0,10.0,17.0,0.0,0.0,0.0,8.7,0.0,0.0,0.0,23.237,0.0,0.0,17.929807456,0.5738926995,0.18629350460000002,0.0,3.0,0.0,0.0
2740,0.0,0.0,0.0,0.0,0.0,0.0,0.0,104.0,69.0,0.0,36.8,142.9,1.0,12,8.0,0.0,83.0,36.0,175.0,280.0,0.0,10.0,0.0,0.0,0.0,0.731,10.2,0.0,0.0,0.0,33.394,0.0,0.0,18.021185667,0.4919609416,-0.020152295,0.0,3.0,0.0,0.0
2740,0.0,0.0,0.0,0.0,0.0,0.0,0.0,109.0,66.0,0.0,41.9,146.6,0.0,12,9.0,0.0,0.0,0.0,0.0,0.0,0.0,10.0,13.0,0.0,0.0,0.645,11.4,0.0,0.0,0.0,42.29,0.0,0.0,19.496025416,0.6823420448,0.47425803850000003,0.0,3.0,0.0,0.0
2740,0.0,0.0,0.0,0.0,0.0,0.0,0.0,119.0,70.0,3.0,48.4,149.3,0.0,13,10.0,0.0,0.0,0.0,0.0,0.0,0.0,10.0,0.0,3.0,0.0,0.0,10.8,0.0,0.0,0.0,52.747,0.0,0.0,21.71329567,0.8043710759999999,0.8573384801999999,0.0,3.0,0.0,0.0
2740,0.0,0.0,0.0,0.0,0.0,0.0,0.0,125.0,67.0,1.0,58.2,150.3,0.0,14,10.0,0.0,0.0,0.0,0.0,0.0,0.0,10.0,0.0,1.0,2.0,0.97,9.4,0.0,0.0,0.0,61.809,0.0,0.0,25.763509574,0.9264518803,1.4498647483000002,0.0,3.0,0.0,0.0
