PtID,Pt_CGMUseNumDays,Pt_FatherT1D,Pt_MotherT1D,Pt_SiblingT1D,Pt_ChildT1D,Pt_GrandchildT1D,Pt_GrandparentT1D,BldPrSys,BldPrDia,SMBGperDayPtMeterCombo,WeightKg,HeightCm,DirectLDL,age,diabDur,TotalDailyInsPerKg,LDL,HDL,TotChol,Triglyc,BUN,AlbCreatRat_mggNew,UnitsInsBasalOrLongAct,BGTestAvgNumMeter,BGTestAvgNumPtRep,TSH,HbA1c,AutonomicNeuroCl,Pt_InsGov,NumPumpBolusOrShortAct,HbA1cImputeDtMnC,Pt_SHFlg,Pt_DKAFlg,bmi,bmiPerc,bmiZscore,GFR,diagAgeCombo,Pt_A1cGoalLev,Pt_A1cGoalLevelDsYr5
2752,20.0,1.0,0.0,0.0,0.0,0.0,0.0,106.0,70.0,6.0,0.0,0.0,0.0,32,31.0,0.0,94.0,67.0,167.0,31.0,7.0,6.8,0.0,6.0,7.0,0.0,7.9,0.0,0.0,4.0,-0.266,0.0,0.0,0.0,0.0,0.0,0.0,1.0,0.0,0.0
2752,0.0,0.0,0.0,0.0,0.0,0.0,0.0,89.0,60.0,2.0,0.0,0.0,0.0,33,32.0,0.0,131.0,69.0,208.0,41.0,10.0,4.3,28.0,2.0,0.0,2.025,8.9,0.0,0.0,3.0,23.004,0.0,0.0,0.0,0.0,0.0,0.0,1.0,0.0,0.0
2752,0.0,0.0,0.0,0.0,0.0,0.0,0.0,116.0,72.0,2.0,0.0,0.0,0.0,34,33.0,0.0,0.0,0.0,0.0,0.0,0.0,5.7,32.0,2.0,0.0,0.0,7.5,0.0,0.0,0.0,32.133,0.0,0.0,0.0,0.0,0.0,0.0,1.0,0.0,0.0
2752,0.0,0.0,0.0,0.0,0.0,0.0,0.0,118.0,70.0,7.0,87.08973504,160.0,0.0,35,34.0,0.5052260175,105.0,46.0,0.0,46.0,11.0,5.7,30.0,7.0,0.0,1.6280000000000001,7.4,0.0,0.0,3.0,44.979,0.0,0.0,34.01942775,0.0,0.7018901704,0.0,1.0,0.0,0.0
2752,0.0,0.0,0.0,0.0,0.0,0.0,0.0,100.0,74.0,5.0,87.99691978,157.48,0.0,36,35.0,0.511381536,94.0,57.0,163.0,62.0,13.0,6.6,30.0,5.0,0.0,0.0,7.4,0.0,0.0,3.0,56.066,0.0,0.0,35.482699909000004,0.0,0.869725528,0.0,1.0,0.0,0.0
2752,25.0,0.0,0.0,0.0,0.0,0.0,0.0,122.0,72.0,6.0,95.70799007,160.02,0.0,37,36.0,0.0,79.0,59.0,154.0,79.0,11.0,6.9,0.0,0.0,6.0,1.882,7.9,0.0,0.0,0.0,70.407,0.0,0.0,37.37658889,0.0,1.0869520587000001,0.0,1.0,0.0,0.0
