PtID,Pt_CGMUseNumDays,Pt_FatherT1D,Pt_MotherT1D,Pt_SiblingT1D,Pt_ChildT1D,Pt_GrandchildT1D,Pt_GrandparentT1D,BldPrSys,BldPrDia,SMBGperDayPtMeterCombo,WeightKg,HeightCm,DirectLDL,age,diabDur,TotalDailyInsPerKg,LDL,HDL,TotChol,Triglyc,BUN,AlbCreatRat_mggNew,UnitsInsBasalOrLongAct,BGTestAvgNumMeter,BGTestAvgNumPtRep,TSH,HbA1c,AutonomicNeuroCl,Pt_InsGov,NumPumpBolusOrShortAct,HbA1cImputeDtMnC,Pt_SHFlg,Pt_DKAFlg,bmi,bmiPerc,bmiZscore,GFR,diagAgeCombo,Pt_A1cGoalLev,Pt_A1cGoalLevelDsYr5
27606,0.0,0.0,0.0,0.0,0.0,0.0,0.0,120.0,71.0,8.0,14.9,100.9,0.0,2,0.0,0.0,0.0,0.0,0.0,0.0,14.0,0.0,3.0,8.0,0.0,0.0,8.7,0.0,1.0,0.0,0.23199999999999998,0.0,0.0,14.635377735,0.039654518199999995,-1.754709347,0.0,2.0,7.1,0.0
27606,0.0,0.0,0.0,0.0,0.0,0.0,0.0,0.0,0.0,6.0,16.1,104.5,0.0,3,1.0,0.0,78.0,35.0,125.0,59.0,4.0,5.9,4.0,6.0,0.0,1.99,8.7,0.0,0.0,0.0,9.062000000000001,0.0,0.0,14.743252215,0.11299477349999999,-1.210754399,0.0,0.0,0.0,0.0
27606,0.0,0.0,0.0,0.0,0.0,0.0,0.0,100.0,50.0,2.0,18.2,113.1,0.0,4,2.0,0.0,0.0,0.0,0.0,0.0,0.0,5.9,4.0,2.0,0.0,2.3,10.1,0.0,0.0,0.0,19.285999999999998,0.0,0.0,14.228076059000001,0.0765017254,-1.4290027230000002,0.0,0.0,0.0,0.0
27606,0.0,0.0,0.0,0.0,0.0,0.0,0.0,106.0,61.0,6.0,20.0,117.1,0.0,5,3.0,0.0,133.0,81.0,226.0,58.0,0.0,5.9,5.0,6.0,0.0,2.01,10.5,0.0,0.0,0.0,29.311,0.0,0.0,14.585328181,0.2134711609,-0.7944348509999999,0.0,0.0,0.0,0.0
