PtID,Pt_CGMUseNumDays,Pt_FatherT1D,Pt_MotherT1D,Pt_SiblingT1D,Pt_ChildT1D,Pt_GrandchildT1D,Pt_GrandparentT1D,BldPrSys,BldPrDia,SMBGperDayPtMeterCombo,WeightKg,HeightCm,DirectLDL,age,diabDur,TotalDailyInsPerKg,LDL,HDL,TotChol,Triglyc,BUN,AlbCreatRat_mggNew,UnitsInsBasalOrLongAct,BGTestAvgNumMeter,BGTestAvgNumPtRep,TSH,HbA1c,AutonomicNeuroCl,Pt_InsGov,NumPumpBolusOrShortAct,HbA1cImputeDtMnC,Pt_SHFlg,Pt_DKAFlg,bmi,bmiPerc,bmiZscore,GFR,diagAgeCombo,Pt_A1cGoalLev,Pt_A1cGoalLevelDsYr5
27647,0.0,0.0,0.0,0.0,0.0,0.0,0.0,118.0,70.0,8.0,104.3262451,160.02,0.0,43,37.0,1.1502378897,147.0,33.0,130.0,147.0,0.0,0.0,47.0,8.0,0.0,2.28,6.9,0.0,0.0,3.0,3.0869999999999997,0.0,0.0,40.742253292,0.0,1.7745325334,0.0,0.0,0.0,0.0
27647,0.0,0.0,0.0,0.0,0.0,0.0,0.0,118.0,78.0,5.0,109.58791659,160.02,0.0,44,38.0,1.095011236,83.0,38.0,148.0,136.0,0.0,0.0,52.0,0.0,5.0,2.57,6.3,0.0,0.0,3.0,12.349,0.0,0.0,42.79707998,0.0,2.0699694137,0.0,0.0,0.0,0.0
27647,0.0,0.0,0.0,0.0,0.0,0.0,0.0,112.0,62.0,8.0,109.90543125,160.02,0.0,44,39.0,1.0918477698,66.0,35.0,132.0,159.0,0.0,0.0,51.0,0.0,8.0,2.43,6.9,0.0,0.0,3.0,22.373,0.0,0.0,42.921078142,0.0,2.0877975013,0.0,0.0,0.0,0.0
27647,0.0,0.0,0.0,0.0,0.0,0.0,0.0,98.0,58.0,6.0,84.45889929399999,160.02,0.0,45,40.0,1.4208094233000002,143.0,34.0,196.0,98.0,22.0,0.0,23.0,0.0,6.0,2.21,6.1,0.0,0.0,3.0,33.228,0.0,0.0,32.983511144,0.0,0.6590036235,0.0,0.0,0.0,0.0
27647,0.0,0.0,0.0,0.0,0.0,0.0,0.0,102.0,50.0,4.0,106.14061458,160.02,0.0,46,41.0,1.1305757035,60.0,61.0,152.0,158.0,0.0,0.0,23.0,4.0,0.0,1.63,6.7,0.0,0.0,3.0,44.68,0.0,0.0,41.450814219,0.0,1.8764073197,0.0,0.0,0.0,0.0
