PtID,Pt_CGMUseNumDays,Pt_FatherT1D,Pt_MotherT1D,Pt_SiblingT1D,Pt_ChildT1D,Pt_GrandchildT1D,Pt_GrandparentT1D,BldPrSys,BldPrDia,SMBGperDayPtMeterCombo,WeightKg,HeightCm,DirectLDL,age,diabDur,TotalDailyInsPerKg,LDL,HDL,TotChol,Triglyc,BUN,AlbCreatRat_mggNew,UnitsInsBasalOrLongAct,BGTestAvgNumMeter,BGTestAvgNumPtRep,TSH,HbA1c,AutonomicNeuroCl,Pt_InsGov,NumPumpBolusOrShortAct,HbA1cImputeDtMnC,Pt_SHFlg,Pt_DKAFlg,bmi,bmiPerc,bmiZscore,GFR,diagAgeCombo,Pt_A1cGoalLev,Pt_A1cGoalLevelDsYr5
277,0.0,0.0,0.0,0.0,0.0,0.0,0.0,120.0,74.0,3.0,0.0,0.0,1.0,38,15.0,0.0,126.0,0.0,0.0,0.0,0.0,9.9,0.0,0.0,3.0,0.0,7.3,0.0,0.0,4.0,-0.531,0.0,0.0,0.0,0.0,0.0,0.0,23.0,0.0,0.0
277,0.0,0.0,0.0,0.0,0.0,0.0,0.0,120.0,72.0,3.0,0.0,0.0,1.0,39,16.0,0.0,81.0,0.0,0.0,0.0,0.0,0.0,0.0,0.0,3.0,0.0,6.7,0.0,0.0,0.0,11.12,0.0,0.0,0.0,0.0,0.0,0.0,23.0,7.0,0.0
277,0.0,0.0,0.0,0.0,0.0,0.0,0.0,128.0,86.0,3.0,0.0,0.0,1.0,40,17.0,0.0,104.0,0.0,0.0,0.0,0.0,0.0,28.0,0.0,3.0,3.56,7.5,0.0,0.0,0.0,30.174,0.0,0.0,0.0,0.0,0.0,0.0,23.0,0.0,0.0
277,0.0,0.0,0.0,0.0,0.0,0.0,0.0,126.0,82.0,3.0,0.0,0.0,0.0,41,18.0,0.0,102.0,42.0,0.0,167.0,0.0,9.9,28.0,0.0,3.0,2.53,6.8,0.0,0.0,0.0,42.224,0.0,0.0,0.0,0.0,0.0,0.0,23.0,0.0,0.0
277,0.0,0.0,0.0,0.0,0.0,0.0,0.0,134.0,80.0,3.0,96.16158244,185.42,1.0,42,19.0,0.6343489619,115.0,52.0,0.0,58.0,0.0,0.0,27.0,3.0,3.0,3.04,6.5,0.0,0.0,0.0,58.025,0.0,0.0,27.969741205,0.0,-0.061861332000000005,0.0,23.0,0.0,0.0
277,0.0,0.0,0.0,0.0,0.0,0.0,0.0,130.0,80.0,3.0,96.61517481,185.42,1.0,43,20.0,0.0,111.0,51.0,0.0,0.0,0.0,0.0,28.0,3.0,3.0,3.34,6.8,0.0,0.0,0.0,68.846,0.0,0.0,28.101673947,0.0,-0.04289243400000001,0.0,23.0,0.0,0.0
