PtID,Pt_CGMUseNumDays,Pt_FatherT1D,Pt_MotherT1D,Pt_SiblingT1D,Pt_ChildT1D,Pt_GrandchildT1D,Pt_GrandparentT1D,BldPrSys,BldPrDia,SMBGperDayPtMeterCombo,WeightKg,HeightCm,DirectLDL,age,diabDur,TotalDailyInsPerKg,LDL,HDL,TotChol,Triglyc,BUN,AlbCreatRat_mggNew,UnitsInsBasalOrLongAct,BGTestAvgNumMeter,BGTestAvgNumPtRep,TSH,HbA1c,AutonomicNeuroCl,Pt_InsGov,NumPumpBolusOrShortAct,HbA1cImputeDtMnC,Pt_SHFlg,Pt_DKAFlg,bmi,bmiPerc,bmiZscore,GFR,diagAgeCombo,Pt_A1cGoalLev,Pt_A1cGoalLevelDsYr5
2788,0.0,0.0,0.0,0.0,0.0,0.0,0.0,125.0,84.0,12.0,54.4310844,163.0,0.0,17,11.0,0.9002209039,134.0,86.0,0.0,69.0,9.0,0.0,0.0,12.0,10.0,0.0,8.3,0.0,0.0,7.0,0.465,0.0,0.0,20.486689149,0.44659186079999996,-0.13427677,0.0,5.0,0.0,0.0
2788,0.0,0.0,0.0,0.0,0.0,0.0,0.0,122.0,76.0,9.0,56.24545388,164.0,0.0,18,13.0,0.8889607345999999,0.0,0.0,0.0,0.0,0.0,0.0,0.0,9.0,10.0,0.0,7.5,0.0,0.0,0.0,14.870999999999999,0.0,0.0,20.912200283,0.45433736979999995,-0.11471031300000001,0.0,5.0,5.9,0.0
2788,0.0,0.0,0.0,0.0,0.0,0.0,0.0,136.0,86.0,15.0,54.4310844,162.9,0.0,20,14.0,0.0,0.0,0.0,0.0,0.0,0.0,3.1,0.0,15.0,0.0,0.0,7.5,0.0,0.0,0.0,33.195,0.0,0.0,20.511849342,0.3452077825,-0.8478832709999999,0.0,5.0,0.0,0.0
2788,0.0,0.0,0.0,0.0,0.0,0.0,0.0,134.0,94.0,13.0,50.80234544,163.0,0.0,21,16.0,0.0,104.0,79.0,0.0,72.0,9.0,3.1,24.0,13.0,0.0,1.91,8.6,0.0,0.0,0.0,51.651,0.0,0.0,19.120909872000002,0.0,-1.035435123,0.0,5.0,0.0,0.0
