PtID,Pt_CGMUseNumDays,Pt_FatherT1D,Pt_MotherT1D,Pt_SiblingT1D,Pt_ChildT1D,Pt_GrandchildT1D,Pt_GrandparentT1D,BldPrSys,BldPrDia,SMBGperDayPtMeterCombo,WeightKg,HeightCm,DirectLDL,age,diabDur,TotalDailyInsPerKg,LDL,HDL,TotChol,Triglyc,BUN,AlbCreatRat_mggNew,UnitsInsBasalOrLongAct,BGTestAvgNumMeter,BGTestAvgNumPtRep,TSH,HbA1c,AutonomicNeuroCl,Pt_InsGov,NumPumpBolusOrShortAct,HbA1cImputeDtMnC,Pt_SHFlg,Pt_DKAFlg,bmi,bmiPerc,bmiZscore,GFR,diagAgeCombo,Pt_A1cGoalLev,Pt_A1cGoalLevelDsYr5
27999,0.0,0.0,0.0,0.0,0.0,0.0,0.0,92.0,65.0,5.0,18.6,110.1,0.0,6,3.0,0.0,87.0,73.0,190.0,152.0,0.0,0.0,7.0,5.0,0.0,5.58,7.0,0.0,1.0,0.0,-2.7880000000000003,0.0,0.0,15.343989982,0.536722035,0.0921788647,0.0,6.0,7.0,0.0
27999,0.0,0.0,0.0,0.0,0.0,0.0,0.0,108.0,75.0,5.0,21.0,115.8,0.0,7,4.0,0.0,0.0,0.0,0.0,0.0,0.0,4.0,8.0,5.0,0.0,5.26,6.9,0.0,0.0,0.0,12.448,0.0,0.0,15.66037567,0.5524691615,0.1319021639,0.0,0.0,0.0,0.0
27999,0.0,0.0,0.0,0.0,0.0,0.0,0.0,0.0,0.0,4.0,22.0,116.5,1.0,7,4.0,0.0,80.0,62.0,167.0,123.0,15.0,4.0,8.0,4.0,0.0,2.69,8.1,0.0,0.0,0.0,14.539000000000001,0.0,0.0,16.209545212000002,0.6670839703,0.43187528369999995,0.0,0.0,0.0,0.0
27999,0.0,0.0,0.0,0.0,0.0,0.0,0.0,106.0,75.0,4.0,23.4,121.1,0.0,8,5.0,0.0,0.0,0.0,0.0,0.0,0.0,4.0,9.0,4.0,0.0,3.22,8.1,0.0,0.0,0.0,26.256999999999998,0.0,0.0,15.956130188,0.5312149769,0.0783243529,0.0,0.0,0.0,0.0
