PtID,Pt_CGMUseNumDays,Pt_FatherT1D,Pt_MotherT1D,Pt_SiblingT1D,Pt_ChildT1D,Pt_GrandchildT1D,Pt_GrandparentT1D,BldPrSys,BldPrDia,SMBGperDayPtMeterCombo,WeightKg,HeightCm,DirectLDL,age,diabDur,TotalDailyInsPerKg,LDL,HDL,TotChol,Triglyc,BUN,AlbCreatRat_mggNew,UnitsInsBasalOrLongAct,BGTestAvgNumMeter,BGTestAvgNumPtRep,TSH,HbA1c,AutonomicNeuroCl,Pt_InsGov,NumPumpBolusOrShortAct,HbA1cImputeDtMnC,Pt_SHFlg,Pt_DKAFlg,bmi,bmiPerc,bmiZscore,GFR,diagAgeCombo,Pt_A1cGoalLev,Pt_A1cGoalLevelDsYr5
2829,0.0,0.0,0.0,1.0,0.0,0.0,0.0,94.0,47.0,6.0,36.1,153.8,0.0,12,3.0,0.5263157895,129.0,50.0,201.0,109.0,0.0,0.0,0.0,0.0,6.0,0.0,9.5,0.0,1.0,7.0,0.0,0.0,0.0,15.26140547,0.0782356592,-1.4170397080000001,0.0,9.0,0.0,0.0
2829,0.0,0.0,0.0,1.0,0.0,0.0,0.0,118.0,67.0,7.0,43.6,159.5,0.0,13,4.0,1.0091743119,120.0,49.0,203.0,172.0,0.0,3.6,0.0,0.0,7.0,0.0,9.6,0.0,1.0,0.0,11.95,0.0,0.0,17.138196362000002,0.2751336839,-0.597359529,0.0,9.0,8.0,0.0
2829,0.0,0.0,0.0,0.0,0.0,0.0,0.0,111.0,61.0,4.0,49.8,169.8,0.0,14,5.0,0.0,0.0,0.0,0.0,0.0,0.0,5.3,29.0,4.0,0.0,0.0,9.7,0.0,0.0,0.0,21.51,0.0,0.0,17.272451065,0.1983068425,-0.8476845279999999,0.0,9.0,0.0,0.0
2829,0.0,0.0,0.0,0.0,0.0,0.0,0.0,106.0,68.0,1.0,58.2,178.8,0.0,15,6.0,1.2886597938,0.0,0.0,0.0,0.0,0.0,15.9,30.0,1.0,0.0,0.0,8.8,0.0,0.0,0.0,39.535,0.0,0.0,18.204885666,0.24399698179999998,-0.693502968,0.0,9.0,0.0,0.0
2829,0.0,0.0,0.0,0.0,0.0,0.0,0.0,113.0,69.0,1.0,61.5,179.9,0.0,16,7.0,0.9268292683,130.0,41.0,197.0,131.0,0.0,3.0,27.0,1.0,0.0,3.08,9.9,0.0,0.0,0.0,53.51,0.0,0.0,19.002589605,0.2665415931,-0.62330641,0.0,9.0,0.0,0.0
