PtID,Pt_CGMUseNumDays,Pt_FatherT1D,Pt_MotherT1D,Pt_SiblingT1D,Pt_ChildT1D,Pt_GrandchildT1D,Pt_GrandparentT1D,BldPrSys,BldPrDia,SMBGperDayPtMeterCombo,WeightKg,HeightCm,DirectLDL,age,diabDur,TotalDailyInsPerKg,LDL,HDL,TotChol,Triglyc,BUN,AlbCreatRat_mggNew,UnitsInsBasalOrLongAct,BGTestAvgNumMeter,BGTestAvgNumPtRep,TSH,HbA1c,AutonomicNeuroCl,Pt_InsGov,NumPumpBolusOrShortAct,HbA1cImputeDtMnC,Pt_SHFlg,Pt_DKAFlg,bmi,bmiPerc,bmiZscore,GFR,diagAgeCombo,Pt_A1cGoalLev,Pt_A1cGoalLevelDsYr5
28405,0.0,0.0,0.0,0.0,0.0,0.0,0.0,99.0,69.0,4.0,56.6,158.8,0.0,17,4.0,0.8127208481,89.0,67.0,0.0,97.0,14.0,8.0,20.0,0.0,4.0,1.33,9.0,0.0,0.0,3.0,0.0,0.0,0.0,22.444784245,0.673517046,0.449645731,0.0,0.0,0.0,0.0
28405,0.0,0.0,0.0,0.0,0.0,0.0,0.0,109.0,65.0,4.0,62.5,158.7,0.0,18,5.0,0.976,86.0,55.0,0.0,64.0,0.0,4.1,25.0,0.0,4.0,1.94,8.9,0.0,0.0,3.0,14.407,0.0,0.0,24.815679061999997,0.8114676234,0.8833174962,0.0,0.0,0.0,0.0
28405,0.0,0.0,0.0,0.0,0.0,0.0,0.0,118.0,66.0,0.0,66.5,159.0,0.0,19,6.0,1.0075187970000001,0.0,0.0,0.0,0.0,0.0,4.5,28.0,0.0,0.0,0.0,8.6,0.0,0.0,3.0,25.061999999999998,0.0,0.0,26.304339227,0.8582088898000001,1.0723068739,0.0,0.0,0.0,0.0
28405,0.0,0.0,0.0,0.0,0.0,0.0,0.0,115.0,65.0,3.0,66.0,159.4,0.0,20,7.0,0.9696969697,0.0,0.0,0.0,0.0,0.0,4.5,24.0,3.0,0.0,0.0,8.6,0.0,0.0,3.0,34.855,0.0,0.0,25.975702485,0.8310544584999999,-0.11114684,0.0,0.0,0.0,0.0
