PtID,Pt_CGMUseNumDays,Pt_FatherT1D,Pt_MotherT1D,Pt_SiblingT1D,Pt_ChildT1D,Pt_GrandchildT1D,Pt_GrandparentT1D,BldPrSys,BldPrDia,SMBGperDayPtMeterCombo,WeightKg,HeightCm,DirectLDL,age,diabDur,TotalDailyInsPerKg,LDL,HDL,TotChol,Triglyc,BUN,AlbCreatRat_mggNew,UnitsInsBasalOrLongAct,BGTestAvgNumMeter,BGTestAvgNumPtRep,TSH,HbA1c,AutonomicNeuroCl,Pt_InsGov,NumPumpBolusOrShortAct,HbA1cImputeDtMnC,Pt_SHFlg,Pt_DKAFlg,bmi,bmiPerc,bmiZscore,GFR,diagAgeCombo,Pt_A1cGoalLev,Pt_A1cGoalLevelDsYr5
29218,0.0,0.0,0.0,0.0,0.0,0.0,0.0,102.0,64.0,5.0,24.7,119.1,0.0,5,0.0,0.0,0.0,0.0,0.0,0.0,11.0,0.0,0.0,0.0,5.0,1.42,10.8,0.0,0.0,0.0,-0.033,0.0,0.0,17.412993195,0.9153523088,1.374471403,0.0,4.0,6.0,0.0
29218,0.0,0.0,0.0,0.0,0.0,0.0,0.0,110.0,68.0,9.0,26.7,123.4,0.0,6,1.0,0.5243445693,0.0,0.0,0.0,0.0,0.0,0.0,6.0,9.0,5.0,0.0,8.5,0.0,0.0,8.0,9.726,0.0,0.0,17.533997568,0.90211652,1.293706093,0.0,0.0,0.0,0.0
29218,0.0,0.0,0.0,0.0,0.0,0.0,0.0,118.0,70.0,7.0,30.3,129.9,0.0,7,2.0,0.5940594059000001,122.0,61.0,211.0,141.0,20.0,0.0,8.0,7.0,5.0,1.93,9.2,0.0,0.0,8.0,21.809,0.0,0.0,17.95660901,0.8973218626,1.266438108,0.0,0.0,0.0,0.0
29218,0.0,0.0,0.0,0.0,0.0,0.0,0.0,112.0,70.0,6.0,31.7,136.5,0.0,8,3.0,0.6025236593,0.0,0.0,0.0,0.0,0.0,0.0,10.0,6.0,5.0,0.0,8.5,0.0,0.0,7.0,33.959,0.0,0.0,17.013511519,0.7465219923,0.6635849139,0.0,0.0,0.0,0.0
