PtID,Pt_CGMUseNumDays,Pt_FatherT1D,Pt_MotherT1D,Pt_SiblingT1D,Pt_ChildT1D,Pt_GrandchildT1D,Pt_GrandparentT1D,BldPrSys,BldPrDia,SMBGperDayPtMeterCombo,WeightKg,HeightCm,DirectLDL,age,diabDur,TotalDailyInsPerKg,LDL,HDL,TotChol,Triglyc,BUN,AlbCreatRat_mggNew,UnitsInsBasalOrLongAct,BGTestAvgNumMeter,BGTestAvgNumPtRep,TSH,HbA1c,AutonomicNeuroCl,Pt_InsGov,NumPumpBolusOrShortAct,HbA1cImputeDtMnC,Pt_SHFlg,Pt_DKAFlg,bmi,bmiPerc,bmiZscore,GFR,diagAgeCombo,Pt_A1cGoalLev,Pt_A1cGoalLevelDsYr5
297,0.0,0.0,0.0,1.0,0.0,0.0,0.0,0.0,0.0,4.0,0.0,0.0,0.0,28,20.0,0.0,0.0,0.0,0.0,0.0,0.0,0.0,0.0,0.0,4.0,0.0,0.0,0.0,0.0,0.0,0.0,0.0,0.0,0.0,0.0,0.0,0.0,8.0,6.5,0.0
297,0.0,0.0,0.0,1.0,0.0,0.0,0.0,124.0,70.0,4.0,0.0,0.0,0.0,27,19.0,0.0,82.0,52.0,0.0,61.0,15.0,4.0,0.0,0.0,4.0,0.0,6.6,0.0,0.0,0.0,0.0,0.0,0.0,0.0,0.0,0.0,0.0,8.0,0.0,0.0
297,0.0,0.0,0.0,0.0,0.0,0.0,0.0,124.0,72.0,4.0,92.98643585,167.132,0.0,29,21.0,0.0,97.0,48.0,169.0,121.0,13.0,10.2,0.0,0.0,4.0,1.57,0.0,0.0,0.0,0.0,0.0,0.0,0.0,33.288971791,0.0,0.874961642,84.2,8.0,0.0,0.0
297,0.0,0.0,0.0,0.0,0.0,0.0,0.0,138.0,80.0,3.0,102.51187562,166.37,0.0,30,22.0,0.0,0.0,0.0,0.0,0.0,11.0,10.2,0.0,0.0,3.0,0.0,5.5,0.0,0.0,0.0,39.303000000000004,0.0,0.0,37.03600606,0.0,1.047887664,84.2,8.0,0.0,0.0
297,0.0,0.0,0.0,0.0,0.0,0.0,0.0,118.0,72.0,3.0,97.794514972,166.62400000000002,0.0,31,23.0,0.0,0.0,0.0,0.0,0.0,0.0,10.2,0.0,0.0,3.0,0.0,6.8,0.0,0.0,0.0,51.88399999999999,0.0,0.0,35.224057799,0.0,0.8400596243,0.0,8.0,0.0,0.0
297,0.0,0.0,0.0,0.0,0.0,0.0,0.0,128.0,68.0,0.0,103.96337120000001,166.62400000000002,0.0,32,24.0,0.0,0.0,0.0,0.0,0.0,0.0,11.5,0.0,0.0,0.0,0.0,5.4,0.0,0.0,0.0,61.111999999999995,0.0,0.0,37.445983523,0.0,1.0949115301999999,0.0,8.0,0.0,0.0
297,0.0,0.0,0.0,0.0,0.0,0.0,0.0,140.0,80.0,4.0,108.8621688,167.894,0.0,33,25.0,0.0,0.0,0.0,0.0,0.0,12.0,11.5,0.0,0.0,4.0,0.0,6.0,0.0,0.0,0.0,72.066,0.0,0.0,38.619498517,0.0,1.2295121289,82.6,8.0,0.0,0.0
