PtID,Pt_CGMUseNumDays,Pt_FatherT1D,Pt_MotherT1D,Pt_SiblingT1D,Pt_ChildT1D,Pt_GrandchildT1D,Pt_GrandparentT1D,BldPrSys,BldPrDia,SMBGperDayPtMeterCombo,WeightKg,HeightCm,DirectLDL,age,diabDur,TotalDailyInsPerKg,LDL,HDL,TotChol,Triglyc,BUN,AlbCreatRat_mggNew,UnitsInsBasalOrLongAct,BGTestAvgNumMeter,BGTestAvgNumPtRep,TSH,HbA1c,AutonomicNeuroCl,Pt_InsGov,NumPumpBolusOrShortAct,HbA1cImputeDtMnC,Pt_SHFlg,Pt_DKAFlg,bmi,bmiPerc,bmiZscore,GFR,diagAgeCombo,Pt_A1cGoalLev,Pt_A1cGoalLevelDsYr5
29851,14.0,0.0,0.0,0.0,0.0,0.0,0.0,132.0,65.0,7.0,76.9,169.0,0.0,13,10.0,1.0403120936,119.0,48.0,182.0,76.0,13.0,4.9,40.0,7.0,0.0,2.019,8.2,0.0,0.0,0.0,-3.552,0.0,0.0,26.924827561999997,0.9580730139,1.728749308,0.0,4.0,7.0,0.0
29851,0.0,0.0,0.0,0.0,0.0,0.0,0.0,118.0,69.0,12.0,78.0,170.3,0.0,14,11.0,0.9743589744,0.0,0.0,0.0,0.0,0.0,7.9,38.0,12.0,0.0,0.0,7.8,0.0,0.0,0.0,5.71,0.0,0.0,26.894613457,0.9456669761,1.6042178216999998,0.0,0.0,0.0,0.0
29851,0.0,0.0,0.0,0.0,0.0,0.0,0.0,125.0,74.0,8.0,76.0,170.7,0.0,15,11.0,0.8815789474,0.0,0.0,0.0,0.0,0.0,7.9,30.0,8.0,0.0,1.875,7.8,0.0,0.0,5.0,15.469000000000001,0.0,0.0,26.082339888000003,0.916342152,1.3808805346000002,0.0,0.0,0.0,0.0
29851,0.0,0.0,0.0,0.0,0.0,0.0,0.0,111.0,61.0,3.0,79.5,171.3,0.0,16,13.0,0.8427672956000001,132.0,50.0,203.0,104.0,0.0,8.0,35.0,3.0,0.0,1.703,7.2,0.0,0.0,6.0,28.480999999999998,0.0,0.0,27.092707154,0.9228417115,1.4244488669,0.0,0.0,0.0,0.0
