PtID,Pt_CGMUseNumDays,Pt_FatherT1D,Pt_MotherT1D,Pt_SiblingT1D,Pt_ChildT1D,Pt_GrandchildT1D,Pt_GrandparentT1D,BldPrSys,BldPrDia,SMBGperDayPtMeterCombo,WeightKg,HeightCm,DirectLDL,age,diabDur,TotalDailyInsPerKg,LDL,HDL,TotChol,Triglyc,BUN,AlbCreatRat_mggNew,UnitsInsBasalOrLongAct,BGTestAvgNumMeter,BGTestAvgNumPtRep,TSH,HbA1c,AutonomicNeuroCl,Pt_InsGov,NumPumpBolusOrShortAct,HbA1cImputeDtMnC,Pt_SHFlg,Pt_DKAFlg,bmi,bmiPerc,bmiZscore,GFR,diagAgeCombo,Pt_A1cGoalLev,Pt_A1cGoalLevelDsYr5
29946,0.0,0.0,0.0,0.0,0.0,0.0,0.0,108.0,60.0,2.0,127.91304834,182.88,0.0,37,23.0,1.3993881181,90.0,28.0,133.0,74.0,13.0,0.0,0.0,0.0,2.0,0.0,6.8,0.0,0.0,6.0,0.0,0.0,0.0,38.245683152,0.0,1.5576660459,0.0,14.0,0.0,0.0
29946,0.0,0.0,0.0,0.0,0.0,0.0,0.0,110.0,60.0,4.0,127.95840758,182.88,0.0,37,23.0,1.2972965446,90.0,34.0,150.0,128.0,18.0,0.0,41.0,4.0,0.0,2.18,6.8,0.0,0.0,3.0,10.058,0.0,0.0,38.259245451,0.0,1.5596320012,0.0,14.0,0.0,0.0
29946,0.0,0.0,0.0,0.0,0.0,0.0,0.0,104.0,70.0,3.0,128.41199995,180.34,0.0,38,24.0,1.2927140770999999,99.0,41.0,176.0,179.0,12.0,0.0,39.0,3.0,0.0,2.7,7.0,0.0,0.0,3.0,22.274,0.0,0.0,39.484030549,0.0,1.7371736366,0.0,14.0,0.0,0.0
29946,0.0,0.0,0.0,0.0,0.0,0.0,0.0,110.0,68.0,4.0,129.27382545,180.34,0.0,39,25.0,1.2840959833,79.0,37.0,134.0,91.0,14.0,0.0,39.0,0.0,4.0,2.47,6.9,0.0,0.0,3.0,34.39,0.0,0.0,39.749024041999995,0.0,1.7755863984,0.0,14.0,0.0,0.0
29946,0.0,0.0,0.0,0.0,0.0,0.0,0.0,120.0,70.0,5.0,132.53969051,180.34,0.0,41,27.0,1.5089819451,99.0,36.0,168.0,162.0,11.0,0.0,51.0,5.0,0.0,1.91,6.9,0.0,0.0,3.0,47.004,0.0,0.0,40.753209913,0.0,1.7761078438,0.0,14.0,0.0,0.0
