PtID,Pt_CGMUseNumDays,Pt_FatherT1D,Pt_MotherT1D,Pt_SiblingT1D,Pt_ChildT1D,Pt_GrandchildT1D,Pt_GrandparentT1D,BldPrSys,BldPrDia,SMBGperDayPtMeterCombo,WeightKg,HeightCm,DirectLDL,age,diabDur,TotalDailyInsPerKg,LDL,HDL,TotChol,Triglyc,BUN,AlbCreatRat_mggNew,UnitsInsBasalOrLongAct,BGTestAvgNumMeter,BGTestAvgNumPtRep,TSH,HbA1c,AutonomicNeuroCl,Pt_InsGov,NumPumpBolusOrShortAct,HbA1cImputeDtMnC,Pt_SHFlg,Pt_DKAFlg,bmi,bmiPerc,bmiZscore,GFR,diagAgeCombo,Pt_A1cGoalLev,Pt_A1cGoalLevelDsYr5
3001,0.0,0.0,0.0,0.0,0.0,0.0,0.0,110.0,70.0,6.0,0.0,0.0,0.0,60,0.0,0.0,117.0,73.0,0.0,104.0,0.0,14.0,0.0,0.0,6.0,0.0,5.1,0.0,0.0,0.0,0.0,0.0,0.0,0.0,0.0,0.0,0.0,59.0,0.0,0.0
3001,0.0,0.0,0.0,0.0,0.0,0.0,0.0,116.0,70.0,6.0,0.0,0.0,0.0,61,2.0,0.0,88.0,60.0,0.0,138.0,0.0,13.2,0.0,0.0,6.0,0.0,5.7,0.0,0.0,0.0,17.461,0.0,0.0,0.0,0.0,0.0,0.0,59.0,5.6,0.0
3001,0.0,0.0,0.0,0.0,0.0,0.0,0.0,108.0,70.0,4.0,0.0,0.0,0.0,63,3.0,0.0,66.0,63.0,0.0,57.0,0.0,9.5,14.0,0.0,4.0,7.18,5.6,0.0,0.0,0.0,36.714,0.0,0.0,0.0,0.0,0.0,0.0,59.0,0.0,0.0
3001,0.0,0.0,0.0,0.0,0.0,0.0,0.0,116.0,72.0,6.0,0.0,0.0,0.0,64,4.0,0.0,75.0,76.0,0.0,122.0,13.0,5.5,16.0,6.0,6.0,7.56,6.7,1.0,0.0,3.0,50.523,0.0,0.0,0.0,0.0,0.0,0.0,59.0,0.0,0.0
3001,0.0,0.0,0.0,0.0,0.0,0.0,0.0,106.0,64.0,5.0,77.56429527,185.42,0.0,65,5.0,0.3223132488,86.0,60.0,0.0,177.0,0.0,12.5,16.0,5.0,6.0,1.67,6.6,1.0,1.0,3.0,62.606,0.0,0.0,22.560498801999998,0.0,-1.208456087,0.0,59.0,0.0,0.0
3001,0.0,0.0,0.0,0.0,0.0,0.0,0.0,124.0,72.0,6.0,77.56429527,185.42,1.0,66,7.0,0.3867758986,94.0,64.0,0.0,0.0,13.0,24.3,17.0,6.0,0.0,4.78,6.6,1.0,0.0,3.0,78.639,0.0,0.0,22.560498801999998,0.0,-1.208456087,0.0,59.0,0.0,0.0
