PtID,Pt_CGMUseNumDays,Pt_FatherT1D,Pt_MotherT1D,Pt_SiblingT1D,Pt_ChildT1D,Pt_GrandchildT1D,Pt_GrandparentT1D,BldPrSys,BldPrDia,SMBGperDayPtMeterCombo,WeightKg,HeightCm,DirectLDL,age,diabDur,TotalDailyInsPerKg,LDL,HDL,TotChol,Triglyc,BUN,AlbCreatRat_mggNew,UnitsInsBasalOrLongAct,BGTestAvgNumMeter,BGTestAvgNumPtRep,TSH,HbA1c,AutonomicNeuroCl,Pt_InsGov,NumPumpBolusOrShortAct,HbA1cImputeDtMnC,Pt_SHFlg,Pt_DKAFlg,bmi,bmiPerc,bmiZscore,GFR,diagAgeCombo,Pt_A1cGoalLev,Pt_A1cGoalLevelDsYr5
3002,0.0,0.0,0.0,0.0,0.0,0.0,0.0,102.0,64.0,2.0,0.0,0.0,1.0,57,18.0,0.0,95.0,0.0,0.0,0.0,0.0,11.6,0.0,0.0,2.0,0.0,7.7,0.0,0.0,0.0,0.0,0.0,0.0,0.0,0.0,0.0,0.0,39.0,0.0,0.0
3002,0.0,0.0,0.0,0.0,0.0,0.0,0.0,112.0,60.0,3.0,0.0,0.0,1.0,58,19.0,0.0,86.0,0.0,0.0,0.0,0.0,9.9,0.0,0.0,3.0,0.0,7.0,0.0,0.0,0.0,17.394000000000002,0.0,0.0,0.0,0.0,0.0,0.0,39.0,6.8,0.0
3002,0.0,0.0,0.0,0.0,0.0,0.0,0.0,126.0,76.0,4.0,0.0,0.0,1.0,59,20.0,0.0,88.0,110.0,0.0,34.0,0.0,9.9,15.0,0.0,4.0,0.0,6.4,0.0,0.0,0.0,29.278000000000002,0.0,0.0,0.0,0.0,0.0,0.0,39.0,0.0,0.0
3002,0.0,0.0,0.0,0.0,0.0,0.0,0.0,98.0,64.0,4.0,0.0,0.0,1.0,60,21.0,0.0,94.0,0.0,0.0,0.0,0.0,9.9,15.0,0.0,4.0,2.17,6.4,0.0,0.0,0.0,41.826,0.0,0.0,0.0,0.0,0.0,0.0,39.0,0.0,0.0
3002,0.0,0.0,0.0,0.0,0.0,0.0,0.0,120.0,76.0,6.0,66.22448602,170.18,0.0,62,23.0,0.0,65.0,0.0,0.0,0.0,0.0,0.0,15.0,6.0,0.0,0.0,6.4,0.0,0.0,3.0,59.618,0.0,0.0,22.866598046,0.0,-0.836463583,0.0,39.0,0.0,0.0
3002,0.0,0.0,0.0,0.0,0.0,0.0,0.0,110.0,72.0,4.0,65.31730128,170.18,1.0,63,24.0,0.4592963796,73.0,0.0,0.0,0.0,0.0,0.0,15.0,4.0,3.0,0.0,6.8,0.0,0.0,4.0,71.734,1.0,0.0,22.553356976999996,0.0,-0.875376267,0.0,39.0,0.0,0.0
