PtID,Pt_CGMUseNumDays,Pt_FatherT1D,Pt_MotherT1D,Pt_SiblingT1D,Pt_ChildT1D,Pt_GrandchildT1D,Pt_GrandparentT1D,BldPrSys,BldPrDia,SMBGperDayPtMeterCombo,WeightKg,HeightCm,DirectLDL,age,diabDur,TotalDailyInsPerKg,LDL,HDL,TotChol,Triglyc,BUN,AlbCreatRat_mggNew,UnitsInsBasalOrLongAct,BGTestAvgNumMeter,BGTestAvgNumPtRep,TSH,HbA1c,AutonomicNeuroCl,Pt_InsGov,NumPumpBolusOrShortAct,HbA1cImputeDtMnC,Pt_SHFlg,Pt_DKAFlg,bmi,bmiPerc,bmiZscore,GFR,diagAgeCombo,Pt_A1cGoalLev,Pt_A1cGoalLevelDsYr5
3011,0.0,0.0,0.0,0.0,0.0,0.0,0.0,110.0,70.0,4.0,61.68856232,162.56,0.0,57,15.0,0.45389289270000005,76.0,78.0,164.0,86.0,0.0,0.2,0.0,4.0,6.0,0.0,7.0,0.0,1.0,4.0,-0.23199999999999998,0.0,0.0,23.344107135999998,0.0,-0.602198114,0.0,42.0,0.0,0.0
3011,0.0,0.0,0.0,0.0,0.0,0.0,0.0,129.0,80.0,6.0,60.78137758,162.56,0.0,59,17.0,0.4113101906,91.0,86.0,187.0,103.0,0.0,0.0,0.0,0.0,6.0,0.0,6.9,0.0,1.0,0.0,13.71,0.0,0.0,23.000811443000003,0.0,-0.637501358,0.0,42.0,6.7,0.0
3011,0.0,0.0,0.0,0.0,0.0,0.0,0.0,126.0,75.0,4.0,56.24545388,165.1,0.0,60,18.0,0.4089219379,79.0,74.0,168.0,84.0,10.0,0.5,9.0,4.0,4.0,0.0,7.0,0.0,0.0,15.0,29.71,0.0,0.0,20.634468136,0.0,-1.11375215,0.0,42.0,0.0,0.0
3011,0.0,0.0,0.0,0.0,0.0,0.0,0.0,100.0,67.0,4.0,59.602037418,162.56,0.0,61,19.0,1.0066769963,71.0,71.0,158.0,77.0,0.0,8.0,9.0,4.0,0.0,0.0,7.7,0.0,0.0,19.0,42.722,0.0,0.0,22.554527041999997,0.0,-0.875230915,0.0,42.0,0.0,0.0
3011,0.0,0.0,0.0,0.0,0.0,0.0,0.0,104.0,69.0,5.0,61.144251476,162.56,0.0,62,20.0,0.9812860335,74.0,77.0,164.0,64.0,0.0,0.0,10.0,5.0,0.0,0.0,7.5,0.0,0.0,25.0,52.714,0.0,0.0,23.138129721,0.0,-0.802732289,0.0,42.0,0.0,0.0
3011,0.0,0.0,0.0,0.0,0.0,0.0,0.0,102.0,66.0,4.0,60.146348262,162.56,0.0,63,21.0,0.3325222657,90.0,81.0,180.0,121.0,0.0,0.0,2.0,4.0,0.0,0.0,7.2,0.0,0.0,15.0,68.78,0.0,0.0,22.760504458000003,0.0,-0.849643165,0.0,42.0,0.0,0.0
