PtID,Pt_CGMUseNumDays,Pt_FatherT1D,Pt_MotherT1D,Pt_SiblingT1D,Pt_ChildT1D,Pt_GrandchildT1D,Pt_GrandparentT1D,BldPrSys,BldPrDia,SMBGperDayPtMeterCombo,WeightKg,HeightCm,DirectLDL,age,diabDur,TotalDailyInsPerKg,LDL,HDL,TotChol,Triglyc,BUN,AlbCreatRat_mggNew,UnitsInsBasalOrLongAct,BGTestAvgNumMeter,BGTestAvgNumPtRep,TSH,HbA1c,AutonomicNeuroCl,Pt_InsGov,NumPumpBolusOrShortAct,HbA1cImputeDtMnC,Pt_SHFlg,Pt_DKAFlg,bmi,bmiPerc,bmiZscore,GFR,diagAgeCombo,Pt_A1cGoalLev,Pt_A1cGoalLevelDsYr5
30145,30.0,0.0,0.0,0.0,0.0,0.0,0.0,107.0,57.0,13.0,23.8,122.2,1.0,6,2.0,0.6302521007999999,94.0,53.0,162.0,75.0,1.0,0.0,6.0,13.0,10.0,1.922,7.8,0.0,0.0,5.0,0.365,0.0,0.0,15.938026524000001,0.678813033,0.46438220939999997,0.0,4.0,7.5,0.0
30145,0.0,0.0,0.0,0.0,0.0,0.0,0.0,109.0,64.0,11.0,25.9,128.1,0.0,7,3.0,0.7722007721999999,0.0,0.0,0.0,0.0,0.0,0.0,7.0,11.0,8.0,0.0,7.6,0.0,0.0,5.0,9.527000000000001,0.0,0.0,15.783434219,0.5803216712,0.20271645940000002,0.0,0.0,0.0,0.0
30145,0.0,0.0,0.0,0.0,0.0,0.0,0.0,99.0,56.0,0.0,30.3,133.4,0.0,8,4.0,0.0,111.0,55.0,175.0,44.0,0.0,0.0,0.0,0.0,0.0,2.528,7.8,0.0,0.0,0.0,21.842,0.0,0.0,17.026719024000002,0.7182637117,0.5776912665,0.0,0.0,0.0,0.0
30145,0.0,0.0,0.0,0.0,0.0,0.0,0.0,92.0,54.0,3.0,54.4,138.2,0.0,9,5.0,0.0,0.0,0.0,0.0,0.0,0.0,0.0,0.0,3.0,0.0,3.4530000000000003,7.1,0.0,0.0,0.0,31.834,0.0,0.0,28.48280874,0.9924050684000001,2.4278204028,0.0,0.0,0.0,0.0
