PtID,Pt_CGMUseNumDays,Pt_FatherT1D,Pt_MotherT1D,Pt_SiblingT1D,Pt_ChildT1D,Pt_GrandchildT1D,Pt_GrandparentT1D,BldPrSys,BldPrDia,SMBGperDayPtMeterCombo,WeightKg,HeightCm,DirectLDL,age,diabDur,TotalDailyInsPerKg,LDL,HDL,TotChol,Triglyc,BUN,AlbCreatRat_mggNew,UnitsInsBasalOrLongAct,BGTestAvgNumMeter,BGTestAvgNumPtRep,TSH,HbA1c,AutonomicNeuroCl,Pt_InsGov,NumPumpBolusOrShortAct,HbA1cImputeDtMnC,Pt_SHFlg,Pt_DKAFlg,bmi,bmiPerc,bmiZscore,GFR,diagAgeCombo,Pt_A1cGoalLev,Pt_A1cGoalLevelDsYr5
30214,0.0,0.0,0.0,0.0,0.0,0.0,0.0,98.0,53.0,7.0,20.8,116.84,0.0,6,3.0,0.43269230770000006,76.0,98.0,191.0,85.0,18.0,0.0,5.0,0.0,7.0,2.623,6.8,0.0,0.0,5.0,0.0,0.0,0.0,15.236325369000001,0.5071850023,0.0180111036,0.0,0.0,0.0,0.0
30214,0.0,0.0,0.0,0.0,0.0,0.0,0.0,91.0,65.0,8.0,20.0,117.2,0.0,7,4.0,0.6,0.0,0.0,0.0,0.0,0.0,9.0,6.0,8.0,0.0,0.0,7.0,0.0,0.0,0.0,9.66,0.0,0.0,14.560449161,0.2705088183,-0.611274852,0.0,0.0,0.0,0.0
30214,0.0,0.0,0.0,0.0,0.0,0.0,0.0,92.0,60.0,7.0,22.0,122.1,0.0,8,5.0,0.6818181818000001,0.0,0.0,195.0,0.0,16.0,9.0,7.0,7.0,0.0,2.73,7.6,0.0,0.0,0.0,22.141,0.0,0.0,14.756771514,0.25872057870000004,-0.647294814,0.0,0.0,0.0,0.0
30214,0.0,0.0,0.0,0.0,0.0,0.0,0.0,100.0,68.0,4.0,24.0,127.4,0.0,9,6.0,0.75,0.0,0.0,0.0,0.0,0.0,8.0,10.0,4.0,4.0,2.73,7.4,0.0,0.0,0.0,34.224000000000004,0.0,0.0,14.786738267,0.19776740210000002,-0.8496228490000001,0.0,0.0,0.0,0.0
30214,0.0,0.0,0.0,0.0,0.0,0.0,0.0,104.0,68.0,8.0,25.5,132.5,0.0,9,7.0,0.8,98.0,85.0,197.0,54.0,15.0,8.0,10.5,8.0,9.0,2.63,7.8,0.0,0.0,0.0,43.983000000000004,0.0,0.0,14.524741900999999,0.1516170065,-1.029522925,0.0,0.0,0.0,0.0
