PtID,Pt_CGMUseNumDays,Pt_FatherT1D,Pt_MotherT1D,Pt_SiblingT1D,Pt_ChildT1D,Pt_GrandchildT1D,Pt_GrandparentT1D,BldPrSys,BldPrDia,SMBGperDayPtMeterCombo,WeightKg,HeightCm,DirectLDL,age,diabDur,TotalDailyInsPerKg,LDL,HDL,TotChol,Triglyc,BUN,AlbCreatRat_mggNew,UnitsInsBasalOrLongAct,BGTestAvgNumMeter,BGTestAvgNumPtRep,TSH,HbA1c,AutonomicNeuroCl,Pt_InsGov,NumPumpBolusOrShortAct,HbA1cImputeDtMnC,Pt_SHFlg,Pt_DKAFlg,bmi,bmiPerc,bmiZscore,GFR,diagAgeCombo,Pt_A1cGoalLev,Pt_A1cGoalLevelDsYr5
30373,0.0,0.0,0.0,0.0,0.0,0.0,0.0,110.0,65.0,0.0,66.0,180.0,0.0,16,2.0,0.0,0.0,0.0,0.0,0.0,0.0,0.0,29.0,0.0,0.0,3.03,9.1,0.0,0.0,0.0,-1.8259999999999998,0.0,0.0,20.37037037,0.476826728,-0.058119482,0.0,0.0,0.0,0.0
30373,0.0,0.0,0.0,0.0,0.0,0.0,0.0,120.0,59.0,0.0,72.0,181.0,0.0,16,3.0,0.0,0.0,0.0,0.0,0.0,0.0,0.0,37.0,0.0,0.0,0.0,10.9,0.0,0.0,0.0,7.369,0.0,0.0,21.977351119,0.6823080102,0.47416257409999996,0.0,0.0,0.0,0.0
30373,0.0,0.0,0.0,0.0,0.0,0.0,0.0,117.0,59.0,0.0,72.7,182.5,0.0,17,4.0,0.0,0.0,0.0,0.0,0.0,0.0,0.0,0.0,0.0,0.0,0.0,11.5,0.0,0.0,0.0,18.954,0.0,0.0,21.827735035,0.582491706,0.2082720065,0.0,0.0,0.0,0.0
30373,0.0,0.0,0.0,0.0,0.0,0.0,0.0,111.0,61.0,1.0,87.7,182.7,0.0,18,5.0,0.0,0.0,0.0,0.0,0.0,0.0,0.0,0.0,1.0,0.0,1.306,10.6,0.0,0.0,0.0,30.206999999999997,0.0,0.0,26.273776345,0.879640975,1.1731939191,0.0,0.0,0.0,0.0
