PtID,Pt_CGMUseNumDays,Pt_FatherT1D,Pt_MotherT1D,Pt_SiblingT1D,Pt_ChildT1D,Pt_GrandchildT1D,Pt_GrandparentT1D,BldPrSys,BldPrDia,SMBGperDayPtMeterCombo,WeightKg,HeightCm,DirectLDL,age,diabDur,TotalDailyInsPerKg,LDL,HDL,TotChol,Triglyc,BUN,AlbCreatRat_mggNew,UnitsInsBasalOrLongAct,BGTestAvgNumMeter,BGTestAvgNumPtRep,TSH,HbA1c,AutonomicNeuroCl,Pt_InsGov,NumPumpBolusOrShortAct,HbA1cImputeDtMnC,Pt_SHFlg,Pt_DKAFlg,bmi,bmiPerc,bmiZscore,GFR,diagAgeCombo,Pt_A1cGoalLev,Pt_A1cGoalLevelDsYr5
30383,0.0,0.0,0.0,0.0,0.0,0.0,0.0,126.0,64.0,5.0,103.41906036,180.34,0.0,66,41.0,0.0,66.0,62.0,140.0,60.0,19.0,5.0,28.0,5.0,8.0,0.0,0.0,0.0,0.0,4.0,0.0,0.0,0.0,31.799219234000002,0.0,0.5526584853000001,0.0,0.0,0.0,0.0
30383,0.0,0.0,0.0,0.0,0.0,0.0,0.0,100.0,50.0,9.0,108.8621688,180.34,0.0,66,42.0,0.4592963796,0.0,0.0,0.0,0.0,19.0,0.0,29.0,9.0,6.0,1.4,8.2,0.0,0.0,6.0,9.328,0.0,0.0,33.472862350999996,0.0,0.8716937136,0.0,0.0,0.0,0.0
30383,0.0,0.0,0.0,0.0,0.0,0.0,0.0,130.0,70.0,6.0,109.31576117,180.34,0.0,67,43.0,0.4573905854,75.0,73.0,160.0,61.0,19.0,0.0,38.0,6.0,6.0,2.01,8.2,0.0,0.0,5.0,18.39,0.0,0.0,33.612332611,0.0,0.8982799827,0.0,0.0,0.0,0.0
30383,0.0,0.0,0.0,0.0,0.0,0.0,0.0,130.0,71.0,6.0,109.76935354,180.34,0.0,68,44.0,0.4737205634,0.0,0.0,0.0,0.0,0.0,0.0,39.0,6.0,6.0,0.0,8.7,0.0,0.0,5.0,31.568,0.0,0.0,33.751802871,0.0,0.9248662517,0.0,0.0,0.0,0.0
30383,0.0,0.0,0.0,0.0,0.0,0.0,0.0,133.0,71.0,8.0,112.49090776,182.88,0.0,69,45.0,0.0,70.0,68.0,152.0,72.0,18.0,0.0,42.0,8.0,0.0,2.37,7.8,0.0,0.0,3.0,41.66,0.0,0.0,33.634501495,0.0,0.9025058865000001,0.0,0.0,0.0,0.0
