PtID,Pt_CGMUseNumDays,Pt_FatherT1D,Pt_MotherT1D,Pt_SiblingT1D,Pt_ChildT1D,Pt_GrandchildT1D,Pt_GrandparentT1D,BldPrSys,BldPrDia,SMBGperDayPtMeterCombo,WeightKg,HeightCm,DirectLDL,age,diabDur,TotalDailyInsPerKg,LDL,HDL,TotChol,Triglyc,BUN,AlbCreatRat_mggNew,UnitsInsBasalOrLongAct,BGTestAvgNumMeter,BGTestAvgNumPtRep,TSH,HbA1c,AutonomicNeuroCl,Pt_InsGov,NumPumpBolusOrShortAct,HbA1cImputeDtMnC,Pt_SHFlg,Pt_DKAFlg,bmi,bmiPerc,bmiZscore,GFR,diagAgeCombo,Pt_A1cGoalLev,Pt_A1cGoalLevelDsYr5
3050,0.0,0.0,0.0,0.0,0.0,0.0,0.0,116.0,58.0,8.0,21.4,112.8,0.0,5,0.0,0.2803738318,0.0,0.0,0.0,0.0,14.0,0.0,0.0,0.0,8.0,0.0,6.4,0.0,0.0,0.0,-0.033,0.0,0.0,16.818821991,0.8470331340999999,1.0237915724,0.0,5.0,0.0,0.0
3050,0.0,0.0,0.0,0.0,0.0,0.0,0.0,98.0,60.0,15.0,30.2,120.3,0.0,6,1.0,0.6622516556,112.0,64.0,0.0,70.0,14.0,1.6,0.0,15.0,10.0,0.0,5.9,0.0,0.0,0.0,12.714,0.0,0.0,20.867753034,0.9907514468,2.3555138724,0.0,5.0,6.0,0.0
3050,0.0,0.0,0.0,0.0,0.0,0.0,0.0,114.0,63.0,8.0,34.5,125.2,0.0,7,2.0,0.0,112.0,64.0,0.0,70.0,14.0,0.0,12.0,0.0,8.0,0.0,6.9,0.0,0.0,0.0,22.805,0.0,0.0,22.009513213,0.9879615354000001,2.2558994465,0.0,5.0,0.0,0.0
3050,0.0,0.0,0.0,0.0,0.0,0.0,0.0,107.0,72.0,8.0,35.5,130.5,0.0,7,2.0,0.0,118.0,53.0,0.0,71.0,17.0,0.0,15.0,0.0,8.0,1.97,8.1,0.0,0.0,0.0,33.925,0.0,0.0,20.845260639,0.9799787329,2.0533098704,0.0,5.0,0.0,0.0
3050,0.0,0.0,0.0,0.0,0.0,0.0,0.0,108.0,79.0,10.0,37.1,134.9,0.0,8,3.0,0.0,0.0,0.0,0.0,0.0,14.0,0.0,13.0,0.0,10.0,3.81,7.5,0.0,0.0,0.0,44.083,0.0,0.0,20.386844496,0.9576635029999999,1.7241930741999998,0.0,5.0,0.0,0.0
3050,0.0,0.0,0.0,0.0,0.0,0.0,0.0,104.0,64.0,10.0,41.0,139.0,0.0,9,4.0,0.0,0.0,0.0,0.0,0.0,0.0,0.0,14.0,0.0,10.0,0.0,8.4,0.0,0.0,0.0,56.199,0.0,0.0,21.220433725,0.9533535832,1.6782780363999998,0.0,5.0,0.0,0.0
3050,0.0,0.0,0.0,0.0,0.0,0.0,0.0,106.0,58.0,8.0,37.7,143.8,0.0,11,6.0,0.0,93.0,61.0,0.0,45.0,21.0,0.0,10.0,0.0,8.0,3.93,7.3,0.0,0.0,0.0,71.303,0.0,0.0,18.231549382,0.6687881799000001,0.43656942530000004,0.0,5.0,0.0,0.0
