PtID,Pt_CGMUseNumDays,Pt_FatherT1D,Pt_MotherT1D,Pt_SiblingT1D,Pt_ChildT1D,Pt_GrandchildT1D,Pt_GrandparentT1D,BldPrSys,BldPrDia,SMBGperDayPtMeterCombo,WeightKg,HeightCm,DirectLDL,age,diabDur,TotalDailyInsPerKg,LDL,HDL,TotChol,Triglyc,BUN,AlbCreatRat_mggNew,UnitsInsBasalOrLongAct,BGTestAvgNumMeter,BGTestAvgNumPtRep,TSH,HbA1c,AutonomicNeuroCl,Pt_InsGov,NumPumpBolusOrShortAct,HbA1cImputeDtMnC,Pt_SHFlg,Pt_DKAFlg,bmi,bmiPerc,bmiZscore,GFR,diagAgeCombo,Pt_A1cGoalLev,Pt_A1cGoalLevelDsYr5
3065,0.0,0.0,0.0,0.0,0.0,0.0,0.0,122.0,82.0,0.0,108.40857643,170.18,0.0,45,34.0,0.3874232222,77.0,62.0,0.0,58.0,12.0,2.5,0.0,0.0,0.0,0.0,8.3,0.0,0.0,0.0,0.0,0.0,0.0,37.43230776,0.0,0.7891023217,0.0,10.0,0.0,0.0
3065,0.0,0.0,0.0,0.0,0.0,0.0,0.0,129.0,81.0,1.0,114.75886961,170.18,0.0,47,36.0,0.0,85.0,66.0,0.0,78.0,11.0,4.4,0.0,0.0,1.0,0.0,7.5,0.0,0.0,0.0,21.145,0.0,0.0,39.624995244000004,0.0,0.9850029664,0.0,10.0,7.0,0.0
3065,0.0,0.0,0.0,0.0,0.0,0.0,0.0,137.0,85.0,0.0,115.66605435,170.18,0.0,47,36.0,0.0,0.0,0.0,0.0,0.0,0.0,0.0,0.0,0.0,0.0,0.0,7.8,0.0,0.0,0.0,24.398000000000003,0.0,0.0,39.938236313000004,0.0,1.0129887728,0.0,10.0,0.0,0.0
3065,0.0,0.0,0.0,0.0,0.0,0.0,0.0,145.0,79.0,0.0,112.17339309999998,170.43400000000003,0.0,48,37.0,0.37442034009999997,83.0,82.0,0.0,68.0,16.0,0.0,2.0,0.0,0.0,2.86,7.4,0.0,0.0,0.0,36.979,0.0,0.0,38.616897849000004,0.0,0.8949368120000001,0.0,10.0,0.0,0.0
3065,0.0,0.0,0.0,0.0,0.0,0.0,0.0,121.0,77.0,0.0,111.58372302,170.18,0.0,49,38.0,0.0,78.0,86.0,0.0,129.0,19.0,4.9,42.0,0.0,0.0,2.48,6.9,0.0,0.0,0.0,46.739,0.0,0.0,38.528651501999995,0.0,0.8870526441,0.0,10.0,0.0,0.0
