PtID,Pt_CGMUseNumDays,Pt_FatherT1D,Pt_MotherT1D,Pt_SiblingT1D,Pt_ChildT1D,Pt_GrandchildT1D,Pt_GrandparentT1D,BldPrSys,BldPrDia,SMBGperDayPtMeterCombo,WeightKg,HeightCm,DirectLDL,age,diabDur,TotalDailyInsPerKg,LDL,HDL,TotChol,Triglyc,BUN,AlbCreatRat_mggNew,UnitsInsBasalOrLongAct,BGTestAvgNumMeter,BGTestAvgNumPtRep,TSH,HbA1c,AutonomicNeuroCl,Pt_InsGov,NumPumpBolusOrShortAct,HbA1cImputeDtMnC,Pt_SHFlg,Pt_DKAFlg,bmi,bmiPerc,bmiZscore,GFR,diagAgeCombo,Pt_A1cGoalLev,Pt_A1cGoalLevelDsYr5
3083,0.0,0.0,0.0,0.0,0.0,0.0,0.0,108.0,55.0,5.0,34.6,137.5,0.0,9,6.0,0.9826589595,75.0,60.0,0.0,64.0,9.0,17.7,0.0,0.0,5.0,0.0,8.1,0.0,1.0,4.0,0.19899999999999998,0.0,0.0,18.300826446,0.7879243051,0.7992397797,0.0,2.0,0.0,0.0
3083,0.0,0.0,0.0,0.0,0.0,0.0,0.0,103.0,58.0,4.0,40.5,144.4,0.0,10,7.0,0.0,88.0,53.0,0.0,84.0,9.0,0.0,0.0,0.0,4.0,0.0,8.8,0.0,1.0,0.0,11.817,0.0,0.0,19.423193499,0.8153564408,0.8978095012,0.0,2.0,7.5,0.0
3083,0.0,0.0,0.0,0.0,0.0,0.0,0.0,122.0,56.0,0.0,46.26642174,149.86,0.0,11,8.0,0.0,93.0,56.0,0.0,94.0,8.0,7.1,0.0,0.0,0.0,0.0,10.0,0.0,0.0,0.0,22.705,0.0,0.0,20.601291906,0.8368770766,0.9817036904,0.0,2.0,0.0,0.0
3083,0.0,0.0,0.0,0.0,0.0,0.0,0.0,100.0,53.0,5.0,54.88467677,154.94,0.0,12,9.0,0.0,109.0,55.0,0.0,72.0,12.0,7.1,0.0,5.0,0.0,1.61,9.1,0.0,0.0,0.0,35.32,0.0,0.0,22.862515221,0.8976024635,1.2680080579000002,0.0,2.0,0.0,0.0
3083,0.0,0.0,0.0,0.0,0.0,0.0,0.0,104.0,66.0,6.0,63.95652417,157.48,0.0,12,10.0,0.0,0.0,0.0,0.0,0.0,0.0,0.0,0.0,6.0,0.0,0.0,9.8,0.0,0.0,0.0,44.548,0.0,0.0,25.788972614000002,0.9575000588,1.7223845396000002,0.0,2.0,0.0,0.0
3083,0.0,0.0,0.0,0.0,0.0,0.0,0.0,102.0,64.0,5.0,71.21400209,157.48,0.0,13,11.0,0.0,118.0,45.0,0.0,104.0,11.0,0.0,0.0,5.0,0.0,3.1,7.1,0.0,0.0,0.0,56.598,0.0,0.0,28.715380854,0.9729401187000001,1.9258767707,0.0,2.0,0.0,0.0
3083,30.0,0.0,0.0,0.0,0.0,0.0,0.0,112.0,48.0,4.0,72.5,161.0,0.0,14,11.0,0.0,0.0,0.0,0.0,0.0,0.0,4.9,34.0,0.0,4.0,2.46,7.9,0.0,1.0,0.0,62.638999999999996,0.0,0.0,27.969599938,0.9585436403,1.7340302306,0.0,2.0,0.0,0.0
3083,0.0,0.0,0.0,0.0,0.0,0.0,0.0,112.0,58.0,4.0,79.4,163.0,0.0,15,12.0,0.0,89.0,54.0,164.0,128.0,10.0,4.9,38.0,4.0,0.0,1.38,9.3,0.0,0.0,0.0,74.954,0.0,0.0,29.884451805,0.966890425,1.8369373141,0.0,2.0,0.0,0.0
