PtID,Pt_CGMUseNumDays,Pt_FatherT1D,Pt_MotherT1D,Pt_SiblingT1D,Pt_ChildT1D,Pt_GrandchildT1D,Pt_GrandparentT1D,BldPrSys,BldPrDia,SMBGperDayPtMeterCombo,WeightKg,HeightCm,DirectLDL,age,diabDur,TotalDailyInsPerKg,LDL,HDL,TotChol,Triglyc,BUN,AlbCreatRat_mggNew,UnitsInsBasalOrLongAct,BGTestAvgNumMeter,BGTestAvgNumPtRep,TSH,HbA1c,AutonomicNeuroCl,Pt_InsGov,NumPumpBolusOrShortAct,HbA1cImputeDtMnC,Pt_SHFlg,Pt_DKAFlg,bmi,bmiPerc,bmiZscore,GFR,diagAgeCombo,Pt_A1cGoalLev,Pt_A1cGoalLevelDsYr5
3093,0.0,0.0,0.0,0.0,0.0,0.0,0.0,116.0,73.0,6.0,56.6,163.7,0.0,16,2.0,0.3886925795,85.0,82.0,0.0,92.0,15.0,5.3,0.0,6.0,7.0,0.0,6.6,0.0,0.0,5.0,0.43200000000000005,0.0,0.0,21.121223508,0.5849535918,0.2145825291,0.0,13.0,0.0,0.0
3093,0.0,0.0,0.0,0.0,0.0,0.0,0.0,112.0,72.0,6.0,55.4,164.8,0.0,16,3.0,0.5415162455,71.0,94.0,0.0,37.0,18.0,0.0,0.0,6.0,8.0,0.0,7.7,0.0,0.0,6.0,10.722000000000001,0.0,0.0,20.398364596,0.4954907153,-0.011303341000000001,0.0,13.0,7.0,0.0
3093,0.0,0.0,0.0,0.0,0.0,0.0,0.0,115.0,64.0,6.0,59.7,165.2,0.0,18,4.0,0.5695142379,90.0,83.0,0.0,140.0,0.0,58.6,17.0,6.0,7.0,3.31,9.0,0.0,0.0,3.0,23.768,0.0,0.0,21.875311458000002,0.574183447,0.1870351086,0.0,13.0,0.0,0.0
3093,0.0,0.0,0.0,0.0,0.0,0.0,0.0,110.0,70.0,4.0,64.9,165.1,0.0,19,5.0,0.5392912173,0.0,0.0,0.0,0.0,0.0,13.6,16.0,4.0,8.0,1.88,8.7,0.0,0.0,10.0,35.353,0.0,0.0,23.809515075,0.7257967560999999,0.6001496771,0.0,13.0,0.0,0.0
3093,0.0,0.0,0.0,0.0,0.0,0.0,0.0,110.0,70.0,6.0,66.4,165.1,0.0,20,6.0,0.5722891566,0.0,0.0,0.0,0.0,0.0,0.0,17.0,6.0,6.0,6.06,8.5,0.0,0.0,11.0,49.261,0.0,0.0,24.359812033,0.7454819733,-0.32903069100000004,0.0,13.0,0.0,0.0
3093,1.0,0.0,0.0,0.0,0.0,0.0,0.0,108.0,64.0,4.0,64.0,165.7,0.0,21,7.0,0.5625,115.0,100.0,222.0,35.0,17.0,0.0,19.0,4.0,6.0,0.0,8.3,0.0,0.0,5.0,61.31100000000001,0.0,0.0,23.30960731,0.0,-0.470638464,90.1,13.0,0.0,0.0
