PtID,Pt_CGMUseNumDays,Pt_FatherT1D,Pt_MotherT1D,Pt_SiblingT1D,Pt_ChildT1D,Pt_GrandchildT1D,Pt_GrandparentT1D,BldPrSys,BldPrDia,SMBGperDayPtMeterCombo,WeightKg,HeightCm,DirectLDL,age,diabDur,TotalDailyInsPerKg,LDL,HDL,TotChol,Triglyc,BUN,AlbCreatRat_mggNew,UnitsInsBasalOrLongAct,BGTestAvgNumMeter,BGTestAvgNumPtRep,TSH,HbA1c,AutonomicNeuroCl,Pt_InsGov,NumPumpBolusOrShortAct,HbA1cImputeDtMnC,Pt_SHFlg,Pt_DKAFlg,bmi,bmiPerc,bmiZscore,GFR,diagAgeCombo,Pt_A1cGoalLev,Pt_A1cGoalLevelDsYr5
31113,0.0,0.0,0.0,0.0,0.0,0.0,0.0,114.0,70.0,12.0,96.16158244,163.83,0.0,33,23.0,0.6031514720000001,0.0,72.0,135.0,0.0,9.0,0.0,0.0,0.0,12.0,0.0,5.3,0.0,0.0,0.0,-1.062,0.0,0.0,35.827354338,0.0,0.9092569295999999,0.0,10.0,0.0,0.0
31113,0.0,0.0,0.0,0.0,0.0,0.0,0.0,100.0,70.0,10.0,73.11909004399999,163.83,0.0,34,24.0,1.2035160715,0.0,0.0,0.0,0.0,13.0,0.0,13.0,0.0,10.0,3.71,5.6,0.0,0.0,3.0,11.22,0.0,0.0,27.242309053000003,0.0,-0.075436271,0.0,10.0,0.0,0.0
31113,0.0,0.0,0.0,0.0,0.0,0.0,0.0,110.0,70.0,7.0,74.38914868,163.83,0.0,35,25.0,1.0888684901,74.0,63.0,149.0,55.0,9.0,0.0,14.0,0.0,7.0,2.42,6.0,0.0,0.0,3.0,20.515,0.0,0.0,27.715500525,0.0,-0.021161843,0.0,10.0,0.0,0.0
31113,0.0,0.0,0.0,0.0,0.0,0.0,0.0,110.0,68.0,10.0,74.933459524,163.83,0.0,35,25.0,1.0676138605,0.0,0.0,0.0,0.0,0.0,0.0,14.0,0.0,10.0,0.0,5.8,0.0,0.0,3.0,30.938000000000002,0.0,0.0,27.918296871,0.0,0.0020986266,0.0,10.0,0.0,0.0
31113,0.0,0.0,0.0,0.0,0.0,0.0,0.0,112.0,62.0,10.0,79.560101698,163.83,0.0,37,27.0,0.0,89.0,65.0,169.0,75.0,12.0,0.0,16.0,10.0,0.0,2.24,5.7,0.0,0.0,3.0,46.34,0.0,0.0,29.642065805999998,0.0,0.1998126157,0.0,10.0,0.0,0.0
