PtID,Pt_CGMUseNumDays,Pt_FatherT1D,Pt_MotherT1D,Pt_SiblingT1D,Pt_ChildT1D,Pt_GrandchildT1D,Pt_GrandparentT1D,BldPrSys,BldPrDia,SMBGperDayPtMeterCombo,WeightKg,HeightCm,DirectLDL,age,diabDur,TotalDailyInsPerKg,LDL,HDL,TotChol,Triglyc,BUN,AlbCreatRat_mggNew,UnitsInsBasalOrLongAct,BGTestAvgNumMeter,BGTestAvgNumPtRep,TSH,HbA1c,AutonomicNeuroCl,Pt_InsGov,NumPumpBolusOrShortAct,HbA1cImputeDtMnC,Pt_SHFlg,Pt_DKAFlg,bmi,bmiPerc,bmiZscore,GFR,diagAgeCombo,Pt_A1cGoalLev,Pt_A1cGoalLevelDsYr5
31184,0.0,0.0,0.0,0.0,0.0,0.0,0.0,98.0,56.0,3.0,13.8,94.7,0.0,2,0.0,0.0,0.0,0.0,0.0,0.0,0.0,0.0,8.0,3.0,0.0,4.69,7.8,0.0,1.0,0.0,0.0,0.0,0.0,15.387891959000001,0.1599650977,-0.99460134,0.0,2.0,7.1,0.0
31184,0.0,0.0,0.0,0.0,0.0,0.0,0.0,97.0,55.0,9.0,16.4,102.1,0.0,4,1.0,0.0,0.0,0.0,0.0,0.0,0.0,0.0,4.0,9.0,0.0,0.0,8.6,0.0,0.0,0.0,15.071,0.0,0.0,15.732305234000002,0.5322796137,0.08100148360000001,0.0,0.0,0.0,0.0
31184,0.0,0.0,0.0,0.0,0.0,0.0,0.0,108.0,61.0,10.0,18.8,106.0,0.0,4,2.0,1.1170212766,0.0,0.0,0.0,0.0,0.0,0.0,5.0,10.0,0.0,0.0,7.9,0.0,0.0,9.0,23.436,0.0,0.0,16.731933072,0.8126961211,0.8878754389,0.0,0.0,0.0,0.0
31184,0.0,0.0,0.0,0.0,0.0,0.0,0.0,100.0,56.0,12.0,21.1,112.6,0.0,5,3.0,1.2180094787,0.0,0.0,0.0,0.0,0.0,0.0,5.9,12.0,0.0,0.0,7.6,0.0,0.0,9.0,32.498000000000005,0.0,0.0,16.642006001,0.8187613357,0.9106547206000001,0.0,0.0,0.0,0.0
