PtID,Pt_CGMUseNumDays,Pt_FatherT1D,Pt_MotherT1D,Pt_SiblingT1D,Pt_ChildT1D,Pt_GrandchildT1D,Pt_GrandparentT1D,BldPrSys,BldPrDia,SMBGperDayPtMeterCombo,WeightKg,HeightCm,DirectLDL,age,diabDur,TotalDailyInsPerKg,LDL,HDL,TotChol,Triglyc,BUN,AlbCreatRat_mggNew,UnitsInsBasalOrLongAct,BGTestAvgNumMeter,BGTestAvgNumPtRep,TSH,HbA1c,AutonomicNeuroCl,Pt_InsGov,NumPumpBolusOrShortAct,HbA1cImputeDtMnC,Pt_SHFlg,Pt_DKAFlg,bmi,bmiPerc,bmiZscore,GFR,diagAgeCombo,Pt_A1cGoalLev,Pt_A1cGoalLevelDsYr5
31327,0.0,0.0,0.0,0.0,0.0,0.0,0.0,138.0,72.0,4.0,79.83225712,161.29,0.0,63,50.0,0.36326168200000003,75.0,57.0,141.0,46.0,16.0,0.0,12.0,4.0,5.0,1.69,7.9,0.0,0.0,5.0,-1.56,0.0,0.0,30.687642386999997,0.0,0.13511346189999998,73.0,0.0,0.0,0.0
31327,0.0,0.0,0.0,0.0,0.0,0.0,0.0,170.0,80.0,8.0,81.64662659999999,162.56,0.0,64,51.0,0.28170177949999997,60.0,61.0,130.0,44.0,14.0,0.0,13.0,8.0,0.0,3.98,7.9,0.0,0.0,0.0,11.419,0.0,0.0,30.896612385999997,0.0,0.16107296869999999,85.0,0.0,0.0,0.0
31327,0.0,0.0,0.0,0.0,0.0,0.0,0.0,116.0,79.0,8.0,0.0,0.0,0.0,65,52.0,0.0,64.0,75.0,148.0,46.0,14.0,9.0,12.0,8.0,0.0,1.7,6.7,0.0,0.0,6.0,27.186999999999998,0.0,0.0,0.0,0.0,0.0,80.0,0.0,0.0,0.0
31327,0.0,0.0,0.0,0.0,0.0,0.0,0.0,100.0,55.0,6.0,81.6,162.0,0.0,66,53.0,0.3566176471,61.0,54.0,128.0,65.0,18.0,9.0,15.6,6.0,0.0,4.4,8.6,0.0,0.0,5.0,37.643,0.0,0.0,31.092821216,0.0,0.1854472065,0.0,0.0,0.0,0.0
