PtID,Pt_CGMUseNumDays,Pt_FatherT1D,Pt_MotherT1D,Pt_SiblingT1D,Pt_ChildT1D,Pt_GrandchildT1D,Pt_GrandparentT1D,BldPrSys,BldPrDia,SMBGperDayPtMeterCombo,WeightKg,HeightCm,DirectLDL,age,diabDur,TotalDailyInsPerKg,LDL,HDL,TotChol,Triglyc,BUN,AlbCreatRat_mggNew,UnitsInsBasalOrLongAct,BGTestAvgNumMeter,BGTestAvgNumPtRep,TSH,HbA1c,AutonomicNeuroCl,Pt_InsGov,NumPumpBolusOrShortAct,HbA1cImputeDtMnC,Pt_SHFlg,Pt_DKAFlg,bmi,bmiPerc,bmiZscore,GFR,diagAgeCombo,Pt_A1cGoalLev,Pt_A1cGoalLevelDsYr5
31480,0.0,0.0,0.0,0.0,0.0,0.0,0.0,106.0,69.0,6.0,62.14215469,165.1,0.0,55,13.0,0.4827640778,85.0,83.0,180.0,58.0,16.0,0.0,14.0,0.0,6.0,3.26,7.0,0.0,0.0,5.0,-0.19899999999999998,0.0,0.0,22.79775915,0.0,-0.658382496,0.0,42.0,6.0,0.0
31480,0.0,0.0,0.0,0.0,0.0,0.0,0.0,104.0,64.0,6.0,61.68856232,166.37,0.0,56,13.0,0.4863138136,124.0,71.0,215.0,100.0,19.0,0.0,14.0,0.0,6.0,3.26,7.0,0.0,0.0,5.0,9.095,0.0,0.0,22.287154089,0.0,-0.710891211,0.0,0.0,0.0,0.0
31480,0.0,0.0,0.0,0.0,0.0,0.0,0.0,120.0,82.0,0.0,63.04933943,167.64,0.0,57,14.0,0.0,121.0,93.0,228.0,69.0,19.0,0.0,14.0,0.0,0.0,0.0,7.0,0.0,0.0,0.0,18.555999999999997,0.0,0.0,22.434956741999997,0.0,-0.695691739,0.0,0.0,0.0,0.0
31480,0.0,0.0,0.0,0.0,0.0,0.0,0.0,110.0,70.0,4.0,64.41011654,167.64,0.0,58,15.0,0.34156125130000003,124.0,80.0,223.0,95.0,12.0,0.0,13.6,0.0,4.0,2.19,7.1,0.0,0.0,3.0,28.116,0.0,0.0,22.919164442,0.0,-0.64589763,0.0,0.0,0.0,0.0
