PtID,Pt_CGMUseNumDays,Pt_FatherT1D,Pt_MotherT1D,Pt_SiblingT1D,Pt_ChildT1D,Pt_GrandchildT1D,Pt_GrandparentT1D,BldPrSys,BldPrDia,SMBGperDayPtMeterCombo,WeightKg,HeightCm,DirectLDL,age,diabDur,TotalDailyInsPerKg,LDL,HDL,TotChol,Triglyc,BUN,AlbCreatRat_mggNew,UnitsInsBasalOrLongAct,BGTestAvgNumMeter,BGTestAvgNumPtRep,TSH,HbA1c,AutonomicNeuroCl,Pt_InsGov,NumPumpBolusOrShortAct,HbA1cImputeDtMnC,Pt_SHFlg,Pt_DKAFlg,bmi,bmiPerc,bmiZscore,GFR,diagAgeCombo,Pt_A1cGoalLev,Pt_A1cGoalLevelDsYr5
31671,0.0,0.0,0.0,0.0,0.0,0.0,0.0,160.0,82.0,0.0,56.24545388,152.4,0.0,30,26.0,0.0,86.0,43.0,0.0,47.0,21.0,3.0,30.0,0.0,4.0,0.98,8.3,0.0,0.0,3.0,-0.166,0.0,0.0,24.216841075999998,0.0,-0.475918106,104.0,4.0,7.8,0.0
31671,0.0,0.0,0.0,0.0,0.0,0.0,0.0,0.0,0.0,4.0,84.82177319,170.18,0.0,31,27.0,0.0,105.0,45.0,166.0,80.0,15.0,0.0,30.0,0.0,4.0,0.0,9.2,0.0,0.0,3.0,10.556,0.0,0.0,29.288039963000003,0.0,0.25918958329999997,0.0,0.0,0.0,0.0
31671,0.0,0.0,0.0,0.0,0.0,0.0,0.0,130.0,70.0,4.0,85.72895793,170.18,0.0,32,28.0,0.0,106.0,0.0,166.0,81.0,9.0,0.0,34.0,0.0,4.0,0.0,8.1,0.0,0.0,0.0,21.476999999999997,0.0,0.0,29.601281032,0.0,0.3045961871,107.0,0.0,0.0,0.0
31671,0.0,0.0,0.0,0.0,0.0,0.0,0.0,0.0,0.0,2.0,0.0,0.0,0.0,33,29.0,0.0,82.0,47.0,142.0,45.0,9.0,0.0,33.4,0.0,2.0,0.0,8.1,0.0,0.0,0.0,30.008000000000003,0.0,0.0,0.0,0.0,0.0,106.0,0.0,0.0,0.0
