PtID,Pt_CGMUseNumDays,Pt_FatherT1D,Pt_MotherT1D,Pt_SiblingT1D,Pt_ChildT1D,Pt_GrandchildT1D,Pt_GrandparentT1D,BldPrSys,BldPrDia,SMBGperDayPtMeterCombo,WeightKg,HeightCm,DirectLDL,age,diabDur,TotalDailyInsPerKg,LDL,HDL,TotChol,Triglyc,BUN,AlbCreatRat_mggNew,UnitsInsBasalOrLongAct,BGTestAvgNumMeter,BGTestAvgNumPtRep,TSH,HbA1c,AutonomicNeuroCl,Pt_InsGov,NumPumpBolusOrShortAct,HbA1cImputeDtMnC,Pt_SHFlg,Pt_DKAFlg,bmi,bmiPerc,bmiZscore,GFR,diagAgeCombo,Pt_A1cGoalLev,Pt_A1cGoalLevelDsYr5
31836,0.0,0.0,0.0,0.0,0.0,0.0,0.0,113.0,77.0,5.0,59.8,172.4,0.0,14,3.0,0.7859531773,0.0,38.0,129.0,0.0,0.0,0.0,17.0,5.0,0.0,3.8489999999999998,8.0,0.0,0.0,0.0,-0.23199999999999998,0.0,0.0,20.119939061,0.6380769527,0.35332328009999997,0.0,0.0,0.0,0.0
31836,0.0,0.0,0.0,0.0,0.0,0.0,0.0,105.0,64.0,5.0,65.5,175.6,0.0,15,4.0,0.7786259542,0.0,0.0,0.0,0.0,0.0,0.0,19.0,5.0,0.0,0.0,7.9,0.0,0.0,0.0,9.295,0.0,0.0,21.241847022,0.6821962006,0.47384898729999997,0.0,0.0,0.0,0.0
31836,0.0,0.0,0.0,0.0,0.0,0.0,0.0,103.0,71.0,4.0,65.0,176.0,0.0,16,5.0,0.7846153845999999,0.0,0.0,0.0,0.0,0.0,0.0,19.0,4.0,0.0,0.0,8.7,0.0,0.0,32.0,20.68,0.0,0.0,20.983987603,0.5634834353,0.1598069749,0.0,0.0,0.0,0.0
31836,0.0,0.0,0.0,0.0,0.0,0.0,0.0,109.0,74.0,3.0,68.9,176.5,0.0,17,6.0,1.0493468795,88.0,35.0,138.0,74.0,0.0,0.0,21.3,3.0,0.0,3.609,8.0,0.0,0.0,7.0,33.427,0.0,0.0,22.117182547,0.6181757485,0.30069313649999996,0.0,0.0,0.0,0.0
31836,0.0,0.0,0.0,0.0,0.0,0.0,0.0,108.0,77.0,4.0,73.0,176.5,0.0,18,7.0,0.8260273973000001,0.0,0.0,0.0,0.0,0.0,0.0,3.3,4.0,0.0,0.0,7.9,0.0,0.0,4.0,43.452,0.0,0.0,23.43329936,0.6877951912000001,0.48961039729999994,0.0,0.0,0.0,0.0
