PtID,Pt_CGMUseNumDays,Pt_FatherT1D,Pt_MotherT1D,Pt_SiblingT1D,Pt_ChildT1D,Pt_GrandchildT1D,Pt_GrandparentT1D,BldPrSys,BldPrDia,SMBGperDayPtMeterCombo,WeightKg,HeightCm,DirectLDL,age,diabDur,TotalDailyInsPerKg,LDL,HDL,TotChol,Triglyc,BUN,AlbCreatRat_mggNew,UnitsInsBasalOrLongAct,BGTestAvgNumMeter,BGTestAvgNumPtRep,TSH,HbA1c,AutonomicNeuroCl,Pt_InsGov,NumPumpBolusOrShortAct,HbA1cImputeDtMnC,Pt_SHFlg,Pt_DKAFlg,bmi,bmiPerc,bmiZscore,GFR,diagAgeCombo,Pt_A1cGoalLev,Pt_A1cGoalLevelDsYr5
3188,0.0,0.0,0.0,0.0,0.0,0.0,0.0,93.0,60.0,4.0,63.36685408899999,153.67,0.0,22,12.0,0.41030914939999996,102.0,66.0,188.0,100.0,8.0,6.9,0.0,0.0,4.0,0.0,8.2,0.0,1.0,0.0,0.0,1.0,0.0,26.833910326999998,0.0,0.0045724094,0.0,10.0,0.0,0.0
3188,0.0,1.0,0.0,0.0,0.0,0.0,0.0,114.0,62.0,3.0,63.185417141,152.908,1.0,23,12.0,0.5064459720000001,104.0,0.0,0.0,0.0,9.0,4.2,0.0,0.0,3.0,0.0,9.2,0.0,0.0,0.0,5.742999999999999,0.0,1.0,27.024423694,0.0,0.0302608996,0.0,10.0,6.0,0.0
3188,0.0,0.0,0.0,0.0,0.0,0.0,0.0,110.0,70.0,0.0,58.51341573,157.48,0.0,25,14.0,0.6836039138,0.0,0.0,0.0,0.0,15.0,0.0,26.0,0.0,0.0,1.0,9.2,0.0,0.0,0.0,29.079,0.0,0.0,23.594166434,0.0,-0.43226900799999995,0.0,10.0,0.0,0.0
3188,0.0,0.0,0.0,0.0,0.0,0.0,0.0,103.0,67.0,0.0,58.51341573,152.4,0.0,26,15.0,0.0,0.0,0.0,0.0,0.0,0.0,0.0,0.0,0.0,0.0,0.0,6.8,0.0,0.0,0.0,39.768,0.0,0.0,25.193326604,0.0,-0.21664103899999998,0.0,10.0,0.0,0.0
3188,0.0,0.0,0.0,0.0,0.0,0.0,0.0,108.0,74.0,0.0,0.0,0.0,0.0,27,16.0,0.0,0.0,0.0,0.0,0.0,0.0,0.0,0.0,0.0,0.0,0.0,0.0,0.0,0.0,0.0,0.0,0.0,0.0,0.0,0.0,0.0,0.0,10.0,0.0,0.0
3188,0.0,0.0,0.0,0.0,0.0,0.0,0.0,89.0,61.0,6.0,55.79186151,162.56,0.0,27,17.0,0.824493013,0.0,0.0,0.0,0.0,9.0,0.0,0.0,0.0,6.0,0.0,9.3,0.0,1.0,0.0,59.053999999999995,1.0,1.0,21.112685131,0.0,-0.76686762,0.0,10.0,0.0,0.0
