PtID,Pt_CGMUseNumDays,Pt_FatherT1D,Pt_MotherT1D,Pt_SiblingT1D,Pt_ChildT1D,Pt_GrandchildT1D,Pt_GrandparentT1D,BldPrSys,BldPrDia,SMBGperDayPtMeterCombo,WeightKg,HeightCm,DirectLDL,age,diabDur,TotalDailyInsPerKg,LDL,HDL,TotChol,Triglyc,BUN,AlbCreatRat_mggNew,UnitsInsBasalOrLongAct,BGTestAvgNumMeter,BGTestAvgNumPtRep,TSH,HbA1c,AutonomicNeuroCl,Pt_InsGov,NumPumpBolusOrShortAct,HbA1cImputeDtMnC,Pt_SHFlg,Pt_DKAFlg,bmi,bmiPerc,bmiZscore,GFR,diagAgeCombo,Pt_A1cGoalLev,Pt_A1cGoalLevelDsYr5
320,0.0,0.0,0.0,0.0,0.0,0.0,0.0,106.0,71.0,5.0,25.3,127.9,1.0,8,1.0,1.3043478260999999,69.0,46.0,0.0,43.0,0.0,0.0,0.0,5.0,6.0,0.0,8.2,0.0,0.0,4.0,-0.066,0.0,0.0,15.466050796,0.4232366689,-0.193620126,0.0,7.0,0.0,0.0
320,0.0,0.0,0.0,0.0,0.0,0.0,0.0,100.0,62.0,7.0,30.4,138.7,0.0,9,2.0,0.4605263158,0.0,0.0,0.0,0.0,0.0,0.0,0.0,7.0,8.0,0.0,8.3,0.0,0.0,5.0,21.112,0.0,0.0,15.802313064000002,0.40355595380000003,-0.244153541,0.0,7.0,7.0,0.0
320,0.0,0.0,0.0,0.0,0.0,0.0,0.0,100.0,60.0,0.0,33.6,144.6,0.0,10,3.0,0.0,0.0,0.0,0.0,0.0,0.0,89.0,10.0,0.0,0.0,0.0,7.9,0.0,0.0,0.0,34.29,0.0,0.0,16.069512118,0.35955055490000004,-0.35966039899999996,0.0,7.0,0.0,0.0
320,0.0,0.0,0.0,0.0,0.0,0.0,0.0,107.0,53.0,0.0,36.5,149.8,1.0,11,4.0,0.0,77.0,70.0,159.0,62.0,0.0,89.0,13.0,0.0,0.0,3.3510000000000004,8.4,0.0,0.0,0.0,43.353,0.0,0.0,16.265568154,0.3004120534,-0.523215772,0.0,7.0,0.0,0.0
320,0.0,0.0,0.0,0.0,0.0,0.0,0.0,103.0,66.0,0.0,43.1,153.4,0.0,12,5.0,0.0,0.0,0.0,0.0,0.0,0.0,38.4,15.0,0.0,0.0,0.0,8.9,0.0,0.0,0.0,54.473,0.0,0.0,18.315827765,0.5351273467000001,0.0881652873,0.0,7.0,0.0,0.0
320,0.0,0.0,0.0,0.0,0.0,0.0,0.0,113.0,78.0,7.0,49.2,158.2,0.0,13,6.0,0.0,0.0,0.0,0.0,0.0,0.0,38.4,20.0,0.0,7.0,0.0,8.2,0.0,0.0,0.0,63.768,0.0,0.0,19.658580010999998,0.6228063923,0.3128597539,0.0,7.0,0.0,0.0
320,0.0,0.0,0.0,0.0,0.0,0.0,0.0,112.0,62.0,5.0,54.6,160.1,0.0,14,7.0,0.0,0.0,0.0,0.0,0.0,0.0,0.0,0.0,5.0,0.0,0.0,8.0,0.0,0.0,0.0,73.593,0.0,0.0,21.301489817,0.7207031289,0.5849315518,0.0,7.0,0.0,0.0
320,0.0,0.0,0.0,0.0,0.0,0.0,0.0,119.0,70.0,5.0,60.6,163.2,0.0,15,8.0,0.0,0.0,0.0,0.0,0.0,0.0,0.0,0.0,5.0,0.0,0.0,8.1,0.0,0.0,0.0,86.075,0.0,0.0,22.752667243,0.7814368275,0.7770549605,0.0,7.0,0.0,0.0
