PtID,Pt_CGMUseNumDays,Pt_FatherT1D,Pt_MotherT1D,Pt_SiblingT1D,Pt_ChildT1D,Pt_GrandchildT1D,Pt_GrandparentT1D,BldPrSys,BldPrDia,SMBGperDayPtMeterCombo,WeightKg,HeightCm,DirectLDL,age,diabDur,TotalDailyInsPerKg,LDL,HDL,TotChol,Triglyc,BUN,AlbCreatRat_mggNew,UnitsInsBasalOrLongAct,BGTestAvgNumMeter,BGTestAvgNumPtRep,TSH,HbA1c,AutonomicNeuroCl,Pt_InsGov,NumPumpBolusOrShortAct,HbA1cImputeDtMnC,Pt_SHFlg,Pt_DKAFlg,bmi,bmiPerc,bmiZscore,GFR,diagAgeCombo,Pt_A1cGoalLev,Pt_A1cGoalLevelDsYr5
3213,0.0,0.0,0.0,0.0,0.0,0.0,0.0,102.0,63.0,10.0,30.0,140.0,0.0,9,0.0,0.6333333333,0.0,0.0,0.0,0.0,10.0,0.0,0.0,0.0,10.0,0.0,11.8,0.0,0.0,0.0,-0.1,0.0,0.0,15.306122449,0.300461518,-0.5230736,0.0,9.0,0.0,0.0
3213,0.0,0.0,0.0,0.0,0.0,0.0,0.0,110.0,56.0,7.0,41.1,149.9,0.0,11,2.0,0.6812652068,61.0,85.0,160.0,70.0,0.0,7.0,12.0,7.0,8.0,2.13,8.9,0.0,0.0,0.0,24.465,0.0,0.0,18.291046599,0.6235852679999999,0.314910691,0.0,9.0,0.0,0.0
3213,0.0,0.0,0.0,0.0,0.0,0.0,0.0,123.0,68.0,5.0,50.0,159.0,0.0,12,2.0,0.78,66.0,75.0,159.0,92.0,0.0,5.0,18.0,5.0,0.0,2.13,8.6,0.0,0.0,0.0,33.759,0.0,0.0,19.777698667,0.7110361495,0.5564142478,0.0,9.0,0.0,0.0
3213,0.0,0.0,0.0,0.0,0.0,0.0,0.0,118.0,64.0,4.0,57.5,164.0,0.0,13,3.0,0.852173913,86.0,69.0,187.0,162.0,0.0,13.0,27.0,4.0,0.0,2.03,8.5,0.0,0.0,0.0,46.306999999999995,0.0,0.0,21.378643664000002,0.7820349172,0.7790841170999999,0.0,9.0,0.0,0.0
3213,25.0,0.0,0.0,0.0,0.0,0.0,0.0,120.0,63.0,5.0,66.5,166.3,0.0,14,5.0,1.0075187970000001,74.0,65.0,160.0,104.0,0.0,12.0,31.0,5.0,5.0,2.04,11.7,0.0,0.0,4.0,63.501999999999995,0.0,0.0,24.045684631,0.879573754,1.1728586547,0.0,9.0,0.0,0.0
3213,0.0,0.0,0.0,0.0,0.0,0.0,0.0,125.0,75.0,1.0,71.9,165.5,0.0,15,6.0,0.7371349095999999,119.0,85.0,218.0,72.0,0.0,14.0,33.4,1.0,0.0,1.29,13.3,0.0,0.0,0.0,75.51899999999999,0.0,0.0,26.250216774000002,0.9200387255,1.4053320941,0.0,9.0,0.0,0.0
