PtID,Pt_CGMUseNumDays,Pt_FatherT1D,Pt_MotherT1D,Pt_SiblingT1D,Pt_ChildT1D,Pt_GrandchildT1D,Pt_GrandparentT1D,BldPrSys,BldPrDia,SMBGperDayPtMeterCombo,WeightKg,HeightCm,DirectLDL,age,diabDur,TotalDailyInsPerKg,LDL,HDL,TotChol,Triglyc,BUN,AlbCreatRat_mggNew,UnitsInsBasalOrLongAct,BGTestAvgNumMeter,BGTestAvgNumPtRep,TSH,HbA1c,AutonomicNeuroCl,Pt_InsGov,NumPumpBolusOrShortAct,HbA1cImputeDtMnC,Pt_SHFlg,Pt_DKAFlg,bmi,bmiPerc,bmiZscore,GFR,diagAgeCombo,Pt_A1cGoalLev,Pt_A1cGoalLevelDsYr5
3305,30.0,0.0,0.0,0.0,0.0,0.0,0.0,149.0,86.0,13.0,0.0,0.0,0.0,42,32.0,0.0,75.0,57.0,141.0,44.0,11.0,16.7,0.0,0.0,13.0,0.0,9.7,0.0,0.0,13.0,0.19899999999999998,0.0,0.0,0.0,0.0,0.0,0.0,10.0,0.0,0.0
3305,27.0,0.0,0.0,0.0,0.0,0.0,0.0,153.0,91.0,5.0,83.46099608,162.56,0.0,43,33.0,0.45530249799999994,88.0,51.0,148.0,46.0,13.0,7.3,0.0,5.0,8.0,0.0,10.4,0.0,0.0,6.0,15.568,0.0,0.0,31.583203773,0.0,0.2665275132,0.0,10.0,7.5,0.0
3305,0.0,0.0,0.0,0.0,0.0,0.0,0.0,142.0,90.0,4.0,86.1825503,160.02,0.0,44,34.0,0.4873376322,94.0,53.0,157.0,52.0,13.0,18.9,27.0,4.0,4.0,1.41,9.0,0.0,0.0,15.0,27.186999999999998,0.0,0.0,33.656644024,0.0,0.4517742869,0.0,10.0,0.0,0.0
3305,0.0,0.0,0.0,0.0,0.0,0.0,0.0,127.0,79.0,6.0,87.08973504,160.02,0.0,45,35.0,0.5281908365,72.0,51.0,134.0,54.0,11.0,0.0,30.0,6.0,8.0,0.0,9.6,0.0,0.0,15.0,40.664,0.0,0.0,34.010924487,0.0,0.483426664,89.0,10.0,0.0,0.0
3305,0.0,0.0,0.0,0.0,0.0,0.0,0.0,132.0,85.0,6.0,86.63614267,160.02,0.0,46,36.0,0.5078711799,71.0,48.0,127.0,42.0,12.0,0.0,38.0,6.0,0.0,1.03,9.9,0.0,0.0,10.0,51.021,0.0,0.0,33.833784256,0.0,0.4676004754,104.0,10.0,0.0,0.0
3305,28.0,0.0,0.0,0.0,0.0,0.0,0.0,145.0,82.0,5.0,86.63614267,160.02,0.0,47,37.0,0.5078711799,0.0,0.0,0.0,0.0,0.0,0.0,30.0,5.0,8.0,0.775,9.7,0.0,0.0,6.0,66.921,0.0,0.0,33.833784256,0.0,0.4676004754,0.0,10.0,0.0,0.0
