PtID,Pt_CGMUseNumDays,Pt_FatherT1D,Pt_MotherT1D,Pt_SiblingT1D,Pt_ChildT1D,Pt_GrandchildT1D,Pt_GrandparentT1D,BldPrSys,BldPrDia,SMBGperDayPtMeterCombo,WeightKg,HeightCm,DirectLDL,age,diabDur,TotalDailyInsPerKg,LDL,HDL,TotChol,Triglyc,BUN,AlbCreatRat_mggNew,UnitsInsBasalOrLongAct,BGTestAvgNumMeter,BGTestAvgNumPtRep,TSH,HbA1c,AutonomicNeuroCl,Pt_InsGov,NumPumpBolusOrShortAct,HbA1cImputeDtMnC,Pt_SHFlg,Pt_DKAFlg,bmi,bmiPerc,bmiZscore,GFR,diagAgeCombo,Pt_A1cGoalLev,Pt_A1cGoalLevelDsYr5
33117,0.0,1.0,0.0,0.0,0.0,0.0,0.0,86.0,52.0,7.0,18.052976326,103.124,0.0,4,2.0,0.0,0.0,0.0,0.0,0.0,0.0,0.0,0.0,0.0,7.0,2.63,8.6,0.0,0.0,0.0,0.0,0.0,0.0,16.975763346,0.8566836697,1.065537731,0.0,1.0,6.0,0.0
33117,0.0,0.0,0.0,0.0,0.0,0.0,0.0,0.0,0.0,8.0,18.869442592000002,103.124,0.0,4,2.0,0.0,0.0,0.0,0.0,0.0,0.0,0.0,0.0,0.0,8.0,2.63,8.1,0.0,0.0,0.0,3.253,0.0,0.0,17.743511437000002,0.9432471383,1.5826304303999998,0.0,0.0,0.0,0.0
33117,0.0,0.0,0.0,0.0,0.0,0.0,0.0,88.0,50.0,0.0,22.044589182,111.76,0.0,5,4.0,0.0,0.0,0.0,0.0,0.0,0.0,0.0,0.0,0.0,0.0,4.75,8.9,0.0,0.0,0.0,16.498,0.0,0.0,17.649370645999998,0.9335058359999999,1.5024213422,0.0,0.0,0.0,0.0
33117,0.0,0.0,0.0,0.0,0.0,0.0,0.0,92.0,56.0,0.0,23.858958662,117.85600000000001,0.0,6,4.0,0.0,0.0,0.0,0.0,0.0,0.0,0.0,0.0,0.0,0.0,0.0,0.0,0.0,0.0,0.0,0.0,0.0,0.0,17.177030640999998,0.8696204581999999,1.1245987973,0.0,0.0,0.0,0.0
