PtID,Pt_CGMUseNumDays,Pt_FatherT1D,Pt_MotherT1D,Pt_SiblingT1D,Pt_ChildT1D,Pt_GrandchildT1D,Pt_GrandparentT1D,BldPrSys,BldPrDia,SMBGperDayPtMeterCombo,WeightKg,HeightCm,DirectLDL,age,diabDur,TotalDailyInsPerKg,LDL,HDL,TotChol,Triglyc,BUN,AlbCreatRat_mggNew,UnitsInsBasalOrLongAct,BGTestAvgNumMeter,BGTestAvgNumPtRep,TSH,HbA1c,AutonomicNeuroCl,Pt_InsGov,NumPumpBolusOrShortAct,HbA1cImputeDtMnC,Pt_SHFlg,Pt_DKAFlg,bmi,bmiPerc,bmiZscore,GFR,diagAgeCombo,Pt_A1cGoalLev,Pt_A1cGoalLevelDsYr5
3319,0.0,0.0,0.0,0.0,0.0,0.0,0.0,122.0,67.0,3.0,73.5,167.9,0.0,15,5.0,1.1428571429,0.0,0.0,193.0,0.0,12.0,6.8,0.0,3.0,3.0,0.0,8.9,0.0,1.0,0.0,0.0,0.0,0.0,26.072696353,0.9374740583,1.5339096428999999,0.0,9.0,0.0,0.0
3319,0.0,0.0,0.0,0.0,0.0,0.0,0.0,112.0,69.0,3.0,73.7,168.7,0.0,16,6.0,0.9226594301000001,0.0,0.0,148.0,0.0,0.0,4.2,0.0,3.0,4.0,0.0,9.2,0.0,1.0,0.0,14.107999999999999,0.0,0.0,25.896276453000002,0.9158432809999999,1.3776433236,0.0,9.0,0.0,0.0
3319,0.0,0.0,0.0,0.0,0.0,0.0,0.0,128.0,80.0,2.0,81.4,169.2,0.0,17,8.0,0.0,0.0,0.0,197.0,0.0,0.0,2.6,0.0,0.0,2.0,4.57,11.7,0.0,0.0,0.0,28.315,0.0,0.0,28.433065629,0.9531072479000001,1.6757585094,0.0,9.0,0.0,0.0
3319,0.0,0.0,0.0,0.0,0.0,0.0,0.0,116.0,71.0,0.0,74.6,168.0,0.0,18,8.0,0.0,0.0,0.0,0.0,0.0,0.0,2.6,50.0,0.0,0.0,3.36,12.2,0.0,0.0,0.0,33.626999999999995,0.0,0.0,26.431405895999998,0.8859084046,1.205052097,0.0,9.0,0.0,0.0
3319,0.0,0.0,0.0,0.0,0.0,0.0,0.0,133.0,79.0,4.0,65.5,168.5,0.0,19,10.0,0.0,0.0,0.0,260.0,0.0,0.0,0.0,68.0,0.0,4.0,2.09,14.1,0.0,0.0,0.0,50.888000000000005,0.0,0.0,23.069675704,0.5760834177,0.1918838802,0.0,9.0,0.0,0.0
3319,0.0,0.0,0.0,0.0,0.0,0.0,0.0,122.0,80.0,3.0,65.4,167.5,0.0,20,10.0,0.0,0.0,0.0,0.0,0.0,0.0,0.0,32.0,0.0,3.0,0.0,13.8,0.0,0.0,0.0,60.415,0.0,0.0,23.310314101,0.5393431165,-0.648874692,0.0,9.0,0.0,0.0
3319,0.0,0.0,0.0,0.0,0.0,0.0,0.0,103.0,68.0,0.0,73.9,169.0,0.0,22,12.0,0.0,183.0,43.0,245.0,96.0,0.0,9.0,32.0,0.0,0.0,2.912,10.8,0.0,0.0,0.0,83.12,0.0,0.0,25.874444171999997,0.0,-0.143112391,0.0,9.0,0.0,0.0
