PtID,Pt_CGMUseNumDays,Pt_FatherT1D,Pt_MotherT1D,Pt_SiblingT1D,Pt_ChildT1D,Pt_GrandchildT1D,Pt_GrandparentT1D,BldPrSys,BldPrDia,SMBGperDayPtMeterCombo,WeightKg,HeightCm,DirectLDL,age,diabDur,TotalDailyInsPerKg,LDL,HDL,TotChol,Triglyc,BUN,AlbCreatRat_mggNew,UnitsInsBasalOrLongAct,BGTestAvgNumMeter,BGTestAvgNumPtRep,TSH,HbA1c,AutonomicNeuroCl,Pt_InsGov,NumPumpBolusOrShortAct,HbA1cImputeDtMnC,Pt_SHFlg,Pt_DKAFlg,bmi,bmiPerc,bmiZscore,GFR,diagAgeCombo,Pt_A1cGoalLev,Pt_A1cGoalLevelDsYr5
3330,0.0,0.0,0.0,0.0,0.0,0.0,0.0,133.0,74.0,5.0,66.7,161.6,0.0,16,7.0,0.8395802098999999,83.0,44.0,0.0,164.0,10.0,5.9,0.0,0.0,5.0,0.0,9.8,0.0,0.0,0.0,0.39799999999999996,0.0,0.0,25.541307225,0.8834908901,1.1926200244,0.0,8.0,0.0,0.0
3330,0.0,0.0,0.0,0.0,0.0,0.0,0.0,100.0,69.0,1.0,62.8,162.8,0.0,18,9.0,1.1146496815,107.0,40.0,0.0,478.0,13.0,18.9,0.0,1.0,5.0,0.0,11.3,0.0,0.0,0.0,23.502,0.0,1.0,23.694679714,0.7425491248,0.6512242316,0.0,8.0,7.5,0.0
3330,0.0,0.0,0.0,0.0,0.0,0.0,0.0,109.0,66.0,0.0,62.1,163.0,0.0,19,10.0,0.0,109.0,42.0,0.0,1683.0,14.0,11.4,40.0,0.0,0.0,3.23,12.2,0.0,0.0,0.0,35.385999999999996,0.0,0.0,23.373103993,0.691334923,0.49963777530000003,0.0,8.0,0.0,0.0
3330,0.0,0.0,0.0,0.0,0.0,0.0,0.0,114.0,73.0,1.0,65.5,162.7,0.0,20,11.0,0.0,124.0,44.0,233.0,323.0,11.0,11.4,40.0,0.0,1.0,1.94,9.2,0.0,0.0,0.0,47.635,0.0,0.0,24.743788459,0.7694675091,-0.277255979,0.0,8.0,0.0,0.0
3330,0.0,0.0,0.0,0.0,0.0,0.0,0.0,106.0,58.0,1.0,68.2,162.7,1.0,21,12.0,0.0,113.0,36.0,280.0,1176.0,9.0,11.4,40.0,1.0,2.0,2.3,9.4,0.0,0.0,0.0,59.784,0.0,0.0,25.763761419,0.0,-0.139724604,90.1,8.0,0.0,0.0
3330,0.0,0.0,0.0,0.0,0.0,0.0,0.0,112.0,66.0,0.0,68.7,163.0,0.0,21,13.0,0.0,119.0,59.0,228.0,251.0,0.0,11.4,40.0,0.0,2.0,0.0,10.9,0.0,0.0,0.0,66.025,0.0,0.0,25.857202001999998,0.0,-0.127125238,90.1,8.0,0.0,0.0
3330,0.0,0.0,0.0,0.0,0.0,0.0,0.0,94.0,60.0,0.0,62.2,162.4,0.0,23,14.0,0.0,98.0,66.0,223.0,197.0,12.0,11.4,40.0,0.0,1.0,3.57,13.2,0.0,0.0,0.0,84.88,0.0,0.0,23.584047174000002,0.0,-0.433633472,90.1,8.0,0.0,0.0
