PtID,Pt_CGMUseNumDays,Pt_FatherT1D,Pt_MotherT1D,Pt_SiblingT1D,Pt_ChildT1D,Pt_GrandchildT1D,Pt_GrandparentT1D,BldPrSys,BldPrDia,SMBGperDayPtMeterCombo,WeightKg,HeightCm,DirectLDL,age,diabDur,TotalDailyInsPerKg,LDL,HDL,TotChol,Triglyc,BUN,AlbCreatRat_mggNew,UnitsInsBasalOrLongAct,BGTestAvgNumMeter,BGTestAvgNumPtRep,TSH,HbA1c,AutonomicNeuroCl,Pt_InsGov,NumPumpBolusOrShortAct,HbA1cImputeDtMnC,Pt_SHFlg,Pt_DKAFlg,bmi,bmiPerc,bmiZscore,GFR,diagAgeCombo,Pt_A1cGoalLev,Pt_A1cGoalLevelDsYr5
3346,0.0,0.0,0.0,0.0,0.0,0.0,1.0,117.0,74.0,4.0,49.396209093,152.654,0.0,10,6.0,0.8705121464,105.0,71.0,0.0,72.0,0.0,0.0,0.0,4.0,3.0,0.0,9.4,0.0,1.0,5.0,-0.365,0.0,0.0,21.197138774000003,0.9072953249,1.3242821689,0.0,4.0,0.0,0.0
3346,0.0,0.0,0.0,0.0,0.0,0.0,0.0,117.0,80.0,4.0,78.2,163.4,0.0,13,8.0,0.0,112.0,49.0,178.0,87.0,0.0,3.6,48.0,4.0,0.0,1.3,10.1,0.0,0.0,0.0,29.476999999999997,0.0,0.0,29.288872175999998,0.9762383962000001,1.9816073163999999,0.0,4.0,0.0,0.0
3346,0.0,0.0,0.0,0.0,0.0,0.0,0.0,119.0,77.0,6.0,88.3,163.4,0.0,14,9.0,1.2231030578,0.0,0.0,0.0,0.0,0.0,0.0,47.0,6.0,0.0,1.3,8.6,0.0,0.0,0.0,42.456,0.0,0.0,33.071706051,0.9856821252,2.1884649786000003,0.0,4.0,0.0,0.0
3346,0.0,0.0,0.0,0.0,0.0,0.0,0.0,124.0,83.0,4.0,86.1,163.4,0.0,14,10.0,1.1382113821,0.0,0.0,0.0,0.0,0.0,23.0,50.0,4.0,0.0,0.49,8.1,0.0,0.0,0.0,53.245,0.0,0.0,32.247722434,0.9833842787999999,2.1292758762,0.0,4.0,0.0,0.0
3346,0.0,0.0,0.0,0.0,0.0,0.0,0.0,140.0,87.0,2.0,92.6,162.3,0.0,15,11.0,1.0907127429999999,0.0,0.0,0.0,0.0,0.0,6.0,50.0,2.0,0.0,0.49,8.5,0.0,0.0,4.0,63.037,0.0,0.0,35.153935134,0.987434191,2.2393735937,0.0,4.0,0.0,0.0
3346,0.0,0.0,0.0,0.0,0.0,0.0,0.0,127.0,73.0,0.0,81.3,163.9,0.0,16,12.0,0.9840098401,0.0,0.0,0.0,0.0,0.0,6.0,30.0,0.0,0.0,0.0,11.2,0.0,0.0,0.0,74.191,0.0,0.0,30.26443973,0.9631757758,1.7887912022,0.0,4.0,0.0,0.0
3346,0.0,0.0,0.0,0.0,0.0,0.0,0.0,0.0,0.0,2.0,84.0,163.5,0.0,17,13.0,0.0,77.0,66.0,172.0,146.0,0.0,0.1,50.0,0.0,2.0,0.68,9.3,0.0,0.0,0.0,84.415,0.0,0.0,31.422719749000002,0.9655927384999999,1.8196355575,0.0,4.0,0.0,0.0
