PtID,Pt_CGMUseNumDays,Pt_FatherT1D,Pt_MotherT1D,Pt_SiblingT1D,Pt_ChildT1D,Pt_GrandchildT1D,Pt_GrandparentT1D,BldPrSys,BldPrDia,SMBGperDayPtMeterCombo,WeightKg,HeightCm,DirectLDL,age,diabDur,TotalDailyInsPerKg,LDL,HDL,TotChol,Triglyc,BUN,AlbCreatRat_mggNew,UnitsInsBasalOrLongAct,BGTestAvgNumMeter,BGTestAvgNumPtRep,TSH,HbA1c,AutonomicNeuroCl,Pt_InsGov,NumPumpBolusOrShortAct,HbA1cImputeDtMnC,Pt_SHFlg,Pt_DKAFlg,bmi,bmiPerc,bmiZscore,GFR,diagAgeCombo,Pt_A1cGoalLev,Pt_A1cGoalLevelDsYr5
3357,0.0,0.0,0.0,0.0,0.0,0.0,0.0,127.0,74.0,6.0,48.0,150.7,0.0,12,3.0,1.3125,77.0,63.0,154.0,69.0,16.0,21.0,0.0,6.0,7.0,0.0,8.7,0.0,0.0,0.0,-0.23199999999999998,0.0,1.0,21.135607378,0.8180070143000001,0.9077960772,0.0,9.0,0.0,0.0
3357,2.0,0.0,0.0,0.0,0.0,0.0,0.0,117.0,69.0,5.0,54.9,154.3,0.0,13,4.0,0.0,82.0,67.0,168.0,94.0,17.0,25.7,0.0,5.0,6.0,0.0,9.3,0.0,0.0,7.0,13.675999999999998,0.0,0.0,23.059001222,0.8726158593000001,1.1388438673999999,0.0,9.0,7.0,0.0
3357,0.0,0.0,0.0,0.0,0.0,0.0,0.0,128.0,65.0,4.0,57.9,156.2,0.0,14,5.0,1.0189982729,92.0,62.0,169.0,75.0,13.0,16.2,20.0,4.0,0.0,1.6,7.4,0.0,0.0,6.0,27.154,0.0,0.0,23.731025426,0.8676930531999999,1.1155521272,0.0,9.0,0.0,0.0
3357,0.0,0.0,0.0,0.0,0.0,0.0,0.0,125.0,78.0,7.0,59.1,156.2,0.0,15,6.0,0.8460236887,50.0,69.0,130.0,53.0,14.0,21.9,23.0,7.0,0.0,1.81,9.1,0.0,0.0,8.0,38.606,0.0,0.0,24.22286015,0.858752595,1.0747318271,0.0,9.0,0.0,0.0
3357,0.0,0.0,0.0,0.0,0.0,0.0,0.0,0.0,0.0,4.0,62.2,156.5,0.0,16,7.0,1.0289389068,122.0,97.0,242.0,115.0,11.0,43.0,24.0,4.0,0.0,2.2,9.4,0.0,0.0,6.0,48.133,0.0,0.0,25.395788464000002,0.8787139272,1.1685818471,0.0,9.0,0.0,0.0
