PtID,Pt_CGMUseNumDays,Pt_FatherT1D,Pt_MotherT1D,Pt_SiblingT1D,Pt_ChildT1D,Pt_GrandchildT1D,Pt_GrandparentT1D,BldPrSys,BldPrDia,SMBGperDayPtMeterCombo,WeightKg,HeightCm,DirectLDL,age,diabDur,TotalDailyInsPerKg,LDL,HDL,TotChol,Triglyc,BUN,AlbCreatRat_mggNew,UnitsInsBasalOrLongAct,BGTestAvgNumMeter,BGTestAvgNumPtRep,TSH,HbA1c,AutonomicNeuroCl,Pt_InsGov,NumPumpBolusOrShortAct,HbA1cImputeDtMnC,Pt_SHFlg,Pt_DKAFlg,bmi,bmiPerc,bmiZscore,GFR,diagAgeCombo,Pt_A1cGoalLev,Pt_A1cGoalLevelDsYr5
3358,0.0,0.0,0.0,0.0,0.0,0.0,0.0,0.0,0.0,3.0,0.0,0.0,0.0,34,28.0,0.0,0.0,0.0,0.0,0.0,17.0,0.0,0.0,0.0,3.0,0.0,0.0,0.0,0.0,0.0,0.0,0.0,0.0,0.0,0.0,0.0,0.0,6.0,0.0,0.0
3358,0.0,0.0,0.0,0.0,0.0,0.0,0.0,100.0,80.0,4.0,0.0,0.0,0.0,34,27.0,0.0,119.0,66.0,210.0,123.0,13.0,0.0,0.0,0.0,4.0,0.0,8.5,0.0,0.0,0.0,-0.73,0.0,0.0,0.0,0.0,0.0,0.0,6.0,0.0,0.0
3358,0.0,0.0,0.0,0.0,0.0,0.0,0.0,120.0,60.0,0.0,0.0,0.0,0.0,35,29.0,0.0,0.0,0.0,0.0,0.0,20.0,0.0,25.0,0.0,0.0,0.0,8.5,0.0,0.0,0.0,23.668000000000003,0.0,0.0,0.0,0.0,0.0,0.0,6.0,0.0,0.0
3358,0.0,0.0,0.0,0.0,0.0,0.0,0.0,128.0,80.0,0.0,0.0,0.0,0.0,37,30.0,0.0,154.0,63.0,246.0,143.0,17.0,0.0,28.0,0.0,0.0,0.0,9.5,0.0,0.0,3.0,36.216,0.0,0.0,0.0,0.0,0.0,0.0,6.0,0.0,0.0
3358,0.0,0.0,0.0,0.0,0.0,0.0,0.0,110.0,88.0,0.0,0.0,0.0,0.0,37,31.0,0.0,175.0,65.0,280.0,200.0,11.0,0.0,30.0,0.0,0.0,0.0,9.4,0.0,0.0,3.0,47.867,0.0,0.0,0.0,0.0,0.0,0.0,6.0,0.0,0.0
3358,0.0,0.0,0.0,0.0,0.0,0.0,0.0,126.0,92.0,0.0,87.08973504,170.0,0.0,38,32.0,0.9530399876000001,117.0,48.0,238.0,366.0,14.0,0.0,35.0,0.0,0.0,0.0,8.5,0.0,0.0,3.0,59.485,0.0,0.0,30.134856415,0.0,0.3819418753,73.0,6.0,0.0,0.0
3358,0.0,0.0,0.0,0.0,0.0,0.0,0.0,110.0,82.0,0.0,85.77431716699999,169.926,0.0,39,33.0,1.0259481265000001,149.0,55.0,252.0,241.0,14.0,0.0,40.0,0.0,0.0,0.0,8.7,0.0,0.0,3.0,68.315,0.0,0.0,29.705550195,0.0,0.3197107716,0.0,6.0,0.0,0.0
