PtID,Pt_CGMUseNumDays,Pt_FatherT1D,Pt_MotherT1D,Pt_SiblingT1D,Pt_ChildT1D,Pt_GrandchildT1D,Pt_GrandparentT1D,BldPrSys,BldPrDia,SMBGperDayPtMeterCombo,WeightKg,HeightCm,DirectLDL,age,diabDur,TotalDailyInsPerKg,LDL,HDL,TotChol,Triglyc,BUN,AlbCreatRat_mggNew,UnitsInsBasalOrLongAct,BGTestAvgNumMeter,BGTestAvgNumPtRep,TSH,HbA1c,AutonomicNeuroCl,Pt_InsGov,NumPumpBolusOrShortAct,HbA1cImputeDtMnC,Pt_SHFlg,Pt_DKAFlg,bmi,bmiPerc,bmiZscore,GFR,diagAgeCombo,Pt_A1cGoalLev,Pt_A1cGoalLevelDsYr5
33710,0.0,0.0,0.0,0.0,0.0,0.0,0.0,102.0,65.0,8.0,34.790534779,137.16,0.0,15,14.0,0.5748690018,0.0,0.0,0.0,0.0,38.0,0.0,0.0,8.0,0.0,0.0,8.6,0.0,1.0,0.0,-1.4269999999999998,0.0,0.0,18.492948134000002,0.2987204889,-0.528084083,0.0,0.0,0.0,0.0
33710,0.0,0.0,0.0,0.0,0.0,0.0,0.0,105.0,71.0,7.0,35.697719519,137.16,0.0,16,15.0,0.5322468846,136.0,43.0,198.0,94.0,15.0,103.0,9.0,7.0,0.0,1.19,8.1,0.0,0.0,5.0,11.353,0.0,0.0,18.975163209,0.2955911473,-0.537123521,0.0,0.0,0.0,0.0
33710,0.0,0.0,0.0,0.0,0.0,0.0,0.0,111.0,80.0,7.0,37.19457434,138.43,0.0,17,16.0,0.6452554014999999,0.0,0.0,0.0,0.0,19.0,103.0,15.0,7.0,0.0,0.0,7.9,0.0,0.0,6.0,22.506,0.0,0.0,19.409714849,0.2947790973,-0.539476374,0.0,0.0,0.0,0.0
33710,0.0,0.0,0.0,0.0,0.0,0.0,0.0,108.0,73.0,9.0,38.10175908,137.16,0.0,18,18.0,0.7611197147,0.0,0.0,0.0,0.0,22.0,103.0,15.0,9.0,0.0,4.46,7.6,0.0,0.0,8.0,38.971,0.0,0.0,20.253033158,0.36347310340000005,-0.34919062100000003,0.0,0.0,0.0,0.0
33710,0.0,0.0,0.0,0.0,0.0,0.0,0.0,99.0,63.0,8.0,35.969874941,139.7,0.0,19,18.0,0.5782616713000001,0.0,0.0,189.0,0.0,19.0,29.6,14.8,8.0,0.0,4.34,7.2,0.0,0.0,4.0,49.726000000000006,0.0,0.0,18.430881873,0.1024209799,-1.267876773,126.0,0.0,0.0,0.0
