PtID,Pt_CGMUseNumDays,Pt_FatherT1D,Pt_MotherT1D,Pt_SiblingT1D,Pt_ChildT1D,Pt_GrandchildT1D,Pt_GrandparentT1D,BldPrSys,BldPrDia,SMBGperDayPtMeterCombo,WeightKg,HeightCm,DirectLDL,age,diabDur,TotalDailyInsPerKg,LDL,HDL,TotChol,Triglyc,BUN,AlbCreatRat_mggNew,UnitsInsBasalOrLongAct,BGTestAvgNumMeter,BGTestAvgNumPtRep,TSH,HbA1c,AutonomicNeuroCl,Pt_InsGov,NumPumpBolusOrShortAct,HbA1cImputeDtMnC,Pt_SHFlg,Pt_DKAFlg,bmi,bmiPerc,bmiZscore,GFR,diagAgeCombo,Pt_A1cGoalLev,Pt_A1cGoalLevelDsYr5
3389,0.0,0.0,0.0,0.0,0.0,0.0,0.0,98.0,63.0,3.0,20.9,115.7,0.0,5,0.0,0.47846889950000004,0.0,0.0,0.0,0.0,17.0,0.0,0.0,3.0,5.0,0.0,8.0,0.0,0.0,0.0,0.0,0.0,0.0,15.612755845999999,0.6324027524,0.3382238619,0.0,4.0,0.0,0.0
3389,0.0,0.0,0.0,0.0,0.0,0.0,0.0,85.0,42.0,6.0,23.9,123.7,0.0,6,1.0,0.0,109.0,62.0,0.0,54.0,0.0,0.0,0.0,6.0,0.0,0.0,8.0,0.0,0.0,10.0,13.344000000000001,0.0,0.0,15.619189775999999,0.6072157502000001,0.2720696056,0.0,4.0,0.0,0.0
3389,0.0,0.0,0.0,0.0,0.0,0.0,0.0,108.0,61.0,9.0,27.8,130.7,0.0,7,3.0,0.7553956835,0.0,0.0,0.0,0.0,0.0,5.4,8.0,9.0,0.0,5.94,7.8,0.0,0.0,11.0,28.415,0.0,0.0,16.27397411,0.6788517053,0.46449018560000005,0.0,4.0,0.0,0.0
3389,0.0,0.0,0.0,0.0,0.0,0.0,0.0,109.0,70.0,9.0,29.5,134.6,0.0,8,3.0,0.7457627119,0.0,0.0,0.0,0.0,0.0,5.4,8.0,9.0,0.0,0.0,8.3,0.0,0.0,10.0,37.51,0.0,0.0,16.282905268,0.5961754973,0.2434600813,0.0,4.0,0.0,0.0
3389,0.0,0.0,0.0,0.0,0.0,0.0,0.0,114.0,63.0,7.0,33.4,140.0,0.0,9,4.0,0.6886227545,91.0,62.0,0.0,69.0,13.0,5.4,9.0,7.0,0.0,2.8,8.3,0.0,0.0,10.0,47.733999999999995,0.0,0.0,17.040816327,0.6320710613,0.3373436244,0.0,4.0,0.0,0.0
3389,0.0,0.0,0.0,0.0,0.0,0.0,0.0,109.0,51.0,8.0,36.2,144.4,0.0,9,5.0,0.7182320442,0.0,0.0,0.0,0.0,0.0,5.4,10.0,8.0,0.0,0.0,8.0,0.0,0.0,9.0,57.726000000000006,0.0,0.0,17.360977893,0.6792119714,0.46549634009999996,0.0,4.0,0.0,0.0
3389,0.0,0.0,0.0,0.0,0.0,0.0,0.0,108.0,60.0,8.0,40.1,149.5,0.0,10,6.0,0.7481296758,122.0,65.0,0.0,88.0,10.0,5.4,12.0,8.0,0.0,4.0,7.4,0.0,0.0,8.0,69.012,0.0,0.0,17.941633762000002,0.6677373825,0.4336739376,0.0,4.0,0.0,0.0
3389,6.0,0.0,0.0,0.0,0.0,0.0,0.0,98.0,49.0,7.0,43.0,153.2,0.0,11,7.0,0.8139534884,105.0,52.0,0.0,111.0,11.0,5.4,14.4,7.0,7.0,2.38,8.1,0.0,0.0,7.0,75.751,0.0,0.0,18.321073836,0.6275059651,0.3252550209,0.0,4.0,0.0,0.0
