PtID,Pt_CGMUseNumDays,Pt_FatherT1D,Pt_MotherT1D,Pt_SiblingT1D,Pt_ChildT1D,Pt_GrandchildT1D,Pt_GrandparentT1D,BldPrSys,BldPrDia,SMBGperDayPtMeterCombo,WeightKg,HeightCm,DirectLDL,age,diabDur,TotalDailyInsPerKg,LDL,HDL,TotChol,Triglyc,BUN,AlbCreatRat_mggNew,UnitsInsBasalOrLongAct,BGTestAvgNumMeter,BGTestAvgNumPtRep,TSH,HbA1c,AutonomicNeuroCl,Pt_InsGov,NumPumpBolusOrShortAct,HbA1cImputeDtMnC,Pt_SHFlg,Pt_DKAFlg,bmi,bmiPerc,bmiZscore,GFR,diagAgeCombo,Pt_A1cGoalLev,Pt_A1cGoalLevelDsYr5
3393,0.0,0.0,0.0,0.0,0.0,0.0,0.0,119.0,55.0,3.0,88.1,179.5,0.0,14,4.0,0.9080590237999999,100.0,60.0,200.0,150.0,0.0,0.0,0.0,3.0,4.0,0.0,8.5,0.0,1.0,0.0,0.166,0.0,0.0,27.343052894,0.9656769562,1.8207419804,0.0,10.0,0.0,0.0
3393,0.0,0.0,0.0,0.0,0.0,0.0,0.0,106.0,60.0,6.0,96.2,180.6,0.0,15,5.0,0.6652806653,0.0,0.0,0.0,0.0,0.0,0.0,0.0,0.0,6.0,0.0,8.8,0.0,1.0,0.0,8.299,0.0,0.0,29.494400969,0.9761985688,1.9808966725,0.0,10.0,7.0,0.0
3393,0.0,0.0,0.0,0.0,0.0,0.0,0.0,124.0,60.0,0.0,100.0,181.0,0.0,16,5.0,0.0,0.0,0.0,0.0,0.0,0.0,0.0,45.0,0.0,0.0,0.0,8.4,0.0,0.0,0.0,19.386,0.0,0.0,30.524098776,0.9785610378,2.0248971685,0.0,10.0,0.0,0.0
3393,0.0,0.0,0.0,0.0,0.0,0.0,0.0,129.0,66.0,0.0,112.4,181.6,0.0,17,6.0,0.0,0.0,0.0,0.0,0.0,0.0,0.0,27.0,0.0,0.0,0.0,8.9,0.0,0.0,0.0,30.506,0.0,0.0,34.08274952,0.9899123073999999,2.3230701327000003,0.0,10.0,0.0,0.0
3393,0.0,0.0,0.0,0.0,0.0,0.0,0.0,117.0,71.0,0.0,117.5,182.9,1.0,18,7.0,0.0,116.0,41.0,226.0,345.0,0.0,0.0,28.0,0.0,0.0,1.8459999999999999,9.0,0.0,0.0,0.0,42.622,0.0,0.0,35.124524661,0.9911535954,2.3719849966999997,0.0,10.0,0.0,0.0
3393,0.0,0.0,0.0,0.0,0.0,0.0,0.0,125.0,72.0,4.0,127.1,182.2,0.0,19,8.0,0.0,0.0,0.0,0.0,0.0,0.0,0.0,55.0,4.0,0.0,0.0,8.6,0.0,0.0,0.0,54.606,0.0,0.0,38.286776693,0.9948294925,2.5642127080000003,0.0,10.0,0.0,0.0
3393,29.0,0.0,0.0,0.0,0.0,0.0,0.0,128.0,74.0,3.0,132.8,182.5,0.0,19,9.0,0.0,0.0,0.0,0.0,0.0,0.0,0.0,59.0,3.0,2.0,0.0,8.4,0.0,1.0,0.0,62.739,0.0,0.0,39.872396322,0.9962657207,2.6751959424000002,0.0,10.0,0.0,0.0
