PtID,Pt_CGMUseNumDays,Pt_FatherT1D,Pt_MotherT1D,Pt_SiblingT1D,Pt_ChildT1D,Pt_GrandchildT1D,Pt_GrandparentT1D,BldPrSys,BldPrDia,SMBGperDayPtMeterCombo,WeightKg,HeightCm,DirectLDL,age,diabDur,TotalDailyInsPerKg,LDL,HDL,TotChol,Triglyc,BUN,AlbCreatRat_mggNew,UnitsInsBasalOrLongAct,BGTestAvgNumMeter,BGTestAvgNumPtRep,TSH,HbA1c,AutonomicNeuroCl,Pt_InsGov,NumPumpBolusOrShortAct,HbA1cImputeDtMnC,Pt_SHFlg,Pt_DKAFlg,bmi,bmiPerc,bmiZscore,GFR,diagAgeCombo,Pt_A1cGoalLev,Pt_A1cGoalLevelDsYr5
3413,0.0,0.0,0.0,0.0,0.0,0.0,0.0,92.0,60.0,6.0,31.8,136.7,0.0,8,2.0,0.6918238994,88.0,62.0,159.0,44.0,12.0,0.0,0.0,6.0,7.0,0.0,7.8,0.0,0.0,7.0,-0.332,0.0,0.0,17.017277888,0.7470683276000001,0.6652926282,0.0,6.0,0.0,0.0
3413,0.0,0.0,0.0,0.0,0.0,0.0,0.0,82.0,55.0,7.0,32.7,140.5,0.0,9,3.0,0.7033639144,88.0,62.0,159.0,44.0,0.0,0.0,0.0,7.0,8.0,0.0,8.8,0.0,0.0,8.0,13.079,0.0,0.0,16.565139753,0.587059216,0.2199866292,0.0,6.0,7.5,0.0
3413,0.0,0.0,0.0,0.0,0.0,0.0,0.0,103.0,67.0,5.0,35.1,146.5,0.0,10,4.0,0.7407407407,0.0,0.0,0.0,0.0,0.0,14.0,13.0,5.0,0.0,0.0,8.4,0.0,0.0,6.0,25.826,0.0,0.0,16.354296497,0.4443270693,-0.140007406,0.0,6.0,0.0,0.0
3413,0.0,0.0,0.0,0.0,0.0,0.0,0.0,107.0,72.0,5.0,40.460439404,153.416,0.0,12,6.0,0.8897580088,94.0,53.0,156.0,47.0,0.0,14.0,15.0,5.0,0.0,1.42,9.4,0.0,0.0,7.0,45.04600000000001,0.0,0.0,17.190530707,0.3929566043,-0.271621315,0.0,6.0,0.0,0.0
3413,0.0,0.0,0.0,0.0,0.0,0.0,0.0,101.0,67.0,4.0,46.0,162.9,0.0,13,7.0,0.9130434783,93.0,54.0,165.0,91.0,0.0,14.0,0.0,4.0,0.0,1.692,8.8,0.0,0.0,7.0,56.299,0.0,0.0,17.334673379,0.3093237916,-0.497767986,0.0,6.0,0.0,0.0
3413,1.0,0.0,0.0,0.0,0.0,0.0,0.0,115.0,72.0,4.0,55.4,172.3,0.0,14,8.0,1.1913357401,0.0,0.0,0.0,0.0,0.0,14.0,25.0,4.0,6.0,0.0,8.7,0.0,0.0,8.0,70.241,0.0,0.0,18.661184635,0.42540009520000005,-0.18809753899999998,0.0,6.0,0.0,0.0
3413,0.0,0.0,0.0,0.0,0.0,0.0,0.0,113.0,70.0,5.0,63.2,181.0,0.0,15,9.0,1.0063291139,107.0,38.0,162.0,77.0,0.0,14.0,32.4,5.0,0.0,1.314,8.3,0.0,0.0,7.0,81.627,0.0,0.0,19.291230426,0.4171002884,-0.209317263,0.0,6.0,0.0,0.0
