PtID,Pt_CGMUseNumDays,Pt_FatherT1D,Pt_MotherT1D,Pt_SiblingT1D,Pt_ChildT1D,Pt_GrandchildT1D,Pt_GrandparentT1D,BldPrSys,BldPrDia,SMBGperDayPtMeterCombo,WeightKg,HeightCm,DirectLDL,age,diabDur,TotalDailyInsPerKg,LDL,HDL,TotChol,Triglyc,BUN,AlbCreatRat_mggNew,UnitsInsBasalOrLongAct,BGTestAvgNumMeter,BGTestAvgNumPtRep,TSH,HbA1c,AutonomicNeuroCl,Pt_InsGov,NumPumpBolusOrShortAct,HbA1cImputeDtMnC,Pt_SHFlg,Pt_DKAFlg,bmi,bmiPerc,bmiZscore,GFR,diagAgeCombo,Pt_A1cGoalLev,Pt_A1cGoalLevelDsYr5
3414,0.0,0.0,0.0,0.0,0.0,0.0,0.0,110.0,64.0,3.0,68.49244787,152.4,0.0,45,4.0,1.3870142322999999,114.0,63.0,186.0,45.0,14.0,2.9,0.0,3.0,4.0,0.0,6.9,0.0,0.0,5.0,0.365,0.0,0.0,29.489862924,0.0,0.0795027662,0.0,41.0,0.0,0.0
3414,0.0,0.0,0.0,0.0,0.0,0.0,0.0,110.0,70.0,3.0,71.66759446,162.56,0.0,47,5.0,2.09299616,115.0,70.0,193.0,41.0,13.0,4.8,0.0,3.0,4.0,0.0,7.6,0.0,0.0,9.0,18.589000000000002,0.0,0.0,27.120359761,0.0,-0.132195071,0.0,41.0,6.7,0.0
3414,0.0,0.0,0.0,0.0,0.0,0.0,0.0,115.0,65.0,4.0,75.613848079,162.56,0.0,48,7.0,0.5686789007,73.0,77.0,158.0,39.0,12.0,3.2,17.0,4.0,0.0,2.131,8.1,0.0,0.0,26.0,35.718,0.0,0.0,28.613696027,0.0,0.0012236402,0.0,41.0,0.0,0.0
3414,0.0,0.0,0.0,0.0,0.0,0.0,0.0,128.0,74.0,5.0,0.0,0.0,0.0,49,7.0,0.0,67.0,75.0,0.0,46.0,9.0,3.2,20.0,5.0,0.0,2.509,0.0,0.0,0.0,9.0,0.0,0.0,0.0,0.0,0.0,0.0,0.0,41.0,0.0,0.0
3414,0.0,0.0,0.0,0.0,0.0,0.0,0.0,127.0,68.0,6.0,72.12118683,162.56,0.0,50,8.0,0.6655464519,62.0,77.0,149.0,50.0,13.0,15.9,22.0,6.0,0.0,3.366,7.3,0.0,0.0,11.0,57.726000000000006,0.0,0.0,27.292007608000002,0.0,-0.196210799,0.0,41.0,0.0,0.0
3414,28.0,0.0,0.0,0.0,0.0,0.0,0.0,120.0,75.0,3.0,0.0,0.0,0.0,51,9.0,0.0,0.0,0.0,0.0,0.0,13.0,29.9,25.0,3.0,5.0,4.619,6.9,0.0,0.0,9.0,67.286,0.0,0.0,0.0,0.0,0.0,0.0,41.0,0.0,0.0
3414,0.0,0.0,0.0,0.0,0.0,0.0,0.0,142.0,72.0,3.0,0.0,0.0,0.0,52,10.0,0.0,61.0,77.0,155.0,87.0,13.0,14.9,25.0,3.0,0.0,4.681,8.0,0.0,0.0,17.0,79.934,0.0,0.0,0.0,0.0,0.0,0.0,41.0,0.0,0.0
