PtID,Pt_CGMUseNumDays,Pt_FatherT1D,Pt_MotherT1D,Pt_SiblingT1D,Pt_ChildT1D,Pt_GrandchildT1D,Pt_GrandparentT1D,BldPrSys,BldPrDia,SMBGperDayPtMeterCombo,WeightKg,HeightCm,DirectLDL,age,diabDur,TotalDailyInsPerKg,LDL,HDL,TotChol,Triglyc,BUN,AlbCreatRat_mggNew,UnitsInsBasalOrLongAct,BGTestAvgNumMeter,BGTestAvgNumPtRep,TSH,HbA1c,AutonomicNeuroCl,Pt_InsGov,NumPumpBolusOrShortAct,HbA1cImputeDtMnC,Pt_SHFlg,Pt_DKAFlg,bmi,bmiPerc,bmiZscore,GFR,diagAgeCombo,Pt_A1cGoalLev,Pt_A1cGoalLevelDsYr5
3428,0.0,0.0,0.0,0.0,0.0,0.0,0.0,112.0,83.0,2.0,75.29633342,167.64,0.0,39,19.0,0.5445152259,92.0,94.0,0.0,51.0,13.0,17.0,0.0,2.0,4.0,0.0,7.1,0.0,0.0,4.0,-0.465,0.0,0.0,26.792826038,0.0,-0.126991371,0.0,20.0,0.0,0.0
3428,0.0,0.0,0.0,0.0,0.0,0.0,0.0,0.0,0.0,2.0,75.74992579,167.64,0.0,40,20.0,0.47524799030000003,90.0,81.0,0.0,26.0,9.0,3.0,0.0,2.0,4.0,0.0,7.5,0.0,0.0,8.0,11.154000000000002,0.0,0.0,26.954228604,0.0,-0.147037679,0.0,20.0,6.6,0.0
3428,0.0,0.0,0.0,0.0,0.0,0.0,0.0,0.0,0.0,2.0,0.0,0.0,0.0,42,22.0,0.0,77.0,85.0,171.0,44.0,8.0,0.0,23.0,2.0,3.0,0.65,7.0,0.0,0.0,6.0,37.477,0.0,0.0,0.0,0.0,0.0,97.0,20.0,0.0,0.0
3428,0.0,0.0,0.0,0.0,0.0,0.0,0.0,130.0,91.0,0.0,76.0,169.0,0.0,45,25.0,0.0,0.0,0.0,0.0,0.0,0.0,5.0,23.0,0.0,0.0,0.0,7.6,0.0,0.0,0.0,70.274,0.0,0.0,26.609712545,0.0,-0.17781767699999998,0.0,20.0,0.0,0.0
3428,0.0,0.0,0.0,0.0,0.0,0.0,0.0,129.0,96.0,2.0,75.0,168.0,0.0,46,26.0,0.52,83.0,75.0,171.0,44.0,9.0,5.0,24.0,0.0,2.0,0.59,7.2,0.0,0.0,0.0,81.42699999999999,0.0,0.0,26.573129251999998,0.0,-0.181086128,0.0,20.0,0.0,0.0
