PtID,Pt_CGMUseNumDays,Pt_FatherT1D,Pt_MotherT1D,Pt_SiblingT1D,Pt_ChildT1D,Pt_GrandchildT1D,Pt_GrandparentT1D,BldPrSys,BldPrDia,SMBGperDayPtMeterCombo,WeightKg,HeightCm,DirectLDL,age,diabDur,TotalDailyInsPerKg,LDL,HDL,TotChol,Triglyc,BUN,AlbCreatRat_mggNew,UnitsInsBasalOrLongAct,BGTestAvgNumMeter,BGTestAvgNumPtRep,TSH,HbA1c,AutonomicNeuroCl,Pt_InsGov,NumPumpBolusOrShortAct,HbA1cImputeDtMnC,Pt_SHFlg,Pt_DKAFlg,bmi,bmiPerc,bmiZscore,GFR,diagAgeCombo,Pt_A1cGoalLev,Pt_A1cGoalLevelDsYr5
3429,12.0,0.0,0.0,0.0,0.0,0.0,1.0,115.0,74.0,4.0,66.995593049,159.004,0.0,32,20.0,0.7463177461,95.0,55.0,165.0,74.0,19.0,4.9,0.0,0.0,4.0,0.0,7.7,0.0,0.0,0.0,0.365,0.0,0.0,26.499039725,0.0,-0.160688268,0.0,12.0,0.0,0.0
3429,0.0,0.0,0.0,0.0,0.0,0.0,0.0,119.0,80.0,0.0,73.5,159.0,0.0,33,21.0,0.0,0.0,0.0,0.0,0.0,19.3,2.6,0.0,0.0,0.0,0.0,7.1,0.0,0.0,0.0,15.137,0.0,0.0,29.07321704,0.0,0.1345664239,0.0,12.0,0.0,0.0
3429,0.0,0.0,0.0,0.0,0.0,0.0,0.0,112.0,71.0,0.0,61.0,159.0,0.0,35,22.0,0.8196721311,112.0,51.0,176.0,65.0,0.0,2.0,0.0,0.0,0.0,1.15,8.0,0.0,0.0,0.0,35.12,0.0,0.0,24.128792374,0.0,-0.432552466,0.0,12.0,0.0,0.0
3429,0.0,0.0,0.0,0.0,0.0,0.0,0.0,132.0,77.0,1.0,58.0,159.0,0.0,36,24.0,0.0,51.0,46.0,110.0,66.0,15.0,2.0,0.0,1.0,0.0,1.19,7.8,0.0,0.0,0.0,48.133,0.0,0.0,22.942130454,0.0,-0.568661,99.0,12.0,0.0,0.0
3429,0.0,0.0,0.0,0.0,0.0,0.0,0.0,106.0,72.0,2.0,60.0,159.0,0.0,37,24.0,0.7,0.0,0.0,0.0,0.0,0.0,3.3,25.0,2.0,0.0,0.0,7.6,0.0,0.0,3.0,57.626999999999995,0.0,0.0,23.733238399999998,0.0,-0.47792197700000005,0.0,12.0,0.0,0.0
3429,14.0,0.0,0.0,0.0,0.0,0.0,0.0,106.0,73.0,3.0,60.5,159.0,0.0,38,25.0,0.6776859504,68.0,45.0,127.0,70.0,12.0,3.3,24.0,0.0,3.0,1.47,7.5,0.0,0.0,5.0,69.012,0.0,0.0,23.931015387,0.0,-0.45523722200000005,111.0,12.0,0.0,0.0
3429,0.0,0.0,0.0,0.0,0.0,0.0,0.0,112.0,72.0,2.0,60.5,159.0,0.0,38,26.0,0.0,58.0,55.0,128.0,77.0,12.0,2.7,26.0,2.0,0.0,1.88,8.0,0.0,0.0,0.0,74.357,0.0,0.0,23.931015387,0.0,-0.45523722200000005,111.0,12.0,0.0,0.0
