PtID,Pt_CGMUseNumDays,Pt_FatherT1D,Pt_MotherT1D,Pt_SiblingT1D,Pt_ChildT1D,Pt_GrandchildT1D,Pt_GrandparentT1D,BldPrSys,BldPrDia,SMBGperDayPtMeterCombo,WeightKg,HeightCm,DirectLDL,age,diabDur,TotalDailyInsPerKg,LDL,HDL,TotChol,Triglyc,BUN,AlbCreatRat_mggNew,UnitsInsBasalOrLongAct,BGTestAvgNumMeter,BGTestAvgNumPtRep,TSH,HbA1c,AutonomicNeuroCl,Pt_InsGov,NumPumpBolusOrShortAct,HbA1cImputeDtMnC,Pt_SHFlg,Pt_DKAFlg,bmi,bmiPerc,bmiZscore,GFR,diagAgeCombo,Pt_A1cGoalLev,Pt_A1cGoalLevelDsYr5
3432,0.0,0.0,0.0,0.0,0.0,0.0,0.0,109.0,69.0,4.0,40.6,134.8,1.0,9,5.0,0.9359605911,97.0,47.0,0.0,36.0,0.0,11.0,0.0,4.0,5.0,0.0,9.1,0.0,0.0,0.0,0.1,0.0,0.0,22.343245076,0.9691539611,1.8685023862,0.0,4.0,0.0,0.0
3432,0.0,0.0,0.0,0.0,0.0,0.0,0.0,114.0,66.0,5.0,43.9,142.8,1.0,11,7.0,1.708428246,95.0,59.0,178.0,122.0,0.0,6.0,0.0,5.0,5.0,0.0,9.8,0.0,0.0,0.0,18.29,1.0,0.0,21.528219131,0.9115927384,1.3506283229,0.0,4.0,6.9,0.0
3432,0.0,0.0,0.0,0.0,0.0,0.0,0.0,119.0,80.0,0.0,57.8,147.0,0.0,12,8.0,0.0,0.0,0.0,0.0,0.0,0.0,6.0,0.0,0.0,0.0,0.0,8.3,0.0,0.0,0.0,28.349,0.0,0.0,26.748114211999997,0.9752603125,1.9644375230000002,0.0,4.0,0.0,0.0
3432,0.0,0.0,0.0,0.0,0.0,0.0,0.0,119.0,68.0,3.0,61.8,151.4,0.0,13,9.0,0.0,0.0,0.0,0.0,0.0,0.0,6.0,19.0,3.0,0.0,1.973,10.3,0.0,0.0,0.0,39.469,0.0,0.0,26.961045216,0.9698390486,1.8784333790999999,0.0,4.0,0.0,0.0
3432,0.0,0.0,0.0,0.0,0.0,0.0,0.0,122.0,69.0,0.0,70.4,155.8,0.0,14,9.0,0.0,0.0,0.0,0.0,0.0,0.0,0.0,22.0,0.0,0.0,0.0,9.6,0.0,0.0,0.0,49.626999999999995,0.0,0.0,29.002654731999996,0.9775030573000001,2.0047116218000003,0.0,4.0,0.0,0.0
3432,0.0,0.0,0.0,0.0,0.0,0.0,0.0,114.0,59.0,0.0,75.8,161.9,0.0,14,10.0,0.0,0.0,0.0,0.0,0.0,0.0,0.0,34.0,0.0,0.0,1.8659999999999999,9.6,0.0,0.0,0.0,59.685,0.0,0.0,28.918483069,0.9770435601,1.9961933616,0.0,4.0,0.0,0.0
3432,0.0,0.0,0.0,0.0,0.0,0.0,0.0,129.0,67.0,5.0,77.7,168.3,0.0,15,11.0,0.0,0.0,0.0,0.0,0.0,0.0,0.0,40.0,5.0,4.0,0.0,9.9,0.0,0.0,0.0,69.046,1.0,0.0,27.43170406,0.9584027516,1.7324442412,0.0,4.0,0.0,0.0
3432,0.0,0.0,0.0,0.0,0.0,0.0,0.0,123.0,58.0,3.0,81.7,172.1,0.0,16,12.0,0.0,87.0,40.0,165.0,190.0,0.0,0.0,48.0,3.0,0.0,1.995,9.1,0.0,0.0,0.0,80.199,0.0,0.0,27.5841951,0.9507539229,1.6522080094,0.0,4.0,0.0,0.0
