PtID,Pt_CGMUseNumDays,Pt_FatherT1D,Pt_MotherT1D,Pt_SiblingT1D,Pt_ChildT1D,Pt_GrandchildT1D,Pt_GrandparentT1D,BldPrSys,BldPrDia,SMBGperDayPtMeterCombo,WeightKg,HeightCm,DirectLDL,age,diabDur,TotalDailyInsPerKg,LDL,HDL,TotChol,Triglyc,BUN,AlbCreatRat_mggNew,UnitsInsBasalOrLongAct,BGTestAvgNumMeter,BGTestAvgNumPtRep,TSH,HbA1c,AutonomicNeuroCl,Pt_InsGov,NumPumpBolusOrShortAct,HbA1cImputeDtMnC,Pt_SHFlg,Pt_DKAFlg,bmi,bmiPerc,bmiZscore,GFR,diagAgeCombo,Pt_A1cGoalLev,Pt_A1cGoalLevelDsYr5
3453,0.0,0.0,0.0,0.0,0.0,0.0,1.0,124.0,64.0,4.0,66.22448602,162.56,0.0,55,24.0,0.43790449340000004,61.0,61.0,0.0,54.0,10.0,89.0,0.0,4.0,4.0,0.0,8.8,0.0,0.0,0.0,-1.527,0.0,0.0,25.060585602,0.0,-0.42568189,0.0,31.0,0.0,0.0
3453,0.0,0.0,0.0,0.0,0.0,0.0,1.0,0.0,0.0,3.0,0.0,0.0,0.0,56,25.0,0.0,0.0,0.0,0.0,0.0,10.0,0.0,0.0,0.0,3.0,0.0,8.7,0.0,0.0,0.0,12.149000000000001,0.0,0.0,0.0,0.0,0.0,0.0,31.0,7.0,0.0
3453,0.0,0.0,0.0,0.0,0.0,0.0,0.0,130.0,79.0,2.0,68.49244787,162.56,0.0,58,27.0,0.467204794,0.0,0.0,0.0,0.0,9.0,0.0,15.0,2.0,0.0,0.044000000000000004,0.0,0.0,0.0,0.0,0.0,0.0,0.0,25.918824835,0.0,-0.33742377799999995,0.0,31.0,0.0,0.0
3453,0.0,0.0,0.0,0.0,0.0,0.0,0.0,138.0,78.0,1.0,68.03885550000001,162.56,0.0,59,28.0,0.499714461,0.0,0.0,0.0,0.0,0.0,0.0,15.0,1.0,0.0,0.0,9.2,0.0,0.0,0.0,49.75899999999999,0.0,0.0,25.747176989,0.0,-0.355075401,0.0,31.0,0.0,0.0
3453,0.0,0.0,0.0,0.0,0.0,0.0,0.0,122.0,73.0,4.0,70.30681735,162.5,0.0,60,29.0,0.44092452439999996,0.0,0.0,0.0,0.0,0.0,0.0,15.0,4.0,0.0,0.0,0.0,0.0,0.0,0.0,0.0,0.0,0.0,26.625066925,0.0,-0.36956403200000004,0.0,31.0,0.0,0.0
