PtID,Pt_CGMUseNumDays,Pt_FatherT1D,Pt_MotherT1D,Pt_SiblingT1D,Pt_ChildT1D,Pt_GrandchildT1D,Pt_GrandparentT1D,BldPrSys,BldPrDia,SMBGperDayPtMeterCombo,WeightKg,HeightCm,DirectLDL,age,diabDur,TotalDailyInsPerKg,LDL,HDL,TotChol,Triglyc,BUN,AlbCreatRat_mggNew,UnitsInsBasalOrLongAct,BGTestAvgNumMeter,BGTestAvgNumPtRep,TSH,HbA1c,AutonomicNeuroCl,Pt_InsGov,NumPumpBolusOrShortAct,HbA1cImputeDtMnC,Pt_SHFlg,Pt_DKAFlg,bmi,bmiPerc,bmiZscore,GFR,diagAgeCombo,Pt_A1cGoalLev,Pt_A1cGoalLevelDsYr5
3461,0.0,0.0,0.0,0.0,0.0,0.0,0.0,126.0,80.0,5.0,70.30681735,171.0,0.0,16,1.0,0.2844674351,63.0,48.0,0.0,51.0,18.0,0.0,0.0,5.0,7.0,0.0,6.0,0.0,0.0,4.0,0.299,0.0,0.0,24.04391688,0.8220292228,0.9231259852,0.0,15.0,0.0,0.0
3461,0.0,0.0,0.0,0.0,0.0,0.0,0.0,0.0,0.0,6.0,74.38914868,171.0,0.0,18,2.0,0.0,90.0,52.0,0.0,53.0,14.0,0.0,0.0,0.0,6.0,0.0,7.5,0.0,0.0,0.0,18.058,0.0,0.0,25.44001528,0.8409194686,0.9982439840999999,0.0,15.0,0.0,0.0
3461,0.0,0.0,0.0,0.0,0.0,0.0,0.0,118.0,80.0,10.0,75.74992579,171.5,0.0,20,4.0,0.5544559887,92.0,52.0,99.0,55.0,13.0,0.0,19.0,10.0,0.0,1.89,0.0,0.0,0.0,0.0,0.0,0.0,0.0,25.754549819,0.821530227,-0.14096668,0.0,15.0,0.0,0.0
3461,0.0,0.0,0.0,0.0,0.0,0.0,0.0,120.0,70.0,0.0,79.37866475,170.0,0.0,21,6.0,0.0,0.0,0.0,0.0,0.0,0.0,0.0,0.0,0.0,0.0,1.64,5.7,0.0,0.0,0.0,57.925,0.0,0.0,27.466666003,0.0,0.0898920815,0.0,15.0,0.0,0.0
3461,0.0,0.0,0.0,0.0,0.0,0.0,0.0,110.0,70.0,0.0,79.0,170.0,0.0,22,7.0,0.0,0.0,0.0,0.0,0.0,0.0,0.0,0.0,0.0,0.0,2.17,8.0,0.0,0.0,0.0,69.942,0.0,0.0,27.335640138000002,0.0,0.0722247823,0.0,15.0,0.0,0.0
3461,0.0,0.0,0.0,0.0,0.0,0.0,0.0,110.0,70.0,4.0,80.0,170.0,0.0,23,7.0,0.5375,0.0,0.0,0.0,0.0,0.0,0.0,13.0,4.0,0.0,0.0,7.5,0.0,0.0,0.0,79.635,0.0,0.0,27.6816609,0.0,0.1188816184,0.0,15.0,0.0,0.0
