PtID,Pt_CGMUseNumDays,Pt_FatherT1D,Pt_MotherT1D,Pt_SiblingT1D,Pt_ChildT1D,Pt_GrandchildT1D,Pt_GrandparentT1D,BldPrSys,BldPrDia,SMBGperDayPtMeterCombo,WeightKg,HeightCm,DirectLDL,age,diabDur,TotalDailyInsPerKg,LDL,HDL,TotChol,Triglyc,BUN,AlbCreatRat_mggNew,UnitsInsBasalOrLongAct,BGTestAvgNumMeter,BGTestAvgNumPtRep,TSH,HbA1c,AutonomicNeuroCl,Pt_InsGov,NumPumpBolusOrShortAct,HbA1cImputeDtMnC,Pt_SHFlg,Pt_DKAFlg,bmi,bmiPerc,bmiZscore,GFR,diagAgeCombo,Pt_A1cGoalLev,Pt_A1cGoalLevelDsYr5
348,0.0,0.0,0.0,0.0,0.0,0.0,0.0,94.0,51.0,5.0,20.2,122.0,0.0,6,0.0,0.5445544554,0.0,0.0,129.0,0.0,19.0,0.0,0.0,5.0,4.0,0.0,10.2,0.0,0.0,0.0,0.0,0.0,0.0,13.571620532,0.031335437599999995,-1.861519317,0.0,6.0,0.0,0.0
348,0.0,0.0,0.0,0.0,0.0,0.0,0.0,98.0,57.0,6.0,25.3,134.9,0.0,8,2.0,0.3162055336,0.0,0.0,0.0,0.0,12.0,0.0,0.0,6.0,8.0,0.0,7.5,0.0,0.0,0.0,27.419,0.0,0.0,13.902619023,0.0636671332,-1.524698699,0.0,6.0,0.0,0.0
348,0.0,0.0,0.0,0.0,0.0,0.0,0.0,97.0,55.0,6.0,28.0,140.0,0.0,9,3.0,0.8571428570999999,0.0,0.0,0.0,0.0,12.0,23.0,10.0,6.0,6.0,1.44,7.7,0.0,0.0,0.0,38.805,0.0,0.0,14.285714286,0.09187079140000001,-1.3293225340000001,0.0,6.0,0.0,0.0
348,0.0,0.0,0.0,0.0,0.0,0.0,0.0,102.0,64.0,10.0,30.5,145.1,0.0,10,4.0,0.8524590164,60.0,47.0,140.0,167.0,14.0,23.0,10.0,10.0,7.0,2.38,7.4,0.0,0.0,0.0,49.494,0.0,0.0,14.486551493,0.0808506933,-1.399372241,0.0,6.0,0.0,0.0
348,0.0,0.0,0.0,0.0,0.0,0.0,0.0,105.0,58.0,6.0,33.1,151.0,0.0,10,4.0,0.8761329305,47.0,45.0,0.0,196.0,0.0,0.0,12.0,0.0,6.0,2.26,7.9,0.0,0.0,0.0,59.253,0.0,0.0,14.516907153,0.0847444466,-1.373847944,0.0,6.0,0.0,0.0
348,0.0,0.0,0.0,0.0,0.0,0.0,0.0,108.0,82.0,3.0,42.4,165.0,0.0,12,6.0,1.108490566,77.0,58.0,0.0,97.0,10.0,0.0,17.0,3.0,9.0,2.24,8.2,0.0,0.0,4.0,80.199,0.0,0.0,15.573921027999999,0.1155325493,-1.197619712,0.0,6.0,0.0,0.0
