PtID,Pt_CGMUseNumDays,Pt_FatherT1D,Pt_MotherT1D,Pt_SiblingT1D,Pt_ChildT1D,Pt_GrandchildT1D,Pt_GrandparentT1D,BldPrSys,BldPrDia,SMBGperDayPtMeterCombo,WeightKg,HeightCm,DirectLDL,age,diabDur,TotalDailyInsPerKg,LDL,HDL,TotChol,Triglyc,BUN,AlbCreatRat_mggNew,UnitsInsBasalOrLongAct,BGTestAvgNumMeter,BGTestAvgNumPtRep,TSH,HbA1c,AutonomicNeuroCl,Pt_InsGov,NumPumpBolusOrShortAct,HbA1cImputeDtMnC,Pt_SHFlg,Pt_DKAFlg,bmi,bmiPerc,bmiZscore,GFR,diagAgeCombo,Pt_A1cGoalLev,Pt_A1cGoalLevelDsYr5
3514,0.0,0.0,0.0,0.0,0.0,0.0,0.0,114.0,75.0,5.0,41.5,147.1,0.0,10,0.0,0.26506024100000003,77.0,60.0,0.0,43.0,0.0,43.0,0.0,0.0,5.0,0.0,6.9,0.0,0.0,0.0,0.0,0.0,0.0,19.178858335999998,0.7964554147,0.829026927,0.0,10.0,0.0,0.0
3514,0.0,0.0,0.0,0.0,0.0,0.0,0.0,111.0,72.0,6.0,56.3,153.8,0.0,11,1.0,0.0,0.0,0.0,0.0,0.0,0.0,0.0,0.0,6.0,8.0,0.0,7.3,0.0,0.0,0.0,9.095,0.0,0.0,23.801028475,0.9452448665000001,1.6003982319999999,0.0,10.0,7.0,0.0
3514,0.0,0.0,0.0,0.0,0.0,0.0,0.0,106.0,70.0,5.0,75.0,158.0,0.0,13,2.0,0.7866666667000001,87.0,49.0,153.0,87.0,9.0,2.0,30.0,5.0,5.0,1.39,8.1,0.0,0.0,6.0,29.776,0.0,0.0,30.043262298000002,0.9798267006999999,2.0501827722,0.0,10.0,0.0,0.0
3514,0.0,0.0,0.0,0.0,0.0,0.0,0.0,115.0,74.0,0.0,73.0,160.0,0.0,14,3.0,0.0,0.0,0.0,0.0,0.0,0.0,3.0,41.0,0.0,0.0,0.0,7.8,0.0,0.0,0.0,42.988,0.0,0.0,28.515625,0.9636301093,1.7944599766999998,0.0,10.0,0.0,0.0
3514,0.0,0.0,0.0,0.0,0.0,0.0,0.0,0.0,0.0,11.0,0.0,0.0,1.0,15,4.0,0.0,83.0,63.0,156.0,50.0,0.0,3.0,32.0,11.0,11.0,1.18,8.7,0.0,0.0,0.0,52.714,0.0,0.0,0.0,0.0,0.0,0.0,10.0,0.0,0.0
