PtID,Pt_CGMUseNumDays,Pt_FatherT1D,Pt_MotherT1D,Pt_SiblingT1D,Pt_ChildT1D,Pt_GrandchildT1D,Pt_GrandparentT1D,BldPrSys,BldPrDia,SMBGperDayPtMeterCombo,WeightKg,HeightCm,DirectLDL,age,diabDur,TotalDailyInsPerKg,LDL,HDL,TotChol,Triglyc,BUN,AlbCreatRat_mggNew,UnitsInsBasalOrLongAct,BGTestAvgNumMeter,BGTestAvgNumPtRep,TSH,HbA1c,AutonomicNeuroCl,Pt_InsGov,NumPumpBolusOrShortAct,HbA1cImputeDtMnC,Pt_SHFlg,Pt_DKAFlg,bmi,bmiPerc,bmiZscore,GFR,diagAgeCombo,Pt_A1cGoalLev,Pt_A1cGoalLevelDsYr5
3556,0.0,0.0,0.0,1.0,0.0,0.0,0.0,132.0,60.0,5.0,92.53284348,180.34,0.0,64,46.0,0.5403486818,105.0,89.0,204.0,52.0,16.0,2.0,0.0,5.0,6.0,0.0,6.9,1.0,0.0,0.0,-3.22,0.0,0.0,28.451932999,0.0,-0.085411971,0.0,18.0,0.0,0.0
3556,0.0,0.0,0.0,1.0,0.0,0.0,0.0,128.0,68.0,5.0,0.0,0.0,0.0,65,46.0,0.0,111.0,92.0,0.0,39.0,18.0,0.0,0.0,0.0,5.0,0.0,7.1,1.0,1.0,0.0,5.145,0.0,0.0,0.0,0.0,0.0,0.0,18.0,0.0,0.0
3556,0.0,0.0,0.0,0.0,0.0,0.0,0.0,132.0,78.0,0.0,104.4,185.4,0.0,68,49.0,0.0,148.0,64.0,0.0,89.0,17.0,4.0,26.0,0.0,0.0,2.1,7.9,1.0,0.0,3.0,37.079,0.0,0.0,30.37253485,0.0,0.28069932420000004,0.0,18.0,0.0,0.0
3556,0.0,0.0,0.0,0.0,0.0,0.0,0.0,118.0,70.0,0.0,99.3,182.9,0.0,68,50.0,0.0,0.0,0.0,0.0,0.0,0.0,5.0,26.0,0.0,0.0,0.0,8.0,1.0,0.0,0.0,48.232,0.0,0.0,29.68395999,0.0,0.149440972,0.0,18.0,0.0,0.0
3556,0.0,0.0,0.0,0.0,0.0,0.0,0.0,124.0,66.0,0.0,0.0,0.0,0.0,70,51.0,0.0,126.0,62.0,0.0,89.0,12.0,4.0,0.0,0.0,0.0,1.99,7.7,1.0,0.0,0.0,61.477,0.0,0.0,0.0,0.0,0.0,90.1,18.0,0.0,0.0
3556,0.0,0.0,0.0,0.0,0.0,0.0,0.0,132.0,60.0,0.0,0.0,0.0,0.0,71,52.0,0.0,125.0,58.0,205.0,109.0,18.0,4.0,0.0,0.0,0.0,0.0,7.0,1.0,0.0,0.0,76.88,0.0,0.0,0.0,0.0,0.0,82.0,18.0,0.0,0.0
