PtID,Pt_CGMUseNumDays,Pt_FatherT1D,Pt_MotherT1D,Pt_SiblingT1D,Pt_ChildT1D,Pt_GrandchildT1D,Pt_GrandparentT1D,BldPrSys,BldPrDia,SMBGperDayPtMeterCombo,WeightKg,HeightCm,DirectLDL,age,diabDur,TotalDailyInsPerKg,LDL,HDL,TotChol,Triglyc,BUN,AlbCreatRat_mggNew,UnitsInsBasalOrLongAct,BGTestAvgNumMeter,BGTestAvgNumPtRep,TSH,HbA1c,AutonomicNeuroCl,Pt_InsGov,NumPumpBolusOrShortAct,HbA1cImputeDtMnC,Pt_SHFlg,Pt_DKAFlg,bmi,bmiPerc,bmiZscore,GFR,diagAgeCombo,Pt_A1cGoalLev,Pt_A1cGoalLevelDsYr5
3578,0.0,1.0,1.0,0.0,0.0,0.0,1.0,104.0,67.0,6.0,18.6,110.8,0.0,5,0.0,0.2150537634,120.0,42.0,174.0,62.0,0.0,0.0,0.0,0.0,6.0,0.0,7.0,0.0,1.0,0.0,-5.809,0.0,0.0,15.15072528,0.4043828192,-0.242018745,0.0,4.0,0.0,0.0
3578,0.0,0.0,0.0,0.0,0.0,0.0,0.0,112.0,68.0,10.0,23.6,121.0,0.0,6,2.0,0.8474576270999999,76.0,66.0,151.0,62.0,0.0,0.0,0.0,0.0,10.0,0.0,8.1,0.0,1.0,0.0,19.552,0.0,0.0,16.119117547000002,0.7004907583,0.5258125076,0.0,4.0,7.0,0.0
3578,0.0,0.0,0.0,0.0,0.0,0.0,0.0,117.0,64.0,10.0,29.8,132.5,0.0,8,4.0,0.6711409396,76.0,66.0,154.0,62.0,0.0,0.0,0.0,0.0,10.0,0.0,7.4,0.0,0.0,0.0,39.369,0.0,0.0,16.974012104,0.7407241745,0.6455796019,0.0,4.0,0.0,0.0
3578,0.0,0.0,0.0,0.0,0.0,0.0,0.0,125.0,63.0,5.0,35.2,143.0,0.0,10,5.0,1.0795454545,89.0,69.0,168.0,51.0,0.0,2.7,19.0,5.0,0.0,2.14,8.2,0.0,0.0,0.0,60.68,0.0,0.0,17.213555675,0.6091163136,0.2770165831,0.0,4.0,0.0,0.0
3578,0.0,0.0,0.0,0.0,0.0,0.0,0.0,115.0,65.0,5.0,39.5,148.3,0.0,10,6.0,1.164556962,0.0,0.0,0.0,0.0,0.0,0.0,24.0,5.0,0.0,0.99,9.7,0.0,0.0,0.0,71.402,0.0,0.0,17.960349912999998,0.7192681143,0.5806686842000001,0.0,4.0,0.0,0.0
