PtID,Pt_CGMUseNumDays,Pt_FatherT1D,Pt_MotherT1D,Pt_SiblingT1D,Pt_ChildT1D,Pt_GrandchildT1D,Pt_GrandparentT1D,BldPrSys,BldPrDia,SMBGperDayPtMeterCombo,WeightKg,HeightCm,DirectLDL,age,diabDur,TotalDailyInsPerKg,LDL,HDL,TotChol,Triglyc,BUN,AlbCreatRat_mggNew,UnitsInsBasalOrLongAct,BGTestAvgNumMeter,BGTestAvgNumPtRep,TSH,HbA1c,AutonomicNeuroCl,Pt_InsGov,NumPumpBolusOrShortAct,HbA1cImputeDtMnC,Pt_SHFlg,Pt_DKAFlg,bmi,bmiPerc,bmiZscore,GFR,diagAgeCombo,Pt_A1cGoalLev,Pt_A1cGoalLevelDsYr5
3607,0.0,0.0,0.0,0.0,0.0,0.0,0.0,153.0,74.0,13.0,100.24391377,172.72,0.0,64,29.0,0.8579074456,76.0,46.0,0.0,116.0,23.0,166.7,0.0,13.0,10.0,0.0,7.8,0.0,1.0,3.0,0.0,1.0,0.0,33.602590203000005,0.0,0.8964228536,0.0,35.0,0.0,0.0
3607,0.0,0.0,0.0,0.0,0.0,0.0,0.0,165.0,77.0,13.0,101.60469088,172.72,0.0,65,30.0,0.0,90.0,53.0,0.0,79.0,26.0,107.0,0.0,13.0,0.0,0.0,7.5,0.0,0.0,6.0,10.191,0.0,0.0,34.058733962,0.0,0.9833744423999999,0.0,35.0,0.0,0.0
3607,0.0,0.0,0.0,0.0,0.0,0.0,0.0,168.0,76.0,13.0,0.0,0.0,0.0,66,31.0,0.0,88.0,53.0,0.0,97.0,24.0,33.4,25.0,13.0,0.0,0.2,7.0,0.0,0.0,0.0,25.793000000000003,0.0,0.0,0.0,0.0,0.0,0.0,35.0,0.0,0.0
3607,0.0,0.0,0.0,0.0,0.0,0.0,0.0,154.0,76.0,10.0,99.109932845,173.736,0.0,67,32.0,0.6255679751,91.0,40.0,0.0,118.0,18.0,99.4,26.0,0.0,10.0,2.43,7.1,0.0,0.0,0.0,36.448,0.0,0.0,32.83503966,0.0,0.7501099029,0.0,35.0,0.0,0.0
3607,0.0,0.0,0.0,0.0,0.0,0.0,0.0,115.0,69.0,0.0,99.79032140000001,172.72,0.0,68,33.0,0.5511556555,71.0,50.0,0.0,96.0,31.0,99.4,25.0,0.0,0.0,1.99,7.5,0.0,0.0,0.0,51.353,0.0,0.0,33.450542284,0.0,0.8674389907,42.3,35.0,0.0,0.0
3607,0.0,0.0,0.0,0.0,0.0,0.0,0.0,131.0,62.0,8.0,100.69750614,167.64,1.0,69,34.0,0.5958439519,72.0,44.0,0.0,124.0,31.0,99.4,25.0,8.0,10.0,2.28,0.0,0.0,1.0,0.0,0.0,0.0,0.0,35.831369761,0.0,1.3212799738,39.0,35.0,0.0,0.0
3607,0.0,0.0,0.0,0.0,0.0,0.0,0.0,165.0,79.0,8.0,102.05828325,170.18,0.0,70,35.0,0.5585043975,83.0,50.0,0.0,102.0,22.0,99.4,33.0,8.0,0.0,0.79,8.0,0.0,0.0,0.0,72.033,0.0,0.0,35.239620276,0.0,1.8547777633000002,43.0,35.0,0.0,0.0
