PtID,Pt_CGMUseNumDays,Pt_FatherT1D,Pt_MotherT1D,Pt_SiblingT1D,Pt_ChildT1D,Pt_GrandchildT1D,Pt_GrandparentT1D,BldPrSys,BldPrDia,SMBGperDayPtMeterCombo,WeightKg,HeightCm,DirectLDL,age,diabDur,TotalDailyInsPerKg,LDL,HDL,TotChol,Triglyc,BUN,AlbCreatRat_mggNew,UnitsInsBasalOrLongAct,BGTestAvgNumMeter,BGTestAvgNumPtRep,TSH,HbA1c,AutonomicNeuroCl,Pt_InsGov,NumPumpBolusOrShortAct,HbA1cImputeDtMnC,Pt_SHFlg,Pt_DKAFlg,bmi,bmiPerc,bmiZscore,GFR,diagAgeCombo,Pt_A1cGoalLev,Pt_A1cGoalLevelDsYr5
3634,0.0,0.0,0.0,0.0,0.0,0.0,0.0,125.0,76.0,6.0,73.48196394,159.766,0.0,58,14.0,0.7757005520999999,89.0,76.0,0.0,70.0,14.0,0.0,0.0,0.0,6.0,0.0,8.3,0.0,0.0,0.0,0.0,0.0,0.0,28.788035593000004,0.0,-0.042364877999999995,0.0,44.0,0.0,0.0
3634,0.0,0.0,0.0,0.0,0.0,0.0,0.0,174.0,89.0,3.0,82.3,160.0,0.0,60,16.0,0.6682867558,105.0,65.0,193.0,115.0,11.0,0.0,46.0,3.0,0.0,2.77,6.9,0.0,0.0,0.0,31.369,0.0,0.0,32.1484375,0.0,0.3165821937,72.0,44.0,0.0,0.0
3634,0.0,0.0,0.0,0.0,0.0,0.0,0.0,144.0,82.0,4.0,86.0,160.0,0.0,62,18.0,0.6046511628,107.0,50.0,178.0,146.0,14.0,0.0,43.0,4.0,0.0,2.77,7.6,0.0,0.0,0.0,44.349,0.0,0.0,33.59375,0.0,0.4961275825,0.0,44.0,0.0,0.0
3634,0.0,0.0,0.0,0.0,0.0,0.0,0.0,158.0,82.0,2.0,85.0,160.0,0.0,62,18.0,0.6470588235,0.0,0.0,0.0,0.0,0.0,0.0,43.0,2.0,0.0,0.0,7.6,0.0,0.0,4.0,53.07899999999999,0.0,0.0,33.203125,0.0,0.4476018017,0.0,44.0,0.0,0.0
