PtID,Pt_CGMUseNumDays,Pt_FatherT1D,Pt_MotherT1D,Pt_SiblingT1D,Pt_ChildT1D,Pt_GrandchildT1D,Pt_GrandparentT1D,BldPrSys,BldPrDia,SMBGperDayPtMeterCombo,WeightKg,HeightCm,DirectLDL,age,diabDur,TotalDailyInsPerKg,LDL,HDL,TotChol,Triglyc,BUN,AlbCreatRat_mggNew,UnitsInsBasalOrLongAct,BGTestAvgNumMeter,BGTestAvgNumPtRep,TSH,HbA1c,AutonomicNeuroCl,Pt_InsGov,NumPumpBolusOrShortAct,HbA1cImputeDtMnC,Pt_SHFlg,Pt_DKAFlg,bmi,bmiPerc,bmiZscore,GFR,diagAgeCombo,Pt_A1cGoalLev,Pt_A1cGoalLevelDsYr5
3673,0.0,0.0,0.0,0.0,0.0,0.0,0.0,123.0,56.0,3.0,46.3,157.0,0.0,14,3.0,1.101511879,68.0,59.0,0.0,60.0,11.0,0.0,0.0,3.0,5.0,0.0,8.2,0.0,1.0,0.0,0.266,0.0,0.0,18.783723478,0.44538759619999996,-0.137323378,0.0,10.0,0.0,0.0
3673,0.0,0.0,0.0,0.0,0.0,0.0,0.0,118.0,76.0,1.0,51.0,163.6,0.0,15,4.0,0.8039215686,0.0,70.0,0.0,80.0,22.0,59.0,0.0,1.0,5.0,0.0,9.1,0.0,1.0,0.0,16.465,0.0,0.0,19.054764139,0.37927455530000004,-0.307386621,0.0,10.0,7.0,0.0
3673,0.0,0.0,0.0,0.0,0.0,0.0,0.0,136.0,75.0,3.0,55.4,167.1,0.0,16,5.0,0.0,0.0,48.0,132.0,108.0,16.0,0.0,21.0,3.0,0.0,1.36,6.8,0.0,0.0,2.0,28.581,0.0,0.0,19.840694267,0.3962880467,-0.262966898,0.0,10.0,0.0,0.0
3673,0.0,0.0,0.0,0.0,0.0,0.0,0.0,120.0,64.0,2.0,58.4,167.9,0.0,17,7.0,0.7534246575,106.0,42.0,177.0,145.0,16.0,0.0,24.0,2.0,0.0,4.95,8.1,0.0,0.0,4.0,41.328,0.0,0.0,20.716264857,0.4275028409,-0.182735344,0.0,10.0,0.0,0.0
