PtID,Pt_CGMUseNumDays,Pt_FatherT1D,Pt_MotherT1D,Pt_SiblingT1D,Pt_ChildT1D,Pt_GrandchildT1D,Pt_GrandparentT1D,BldPrSys,BldPrDia,SMBGperDayPtMeterCombo,WeightKg,HeightCm,DirectLDL,age,diabDur,TotalDailyInsPerKg,LDL,HDL,TotChol,Triglyc,BUN,AlbCreatRat_mggNew,UnitsInsBasalOrLongAct,BGTestAvgNumMeter,BGTestAvgNumPtRep,TSH,HbA1c,AutonomicNeuroCl,Pt_InsGov,NumPumpBolusOrShortAct,HbA1cImputeDtMnC,Pt_SHFlg,Pt_DKAFlg,bmi,bmiPerc,bmiZscore,GFR,diagAgeCombo,Pt_A1cGoalLev,Pt_A1cGoalLevelDsYr5
3679,0.0,0.0,0.0,1.0,0.0,0.0,0.0,133.0,79.0,8.0,0.0,0.0,0.0,60,44.0,0.0,104.0,57.0,175.0,69.0,24.0,30.7,0.0,0.0,8.0,0.0,7.0,1.0,1.0,4.0,0.0,0.0,0.0,0.0,0.0,0.0,0.0,16.0,0.0,0.0
3679,0.0,0.0,0.0,1.0,0.0,0.0,0.0,115.0,70.0,8.0,66.723437627,155.95600000000002,0.0,62,46.0,0.4795915969,80.0,53.0,144.0,57.0,15.0,13.1,0.0,0.0,8.0,0.0,6.8,1.0,1.0,0.0,19.054000000000002,1.0,0.0,27.433059015,0.0,-0.269190408,0.0,16.0,6.5,0.0
3679,0.0,0.0,0.0,0.0,0.0,0.0,0.0,126.0,72.0,5.0,61.68856232,154.94,0.0,63,47.0,1.6210460455000002,0.0,0.0,0.0,0.0,0.0,12.5,0.0,5.0,0.0,0.0,0.0,1.0,0.0,0.0,0.0,0.0,0.0,25.696711322,0.0,-0.48488993399999997,0.0,16.0,0.0,0.0
3679,0.0,0.0,0.0,0.0,0.0,0.0,0.0,137.0,72.0,5.0,65.77089365,157.48,0.0,64,48.0,0.0,74.0,66.0,155.0,77.0,0.0,12.5,0.0,0.0,5.0,0.0,6.7,1.0,0.0,0.0,51.153999999999996,0.0,0.0,26.520574674000002,0.0,-0.38254468700000005,0.0,16.0,0.0,0.0
3679,0.0,0.0,0.0,0.0,0.0,0.0,0.0,138.0,76.0,10.0,64.41011654,154.94,0.0,65,49.0,0.0,103.0,60.0,0.0,81.0,17.0,18.4,0.0,0.0,10.0,0.0,7.4,1.0,0.0,0.0,63.468999999999994,0.0,0.0,26.830389763000003,0.0,-0.34405759799999996,0.0,16.0,0.0,0.0
3679,0.0,0.0,0.0,0.0,0.0,0.0,0.0,106.0,64.0,8.0,0.0,0.0,0.0,66,50.0,0.0,0.0,0.0,0.0,0.0,0.0,18.4,0.0,0.0,8.0,0.0,6.3,1.0,1.0,0.0,69.942,0.0,0.0,0.0,0.0,0.0,0.0,16.0,0.0,0.0
3679,0.0,0.0,0.0,0.0,0.0,0.0,0.0,138.0,69.0,0.0,61.23496995,154.94,0.0,67,51.0,0.0,120.0,61.0,0.0,68.0,30.0,0.0,0.0,0.0,0.0,0.0,7.1,1.0,0.0,0.0,84.54799999999999,0.0,0.0,25.507764916,0.0,-0.50836199,0.0,16.0,0.0,0.0
