PtID,Pt_CGMUseNumDays,Pt_FatherT1D,Pt_MotherT1D,Pt_SiblingT1D,Pt_ChildT1D,Pt_GrandchildT1D,Pt_GrandparentT1D,BldPrSys,BldPrDia,SMBGperDayPtMeterCombo,WeightKg,HeightCm,DirectLDL,age,diabDur,TotalDailyInsPerKg,LDL,HDL,TotChol,Triglyc,BUN,AlbCreatRat_mggNew,UnitsInsBasalOrLongAct,BGTestAvgNumMeter,BGTestAvgNumPtRep,TSH,HbA1c,AutonomicNeuroCl,Pt_InsGov,NumPumpBolusOrShortAct,HbA1cImputeDtMnC,Pt_SHFlg,Pt_DKAFlg,bmi,bmiPerc,bmiZscore,GFR,diagAgeCombo,Pt_A1cGoalLev,Pt_A1cGoalLevelDsYr5
367,0.0,0.0,0.0,0.0,0.0,0.0,0.0,115.0,54.0,4.0,58.5,168.0,0.0,13,4.0,1.5384615385,81.0,76.0,0.0,96.0,0.0,7.0,0.0,4.0,4.0,0.0,11.9,0.0,0.0,4.0,0.0,0.0,0.0,20.727040816,0.7769969526,0.7620903284999999,0.0,9.0,0.0,0.0
367,0.0,0.0,0.0,0.0,0.0,0.0,0.0,118.0,61.0,4.0,64.5,174.6,0.0,14,5.0,1.4263565891,0.0,0.0,0.0,0.0,0.0,12.0,0.0,0.0,4.0,0.0,9.1,0.0,0.0,0.0,12.315,0.0,0.0,21.157835485,0.7478195662999999,0.6676439949,0.0,9.0,7.0,0.0
367,0.0,0.0,0.0,0.0,0.0,0.0,0.0,140.0,62.0,0.0,80.8,179.9,0.0,16,7.0,1.2004950495,69.0,66.0,166.0,157.0,0.0,6.5,39.0,0.0,0.0,2.22,8.3,0.0,0.0,0.0,33.162,0.0,0.0,24.966003904,0.8852385842,1.2015889326,0.0,9.0,0.0,0.0
367,0.0,0.0,0.0,0.0,0.0,0.0,0.0,126.0,68.0,4.0,87.0,180.6,0.0,17,8.0,1.2873563218000001,93.0,53.0,167.0,106.0,0.0,6.0,46.0,4.0,0.0,2.16,7.9,0.0,0.0,5.0,41.992,0.0,0.0,26.673730606,0.9173196739,1.3872660472,0.0,9.0,0.0,0.0
367,0.0,0.0,0.0,0.0,0.0,0.0,0.0,123.0,65.0,2.0,88.0,180.5,0.0,18,8.0,1.0681818182,76.0,63.0,169.0,150.0,0.0,10.0,46.0,2.0,0.0,0.75,9.1,0.0,0.0,4.0,54.373000000000005,0.0,0.0,27.010228589,0.9061612295,1.3174807154000001,0.0,9.0,0.0,0.0
367,0.0,0.0,0.0,0.0,0.0,0.0,0.0,133.0,66.0,3.0,82.6,181.5,0.0,18,9.0,1.1259079903,0.0,0.0,0.0,0.0,0.0,10.0,49.8,3.0,0.0,0.0,10.2,0.0,0.0,0.0,61.111999999999995,0.0,0.0,25.07418285,0.8190066989,0.9115861761,0.0,9.0,0.0,0.0
