PtID,Pt_CGMUseNumDays,Pt_FatherT1D,Pt_MotherT1D,Pt_SiblingT1D,Pt_ChildT1D,Pt_GrandchildT1D,Pt_GrandparentT1D,BldPrSys,BldPrDia,SMBGperDayPtMeterCombo,WeightKg,HeightCm,DirectLDL,age,diabDur,TotalDailyInsPerKg,LDL,HDL,TotChol,Triglyc,BUN,AlbCreatRat_mggNew,UnitsInsBasalOrLongAct,BGTestAvgNumMeter,BGTestAvgNumPtRep,TSH,HbA1c,AutonomicNeuroCl,Pt_InsGov,NumPumpBolusOrShortAct,HbA1cImputeDtMnC,Pt_SHFlg,Pt_DKAFlg,bmi,bmiPerc,bmiZscore,GFR,diagAgeCombo,Pt_A1cGoalLev,Pt_A1cGoalLevelDsYr5
3715,0.0,0.0,0.0,0.0,0.0,0.0,0.0,104.0,60.0,8.0,17.5,105.0,0.0,3,0.0,0.4571428571,91.0,30.0,91.0,93.0,17.0,0.0,0.0,0.0,8.0,0.0,6.3,0.0,0.0,0.0,0.0,0.0,0.0,15.873015873,0.5477685645,0.1200255972,0.0,3.0,0.0,0.0
3715,0.0,0.0,0.0,0.0,0.0,0.0,0.0,102.0,63.0,8.0,19.4,110.6,0.0,4,0.0,0.7731958763,61.0,42.0,133.0,202.0,0.0,0.0,0.0,0.0,8.0,0.0,7.7,0.0,0.0,0.0,9.527000000000001,0.0,0.0,15.859572477999999,0.6648642204,0.4257753379,0.0,3.0,0.0,0.0
3715,0.0,0.0,0.0,0.0,0.0,0.0,0.0,114.0,75.0,8.0,24.3,118.3,1.0,5,2.0,0.7407407407,83.0,62.0,154.0,235.0,15.0,0.0,0.0,8.0,0.0,1.462,7.2,0.0,0.0,0.0,22.573,0.0,0.0,17.363480528,0.9035270912000001,1.3019139075,0.0,3.0,0.0,0.0
3715,0.0,0.0,0.0,0.0,0.0,0.0,0.0,99.0,60.0,0.0,27.3,125.7,0.0,6,3.0,0.0,67.0,67.0,153.0,67.0,0.0,0.0,10.0,0.0,0.0,1.402,6.8,0.0,0.0,4.0,36.216,0.0,0.0,17.277945178,0.8683468128,1.1186104241,0.0,3.0,0.0,0.0
3715,0.0,0.0,0.0,0.0,0.0,0.0,0.0,101.0,61.0,4.0,28.8,131.4,0.0,7,4.0,1.2152777778,67.0,67.0,153.0,67.0,15.0,0.0,26.0,4.0,4.0,1.4,7.2,0.0,0.0,0.0,46.672,0.0,0.0,16.680219345,0.7450201734999999,0.6589005183,0.0,3.0,0.0,0.0
3715,0.0,0.0,0.0,0.0,0.0,0.0,0.0,107.0,72.0,5.0,32.3,139.0,0.0,8,5.0,1.1145510836,74.0,66.0,145.0,70.0,14.0,0.0,14.0,5.0,6.0,2.05,0.0,0.0,0.0,5.0,0.0,0.0,0.0,16.717561203,0.6719523865000001,0.4453107129,0.0,3.0,0.0,0.0
3715,0.0,0.0,0.0,0.0,0.0,0.0,0.0,100.0,70.0,6.0,34.6,144.1,0.0,9,6.0,1.0693641618,0.0,0.0,0.0,0.0,14.0,0.0,15.0,6.0,10.0,0.0,8.2,0.0,0.0,5.0,70.207,0.0,0.0,16.662805968,0.5695364919,0.1751942323,0.0,3.0,0.0,0.0
