PtID,Pt_CGMUseNumDays,Pt_FatherT1D,Pt_MotherT1D,Pt_SiblingT1D,Pt_ChildT1D,Pt_GrandchildT1D,Pt_GrandparentT1D,BldPrSys,BldPrDia,SMBGperDayPtMeterCombo,WeightKg,HeightCm,DirectLDL,age,diabDur,TotalDailyInsPerKg,LDL,HDL,TotChol,Triglyc,BUN,AlbCreatRat_mggNew,UnitsInsBasalOrLongAct,BGTestAvgNumMeter,BGTestAvgNumPtRep,TSH,HbA1c,AutonomicNeuroCl,Pt_InsGov,NumPumpBolusOrShortAct,HbA1cImputeDtMnC,Pt_SHFlg,Pt_DKAFlg,bmi,bmiPerc,bmiZscore,GFR,diagAgeCombo,Pt_A1cGoalLev,Pt_A1cGoalLevelDsYr5
3751,0.0,0.0,1.0,0.0,0.0,0.0,0.0,132.0,77.0,0.0,61.68856232,160.02,0.0,12,1.0,0.0,86.0,38.0,138.0,68.0,0.0,23.8,0.0,0.0,0.0,0.0,9.9,0.0,0.0,0.0,0.0,0.0,0.0,24.091071512,0.9304049701999999,1.4788139005,0.0,11.0,0.0,0.0
3751,0.0,0.0,1.0,0.0,0.0,0.0,0.0,122.0,86.0,5.0,53.52389966,165.1,0.0,14,2.0,0.6539134895000001,0.0,0.0,0.0,0.0,0.0,0.0,0.0,0.0,5.0,0.0,14.9,0.0,0.0,0.0,13.743,0.0,0.0,19.63602613,0.5410495413,0.10307818640000001,0.0,11.0,0.0,0.0
3751,0.0,0.0,0.0,0.0,0.0,0.0,0.0,146.0,61.0,2.0,78.01788764,172.72,0.0,16,5.0,0.0,85.0,45.0,146.0,79.0,0.0,25.2,0.0,2.0,0.0,1.56,11.9,0.0,0.0,0.0,42.589,0.0,0.0,26.152242149,0.9013074420999999,1.2890373104000001,0.0,11.0,0.0,0.0
3751,0.0,0.0,0.0,0.0,0.0,0.0,0.0,132.0,81.0,6.0,87.99691978,172.72,0.0,17,6.0,0.5909297749,0.0,0.0,0.0,0.0,0.0,25.2,29.0,6.0,0.0,0.0,10.6,0.0,0.0,5.0,60.481,0.0,0.0,29.497296378,0.9488167614,1.6334876442,0.0,11.0,0.0,0.0
3751,0.0,0.0,0.0,0.0,0.0,0.0,0.0,140.0,82.0,3.0,89.81128926,172.72,0.0,18,7.0,0.5344539689,0.0,0.0,0.0,0.0,0.0,25.2,34.0,3.0,3.0,0.0,12.0,0.0,0.0,4.0,69.577,0.0,0.0,30.105488055,0.9479896565000001,1.6256661861000001,0.0,11.0,0.0,0.0
