PtID,Pt_CGMUseNumDays,Pt_FatherT1D,Pt_MotherT1D,Pt_SiblingT1D,Pt_ChildT1D,Pt_GrandchildT1D,Pt_GrandparentT1D,BldPrSys,BldPrDia,SMBGperDayPtMeterCombo,WeightKg,HeightCm,DirectLDL,age,diabDur,TotalDailyInsPerKg,LDL,HDL,TotChol,Triglyc,BUN,AlbCreatRat_mggNew,UnitsInsBasalOrLongAct,BGTestAvgNumMeter,BGTestAvgNumPtRep,TSH,HbA1c,AutonomicNeuroCl,Pt_InsGov,NumPumpBolusOrShortAct,HbA1cImputeDtMnC,Pt_SHFlg,Pt_DKAFlg,bmi,bmiPerc,bmiZscore,GFR,diagAgeCombo,Pt_A1cGoalLev,Pt_A1cGoalLevelDsYr5
3769,0.0,0.0,0.0,0.0,0.0,0.0,0.0,112.0,59.0,7.0,35.2,127.0,0.0,6,1.0,0.9943181818000001,93.0,62.0,0.0,31.0,15.0,0.0,0.0,7.0,8.0,0.0,7.9,0.0,1.0,0.0,0.0,0.0,0.0,21.824043648000004,0.9887282118999999,2.2810823194,0.0,5.0,0.0,0.0
3769,0.0,0.0,0.0,0.0,0.0,0.0,0.0,125.0,66.0,8.0,39.6,132.4,0.0,7,2.0,1.1868686869,0.0,0.0,0.0,0.0,0.0,0.0,0.0,8.0,11.0,0.0,6.8,0.0,1.0,0.0,10.124,0.0,0.0,22.590155256,0.9855460148,2.1847392528,0.0,5.0,7.0,0.0
3769,0.0,0.0,0.0,0.0,0.0,0.0,0.0,120.0,71.0,7.0,50.3,140.8,0.0,9,3.0,0.0,0.0,0.0,0.0,0.0,0.0,7.4,20.0,7.0,0.0,1.77,7.5,0.0,0.0,0.0,26.49,0.0,0.0,25.37246578,0.98425154,2.1507375597,0.0,5.0,0.0,0.0
3769,0.0,0.0,0.0,0.0,0.0,0.0,0.0,120.0,68.0,6.0,56.0,146.0,0.0,10,5.0,0.0,90.0,52.0,0.0,88.0,0.0,7.4,27.0,6.0,0.0,2.63,7.6,0.0,0.0,0.0,42.058,0.0,0.0,26.271345468000003,0.9814080484000001,2.0837391267,0.0,5.0,0.0,0.0
3769,0.0,0.0,0.0,0.0,0.0,0.0,0.0,119.0,67.0,6.0,62.9,153.7,0.0,11,6.0,1.319554849,72.0,54.0,0.0,101.0,0.0,0.0,30.0,6.0,0.0,0.75,7.7,0.0,0.0,7.0,55.768,0.0,0.0,26.625815019,0.9755453928,1.9693822333000002,0.0,5.0,0.0,0.0
3769,0.0,0.0,0.0,0.0,0.0,0.0,0.0,122.0,74.0,6.0,66.0,156.0,0.0,12,7.0,1.1666666667,93.0,58.0,0.0,117.0,0.0,38.0,32.2,6.0,8.0,0.79,7.7,0.0,1.0,6.0,67.286,0.0,0.0,27.120315581999996,0.9701129375,1.8824560271000002,0.0,5.0,0.0,0.0
