PtID,Pt_CGMUseNumDays,Pt_FatherT1D,Pt_MotherT1D,Pt_SiblingT1D,Pt_ChildT1D,Pt_GrandchildT1D,Pt_GrandparentT1D,BldPrSys,BldPrDia,SMBGperDayPtMeterCombo,WeightKg,HeightCm,DirectLDL,age,diabDur,TotalDailyInsPerKg,LDL,HDL,TotChol,Triglyc,BUN,AlbCreatRat_mggNew,UnitsInsBasalOrLongAct,BGTestAvgNumMeter,BGTestAvgNumPtRep,TSH,HbA1c,AutonomicNeuroCl,Pt_InsGov,NumPumpBolusOrShortAct,HbA1cImputeDtMnC,Pt_SHFlg,Pt_DKAFlg,bmi,bmiPerc,bmiZscore,GFR,diagAgeCombo,Pt_A1cGoalLev,Pt_A1cGoalLevelDsYr5
3832,0.0,0.0,0.0,0.0,0.0,0.0,0.0,108.0,54.0,4.0,64.9,160.1,0.0,14,2.0,0.40061633280000003,0.0,0.0,0.0,0.0,0.0,0.0,0.0,0.0,4.0,0.0,7.5,0.0,1.0,0.0,0.0,0.0,1.0,25.319902731,0.9167681547,1.3836563974,0.0,12.0,0.0,0.0
3832,0.0,0.0,1.0,0.0,0.0,0.0,0.0,111.0,69.0,4.0,67.2,161.6,0.0,15,3.0,0.0,61.0,52.0,123.0,48.0,10.0,5.0,0.0,0.0,4.0,0.0,7.8,0.0,1.0,0.0,11.154000000000002,0.0,1.0,25.732771297,0.9079776943000001,1.3284042039,0.0,12.0,0.0,0.0
3832,0.0,0.0,0.0,0.0,0.0,0.0,0.0,113.0,51.0,4.0,64.7,162.3,0.0,16,4.0,0.0,0.0,0.0,0.0,0.0,0.0,3.0,30.0,4.0,4.0,0.0,7.4,0.0,0.0,0.0,26.689,0.0,0.0,24.562198738000003,0.8466602184,1.0222141327,0.0,12.0,0.0,0.0
3832,0.0,0.0,0.0,0.0,0.0,0.0,0.0,116.0,78.0,3.0,72.0,162.0,0.0,17,5.0,0.0,63.0,61.0,136.0,58.0,9.0,0.0,30.0,3.0,4.0,1.432,0.0,0.0,0.0,0.0,0.0,0.0,0.0,27.43484225,0.917047937,1.3854852946,0.0,12.0,0.0,0.0
3832,0.0,0.0,0.0,0.0,0.0,0.0,0.0,111.0,70.0,0.0,69.5,162.3,0.0,18,6.0,0.0,70.0,68.0,147.0,47.0,12.0,0.0,30.0,0.0,0.0,0.787,8.8,0.0,0.0,0.0,49.494,0.0,0.0,26.384432956999998,0.8760335265000001,1.1553846449,0.0,12.0,0.0,0.0
