PtID,Pt_CGMUseNumDays,Pt_FatherT1D,Pt_MotherT1D,Pt_SiblingT1D,Pt_ChildT1D,Pt_GrandchildT1D,Pt_GrandparentT1D,BldPrSys,BldPrDia,SMBGperDayPtMeterCombo,WeightKg,HeightCm,DirectLDL,age,diabDur,TotalDailyInsPerKg,LDL,HDL,TotChol,Triglyc,BUN,AlbCreatRat_mggNew,UnitsInsBasalOrLongAct,BGTestAvgNumMeter,BGTestAvgNumPtRep,TSH,HbA1c,AutonomicNeuroCl,Pt_InsGov,NumPumpBolusOrShortAct,HbA1cImputeDtMnC,Pt_SHFlg,Pt_DKAFlg,bmi,bmiPerc,bmiZscore,GFR,diagAgeCombo,Pt_A1cGoalLev,Pt_A1cGoalLevelDsYr5
3844,0.0,0.0,0.0,0.0,0.0,0.0,0.0,0.0,0.0,4.0,0.0,0.0,0.0,17,1.0,0.0,0.0,0.0,0.0,0.0,7.0,0.0,0.0,0.0,4.0,0.0,6.3,1.0,1.0,0.0,-0.166,0.0,0.0,0.0,0.0,0.0,0.0,16.0,0.0,0.0
3844,0.0,0.0,0.0,0.0,0.0,0.0,0.0,92.0,58.0,4.0,42.3,148.0,0.0,21,4.0,0.6382978723,0.0,0.0,153.0,47.0,8.0,0.0,9.0,4.0,0.0,2.06,6.0,1.0,0.0,3.0,43.253,0.0,0.0,19.311541271,0.0,-1.009730718,0.0,16.0,0.0,0.0
3844,0.0,0.0,0.0,0.0,0.0,0.0,0.0,102.0,62.0,3.0,42.7,148.0,0.0,22,5.0,0.7025761124,71.0,62.0,143.0,51.0,0.0,0.0,9.0,3.0,0.0,2.19,7.4,1.0,0.0,3.0,58.324,0.0,0.0,19.494156317999998,0.0,-0.985107223,0.0,16.0,0.0,0.0
3844,30.0,0.0,0.0,0.0,0.0,0.0,0.0,130.0,70.0,6.0,42.9,148.0,0.0,23,6.0,0.6993006993,0.0,0.0,0.0,0.0,8.0,0.0,19.0,0.0,6.0,2.41,7.0,1.0,1.0,4.0,68.315,0.0,0.0,19.585463842,0.0,-0.9727954759999999,0.0,16.0,0.0,0.0
3844,0.0,0.0,0.0,0.0,0.0,0.0,0.0,110.0,78.0,0.0,0.0,0.0,0.0,24,7.0,0.0,75.0,49.0,148.0,120.0,2.0,0.0,11.0,0.0,0.0,1.75,7.1,1.0,0.0,3.0,77.842,0.0,0.0,0.0,0.0,0.0,0.0,16.0,0.0,0.0
