PtID,Pt_CGMUseNumDays,Pt_FatherT1D,Pt_MotherT1D,Pt_SiblingT1D,Pt_ChildT1D,Pt_GrandchildT1D,Pt_GrandparentT1D,BldPrSys,BldPrDia,SMBGperDayPtMeterCombo,WeightKg,HeightCm,DirectLDL,age,diabDur,TotalDailyInsPerKg,LDL,HDL,TotChol,Triglyc,BUN,AlbCreatRat_mggNew,UnitsInsBasalOrLongAct,BGTestAvgNumMeter,BGTestAvgNumPtRep,TSH,HbA1c,AutonomicNeuroCl,Pt_InsGov,NumPumpBolusOrShortAct,HbA1cImputeDtMnC,Pt_SHFlg,Pt_DKAFlg,bmi,bmiPerc,bmiZscore,GFR,diagAgeCombo,Pt_A1cGoalLev,Pt_A1cGoalLevelDsYr5
3868,30.0,0.0,0.0,0.0,0.0,0.0,0.0,116.0,64.0,3.0,52.61671492,157.48,0.0,54,43.0,0.6081717578,62.0,81.0,150.0,34.0,12.0,7.0,0.0,0.0,3.0,0.0,0.0,0.0,0.0,0.0,0.0,0.0,0.0,21.216459739,0.0,-0.820997412,0.0,11.0,0.0,0.0
3868,0.0,0.0,0.0,0.0,0.0,0.0,0.0,120.0,64.0,2.0,49.44156833,157.48,0.0,55,44.0,0.6674545552000001,0.0,0.0,0.0,0.0,14.0,2.0,0.0,0.0,2.0,0.0,0.0,0.0,0.0,0.0,0.0,0.0,0.0,19.936156134,0.0,-0.952659045,0.0,11.0,7.5,0.0
3868,0.0,0.0,0.0,0.0,0.0,0.0,0.0,110.0,70.0,3.0,52.16312255,157.48,0.0,56,45.0,0.0,92.0,113.0,218.0,63.0,17.0,0.0,17.0,0.0,3.0,1.98,7.5,0.0,0.0,0.0,23.768,0.0,0.0,21.033559224,0.0,-0.8398062159999999,0.0,11.0,0.0,0.0
3868,0.0,0.0,0.0,0.0,0.0,0.0,0.0,120.0,60.0,0.0,55.33826914,157.48,0.0,57,46.0,0.6144030258,87.0,116.0,223.0,100.0,13.0,0.0,17.0,0.0,0.0,1.69,0.0,0.0,0.0,3.0,0.0,0.0,0.0,22.313862829,0.0,-0.708144584,0.0,11.0,0.0,0.0
3868,0.0,0.0,0.0,0.0,0.0,0.0,0.0,133.0,76.0,0.0,55.79186151,157.48,0.0,58,47.0,0.0,100.0,80.0,195.0,75.0,0.0,0.0,18.0,0.0,0.0,0.0,8.0,0.0,0.0,0.0,53.04600000000001,0.0,0.0,22.496763344,0.0,-0.6893357790000001,0.0,11.0,0.0,0.0
3868,0.0,0.0,0.0,0.0,0.0,0.0,0.0,127.0,75.0,0.0,55.33826914,156.21,0.0,59,48.0,0.0,109.0,99.0,219.0,54.0,19.0,0.0,19.0,0.0,0.0,1.55,7.2,0.0,0.0,0.0,64.133,0.0,0.0,22.678164774000003,0.0,-0.670681135,0.0,11.0,0.0,0.0
