PtID,Pt_CGMUseNumDays,Pt_FatherT1D,Pt_MotherT1D,Pt_SiblingT1D,Pt_ChildT1D,Pt_GrandchildT1D,Pt_GrandparentT1D,BldPrSys,BldPrDia,SMBGperDayPtMeterCombo,WeightKg,HeightCm,DirectLDL,age,diabDur,TotalDailyInsPerKg,LDL,HDL,TotChol,Triglyc,BUN,AlbCreatRat_mggNew,UnitsInsBasalOrLongAct,BGTestAvgNumMeter,BGTestAvgNumPtRep,TSH,HbA1c,AutonomicNeuroCl,Pt_InsGov,NumPumpBolusOrShortAct,HbA1cImputeDtMnC,Pt_SHFlg,Pt_DKAFlg,bmi,bmiPerc,bmiZscore,GFR,diagAgeCombo,Pt_A1cGoalLev,Pt_A1cGoalLevelDsYr5
3869,0.0,0.0,0.0,0.0,0.0,0.0,0.0,130.0,69.0,3.0,55.655783799,162.56,0.0,14,6.0,0.7546385503,0.0,0.0,169.0,0.0,0.0,5.0,0.0,0.0,3.0,0.0,11.2,0.0,0.0,4.0,-1.859,0.0,0.0,21.061190777,0.6992829456,0.5223393027000001,0.0,8.0,0.0,0.0
3869,0.0,0.0,0.0,0.0,0.0,0.0,0.0,127.0,67.0,0.0,58.51341573,162.56,0.0,15,7.0,0.0,0.0,0.0,200.0,0.0,0.0,5.0,0.0,0.0,0.0,0.0,10.9,0.0,0.0,0.0,12.183,0.0,0.0,22.14257221,0.7374720652,0.635571317,0.0,8.0,0.0,0.0
3869,0.0,0.0,0.0,0.0,0.0,0.0,0.0,112.0,80.0,4.0,62.2,164.5,0.0,16,8.0,1.3344051447,76.0,71.0,0.0,70.0,0.0,21.0,0.0,4.0,4.0,1.9,11.3,0.0,0.0,4.0,24.398000000000003,0.0,0.0,22.985744773,0.7576445522,0.6987458167,0.0,8.0,0.0,0.0
3869,0.0,0.0,0.0,0.0,0.0,0.0,0.0,122.0,68.0,2.0,62.3,163.4,0.0,17,8.0,1.2841091493,0.0,0.0,0.0,0.0,0.0,17.0,0.0,0.0,2.0,0.0,10.4,0.0,0.0,0.0,34.058,0.0,0.0,23.333717859,0.7468173768999999,0.6645079754,0.0,8.0,0.0,0.0
3869,0.0,0.0,0.0,0.0,0.0,0.0,0.0,112.0,76.0,4.0,60.7,164.1,0.0,18,9.0,0.0,92.0,63.0,0.0,102.0,0.0,17.0,0.0,0.0,4.0,2.38,8.6,0.0,0.0,0.0,46.506,0.0,0.0,22.540914359000002,0.6447767579,0.3712565135,0.0,8.0,0.0,0.0
3869,0.0,0.0,0.0,0.0,0.0,0.0,0.0,130.0,78.0,3.0,59.42060047,162.56,0.0,19,10.0,1.3463344256,123.0,53.0,0.0,88.0,0.0,0.0,25.0,0.0,3.0,1.68,10.1,0.0,0.0,25.0,58.123999999999995,0.0,0.0,22.485867903000003,0.6082149598,0.27466961079999996,0.0,8.0,0.0,0.0
3869,0.0,0.0,0.0,0.0,0.0,0.0,0.0,134.0,74.0,4.0,62.1,164.0,0.0,20,11.0,1.2882447665,0.0,0.0,0.0,0.0,0.0,13.0,0.0,0.0,4.0,1.88,10.2,0.0,0.0,3.0,69.743,0.0,0.0,23.088935158,0.6461535388,-0.500393513,0.0,8.0,0.0,0.0
