PtID,Pt_CGMUseNumDays,Pt_FatherT1D,Pt_MotherT1D,Pt_SiblingT1D,Pt_ChildT1D,Pt_GrandchildT1D,Pt_GrandparentT1D,BldPrSys,BldPrDia,SMBGperDayPtMeterCombo,WeightKg,HeightCm,DirectLDL,age,diabDur,TotalDailyInsPerKg,LDL,HDL,TotChol,Triglyc,BUN,AlbCreatRat_mggNew,UnitsInsBasalOrLongAct,BGTestAvgNumMeter,BGTestAvgNumPtRep,TSH,HbA1c,AutonomicNeuroCl,Pt_InsGov,NumPumpBolusOrShortAct,HbA1cImputeDtMnC,Pt_SHFlg,Pt_DKAFlg,bmi,bmiPerc,bmiZscore,GFR,diagAgeCombo,Pt_A1cGoalLev,Pt_A1cGoalLevelDsYr5
3888,0.0,1.0,0.0,0.0,0.0,0.0,0.0,118.0,59.0,2.0,49.0,160.9,0.0,14,6.0,0.8571428570999999,108.0,59.0,175.0,42.0,0.0,9.9,0.0,0.0,2.0,0.0,7.8,0.0,0.0,5.0,-2.9539999999999997,0.0,0.0,18.927096301,0.4438160953,-0.141300961,0.0,8.0,0.0,0.0
3888,0.0,1.0,0.0,0.0,0.0,0.0,0.0,119.0,72.0,12.0,59.7,161.9,0.0,15,7.0,0.8877721943000001,93.0,72.0,177.0,58.0,0.0,5.0,0.0,0.0,12.0,0.0,8.0,0.0,0.0,0.0,15.800999999999998,0.0,0.0,22.776166744,0.7829737859,0.7822759322,0.0,8.0,7.3,0.0
3888,0.0,0.0,0.0,0.0,0.0,0.0,0.0,127.0,75.0,5.0,65.2,161.8,0.0,16,8.0,0.9509202454000001,125.0,86.0,240.0,145.0,10.0,5.7,32.0,0.0,5.0,1.69,7.5,0.0,0.0,0.0,28.68,0.0,0.0,24.905230251,0.8608831884,1.0842958986,0.0,8.0,0.0,0.0
3888,0.0,0.0,0.0,0.0,0.0,0.0,0.0,98.0,53.0,2.0,51.1,163.7,0.0,17,9.0,0.8806262231,0.0,0.0,0.0,0.0,0.0,5.7,25.0,2.0,0.0,0.0,7.5,0.0,0.0,3.0,44.714,0.0,0.0,19.068807795999998,0.2471975836,-0.683335025,0.0,8.0,0.0,0.0
