PtID,Pt_CGMUseNumDays,Pt_FatherT1D,Pt_MotherT1D,Pt_SiblingT1D,Pt_ChildT1D,Pt_GrandchildT1D,Pt_GrandparentT1D,BldPrSys,BldPrDia,SMBGperDayPtMeterCombo,WeightKg,HeightCm,DirectLDL,age,diabDur,TotalDailyInsPerKg,LDL,HDL,TotChol,Triglyc,BUN,AlbCreatRat_mggNew,UnitsInsBasalOrLongAct,BGTestAvgNumMeter,BGTestAvgNumPtRep,TSH,HbA1c,AutonomicNeuroCl,Pt_InsGov,NumPumpBolusOrShortAct,HbA1cImputeDtMnC,Pt_SHFlg,Pt_DKAFlg,bmi,bmiPerc,bmiZscore,GFR,diagAgeCombo,Pt_A1cGoalLev,Pt_A1cGoalLevelDsYr5
3889,0.0,0.0,0.0,0.0,0.0,0.0,0.0,96.0,50.0,6.0,18.0,108.4,0.0,5,0.0,0.22222222219999999,0.0,0.0,0.0,0.0,8.0,0.0,0.0,0.0,6.0,0.0,7.0,0.0,1.0,0.0,-0.6970000000000001,0.0,0.0,15.318418867,0.46335398130000005,-0.091987511,0.0,5.0,0.0,0.0
3889,0.0,0.0,0.0,0.0,0.0,0.0,0.0,90.0,54.0,4.0,17.8,111.0,0.0,7,1.0,0.393258427,65.0,59.0,0.0,43.0,12.0,20.6,3.0,4.0,8.0,3.34,7.0,0.0,0.0,0.0,15.037,0.0,0.0,14.446879312,0.1926040042,-0.868340406,0.0,5.0,0.0,0.0
3889,0.0,0.0,0.0,0.0,0.0,0.0,0.0,90.0,56.0,10.0,19.9,119.2,0.0,8,2.0,0.5025125628,0.0,0.0,0.0,0.0,0.0,20.6,4.0,10.0,10.0,3.34,7.1,0.0,0.0,0.0,26.555999999999997,0.0,0.0,14.005562812,0.0781665364,-1.417512738,0.0,5.0,0.0,0.0
3889,0.0,0.0,0.0,0.0,0.0,0.0,0.0,100.0,58.0,9.0,23.4,123.4,0.0,9,3.0,0.641025641,0.0,0.0,0.0,0.0,0.0,20.6,4.0,9.0,8.0,0.0,7.0,0.0,0.0,0.0,39.668,0.0,0.0,15.366874272999999,0.3153804429,-0.48065617200000005,0.0,5.0,0.0,0.0
3889,0.0,0.0,0.0,0.0,0.0,0.0,0.0,94.0,56.0,4.0,26.7,128.9,0.0,10,4.0,0.4119850187,62.0,51.0,0.0,55.0,0.0,20.6,8.0,4.0,0.0,2.73,6.0,0.0,0.0,0.0,52.349,0.0,0.0,16.069613324000002,0.38315174869999996,-0.297213524,0.0,5.0,0.0,0.0
3889,0.0,0.0,0.0,0.0,0.0,0.0,0.0,96.0,60.0,3.0,27.4,136.7,0.0,11,5.0,0.802919708,0.0,0.0,0.0,0.0,0.0,20.6,12.0,3.0,0.0,1.89,5.7,0.0,0.0,0.0,66.523,0.0,0.0,14.662685979,0.0609144095,-1.547142784,0.0,5.0,0.0,0.0
