PtID,Pt_CGMUseNumDays,Pt_FatherT1D,Pt_MotherT1D,Pt_SiblingT1D,Pt_ChildT1D,Pt_GrandchildT1D,Pt_GrandparentT1D,BldPrSys,BldPrDia,SMBGperDayPtMeterCombo,WeightKg,HeightCm,DirectLDL,age,diabDur,TotalDailyInsPerKg,LDL,HDL,TotChol,Triglyc,BUN,AlbCreatRat_mggNew,UnitsInsBasalOrLongAct,BGTestAvgNumMeter,BGTestAvgNumPtRep,TSH,HbA1c,AutonomicNeuroCl,Pt_InsGov,NumPumpBolusOrShortAct,HbA1cImputeDtMnC,Pt_SHFlg,Pt_DKAFlg,bmi,bmiPerc,bmiZscore,GFR,diagAgeCombo,Pt_A1cGoalLev,Pt_A1cGoalLevelDsYr5
38,0.0,1.0,0.0,0.0,0.0,0.0,0.0,112.0,71.0,10.0,59.87419284,162.56,0.0,30,16.0,0.5845590285,119.0,59.0,0.0,56.0,13.0,1.7,0.0,0.0,10.0,0.0,5.8,0.0,0.0,5.0,0.0,0.0,0.0,22.65751575,0.0,-0.601305925,0.0,14.0,0.0,0.0
38,0.0,1.0,0.0,0.0,0.0,0.0,0.0,114.0,72.0,8.0,54.88467677,156.21,0.0,31,17.0,0.6377007584000001,0.0,0.0,0.0,0.0,0.0,0.0,0.0,0.0,8.0,0.0,5.9,0.0,0.0,0.0,15.137,0.0,0.0,22.492278177,0.0,-0.6202584529999999,0.0,14.0,6.5,0.0
38,0.0,0.0,0.0,0.0,0.0,0.0,0.0,100.0,64.0,6.0,55.79186151,154.94,0.0,33,19.0,0.0,70.0,66.0,148.0,60.0,11.0,5.3,20.0,0.0,6.0,1.19,6.3,0.0,0.0,0.0,37.876,0.0,0.0,23.240408034,0.0,-0.53444896,103.0,14.0,0.0,0.0
38,0.0,0.0,0.0,0.0,0.0,0.0,0.0,119.0,77.0,0.0,54.8,156.2,0.0,34,20.0,0.0,81.0,63.0,155.0,57.0,16.0,3.0,0.0,0.0,0.0,2.32,6.1,0.0,0.0,0.0,52.248999999999995,0.0,0.0,22.46045239,0.0,-0.623908829,114.0,14.0,0.0,0.0
38,0.0,0.0,0.0,0.0,0.0,0.0,0.0,140.0,92.0,8.0,58.1,156.2,0.0,36,22.0,0.0,77.0,76.0,165.0,60.0,10.0,0.0,20.9,0.0,8.0,2.16,5.9,0.0,0.0,0.0,71.104,0.0,0.0,23.81299788,0.0,-0.46877367200000003,107.0,14.0,0.0,0.0
