PtID,Pt_CGMUseNumDays,Pt_FatherT1D,Pt_MotherT1D,Pt_SiblingT1D,Pt_ChildT1D,Pt_GrandchildT1D,Pt_GrandparentT1D,BldPrSys,BldPrDia,SMBGperDayPtMeterCombo,WeightKg,HeightCm,DirectLDL,age,diabDur,TotalDailyInsPerKg,LDL,HDL,TotChol,Triglyc,BUN,AlbCreatRat_mggNew,UnitsInsBasalOrLongAct,BGTestAvgNumMeter,BGTestAvgNumPtRep,TSH,HbA1c,AutonomicNeuroCl,Pt_InsGov,NumPumpBolusOrShortAct,HbA1cImputeDtMnC,Pt_SHFlg,Pt_DKAFlg,bmi,bmiPerc,bmiZscore,GFR,diagAgeCombo,Pt_A1cGoalLev,Pt_A1cGoalLevelDsYr5
390,0.0,0.0,0.0,0.0,0.0,0.0,0.0,110.0,70.0,8.0,23.58680324,120.65,0.0,6,4.0,0.8903283665,0.0,0.0,0.0,0.0,0.0,0.0,0.0,8.0,7.0,0.0,8.3,0.0,1.0,5.0,0.0,0.0,0.0,16.203708871,0.71898999,0.5798437075,0.0,1.0,0.0,0.0
390,0.0,0.0,0.0,0.0,0.0,0.0,0.0,110.0,70.0,7.0,0.0,0.0,0.0,7,6.0,0.0,67.0,61.0,0.0,61.0,24.0,2.5,0.0,7.0,7.0,0.0,8.5,0.0,0.0,8.0,13.909,1.0,0.0,0.0,0.0,0.0,0.0,1.0,7.0,0.0
390,0.0,0.0,0.0,0.0,0.0,0.0,0.0,100.0,66.0,7.0,35.38020486,139.7,0.0,9,8.0,0.960989348,62.0,57.0,0.0,131.0,21.0,4.0,10.0,7.0,0.0,1.55,8.4,0.0,0.0,7.0,41.793,0.0,0.0,18.128736268,0.8101669660999999,0.8785117431,0.0,1.0,0.0,0.0
390,0.0,0.0,0.0,0.0,0.0,0.0,0.0,102.0,68.0,6.0,38.10175908,144.78,0.0,10,9.0,0.8923472517000001,0.0,0.0,0.0,0.0,0.0,4.0,11.0,6.0,0.0,0.0,8.3,0.0,0.0,8.0,51.353,0.0,0.0,18.177237515999998,0.7454392068000001,0.6602060874,0.0,1.0,0.0,0.0
390,0.0,0.0,0.0,0.0,0.0,0.0,0.0,0.0,0.0,6.0,0.0,0.0,0.0,12,10.0,0.0,116.0,71.0,195.0,40.0,19.0,3.0,11.0,6.0,0.0,1.39,8.4,0.0,0.0,7.0,67.452,0.0,0.0,0.0,0.0,0.0,0.0,1.0,0.0,0.0
