PtID,Pt_CGMUseNumDays,Pt_FatherT1D,Pt_MotherT1D,Pt_SiblingT1D,Pt_ChildT1D,Pt_GrandchildT1D,Pt_GrandparentT1D,BldPrSys,BldPrDia,SMBGperDayPtMeterCombo,WeightKg,HeightCm,DirectLDL,age,diabDur,TotalDailyInsPerKg,LDL,HDL,TotChol,Triglyc,BUN,AlbCreatRat_mggNew,UnitsInsBasalOrLongAct,BGTestAvgNumMeter,BGTestAvgNumPtRep,TSH,HbA1c,AutonomicNeuroCl,Pt_InsGov,NumPumpBolusOrShortAct,HbA1cImputeDtMnC,Pt_SHFlg,Pt_DKAFlg,bmi,bmiPerc,bmiZscore,GFR,diagAgeCombo,Pt_A1cGoalLev,Pt_A1cGoalLevelDsYr5
392,0.0,0.0,0.0,0.0,0.0,0.0,0.0,122.0,78.0,4.0,102.51187562,187.96,0.0,49,15.0,0.0,96.0,38.0,170.0,180.0,14.0,4.0,0.0,0.0,4.0,0.0,0.0,1.0,0.0,7.0,0.0,0.0,0.0,29.016385135,0.0,0.08862202460000002,0.0,34.0,0.0,0.0
392,0.0,0.0,0.0,0.0,0.0,0.0,0.0,118.0,72.0,0.0,106.14061458,187.96,0.0,50,16.0,0.0,0.0,0.0,0.0,0.0,13.0,0.0,0.0,0.0,0.0,0.0,0.0,1.0,0.0,0.0,0.0,0.0,0.0,30.043513811999997,0.0,0.1778227078,0.0,34.0,7.0,0.0
392,0.0,0.0,0.0,0.0,0.0,0.0,0.0,128.0,74.0,4.0,107.04779932,190.5,1.0,51,17.0,0.0,64.0,0.0,0.0,0.0,18.0,0.0,98.0,4.0,4.0,0.0,7.6,1.0,0.0,0.0,30.938000000000002,0.0,0.0,29.497674808000003,0.0,0.1055773994,0.0,34.0,0.0,0.0
392,0.0,0.0,0.0,0.0,0.0,0.0,0.0,140.0,70.0,6.0,110.22294591,190.5,0.0,52,18.0,1.2701529509,0.0,0.0,0.0,0.0,0.0,0.0,98.0,6.0,6.0,0.0,0.0,1.0,0.0,8.0,0.0,0.0,0.0,30.37260584,0.0,0.2213801578,0.0,34.0,0.0,0.0
392,0.0,0.0,0.0,0.0,0.0,0.0,0.0,130.0,62.0,5.0,107.95498406,160.02,0.0,53,19.0,0.0,0.0,0.0,0.0,0.0,0.0,0.0,100.0,5.0,5.0,0.0,7.4,1.0,0.0,0.0,54.174,0.0,0.0,42.159375146,0.0,1.7814350047,0.0,34.0,0.0,0.0
392,0.0,0.0,0.0,0.0,0.0,0.0,0.0,131.0,76.0,5.0,119.29479331,190.5,0.0,55,21.0,1.2993023057,0.0,0.0,0.0,0.0,0.0,0.0,98.0,5.0,5.0,1.16,8.1,1.0,0.0,5.0,67.32,0.0,0.0,32.87240879,0.0,0.5522451817,0.0,34.0,0.0,0.0
392,30.0,0.0,0.0,0.0,0.0,0.0,0.0,142.0,80.0,5.0,115.21246198,190.5,0.0,56,22.0,1.2498647935,0.0,0.0,0.0,0.0,0.0,0.0,98.0,5.0,5.0,0.0,0.0,1.0,0.0,3.0,0.0,0.0,0.0,31.747497463000002,0.0,0.40335592090000005,0.0,34.0,0.0,0.0
