PtID,Pt_CGMUseNumDays,Pt_FatherT1D,Pt_MotherT1D,Pt_SiblingT1D,Pt_ChildT1D,Pt_GrandchildT1D,Pt_GrandparentT1D,BldPrSys,BldPrDia,SMBGperDayPtMeterCombo,WeightKg,HeightCm,DirectLDL,age,diabDur,TotalDailyInsPerKg,LDL,HDL,TotChol,Triglyc,BUN,AlbCreatRat_mggNew,UnitsInsBasalOrLongAct,BGTestAvgNumMeter,BGTestAvgNumPtRep,TSH,HbA1c,AutonomicNeuroCl,Pt_InsGov,NumPumpBolusOrShortAct,HbA1cImputeDtMnC,Pt_SHFlg,Pt_DKAFlg,bmi,bmiPerc,bmiZscore,GFR,diagAgeCombo,Pt_A1cGoalLev,Pt_A1cGoalLevelDsYr5
3943,0.0,0.0,0.0,0.0,0.0,0.0,0.0,113.0,70.0,4.0,76.20351816,180.34,0.0,52,42.0,0.4330508721,116.0,80.0,0.0,41.0,13.0,25.0,0.0,4.0,4.0,0.0,7.2,0.0,0.0,15.0,0.365,0.0,0.0,23.431003646,0.0,-0.69738561,0.0,10.0,0.0,0.0
3943,0.0,0.0,0.0,0.0,0.0,0.0,0.0,118.0,75.0,4.0,0.0,0.0,0.0,53,43.0,0.0,114.0,72.0,186.0,49.0,15.0,0.0,0.0,0.0,4.0,0.0,6.8,0.0,0.0,0.0,11.519,0.0,0.0,0.0,0.0,0.0,0.0,10.0,0.0,0.0
3943,0.0,0.0,0.0,0.0,0.0,0.0,0.0,129.0,68.0,4.0,0.0,0.0,0.0,54,44.0,0.0,107.0,68.0,185.0,49.0,14.0,0.0,20.0,4.0,0.0,1.4,7.2,0.0,0.0,4.0,28.714000000000002,0.0,0.0,0.0,0.0,0.0,0.0,10.0,0.0,0.0
3943,0.0,0.0,0.0,0.0,0.0,0.0,0.0,128.0,64.0,4.0,0.0,0.0,0.0,56,46.0,0.0,88.0,80.0,180.0,60.0,19.0,0.0,16.0,4.0,0.0,0.0,7.1,0.0,0.0,5.0,46.838,0.0,0.0,0.0,0.0,0.0,0.0,10.0,0.0,0.0
3943,0.0,0.0,0.0,0.0,0.0,0.0,0.0,127.0,80.0,4.0,73.0,179.0,0.0,57,47.0,0.41095890409999997,97.0,94.0,203.0,59.0,0.0,0.0,16.0,4.0,4.0,0.0,7.1,0.0,0.0,5.0,58.988,0.0,0.0,22.783308885,0.0,-0.783112184,0.0,10.0,0.0,0.0
3943,0.0,0.0,0.0,0.0,0.0,0.0,0.0,156.0,78.0,3.0,74.0,179.0,0.0,58,48.0,0.4324324324,0.0,0.0,0.0,0.0,0.0,0.0,18.0,3.0,0.0,0.0,7.5,0.0,0.0,4.0,76.183,0.0,0.0,23.095409006999997,0.0,-0.741803722,0.0,10.0,0.0,0.0
