PtID,Pt_CGMUseNumDays,Pt_FatherT1D,Pt_MotherT1D,Pt_SiblingT1D,Pt_ChildT1D,Pt_GrandchildT1D,Pt_GrandparentT1D,BldPrSys,BldPrDia,SMBGperDayPtMeterCombo,WeightKg,HeightCm,DirectLDL,age,diabDur,TotalDailyInsPerKg,LDL,HDL,TotChol,Triglyc,BUN,AlbCreatRat_mggNew,UnitsInsBasalOrLongAct,BGTestAvgNumMeter,BGTestAvgNumPtRep,TSH,HbA1c,AutonomicNeuroCl,Pt_InsGov,NumPumpBolusOrShortAct,HbA1cImputeDtMnC,Pt_SHFlg,Pt_DKAFlg,bmi,bmiPerc,bmiZscore,GFR,diagAgeCombo,Pt_A1cGoalLev,Pt_A1cGoalLevelDsYr5
3980,0.0,0.0,0.0,0.0,0.0,0.0,0.0,110.0,72.0,11.0,0.0,0.0,1.0,40,25.0,0.0,127.0,0.0,0.0,0.0,10.0,9.9,0.0,0.0,11.0,0.0,6.7,0.0,0.0,6.0,0.0,0.0,0.0,0.0,0.0,0.0,0.0,15.0,0.0,0.0
3980,0.0,0.0,0.0,0.0,0.0,0.0,0.0,120.0,66.0,10.0,0.0,0.0,0.0,42,27.0,0.0,99.0,55.0,0.0,74.0,0.0,8.5,16.0,0.0,10.0,3.5,6.4,0.0,0.0,0.0,20.68,0.0,0.0,0.0,0.0,0.0,0.0,15.0,0.0,0.0
3980,0.0,0.0,0.0,0.0,0.0,0.0,0.0,106.0,70.0,0.0,0.0,0.0,1.0,43,28.0,0.0,98.0,53.0,0.0,46.0,0.0,0.0,15.0,0.0,0.0,3.35,6.8,0.0,0.0,0.0,34.257,0.0,0.0,0.0,0.0,0.0,0.0,15.0,0.0,0.0
3980,0.0,0.0,0.0,0.0,0.0,0.0,0.0,122.0,80.0,10.0,0.0,0.0,0.0,44,29.0,0.0,0.0,0.0,0.0,0.0,11.0,9.9,15.0,10.0,0.0,2.84,6.6,0.0,0.0,0.0,44.68,0.0,0.0,0.0,0.0,0.0,0.0,15.0,0.0,0.0
3980,0.0,0.0,0.0,0.0,0.0,0.0,0.0,124.0,66.0,8.0,76.65711053,185.42,1.0,45,30.0,0.4174433367,107.0,0.0,0.0,0.0,0.0,8.1,15.0,8.0,10.0,1.92,6.7,0.0,0.0,0.0,54.805,0.0,0.0,22.296633319,0.0,-0.87752394,0.0,15.0,0.0,0.0
3980,0.0,0.0,0.0,0.0,0.0,0.0,0.0,122.0,70.0,10.0,83.00740371,185.42,1.0,46,31.0,0.0,141.0,0.0,0.0,0.0,0.0,0.0,15.0,0.0,10.0,2.22,6.0,0.0,0.0,0.0,67.884,0.0,0.0,24.143691700999998,0.0,-0.61195937,0.0,15.0,0.0,0.0
