PtID,Pt_CGMUseNumDays,Pt_FatherT1D,Pt_MotherT1D,Pt_SiblingT1D,Pt_ChildT1D,Pt_GrandchildT1D,Pt_GrandparentT1D,BldPrSys,BldPrDia,SMBGperDayPtMeterCombo,WeightKg,HeightCm,DirectLDL,age,diabDur,TotalDailyInsPerKg,LDL,HDL,TotChol,Triglyc,BUN,AlbCreatRat_mggNew,UnitsInsBasalOrLongAct,BGTestAvgNumMeter,BGTestAvgNumPtRep,TSH,HbA1c,AutonomicNeuroCl,Pt_InsGov,NumPumpBolusOrShortAct,HbA1cImputeDtMnC,Pt_SHFlg,Pt_DKAFlg,bmi,bmiPerc,bmiZscore,GFR,diagAgeCombo,Pt_A1cGoalLev,Pt_A1cGoalLevelDsYr5
404,0.0,0.0,0.0,0.0,0.0,0.0,1.0,120.0,86.0,4.0,64.7,167.6,0.0,26,9.0,0.0309119011,120.0,77.0,214.0,86.0,14.0,2.0,0.0,0.0,4.0,0.0,9.7,0.0,0.0,0.0,0.797,0.0,0.0,23.033304663000003,0.0,-0.7035134679999999,0.0,17.0,0.0,0.0
404,0.0,0.0,0.0,0.0,0.0,0.0,0.0,137.0,93.0,3.0,65.31730128,172.72,0.0,27,10.0,1.056381673,122.0,83.0,224.0,94.0,15.0,3.0,25.0,0.0,3.0,0.0,9.0,0.0,0.0,3.0,12.913,0.0,0.0,21.894900404,0.0,-0.928058223,0.0,17.0,0.0,0.0
404,0.0,0.0,0.0,0.0,0.0,0.0,0.0,117.0,68.0,3.0,63.5029318,172.72,0.0,28,11.0,0.0,0.0,0.0,0.0,0.0,15.0,6.0,15.0,3.0,0.0,0.0,0.0,0.0,0.0,0.0,0.0,0.0,0.0,21.286708726,0.0,-1.048021101,0.0,17.0,0.0,0.0
404,0.0,0.0,0.0,0.0,0.0,0.0,0.0,138.0,74.0,3.0,121.10916279,185.42,0.0,29,12.0,0.6192760174,81.0,85.0,187.0,103.0,11.0,6.0,15.0,3.0,0.0,0.0,8.4,0.0,0.0,5.0,37.411,0.0,0.0,35.22604199,0.0,1.7014452163,0.0,17.0,0.0,0.0
404,0.0,0.0,0.0,0.0,0.0,0.0,0.0,146.0,68.0,3.0,60.78137758,167.6,0.0,30,13.0,0.0,94.0,70.0,193.0,146.0,15.0,0.0,13.0,3.0,0.0,0.93,8.7,0.0,0.0,0.0,51.12,0.0,0.0,21.638268743,0.0,-0.849701189,0.0,17.0,0.0,0.0
404,0.0,0.0,0.0,0.0,0.0,0.0,0.0,121.0,71.0,3.0,63.5029318,167.6,0.0,31,14.0,0.0,0.0,0.0,0.0,0.0,15.0,0.0,12.0,3.0,0.0,0.0,9.5,0.0,0.0,0.0,60.979,0.0,0.0,22.607146448,0.0,-0.709255218,0.0,17.0,0.0,0.0
404,0.0,0.0,0.0,0.0,0.0,0.0,0.0,116.0,61.0,3.0,64.41011654,167.64,0.0,31,14.0,0.0,0.0,0.0,0.0,0.0,0.0,0.0,12.0,3.0,4.0,0.0,9.0,0.0,0.0,0.0,65.062,1.0,0.0,22.919164442,0.0,-0.6640259079999999,0.0,17.0,0.0,0.0
