PtID,Pt_CGMUseNumDays,Pt_FatherT1D,Pt_MotherT1D,Pt_SiblingT1D,Pt_ChildT1D,Pt_GrandchildT1D,Pt_GrandparentT1D,BldPrSys,BldPrDia,SMBGperDayPtMeterCombo,WeightKg,HeightCm,DirectLDL,age,diabDur,TotalDailyInsPerKg,LDL,HDL,TotChol,Triglyc,BUN,AlbCreatRat_mggNew,UnitsInsBasalOrLongAct,BGTestAvgNumMeter,BGTestAvgNumPtRep,TSH,HbA1c,AutonomicNeuroCl,Pt_InsGov,NumPumpBolusOrShortAct,HbA1cImputeDtMnC,Pt_SHFlg,Pt_DKAFlg,bmi,bmiPerc,bmiZscore,GFR,diagAgeCombo,Pt_A1cGoalLev,Pt_A1cGoalLevelDsYr5
4085,0.0,0.0,0.0,0.0,0.0,0.0,0.0,145.0,82.0,5.0,96.2,187.3,0.0,20,3.0,0.2494802495,81.0,42.0,0.0,166.0,14.0,5.0,0.0,0.0,5.0,0.0,6.4,0.0,1.0,0.0,-0.266,0.0,0.0,27.422024675,0.8681906736,0.162140406,0.0,17.0,0.0,0.0
4085,0.0,0.0,0.0,0.0,0.0,0.0,0.0,108.0,76.0,7.0,89.8,187.3,0.0,22,5.0,0.0,112.0,64.0,0.0,88.0,14.0,0.0,0.0,7.0,8.0,1.2,6.9,0.0,0.0,0.0,22.739,0.0,0.0,25.597690393,0.0,-0.19770074,0.0,17.0,0.0,0.0
4085,0.0,0.0,0.0,0.0,0.0,0.0,0.0,132.0,62.0,6.0,99.5,187.5,1.0,23,6.0,0.0,124.0,0.0,0.0,0.0,0.0,0.0,0.0,6.0,0.0,1.72,7.1,0.0,0.0,0.0,35.353,0.0,0.0,28.302222221999997,0.0,0.33575513090000003,0.0,17.0,0.0,0.0
4085,0.0,0.0,0.0,0.0,0.0,0.0,0.0,96.0,66.0,6.0,92.1,187.0,0.0,24,6.0,0.0,0.0,0.0,0.0,0.0,0.0,0.0,25.0,6.0,0.0,0.0,6.6,0.0,0.0,0.0,44.548,0.0,0.0,26.337613315,0.0,-0.051754509000000004,0.0,17.0,0.0,0.0
4085,0.0,0.0,0.0,0.0,0.0,0.0,0.0,110.0,64.0,7.0,94.8,186.0,0.0,25,7.0,0.0,46.0,57.0,126.0,117.0,17.0,0.0,28.0,7.0,11.0,1.32,6.5,0.0,0.0,3.0,56.863,0.0,0.0,27.402011793000003,0.0,0.15819296160000001,90.1,17.0,0.0,0.0
4085,0.0,0.0,0.0,0.0,0.0,0.0,0.0,130.0,56.0,7.0,97.9,187.9,1.0,25,8.0,0.0,103.0,0.0,0.0,0.0,12.0,0.0,28.0,7.0,11.0,2.52,0.0,0.0,0.0,3.0,0.0,0.0,0.0,27.728675898000002,0.0,0.2226258821,90.1,17.0,0.0,0.0
4085,0.0,0.0,0.0,0.0,0.0,0.0,0.0,124.0,68.0,7.0,97.2,188.0,0.0,27,9.0,0.0,0.0,0.0,0.0,0.0,0.0,14.0,25.0,7.0,11.0,0.0,7.2,0.0,0.0,0.0,79.03699999999999,0.0,0.0,27.501131734,0.0,0.17774389219999998,90.1,17.0,0.0,0.0
