PtID,Pt_CGMUseNumDays,Pt_FatherT1D,Pt_MotherT1D,Pt_SiblingT1D,Pt_ChildT1D,Pt_GrandchildT1D,Pt_GrandparentT1D,BldPrSys,BldPrDia,SMBGperDayPtMeterCombo,WeightKg,HeightCm,DirectLDL,age,diabDur,TotalDailyInsPerKg,LDL,HDL,TotChol,Triglyc,BUN,AlbCreatRat_mggNew,UnitsInsBasalOrLongAct,BGTestAvgNumMeter,BGTestAvgNumPtRep,TSH,HbA1c,AutonomicNeuroCl,Pt_InsGov,NumPumpBolusOrShortAct,HbA1cImputeDtMnC,Pt_SHFlg,Pt_DKAFlg,bmi,bmiPerc,bmiZscore,GFR,diagAgeCombo,Pt_A1cGoalLev,Pt_A1cGoalLevelDsYr5
4121,0.0,0.0,0.0,0.0,0.0,0.0,0.0,138.0,85.0,5.0,97.3,168.4,0.0,18,3.0,0.0,0.0,0.0,0.0,0.0,5.0,0.0,0.0,0.0,5.0,0.0,6.7,0.0,0.0,4.0,0.0,0.0,0.0,34.310627902,0.9755901795,1.9701634503,0.0,14.0,0.0,0.0
4121,0.0,0.0,0.0,0.0,0.0,0.0,0.0,154.0,71.0,10.0,101.9,168.8,0.0,18,4.0,0.9028459273999999,74.0,94.0,192.0,118.0,0.0,0.0,0.0,0.0,10.0,0.0,7.3,0.0,0.0,4.0,3.286,0.0,0.0,35.762617641,0.9802742059999999,2.0594454241999998,0.0,14.0,5.6,0.0
4121,0.0,0.0,0.0,0.0,0.0,0.0,0.0,116.0,82.0,3.0,108.3,169.4,0.0,20,6.0,0.9048938135,88.0,59.0,165.0,91.0,0.0,1.5,33.0,3.0,3.0,1.58,7.3,0.0,0.0,3.0,30.041,0.0,0.0,37.739978171,0.9787089368999999,1.4751275815,0.0,14.0,0.0,0.0
4121,0.0,0.0,0.0,0.0,0.0,0.0,0.0,148.0,86.0,3.0,104.3,169.3,0.0,21,7.0,0.8149568551999999,128.0,61.0,215.0,129.0,0.0,2.2,40.0,3.0,2.0,4.07,6.7,0.0,0.0,3.0,44.68,0.0,0.0,36.389022726,0.0,1.2929671048,0.0,14.0,0.0,0.0
4121,0.0,0.0,0.0,0.0,0.0,0.0,0.0,0.0,0.0,3.0,0.0,0.0,0.0,22,8.0,0.0,124.0,0.0,0.0,0.0,0.0,4.2,0.0,3.0,4.0,5.1,6.7,0.0,0.0,0.0,58.821999999999996,0.0,0.0,0.0,0.0,0.0,0.0,14.0,0.0,0.0
4121,0.0,0.0,0.0,0.0,0.0,0.0,0.0,150.0,96.0,2.0,0.0,0.0,0.0,23,9.0,0.0,111.0,0.0,0.0,0.0,12.0,4.2,33.6,0.0,2.0,3.15,7.2,0.0,0.0,0.0,70.44,0.0,0.0,0.0,0.0,0.0,0.0,14.0,0.0,0.0
