PtID,Pt_CGMUseNumDays,Pt_FatherT1D,Pt_MotherT1D,Pt_SiblingT1D,Pt_ChildT1D,Pt_GrandchildT1D,Pt_GrandparentT1D,BldPrSys,BldPrDia,SMBGperDayPtMeterCombo,WeightKg,HeightCm,DirectLDL,age,diabDur,TotalDailyInsPerKg,LDL,HDL,TotChol,Triglyc,BUN,AlbCreatRat_mggNew,UnitsInsBasalOrLongAct,BGTestAvgNumMeter,BGTestAvgNumPtRep,TSH,HbA1c,AutonomicNeuroCl,Pt_InsGov,NumPumpBolusOrShortAct,HbA1cImputeDtMnC,Pt_SHFlg,Pt_DKAFlg,bmi,bmiPerc,bmiZscore,GFR,diagAgeCombo,Pt_A1cGoalLev,Pt_A1cGoalLevelDsYr5
4141,0.0,0.0,0.0,0.0,0.0,0.0,0.0,118.0,76.0,5.0,73.890197073,152.4,0.0,38,21.0,0.7714149137,92.0,51.0,158.0,74.0,13.0,2.0,0.0,5.0,6.0,0.0,9.1,0.0,0.0,3.0,-1.0290000000000001,0.0,0.0,31.813898479000002,0.0,0.4489189157,0.0,16.0,0.0,0.0
4141,0.0,0.0,0.0,0.0,0.0,0.0,0.0,124.0,72.0,4.0,74.84274105,149.86,0.0,39,22.0,0.8818490487,104.0,49.0,167.0,71.0,15.0,2.0,0.0,0.0,4.0,0.0,7.8,0.0,0.0,0.0,14.174000000000001,0.0,0.0,33.325619259,0.0,0.6223112653,0.0,16.0,6.5,0.0
4141,0.0,0.0,0.0,0.0,0.0,0.0,0.0,130.0,84.0,4.0,75.8,151.1,0.0,40,23.0,0.9234828495999999,86.0,53.0,0.0,83.0,13.0,4.0,33.0,4.0,0.0,1.2,7.5,0.0,0.0,0.0,24.796999999999997,0.0,0.0,33.200167665,0.0,0.4109914514,0.0,16.0,0.0,0.0
4141,0.0,0.0,0.0,0.0,0.0,0.0,0.0,122.0,74.0,0.0,75.1,151.1,0.0,41,25.0,0.9320905459000001,153.0,49.0,0.0,130.0,17.0,4.0,32.0,0.0,0.0,0.0,7.8,0.0,0.0,0.0,39.701,0.0,0.0,32.893569811,0.0,0.38359916780000003,0.0,16.0,0.0,0.0
4141,0.0,0.0,0.0,0.0,0.0,0.0,0.0,124.0,64.0,5.0,76.20351816,149.86,0.0,42,26.0,0.9185927590999999,106.0,46.0,0.0,73.0,0.0,10.0,0.0,0.0,5.0,0.0,8.9,0.0,0.0,0.0,52.083,0.0,0.0,33.931539609,0.0,0.47633420369999996,0.0,16.0,0.0,0.0
4141,0.0,0.0,0.0,0.0,0.0,0.0,0.0,124.0,74.0,3.0,0.0,0.0,0.0,43,26.0,0.0,117.0,54.0,190.0,94.0,0.0,10.0,0.0,3.0,5.0,1.64,8.0,0.0,0.0,0.0,63.635,0.0,0.0,0.0,0.0,0.0,0.0,16.0,0.0,0.0
4141,0.0,0.0,0.0,0.0,0.0,0.0,0.0,131.0,77.0,4.0,0.0,0.0,0.0,44,27.0,0.0,0.0,0.0,0.0,0.0,13.0,0.0,0.0,4.0,0.0,1.99,7.5,0.0,0.0,4.0,75.22,0.0,0.0,0.0,0.0,0.0,85.0,16.0,0.0,0.0
