PtID,Pt_CGMUseNumDays,Pt_FatherT1D,Pt_MotherT1D,Pt_SiblingT1D,Pt_ChildT1D,Pt_GrandchildT1D,Pt_GrandparentT1D,BldPrSys,BldPrDia,SMBGperDayPtMeterCombo,WeightKg,HeightCm,DirectLDL,age,diabDur,TotalDailyInsPerKg,LDL,HDL,TotChol,Triglyc,BUN,AlbCreatRat_mggNew,UnitsInsBasalOrLongAct,BGTestAvgNumMeter,BGTestAvgNumPtRep,TSH,HbA1c,AutonomicNeuroCl,Pt_InsGov,NumPumpBolusOrShortAct,HbA1cImputeDtMnC,Pt_SHFlg,Pt_DKAFlg,bmi,bmiPerc,bmiZscore,GFR,diagAgeCombo,Pt_A1cGoalLev,Pt_A1cGoalLevelDsYr5
4165,0.0,0.0,0.0,0.0,0.0,0.0,0.0,111.0,72.0,5.0,58.7,167.2,0.0,14,12.0,0.8858603065999999,92.0,78.0,0.0,74.0,10.0,6.4,0.0,5.0,8.0,0.0,9.1,0.0,0.0,4.0,0.0,0.0,0.0,20.997401615999998,0.7331323651999999,0.6223142245000001,0.0,2.0,0.0,0.0
4165,0.0,0.0,0.0,0.0,0.0,0.0,0.0,111.0,67.0,4.0,64.1,170.8,0.0,15,13.0,0.9048361934,85.0,82.0,0.0,142.0,0.0,16.4,0.0,4.0,6.0,0.0,9.3,0.0,0.0,0.0,12.845999999999998,0.0,0.0,21.97264286,0.7524735532,0.6822942731999999,0.0,2.0,7.5,0.0
4165,0.0,0.0,0.0,0.0,0.0,0.0,0.0,0.0,0.0,4.0,71.4,172.3,0.0,16,14.0,0.7843137255,0.0,0.0,0.0,0.0,0.0,26.4,27.0,4.0,0.0,0.0,9.0,0.0,0.0,4.0,27.419,0.0,0.0,24.050696443000003,0.8432107311,1.0077415808,0.0,2.0,0.0,0.0
4165,0.0,0.0,0.0,0.0,0.0,0.0,0.0,125.0,75.0,3.0,75.7,173.0,0.0,17,15.0,0.8982826948,109.0,73.0,214.0,161.0,0.0,26.4,27.0,3.0,0.0,1.57,8.9,0.0,0.0,4.0,37.743,0.0,0.0,25.293193891999998,0.8682672373999999,1.1182376103,0.0,2.0,0.0,0.0
