PtID,Pt_CGMUseNumDays,Pt_FatherT1D,Pt_MotherT1D,Pt_SiblingT1D,Pt_ChildT1D,Pt_GrandchildT1D,Pt_GrandparentT1D,BldPrSys,BldPrDia,SMBGperDayPtMeterCombo,WeightKg,HeightCm,DirectLDL,age,diabDur,TotalDailyInsPerKg,LDL,HDL,TotChol,Triglyc,BUN,AlbCreatRat_mggNew,UnitsInsBasalOrLongAct,BGTestAvgNumMeter,BGTestAvgNumPtRep,TSH,HbA1c,AutonomicNeuroCl,Pt_InsGov,NumPumpBolusOrShortAct,HbA1cImputeDtMnC,Pt_SHFlg,Pt_DKAFlg,bmi,bmiPerc,bmiZscore,GFR,diagAgeCombo,Pt_A1cGoalLev,Pt_A1cGoalLevelDsYr5
4166,0.0,0.0,1.0,0.0,0.0,0.0,0.0,108.0,74.0,1.0,60.9,166.4,0.0,18,15.0,0.6732348112000001,86.0,51.0,0.0,68.0,19.0,5.6,0.0,1.0,2.0,0.0,8.8,0.0,1.0,6.0,0.0,1.0,1.0,21.994325535999998,0.5170717643,0.042805635700000004,0.0,3.0,0.0,0.0
4166,0.0,0.0,1.0,0.0,0.0,0.0,0.0,105.0,57.0,1.0,62.8,166.0,0.0,19,16.0,0.0,71.0,51.0,0.0,86.0,10.0,0.0,0.0,1.0,2.0,0.0,9.1,0.0,1.0,0.0,16.232,0.0,0.0,22.789955001,0.5410740729,0.10314000599999999,0.0,3.0,7.5,0.0
4166,0.0,0.0,0.0,0.0,0.0,0.0,0.0,112.0,73.0,3.0,65.4,165.6,0.0,20,17.0,0.6880733945,61.0,55.0,0.0,67.0,13.0,4.4,28.0,0.0,3.0,2.29,0.0,0.0,0.0,0.0,0.0,0.0,0.0,23.848281173,0.6029353438,-0.542763279,0.0,3.0,0.0,0.0
4166,0.0,0.0,0.0,0.0,0.0,0.0,0.0,0.0,0.0,0.0,0.0,0.0,0.0,21,18.0,0.0,103.0,57.0,174.0,70.0,10.0,4.4,0.0,0.0,0.0,3.04,7.5,0.0,0.0,0.0,40.73,0.0,0.0,0.0,0.0,0.0,90.1,3.0,0.0,0.0
4166,0.0,0.0,0.0,0.0,0.0,0.0,0.0,120.0,80.0,2.0,67.2,165.5,0.0,22,19.0,0.5654761905,81.0,50.0,144.0,65.0,13.0,8.0,26.0,2.0,2.0,3.03,8.6,0.0,0.0,5.0,52.349,0.0,0.0,24.534277708,0.0,-0.407453768,90.1,3.0,0.0,0.0
4166,0.0,0.0,0.0,0.0,0.0,0.0,0.0,118.0,68.0,2.0,68.0,165.0,0.0,23,20.0,0.5147058824,101.0,51.0,168.0,79.0,8.0,3.2,24.0,2.0,5.0,4.75,9.2,0.0,1.0,5.0,66.622,0.0,0.0,24.977043159,0.0,-0.320120416,90.1,3.0,0.0,0.0
