PtID,Pt_CGMUseNumDays,Pt_FatherT1D,Pt_MotherT1D,Pt_SiblingT1D,Pt_ChildT1D,Pt_GrandchildT1D,Pt_GrandparentT1D,BldPrSys,BldPrDia,SMBGperDayPtMeterCombo,WeightKg,HeightCm,DirectLDL,age,diabDur,TotalDailyInsPerKg,LDL,HDL,TotChol,Triglyc,BUN,AlbCreatRat_mggNew,UnitsInsBasalOrLongAct,BGTestAvgNumMeter,BGTestAvgNumPtRep,TSH,HbA1c,AutonomicNeuroCl,Pt_InsGov,NumPumpBolusOrShortAct,HbA1cImputeDtMnC,Pt_SHFlg,Pt_DKAFlg,bmi,bmiPerc,bmiZscore,GFR,diagAgeCombo,Pt_A1cGoalLev,Pt_A1cGoalLevelDsYr5
4173,0.0,0.0,0.0,0.0,0.0,0.0,0.0,138.0,63.0,6.0,50.1,148.5,1.0,12,0.0,0.2395209581,88.0,49.0,149.0,60.0,0.0,0.5,0.0,0.0,6.0,0.0,6.9,0.0,0.0,0.0,-0.39799999999999996,0.0,0.0,22.718770194,0.8927158753,1.2411015168000001,0.0,11.0,0.0,0.0
4173,0.0,0.0,0.0,0.0,0.0,0.0,0.0,109.0,59.0,8.0,51.6,154.1,0.0,12,1.0,0.3875968992,0.0,0.0,0.0,0.0,0.0,5.0,0.0,0.0,8.0,0.0,8.2,0.0,0.0,0.0,8.697000000000001,0.0,0.0,21.729234369,0.8511243131999999,1.041267591,0.0,11.0,6.6,0.0
4173,0.0,0.0,0.0,0.0,0.0,0.0,0.0,113.0,66.0,0.0,60.5,160.3,0.0,14,3.0,0.0,0.0,0.0,0.0,0.0,0.0,0.0,17.0,0.0,0.0,0.0,8.0,0.0,0.0,0.0,28.846,0.0,0.0,23.544438084,0.8600377565,1.0804889901,0.0,11.0,0.0,0.0
4173,0.0,0.0,0.0,0.0,0.0,0.0,0.0,102.0,61.0,0.0,63.5,161.3,1.0,15,4.0,0.0,80.0,47.0,138.0,57.0,0.0,0.0,19.0,0.0,0.0,0.8190000000000001,8.4,0.0,0.0,0.0,43.021,0.0,0.0,24.406471136,0.8660993693000001,1.1081402243,0.0,11.0,0.0,0.0
4173,0.0,0.0,0.0,0.0,0.0,0.0,0.0,118.0,69.0,3.0,73.9,162.1,0.0,16,5.0,0.0,0.0,0.0,0.0,0.0,0.0,0.0,23.0,3.0,0.0,0.0,8.3,0.0,0.0,0.0,56.465,0.0,0.0,28.124085444000002,0.9402713828,1.5570558145,0.0,11.0,0.0,0.0
4173,0.0,0.0,0.0,0.0,0.0,0.0,0.0,121.0,80.0,3.0,74.8,161.7,0.0,17,6.0,0.0,75.0,50.0,135.0,48.0,0.0,10.0,0.0,3.0,4.0,3.122,6.9,0.0,0.0,0.0,65.527,0.0,0.0,28.607608783000003,0.9374274477,1.5335308781,0.0,11.0,0.0,0.0
