PtID,Pt_CGMUseNumDays,Pt_FatherT1D,Pt_MotherT1D,Pt_SiblingT1D,Pt_ChildT1D,Pt_GrandchildT1D,Pt_GrandparentT1D,BldPrSys,BldPrDia,SMBGperDayPtMeterCombo,WeightKg,HeightCm,DirectLDL,age,diabDur,TotalDailyInsPerKg,LDL,HDL,TotChol,Triglyc,BUN,AlbCreatRat_mggNew,UnitsInsBasalOrLongAct,BGTestAvgNumMeter,BGTestAvgNumPtRep,TSH,HbA1c,AutonomicNeuroCl,Pt_InsGov,NumPumpBolusOrShortAct,HbA1cImputeDtMnC,Pt_SHFlg,Pt_DKAFlg,bmi,bmiPerc,bmiZscore,GFR,diagAgeCombo,Pt_A1cGoalLev,Pt_A1cGoalLevelDsYr5
4175,0.0,0.0,0.0,0.0,0.0,0.0,0.0,113.0,66.0,0.0,65.31730128,167.64,0.0,33,30.0,0.6123951727,45.0,48.0,108.0,76.0,10.0,18.4,0.0,0.0,0.0,0.0,7.6,0.0,0.0,0.0,0.963,0.0,0.0,23.241969575,0.0,-0.5342698539999999,0.0,3.0,0.0,0.0
4175,0.0,0.0,0.0,0.0,0.0,0.0,0.0,138.0,82.0,1.0,65.090505095,165.1,0.0,34,31.0,0.6145289538,26.0,58.0,0.0,51.0,0.0,18.6,0.0,0.0,1.0,0.0,7.9,0.0,0.0,0.0,21.61,0.0,0.0,23.879404658000002,0.0,-0.46115690299999995,0.0,3.0,0.0,0.0
4175,0.0,0.0,0.0,0.0,0.0,0.0,0.0,153.0,86.0,0.0,63.95652417,165.1,0.0,36,33.0,0.2814411858,0.0,0.0,0.0,0.0,0.0,52.3,0.0,0.0,0.0,0.0,0.0,0.0,0.0,0.0,0.0,0.0,0.0,23.463387155,0.0,-0.508873554,0.0,3.0,0.0,0.0
4175,0.0,0.0,0.0,0.0,0.0,0.0,0.0,149.0,87.0,0.0,64.86370891,165.1,0.0,37,34.0,0.5087590665999999,0.0,0.0,0.0,0.0,0.0,13.8,0.0,0.0,0.0,0.0,0.0,0.0,0.0,0.0,0.0,0.0,0.0,23.796201157,0.0,-0.47070023299999997,0.0,3.0,0.0,0.0
4175,0.0,0.0,0.0,0.0,0.0,0.0,0.0,136.0,78.0,1.0,0.0,0.0,0.0,38,35.0,0.0,0.0,0.0,0.0,0.0,13.0,13.8,20.0,0.0,1.0,1.3,7.3,0.0,0.0,0.0,58.855,0.0,0.0,0.0,0.0,0.0,0.0,3.0,0.0,0.0
4175,1.0,0.0,0.0,0.0,0.0,0.0,0.0,120.0,63.0,1.0,0.0,0.0,0.0,38,35.0,0.0,0.0,0.0,0.0,0.0,0.0,13.8,0.0,0.0,1.0,0.0,0.0,0.0,0.0,0.0,0.0,1.0,0.0,0.0,0.0,0.0,0.0,3.0,0.0,0.0
4175,0.0,0.0,0.0,0.0,0.0,0.0,0.0,138.0,61.0,0.0,68.94604024,165.1,1.0,40,37.0,0.0,37.0,0.0,0.0,0.0,13.0,13.8,0.0,0.0,0.0,0.0,7.2,0.0,0.0,0.0,84.647,0.0,0.0,25.293864167,0.0,-0.295379139,0.0,3.0,0.0,0.0
