PtID,Pt_CGMUseNumDays,Pt_FatherT1D,Pt_MotherT1D,Pt_SiblingT1D,Pt_ChildT1D,Pt_GrandchildT1D,Pt_GrandparentT1D,BldPrSys,BldPrDia,SMBGperDayPtMeterCombo,WeightKg,HeightCm,DirectLDL,age,diabDur,TotalDailyInsPerKg,LDL,HDL,TotChol,Triglyc,BUN,AlbCreatRat_mggNew,UnitsInsBasalOrLongAct,BGTestAvgNumMeter,BGTestAvgNumPtRep,TSH,HbA1c,AutonomicNeuroCl,Pt_InsGov,NumPumpBolusOrShortAct,HbA1cImputeDtMnC,Pt_SHFlg,Pt_DKAFlg,bmi,bmiPerc,bmiZscore,GFR,diagAgeCombo,Pt_A1cGoalLev,Pt_A1cGoalLevelDsYr5
4195,0.0,0.0,0.0,0.0,0.0,0.0,0.0,0.0,0.0,8.0,0.0,0.0,0.0,13,9.0,0.0,94.0,81.0,0.0,70.0,8.0,18.0,0.0,0.0,8.0,0.0,11.4,0.0,1.0,0.0,-2.9539999999999997,0.0,1.0,0.0,0.0,0.0,0.0,4.0,0.0,0.0
4195,0.0,0.0,0.0,0.0,0.0,0.0,1.0,125.0,67.0,5.0,67.5,166.7,0.0,14,10.0,0.0,113.0,84.0,0.0,33.0,15.0,7.1,0.0,0.0,5.0,0.0,9.4,0.0,1.0,0.0,15.203,0.0,0.0,24.290282915,0.9145454184,1.3692883339,0.0,4.0,7.0,0.0
4195,0.0,0.0,0.0,0.0,0.0,0.0,0.0,0.0,0.0,3.0,77.1107029,167.64,0.0,16,12.0,0.0,115.0,68.0,0.0,71.0,20.0,0.0,0.0,3.0,0.0,0.96,10.6,0.0,0.0,0.0,33.826,0.0,0.0,27.438436304,0.9485028117000001,1.6305070496,0.0,4.0,0.0,0.0
4195,0.0,0.0,0.0,0.0,0.0,0.0,0.0,100.0,60.0,4.0,79.37866475,167.64,0.0,17,13.0,0.0,82.0,73.0,0.0,101.0,18.0,1.9,0.0,4.0,0.0,1.45,10.0,0.0,0.0,0.0,48.332,0.0,0.0,28.245449135999998,0.9502723873000001,1.6475004423,0.0,4.0,0.0,0.0
4195,0.0,0.0,0.0,0.0,0.0,0.0,0.0,124.0,83.0,3.0,74.3,169.0,0.0,18,14.0,0.0,0.0,0.0,0.0,0.0,0.0,4.8,40.0,0.0,3.0,0.0,10.7,0.0,0.0,2.0,63.668,1.0,0.0,26.014495291,0.8685532701,1.1195784107,0.0,4.0,0.0,0.0
4195,0.0,0.0,0.0,0.0,0.0,0.0,0.0,113.0,61.0,5.0,75.8,168.3,0.0,20,15.0,0.0,103.0,57.0,172.0,74.0,15.0,4.8,10.0,5.0,5.0,0.33,9.7,0.0,0.0,0.0,78.77199999999999,0.0,0.0,26.760915929,0.8373304145,0.0317398917,143.0,4.0,0.0,0.0
