PtID,Pt_CGMUseNumDays,Pt_FatherT1D,Pt_MotherT1D,Pt_SiblingT1D,Pt_ChildT1D,Pt_GrandchildT1D,Pt_GrandparentT1D,BldPrSys,BldPrDia,SMBGperDayPtMeterCombo,WeightKg,HeightCm,DirectLDL,age,diabDur,TotalDailyInsPerKg,LDL,HDL,TotChol,Triglyc,BUN,AlbCreatRat_mggNew,UnitsInsBasalOrLongAct,BGTestAvgNumMeter,BGTestAvgNumPtRep,TSH,HbA1c,AutonomicNeuroCl,Pt_InsGov,NumPumpBolusOrShortAct,HbA1cImputeDtMnC,Pt_SHFlg,Pt_DKAFlg,bmi,bmiPerc,bmiZscore,GFR,diagAgeCombo,Pt_A1cGoalLev,Pt_A1cGoalLevelDsYr5
420,0.0,0.0,0.0,0.0,0.0,0.0,0.0,110.0,68.0,9.0,0.0,0.0,0.0,54,30.0,0.0,75.0,70.0,152.0,33.0,0.0,6.9,0.0,9.0,10.0,0.0,7.0,0.0,0.0,0.0,-13.079,0.0,0.0,0.0,0.0,0.0,0.0,24.0,0.0,0.0
420,0.0,0.0,0.0,0.0,0.0,0.0,0.0,124.0,62.0,8.0,0.0,0.0,0.0,56,32.0,0.0,84.0,89.0,179.0,28.0,16.0,6.7,0.0,8.0,9.0,0.0,7.4,0.0,0.0,0.0,22.307,0.0,0.0,0.0,0.0,0.0,0.0,24.0,6.5,0.0
420,0.0,0.0,0.0,0.0,0.0,0.0,0.0,118.0,66.0,8.0,0.0,0.0,0.0,57,33.0,0.0,78.0,79.0,162.0,23.0,13.0,3.8,15.0,8.0,0.0,0.0,6.5,0.0,0.0,0.0,35.419000000000004,0.0,0.0,0.0,0.0,0.0,0.0,24.0,0.0,0.0
420,0.0,0.0,0.0,0.0,0.0,0.0,0.0,121.0,64.0,7.0,63.5029318,167.6,0.0,58,34.0,0.0,91.0,80.0,0.0,24.0,13.0,3.8,15.0,7.0,0.0,0.0,6.5,0.0,0.0,0.0,49.958999999999996,0.0,0.0,22.607146448,0.0,-0.6779843940000001,0.0,24.0,0.0,0.0
420,0.0,0.0,0.0,0.0,0.0,0.0,0.0,128.0,62.0,7.0,0.0,0.0,0.0,59,35.0,0.0,61.0,76.0,145.0,41.0,17.0,10.9,0.0,7.0,0.0,0.0,6.5,0.0,0.0,0.0,62.041000000000004,0.0,0.0,0.0,0.0,0.0,0.0,24.0,0.0,0.0
420,0.0,0.0,0.0,0.0,0.0,0.0,0.0,140.0,68.0,7.0,0.0,0.0,0.0,60,36.0,0.0,70.0,74.0,156.0,59.0,16.0,11.9,0.0,0.0,7.0,0.0,0.0,0.0,0.0,0.0,0.0,0.0,0.0,0.0,0.0,0.0,0.0,24.0,0.0,0.0
