PtID,Pt_CGMUseNumDays,Pt_FatherT1D,Pt_MotherT1D,Pt_SiblingT1D,Pt_ChildT1D,Pt_GrandchildT1D,Pt_GrandparentT1D,BldPrSys,BldPrDia,SMBGperDayPtMeterCombo,WeightKg,HeightCm,DirectLDL,age,diabDur,TotalDailyInsPerKg,LDL,HDL,TotChol,Triglyc,BUN,AlbCreatRat_mggNew,UnitsInsBasalOrLongAct,BGTestAvgNumMeter,BGTestAvgNumPtRep,TSH,HbA1c,AutonomicNeuroCl,Pt_InsGov,NumPumpBolusOrShortAct,HbA1cImputeDtMnC,Pt_SHFlg,Pt_DKAFlg,bmi,bmiPerc,bmiZscore,GFR,diagAgeCombo,Pt_A1cGoalLev,Pt_A1cGoalLevelDsYr5
4247,0.0,0.0,0.0,0.0,0.0,0.0,0.0,128.0,86.0,5.0,0.0,0.0,0.0,39,10.0,0.0,121.0,54.0,0.0,81.0,16.0,5.0,0.0,0.0,5.0,0.0,8.9,0.0,0.0,6.0,-0.133,0.0,0.0,0.0,0.0,0.0,0.0,29.0,0.0,0.0
4247,0.0,0.0,0.0,0.0,0.0,0.0,0.0,138.0,80.0,3.0,91.6,177.8,0.0,40,11.0,0.0,0.0,0.0,0.0,0.0,17.0,0.0,0.0,0.0,3.0,0.0,7.6,0.0,0.0,0.0,11.850999999999999,0.0,0.0,28.975568155,0.0,0.0827534805,0.0,29.0,7.0,0.0
4247,0.0,0.0,0.0,0.0,0.0,0.0,0.0,123.0,79.0,5.0,91.0,177.8,0.0,41,12.0,0.7142857143000001,0.0,0.0,0.0,0.0,10.0,6.0,38.0,0.0,5.0,0.85,7.4,0.0,0.0,0.0,23.203000000000003,0.0,0.0,28.785771856999997,0.0,0.055465132300000004,0.0,29.0,0.0,0.0
4247,0.0,0.0,0.0,0.0,0.0,0.0,0.0,128.0,82.0,3.0,91.0,177.8,0.0,42,13.0,0.6153846154,126.0,60.0,0.0,118.0,16.0,6.0,37.0,0.0,3.0,0.84,9.4,0.0,0.0,0.0,35.286,0.0,0.0,28.785771856999997,0.0,0.055465132300000004,0.0,29.0,0.0,0.0
4247,0.0,0.0,0.0,0.0,0.0,0.0,0.0,118.0,72.0,1.0,89.6,177.8,0.0,43,14.0,0.6138392857,0.0,0.0,0.0,0.0,0.0,6.0,37.0,0.0,1.0,0.0,9.2,0.0,0.0,0.0,46.538999999999994,0.0,0.0,28.342913829,0.0,-0.00820768,0.0,29.0,0.0,0.0
4247,0.0,0.0,0.0,0.0,0.0,0.0,0.0,130.0,80.0,2.0,87.4,177.8,0.0,44,15.0,0.6636155606,83.0,48.0,0.0,186.0,17.0,6.0,36.0,2.0,0.0,0.84,9.5,0.0,0.0,22.0,57.461000000000006,0.0,0.0,27.646994069,0.0,-0.108264957,0.0,29.0,0.0,0.0
4247,0.0,0.0,0.0,0.0,0.0,0.0,0.0,124.0,80.0,2.0,94.7,177.8,0.0,47,18.0,0.8553326294,111.0,66.0,0.0,79.0,17.0,20.0,41.0,2.0,0.0,0.92,9.5,0.0,0.0,0.0,87.70100000000001,0.0,0.0,29.956182361,0.0,0.2237432795,0.0,29.0,0.0,0.0
