PtID,Pt_CGMUseNumDays,Pt_FatherT1D,Pt_MotherT1D,Pt_SiblingT1D,Pt_ChildT1D,Pt_GrandchildT1D,Pt_GrandparentT1D,BldPrSys,BldPrDia,SMBGperDayPtMeterCombo,WeightKg,HeightCm,DirectLDL,age,diabDur,TotalDailyInsPerKg,LDL,HDL,TotChol,Triglyc,BUN,AlbCreatRat_mggNew,UnitsInsBasalOrLongAct,BGTestAvgNumMeter,BGTestAvgNumPtRep,TSH,HbA1c,AutonomicNeuroCl,Pt_InsGov,NumPumpBolusOrShortAct,HbA1cImputeDtMnC,Pt_SHFlg,Pt_DKAFlg,bmi,bmiPerc,bmiZscore,GFR,diagAgeCombo,Pt_A1cGoalLev,Pt_A1cGoalLevelDsYr5
4288,0.0,0.0,0.0,0.0,0.0,0.0,0.0,116.0,49.0,6.0,62.0,170.0,1.0,13,3.0,0.0,85.0,26.0,173.0,310.0,0.0,6.0,0.0,0.0,6.0,0.0,9.5,0.0,0.0,4.0,0.39799999999999996,0.0,0.0,21.453287197,0.8289608688,0.9500668964,0.0,9.0,0.0,0.0
4288,0.0,0.0,0.0,0.0,0.0,0.0,0.0,127.0,60.0,7.0,69.1,173.4,0.0,14,4.0,0.520984081,123.0,52.0,230.0,274.0,0.0,0.0,0.0,0.0,7.0,0.0,9.6,0.0,0.0,0.0,14.174000000000001,0.0,1.0,22.981578818000003,0.8672499111,1.1134850215,0.0,9.0,7.0,0.0
4288,0.0,0.0,0.0,0.0,0.0,0.0,0.0,141.0,65.0,0.0,66.4,174.6,0.0,15,5.0,0.0,0.0,0.0,0.0,0.0,0.0,3.0,42.0,0.0,0.0,0.0,11.3,0.0,0.0,0.0,23.734,0.0,0.0,21.781089553,0.7355780916,0.6297719248,0.0,9.0,0.0,0.0
4288,0.0,0.0,0.0,0.0,0.0,0.0,0.0,145.0,63.0,0.0,67.0,175.0,0.0,16,6.0,1.3432835821,0.0,0.0,0.0,0.0,0.0,3.0,40.0,0.0,0.0,1.07,9.8,0.0,0.0,0.0,35.851,0.0,0.0,21.87755102,0.6716703124,0.4445300954,0.0,9.0,0.0,0.0
