PtID,Pt_CGMUseNumDays,Pt_FatherT1D,Pt_MotherT1D,Pt_SiblingT1D,Pt_ChildT1D,Pt_GrandchildT1D,Pt_GrandparentT1D,BldPrSys,BldPrDia,SMBGperDayPtMeterCombo,WeightKg,HeightCm,DirectLDL,age,diabDur,TotalDailyInsPerKg,LDL,HDL,TotChol,Triglyc,BUN,AlbCreatRat_mggNew,UnitsInsBasalOrLongAct,BGTestAvgNumMeter,BGTestAvgNumPtRep,TSH,HbA1c,AutonomicNeuroCl,Pt_InsGov,NumPumpBolusOrShortAct,HbA1cImputeDtMnC,Pt_SHFlg,Pt_DKAFlg,bmi,bmiPerc,bmiZscore,GFR,diagAgeCombo,Pt_A1cGoalLev,Pt_A1cGoalLevelDsYr5
4312,0.0,0.0,0.0,0.0,0.0,0.0,0.0,100.0,63.0,6.0,29.5,137.4,0.0,10,10.0,0.9491525423999999,0.0,0.0,0.0,0.0,20.0,4.1,0.0,6.0,3.0,0.0,7.0,0.0,0.0,6.0,0.39799999999999996,0.0,0.0,15.626026285999998,0.2863125996,-0.564189461,0.0,0.0,0.0,0.0
4312,27.0,0.0,0.0,0.0,0.0,0.0,0.0,99.0,62.0,6.0,36.5,143.0,0.0,11,11.0,1.2328767123,0.0,0.0,152.0,0.0,0.0,5.1,0.0,0.0,6.0,0.0,6.9,0.0,0.0,0.0,16.963,0.0,0.0,17.849283584000002,0.6137312506,0.2890573395,0.0,0.0,7.0,0.0
4312,0.0,0.0,0.0,0.0,0.0,0.0,0.0,95.0,63.0,5.0,39.6,149.0,0.0,12,12.0,1.2878787879,0.0,0.0,0.0,0.0,0.0,4.1,27.0,5.0,0.0,0.0,7.4,0.0,0.0,0.0,29.278000000000002,0.0,0.0,17.837034368,0.5083180319,0.0208517249,0.0,0.0,0.0,0.0
4312,0.0,0.0,0.0,0.0,0.0,0.0,0.0,104.0,65.0,5.0,47.1,157.5,0.0,13,13.0,1.5074309979,0.0,0.0,161.0,0.0,0.0,3.9,35.0,5.0,4.0,0.0,7.5,0.0,0.0,0.0,41.361000000000004,0.0,0.0,18.987150416,0.5829366740999999,0.2094119666,0.0,0.0,0.0,0.0
4312,0.0,0.0,0.0,0.0,0.0,0.0,0.0,111.0,70.0,4.0,56.6,165.5,0.0,14,14.0,0.0,0.0,0.0,137.0,0.0,0.0,3.9,0.0,4.0,4.0,2.15,7.0,0.0,0.0,0.0,53.443999999999996,0.0,0.0,20.664287475,0.7000459331000001,0.5245326256,0.0,0.0,0.0,0.0
4312,0.0,0.0,0.0,0.0,0.0,0.0,0.0,117.0,77.0,4.0,56.6,170.1,0.0,15,15.0,0.9540636042,64.0,49.0,125.0,59.0,9.0,11.2,38.0,4.0,4.0,1.0759999999999998,7.8,0.0,0.0,0.0,66.22399999999999,0.0,0.0,19.561754489000002,0.45951781210000003,-0.10164857199999999,0.0,0.0,0.0,0.0
4312,0.0,0.0,0.0,0.0,0.0,0.0,0.0,116.0,75.0,5.0,56.8,172.2,0.0,16,16.0,1.1267605634,0.0,0.0,142.0,0.0,0.0,5.9,33.0,5.0,4.0,1.6740000000000002,7.8,0.0,0.0,7.0,78.77199999999999,0.0,0.0,19.154994935,0.28972272579999997,-0.554194924,0.0,0.0,0.0,0.0
