PtID,Pt_CGMUseNumDays,Pt_FatherT1D,Pt_MotherT1D,Pt_SiblingT1D,Pt_ChildT1D,Pt_GrandchildT1D,Pt_GrandparentT1D,BldPrSys,BldPrDia,SMBGperDayPtMeterCombo,WeightKg,HeightCm,DirectLDL,age,diabDur,TotalDailyInsPerKg,LDL,HDL,TotChol,Triglyc,BUN,AlbCreatRat_mggNew,UnitsInsBasalOrLongAct,BGTestAvgNumMeter,BGTestAvgNumPtRep,TSH,HbA1c,AutonomicNeuroCl,Pt_InsGov,NumPumpBolusOrShortAct,HbA1cImputeDtMnC,Pt_SHFlg,Pt_DKAFlg,bmi,bmiPerc,bmiZscore,GFR,diagAgeCombo,Pt_A1cGoalLev,Pt_A1cGoalLevelDsYr5
4315,0.0,0.0,0.0,0.0,0.0,0.0,1.0,110.0,67.0,6.0,40.4,147.0,0.0,10,4.0,0.7425742573999999,0.0,0.0,0.0,0.0,15.0,0.0,0.0,0.0,6.0,0.0,8.4,0.0,0.0,0.0,0.033,0.0,0.0,18.69591374,0.7985840295000001,0.8365742209999999,0.0,6.0,0.0,0.0
4315,0.0,0.0,0.0,0.0,0.0,0.0,0.0,125.0,71.0,4.0,55.6,166.0,0.0,13,6.0,1.0971223022,0.0,0.0,0.0,0.0,0.0,0.0,26.0,4.0,0.0,2.818,8.8,0.0,0.0,3.0,27.386,0.0,0.0,20.177093918,0.7272232993000001,0.6044366108,0.0,6.0,0.0,0.0
4315,0.0,0.0,0.0,0.0,0.0,0.0,0.0,130.0,70.0,3.0,61.8,170.0,0.0,14,7.0,1.0355987055,0.0,0.0,0.0,0.0,15.0,0.0,28.0,0.0,3.0,1.074,9.9,0.0,0.0,3.0,39.469,0.0,0.0,21.384083045,0.7672170045000001,0.7297124148,0.0,6.0,0.0,0.0
4315,0.0,0.0,0.0,0.0,0.0,0.0,0.0,96.0,58.0,5.0,62.4,171.5,0.0,14,8.0,0.8333333333,93.0,51.0,166.0,110.0,0.0,0.0,0.0,0.0,5.0,1.204,9.7,0.0,0.0,3.0,49.228,0.0,0.0,21.215649942,0.7529203387000001,0.683708393,0.0,6.0,0.0,0.0
4315,0.0,0.0,0.0,0.0,0.0,0.0,0.0,117.0,67.0,2.0,65.2,172.2,0.0,16,9.0,1.7331288344,0.0,0.0,0.0,0.0,0.0,0.0,0.0,0.0,2.0,1.004,9.4,0.0,0.0,3.0,63.17,0.0,0.0,21.987775876,0.683402352,0.47723429030000003,0.0,6.0,0.0,0.0
