PtID,Pt_CGMUseNumDays,Pt_FatherT1D,Pt_MotherT1D,Pt_SiblingT1D,Pt_ChildT1D,Pt_GrandchildT1D,Pt_GrandparentT1D,BldPrSys,BldPrDia,SMBGperDayPtMeterCombo,WeightKg,HeightCm,DirectLDL,age,diabDur,TotalDailyInsPerKg,LDL,HDL,TotChol,Triglyc,BUN,AlbCreatRat_mggNew,UnitsInsBasalOrLongAct,BGTestAvgNumMeter,BGTestAvgNumPtRep,TSH,HbA1c,AutonomicNeuroCl,Pt_InsGov,NumPumpBolusOrShortAct,HbA1cImputeDtMnC,Pt_SHFlg,Pt_DKAFlg,bmi,bmiPerc,bmiZscore,GFR,diagAgeCombo,Pt_A1cGoalLev,Pt_A1cGoalLevelDsYr5
4329,0.0,0.0,0.0,0.0,0.0,0.0,0.0,99.0,65.0,8.0,22.0,118.5,0.0,7,1.0,0.7727272727,0.0,0.0,0.0,0.0,0.0,0.0,0.0,0.0,8.0,0.0,7.0,0.0,0.0,4.0,0.0,0.0,0.0,15.667004932000001,0.553999614,0.1357729549,0.0,6.0,0.0,0.0
4329,0.0,0.0,0.0,0.0,0.0,0.0,0.0,98.0,62.0,10.0,28.1,127.0,0.0,8,2.0,0.7117437722,0.0,0.0,0.0,0.0,0.0,0.0,0.0,10.0,8.0,0.0,7.0,0.0,0.0,6.0,14.174000000000001,0.0,0.0,17.422034844000002,0.7687560402,0.73475631,0.0,6.0,6.5,0.0
4329,0.0,0.0,0.0,0.0,0.0,0.0,0.0,115.0,76.0,0.0,32.9,135.2,0.0,10,3.0,0.0,101.0,57.0,167.0,47.0,0.0,9.0,8.0,0.0,0.0,1.45,6.9,0.0,0.0,0.0,30.141,0.0,0.0,17.998757045999998,0.6750322206,0.45385171490000004,0.0,6.0,0.0,0.0
4329,0.0,0.0,0.0,0.0,0.0,0.0,0.0,117.0,73.0,0.0,41.6,146.1,0.0,11,5.0,0.0,0.0,0.0,0.0,0.0,0.0,7.0,0.0,0.0,0.0,1.62,7.5,0.0,0.0,0.0,44.382,0.0,0.0,19.489150025,0.7551350173,0.6907383803,0.0,6.0,0.0,0.0
4329,0.0,0.0,0.0,0.0,0.0,0.0,0.0,121.0,80.0,2.0,51.4,156.5,0.0,12,6.0,0.0,0.0,0.0,0.0,0.0,0.0,7.0,27.0,2.0,0.0,1.335,6.6,0.0,0.0,0.0,56.928999999999995,0.0,0.0,20.986230338,0.8085124427,0.8724276634,0.0,6.0,0.0,0.0
4329,30.0,0.0,0.0,0.0,0.0,0.0,0.0,118.0,69.0,2.0,54.0,159.1,0.0,12,6.0,1.0185185184999999,0.0,0.0,0.0,0.0,0.0,7.0,30.0,0.0,2.0,0.0,6.4,0.0,0.0,5.0,60.88,0.0,0.0,21.333072069,0.8298122039,0.9534233955,0.0,6.0,0.0,0.0
4329,0.0,0.0,0.0,0.0,0.0,0.0,0.0,123.0,79.0,2.0,58.6,162.4,0.0,13,7.0,0.819112628,0.0,0.0,0.0,0.0,0.0,10.0,31.0,2.0,0.0,0.0,6.1,0.0,0.0,3.0,72.96300000000001,0.0,0.0,22.21905409,0.8337420535,0.9690587187999999,0.0,6.0,0.0,0.0
