PtID,Pt_CGMUseNumDays,Pt_FatherT1D,Pt_MotherT1D,Pt_SiblingT1D,Pt_ChildT1D,Pt_GrandchildT1D,Pt_GrandparentT1D,BldPrSys,BldPrDia,SMBGperDayPtMeterCombo,WeightKg,HeightCm,DirectLDL,age,diabDur,TotalDailyInsPerKg,LDL,HDL,TotChol,Triglyc,BUN,AlbCreatRat_mggNew,UnitsInsBasalOrLongAct,BGTestAvgNumMeter,BGTestAvgNumPtRep,TSH,HbA1c,AutonomicNeuroCl,Pt_InsGov,NumPumpBolusOrShortAct,HbA1cImputeDtMnC,Pt_SHFlg,Pt_DKAFlg,bmi,bmiPerc,bmiZscore,GFR,diagAgeCombo,Pt_A1cGoalLev,Pt_A1cGoalLevelDsYr5
4367,0.0,0.0,0.0,0.0,0.0,0.0,0.0,112.0,68.0,8.0,83.46099608,175.26,0.0,37,29.0,1.1622195343000001,136.0,32.0,197.0,146.0,12.0,3.0,0.0,0.0,8.0,0.0,7.4,1.0,1.0,6.0,-4.614,0.0,0.0,27.171771194,0.0,-0.047579187,0.0,8.0,0.0,0.0
4367,0.0,0.0,0.0,0.0,0.0,0.0,0.0,118.0,76.0,5.0,80.28584949,172.72,0.0,38,30.0,0.9341621279000001,0.0,0.0,0.0,0.0,12.0,16.0,0.0,0.0,5.0,0.0,8.7,1.0,1.0,0.0,13.577,0.0,0.0,26.912481746999998,0.0,-0.085165105,0.0,8.0,0.0,0.0
4367,0.0,0.0,0.0,0.0,0.0,0.0,0.0,122.0,62.0,4.0,81.19303423,175.26,1.0,39,31.0,0.0,111.0,0.0,0.0,0.0,0.0,0.0,32.0,4.0,4.0,0.0,8.1,1.0,0.0,0.0,17.627,0.0,0.0,26.433407845999998,0.0,-0.154610401,0.0,8.0,0.0,0.0
4367,0.0,0.0,0.0,0.0,0.0,0.0,0.0,122.0,62.0,4.0,81.19303423,175.26,0.0,40,32.0,0.0,0.0,0.0,0.0,0.0,0.0,0.0,32.0,4.0,4.0,0.0,0.0,1.0,0.0,0.0,0.0,0.0,0.0,26.433407845999998,0.0,-0.282750781,0.0,8.0,0.0,0.0
