PtID,Pt_CGMUseNumDays,Pt_FatherT1D,Pt_MotherT1D,Pt_SiblingT1D,Pt_ChildT1D,Pt_GrandchildT1D,Pt_GrandparentT1D,BldPrSys,BldPrDia,SMBGperDayPtMeterCombo,WeightKg,HeightCm,DirectLDL,age,diabDur,TotalDailyInsPerKg,LDL,HDL,TotChol,Triglyc,BUN,AlbCreatRat_mggNew,UnitsInsBasalOrLongAct,BGTestAvgNumMeter,BGTestAvgNumPtRep,TSH,HbA1c,AutonomicNeuroCl,Pt_InsGov,NumPumpBolusOrShortAct,HbA1cImputeDtMnC,Pt_SHFlg,Pt_DKAFlg,bmi,bmiPerc,bmiZscore,GFR,diagAgeCombo,Pt_A1cGoalLev,Pt_A1cGoalLevelDsYr5
4376,0.0,0.0,0.0,0.0,0.0,0.0,0.0,134.0,82.0,5.0,43.6,161.3,0.0,12,2.0,1.1467889908,0.0,0.0,0.0,0.0,16.0,0.0,0.0,0.0,5.0,0.0,9.9,0.0,0.0,4.0,0.531,0.0,0.0,16.757829,0.2909415823,-0.550636088,0.0,10.0,0.0,0.0
4376,0.0,0.0,0.0,0.0,0.0,0.0,0.0,132.0,84.0,4.0,55.4,170.9,0.0,14,4.0,0.9927797834000001,0.0,0.0,0.0,0.0,0.0,6.7,29.0,0.0,4.0,0.0,9.3,0.0,0.0,4.0,24.033,0.0,0.0,18.968178997,0.4497102592,-0.12639341,0.0,10.0,0.0,0.0
4376,0.0,0.0,0.0,0.0,0.0,0.0,0.0,130.0,60.0,5.0,63.4,172.0,0.0,15,4.0,0.9463722397,0.0,0.0,0.0,0.0,0.0,17.5,29.0,0.0,5.0,0.0,8.8,0.0,0.0,4.0,35.650999999999996,0.0,0.0,21.430502975,0.6753532515,0.45474389600000004,0.0,10.0,0.0,0.0
4376,0.0,0.0,0.0,0.0,0.0,0.0,0.0,127.0,81.0,4.0,65.3,173.4,0.0,16,5.0,0.9188361409,111.0,53.0,0.0,76.0,0.0,17.5,32.0,0.0,4.0,2.38,8.4,0.0,0.0,3.0,46.905,0.0,0.0,21.717758275,0.6493789236999999,0.3836442307,0.0,10.0,0.0,0.0
4376,0.0,0.0,0.0,0.0,0.0,0.0,0.0,135.0,83.0,7.0,70.0,174.4,0.0,17,6.0,0.0,0.0,0.0,0.0,0.0,0.0,13.4,44.0,7.0,0.0,2.31,8.1,0.0,0.0,0.0,59.32,0.0,0.0,23.014687316,0.7225571506999999,0.5904549223,0.0,10.0,0.0,0.0
