PtID,Pt_CGMUseNumDays,Pt_FatherT1D,Pt_MotherT1D,Pt_SiblingT1D,Pt_ChildT1D,Pt_GrandchildT1D,Pt_GrandparentT1D,BldPrSys,BldPrDia,SMBGperDayPtMeterCombo,WeightKg,HeightCm,DirectLDL,age,diabDur,TotalDailyInsPerKg,LDL,HDL,TotChol,Triglyc,BUN,AlbCreatRat_mggNew,UnitsInsBasalOrLongAct,BGTestAvgNumMeter,BGTestAvgNumPtRep,TSH,HbA1c,AutonomicNeuroCl,Pt_InsGov,NumPumpBolusOrShortAct,HbA1cImputeDtMnC,Pt_SHFlg,Pt_DKAFlg,bmi,bmiPerc,bmiZscore,GFR,diagAgeCombo,Pt_A1cGoalLev,Pt_A1cGoalLevelDsYr5
4453,0.0,0.0,0.0,0.0,0.0,0.0,0.0,126.0,68.0,3.0,50.8,152.4,0.0,66,31.0,0.5118110236,45.0,115.0,0.0,36.0,0.0,8.0,0.0,3.0,4.0,0.0,6.2,0.0,0.0,3.0,-4.183,0.0,0.0,21.872265966999997,0.0,-0.959985478,0.0,35.0,0.0,0.0
4453,0.0,0.0,0.0,0.0,0.0,0.0,0.0,118.0,68.0,4.0,49.8,153.0,0.0,67,32.0,0.5421686747,43.0,131.0,0.0,37.0,14.0,28.0,0.0,0.0,4.0,0.0,5.5,0.0,0.0,0.0,14.174000000000001,0.0,0.0,21.273869025,0.0,-1.034321936,0.0,35.0,5.7,0.0
4453,0.0,0.0,0.0,0.0,0.0,0.0,0.0,124.0,60.0,5.0,50.0,154.9,0.0,68,33.0,0.0,38.0,116.0,0.0,34.0,27.0,0.0,14.0,5.0,4.0,0.0,6.1,0.0,0.0,0.0,28.083000000000002,0.0,0.0,20.838534284,0.0,-1.0884018290000002,90.1,35.0,0.0,0.0
4453,0.0,0.0,0.0,0.0,0.0,0.0,0.0,136.0,70.0,5.0,49.2,154.9,0.0,69,34.0,0.0,0.0,0.0,0.0,0.0,20.0,0.0,14.0,5.0,4.0,3.13,5.9,0.0,0.0,0.0,40.199,0.0,0.0,20.505117736,0.0,-1.129820833,77.0,35.0,0.0,0.0
4453,0.0,0.0,0.0,0.0,0.0,0.0,0.0,124.0,60.0,6.0,49.895160700000005,154.94,0.0,70,35.0,1.4029416684,37.0,119.0,0.0,38.0,18.0,0.0,0.0,6.0,0.0,3.32,5.7,0.0,0.0,0.0,50.456,0.0,0.0,20.784104746,0.0,-1.147739408,79.0,35.0,0.0,0.0
4453,0.0,0.0,0.0,0.0,0.0,0.0,0.0,159.0,78.0,5.0,50.8,152.4,0.0,72,37.0,1.3779527559,42.0,125.0,177.0,51.0,25.0,0.0,12.0,0.0,5.0,5.85,6.3,0.0,0.0,4.0,68.05,0.0,0.0,21.872265966999997,0.0,-0.974659635,70.0,35.0,0.0,0.0
