PtID,Pt_CGMUseNumDays,Pt_FatherT1D,Pt_MotherT1D,Pt_SiblingT1D,Pt_ChildT1D,Pt_GrandchildT1D,Pt_GrandparentT1D,BldPrSys,BldPrDia,SMBGperDayPtMeterCombo,WeightKg,HeightCm,DirectLDL,age,diabDur,TotalDailyInsPerKg,LDL,HDL,TotChol,Triglyc,BUN,AlbCreatRat_mggNew,UnitsInsBasalOrLongAct,BGTestAvgNumMeter,BGTestAvgNumPtRep,TSH,HbA1c,AutonomicNeuroCl,Pt_InsGov,NumPumpBolusOrShortAct,HbA1cImputeDtMnC,Pt_SHFlg,Pt_DKAFlg,bmi,bmiPerc,bmiZscore,GFR,diagAgeCombo,Pt_A1cGoalLev,Pt_A1cGoalLevelDsYr5
4470,10.0,0.0,0.0,0.0,0.0,0.0,0.0,119.0,77.0,3.0,90.718474,167.64,0.0,25,12.0,0.0,81.0,59.0,0.0,71.0,23.0,7.7,0.0,3.0,3.0,0.0,9.8,0.0,1.0,0.0,-1.693,1.0,0.0,32.280513298,0.0,1.1204538755,0.0,12.0,0.0,0.0
4470,0.0,1.0,0.0,0.0,0.0,0.0,0.0,114.0,72.0,1.0,91.17206637,167.64,0.0,25,13.0,0.16452407630000002,68.0,53.0,0.0,59.0,18.0,7.4,0.0,1.0,2.0,0.0,9.1,0.0,1.0,0.0,11.386,1.0,1.0,32.441915865,0.0,1.152289754,0.0,12.0,7.4,0.0
4470,0.0,0.0,0.0,0.0,0.0,0.0,0.0,123.0,81.0,1.0,87.08973504,168.91,0.0,27,14.0,0.0,50.0,65.0,131.0,81.0,18.0,16.5,17.0,1.0,0.0,2.15,9.5,0.0,0.0,0.0,29.909000000000002,0.0,0.0,30.52504026,0.0,0.7741952778,0.0,12.0,0.0,0.0
4470,0.0,0.0,0.0,0.0,0.0,0.0,0.0,126.0,66.0,0.0,91.62565874,170.18,0.0,28,15.0,0.0,0.0,0.0,0.0,0.0,0.0,16.5,0.0,0.0,0.0,0.0,8.4,0.0,0.0,0.0,42.058,0.0,0.0,31.637347980999998,0.0,0.9935926159,0.0,12.0,0.0,0.0
4470,0.0,0.0,0.0,0.0,0.0,0.0,0.0,121.0,85.0,2.0,94.0,170.0,0.0,30,17.0,0.0,78.0,65.0,156.0,63.0,22.0,11.0,18.0,0.0,2.0,2.72,0.0,0.0,1.0,0.0,0.0,0.0,0.0,32.525951557,0.0,0.7285487556999999,0.0,12.0,0.0,0.0
4470,0.0,0.0,0.0,0.0,0.0,0.0,0.0,130.0,85.0,0.0,95.0,171.0,0.0,30,17.0,0.0,0.0,0.0,0.0,0.0,0.0,11.0,18.0,0.0,0.0,0.0,9.4,0.0,0.0,0.0,67.618,0.0,0.0,32.48862898,0.0,0.7231385726999999,0.0,12.0,0.0,0.0
