PtID,Pt_CGMUseNumDays,Pt_FatherT1D,Pt_MotherT1D,Pt_SiblingT1D,Pt_ChildT1D,Pt_GrandchildT1D,Pt_GrandparentT1D,BldPrSys,BldPrDia,SMBGperDayPtMeterCombo,WeightKg,HeightCm,DirectLDL,age,diabDur,TotalDailyInsPerKg,LDL,HDL,TotChol,Triglyc,BUN,AlbCreatRat_mggNew,UnitsInsBasalOrLongAct,BGTestAvgNumMeter,BGTestAvgNumPtRep,TSH,HbA1c,AutonomicNeuroCl,Pt_InsGov,NumPumpBolusOrShortAct,HbA1cImputeDtMnC,Pt_SHFlg,Pt_DKAFlg,bmi,bmiPerc,bmiZscore,GFR,diagAgeCombo,Pt_A1cGoalLev,Pt_A1cGoalLevelDsYr5
4495,0.0,0.0,0.0,0.0,0.0,0.0,0.0,95.0,57.0,4.0,50.0,143.6,0.0,11,4.0,1.16,47.0,46.0,0.0,266.0,12.0,0.0,0.0,4.0,4.0,0.0,8.1,0.0,0.0,4.0,0.0,0.0,0.0,24.247173749,0.9522928253,1.6675033976,0.0,7.0,0.0,0.0
4495,0.0,0.0,0.0,0.0,0.0,0.0,0.0,120.0,74.0,4.0,54.6,152.5,0.0,12,5.0,1.3736263736,67.0,68.0,0.0,79.0,11.0,6.6,0.0,4.0,4.0,0.0,8.9,0.0,0.0,0.0,12.548,0.0,0.0,23.477559795999998,0.9158438704,1.3776471397999999,0.0,7.0,8.0,0.0
4495,0.0,0.0,0.0,0.0,0.0,0.0,0.0,104.0,78.0,3.0,59.4,157.5,0.0,13,6.0,1.1952861953,0.0,0.0,0.0,0.0,0.0,0.0,25.0,3.0,0.0,0.0,9.6,0.0,0.0,0.0,24.631,0.0,0.0,23.945578231,0.9030790126999999,1.2992971427,0.0,7.0,0.0,0.0
4495,0.0,0.0,0.0,0.0,0.0,0.0,0.0,100.0,69.0,4.0,68.0,160.4,0.0,13,6.0,1.1470588234999999,74.0,57.0,0.0,93.0,10.0,0.0,30.0,4.0,4.0,1.34,9.3,0.0,0.0,2.0,34.158,0.0,0.0,26.430183892,0.9522648487,1.667221835,0.0,7.0,0.0,0.0
4495,0.0,0.0,0.0,0.0,0.0,0.0,0.0,120.0,65.0,3.0,69.9,162.3,0.0,14,7.0,1.0014306151999999,0.0,0.0,0.0,0.0,0.0,0.0,32.0,3.0,4.0,0.0,10.0,0.0,0.0,0.0,43.917,0.0,0.0,26.536285808000002,0.9403160688,1.5574323846,0.0,7.0,0.0,0.0
4495,0.0,0.0,0.0,0.0,0.0,0.0,0.0,106.0,68.0,3.0,70.9,161.8,0.0,15,8.0,0.9026798306999999,65.0,57.0,138.0,82.0,9.0,6.7,32.0,3.0,2.0,1.0,9.0,0.0,0.0,3.0,56.465,0.0,0.0,27.082527988000002,0.935725865,1.5198516283,0.0,7.0,0.0,0.0
4495,0.0,0.0,0.0,0.0,0.0,0.0,0.0,98.0,62.0,3.0,74.3,162.4,0.0,16,9.0,0.9152086137000001,0.0,0.0,0.0,0.0,0.0,6.7,40.0,3.0,4.0,0.0,7.5,0.0,1.0,3.0,64.365,0.0,0.0,28.171940596,0.9409553892,1.5628442999,0.0,7.0,0.0,0.0
4495,0.0,0.0,0.0,0.0,0.0,0.0,0.0,118.0,70.0,2.0,76.7,163.8,0.0,17,10.0,0.8213820078,65.0,55.0,138.0,91.0,9.0,0.0,43.5,2.0,4.0,0.843,8.6,0.0,0.0,2.0,78.17399999999999,0.0,0.0,28.586933349000002,0.9371262298,1.531088424,0.0,7.0,0.0,0.0
