PtID,Pt_CGMUseNumDays,Pt_FatherT1D,Pt_MotherT1D,Pt_SiblingT1D,Pt_ChildT1D,Pt_GrandchildT1D,Pt_GrandparentT1D,BldPrSys,BldPrDia,SMBGperDayPtMeterCombo,WeightKg,HeightCm,DirectLDL,age,diabDur,TotalDailyInsPerKg,LDL,HDL,TotChol,Triglyc,BUN,AlbCreatRat_mggNew,UnitsInsBasalOrLongAct,BGTestAvgNumMeter,BGTestAvgNumPtRep,TSH,HbA1c,AutonomicNeuroCl,Pt_InsGov,NumPumpBolusOrShortAct,HbA1cImputeDtMnC,Pt_SHFlg,Pt_DKAFlg,bmi,bmiPerc,bmiZscore,GFR,diagAgeCombo,Pt_A1cGoalLev,Pt_A1cGoalLevelDsYr5
4497,0.0,0.0,0.0,0.0,1.0,0.0,0.0,119.0,77.0,4.0,92.53284348,165.1,0.0,52,48.0,1.3400647309,95.0,60.0,0.0,127.0,31.0,263.0,0.0,0.0,4.0,0.0,0.0,0.0,0.0,4.0,0.0,0.0,0.0,33.947028224,0.0,0.6944779862999999,0.0,4.0,0.0,0.0
4497,0.0,0.0,0.0,0.0,1.0,0.0,0.0,154.0,71.0,3.0,92.53284348,165.1,0.0,55,50.0,0.9726276273000001,95.0,60.0,180.0,127.0,33.0,128.0,0.0,0.0,3.0,0.0,8.3,0.0,0.0,0.0,26.988000000000003,0.0,0.0,33.947028224,0.0,0.6944779862999999,0.0,4.0,7.5,0.0
4497,0.0,0.0,0.0,0.0,0.0,0.0,0.0,157.0,84.0,0.0,94.80080533,165.1,0.0,56,51.0,0.0,0.0,0.0,0.0,0.0,0.0,149.0,79.0,0.0,0.0,0.0,8.4,0.0,0.0,2.0,43.917,0.0,0.0,34.779063229,0.0,0.8046031792,0.0,4.0,0.0,0.0
4497,0.0,0.0,0.0,0.0,0.0,0.0,0.0,115.0,68.0,0.0,95.25439770000001,165.1,0.0,57,52.0,1.1862969345999999,82.0,48.0,149.0,97.0,30.0,149.0,38.0,0.0,0.0,1.46,8.2,0.0,0.0,0.0,59.053999999999995,0.0,0.0,34.945470231,0.0,0.8266282178000001,40.0,4.0,0.0,0.0
4497,0.0,0.0,0.0,0.0,0.0,0.0,0.0,121.0,71.0,3.0,93.44002822,165.1,0.0,59,54.0,1.2093318265000002,102.0,50.0,0.0,101.0,30.0,135.0,85.0,3.0,3.0,1.82,7.7,0.0,0.0,3.0,77.942,0.0,0.0,34.279842226,0.0,0.7385280634999999,36.0,4.0,0.0,0.0
