PtID,Pt_CGMUseNumDays,Pt_FatherT1D,Pt_MotherT1D,Pt_SiblingT1D,Pt_ChildT1D,Pt_GrandchildT1D,Pt_GrandparentT1D,BldPrSys,BldPrDia,SMBGperDayPtMeterCombo,WeightKg,HeightCm,DirectLDL,age,diabDur,TotalDailyInsPerKg,LDL,HDL,TotChol,Triglyc,BUN,AlbCreatRat_mggNew,UnitsInsBasalOrLongAct,BGTestAvgNumMeter,BGTestAvgNumPtRep,TSH,HbA1c,AutonomicNeuroCl,Pt_InsGov,NumPumpBolusOrShortAct,HbA1cImputeDtMnC,Pt_SHFlg,Pt_DKAFlg,bmi,bmiPerc,bmiZscore,GFR,diagAgeCombo,Pt_A1cGoalLev,Pt_A1cGoalLevelDsYr5
4504,0.0,0.0,0.0,1.0,0.0,0.0,0.0,101.0,61.0,5.0,45.81282937,163.0,0.0,14,9.0,0.8294619765000001,93.0,48.0,0.0,90.0,17.0,7.0,0.0,5.0,7.0,0.0,7.2,0.0,0.0,9.0,0.0,0.0,0.0,17.242963367,0.1939087904,-0.863581954,0.0,5.0,0.0,0.0
4504,0.0,0.0,0.0,1.0,0.0,0.0,0.0,0.0,0.0,6.0,55.33826914,170.0,1.0,15,10.0,0.12649474060000002,103.0,46.0,0.0,186.0,16.0,17.5,0.0,0.0,6.0,0.0,6.9,0.0,0.0,0.0,14.870999999999999,1.0,0.0,19.148190014,0.3942780253,-0.26818613,0.0,5.0,5.9,0.0
4504,0.0,0.0,0.0,0.0,0.0,0.0,0.0,123.0,48.0,6.0,58.05982336,172.9,0.0,16,11.0,0.7750626405,95.0,49.0,158.0,71.0,14.0,3.0,31.0,6.0,0.0,9.45,6.8,0.0,0.0,0.0,26.721999999999998,0.0,0.0,19.421632125,0.3309732498,-0.437227319,0.0,5.0,0.0,0.0
4504,0.0,0.0,0.0,0.0,0.0,0.0,0.0,120.0,63.0,8.0,67.13167076,173.5,0.0,17,12.0,0.7745971373999999,0.0,0.0,0.0,0.0,0.0,3.0,32.0,8.0,0.0,0.0,7.0,0.0,0.0,0.0,40.431999999999995,0.0,0.0,22.301213617,0.6396866689999999,0.357621399,0.0,5.0,0.0,0.0
4504,0.0,0.0,0.0,0.0,0.0,0.0,0.0,105.0,48.0,5.0,70.0,174.0,0.0,20,15.0,0.0,181.0,71.0,262.0,51.0,17.0,3.0,25.0,0.0,5.0,56.0,6.0,0.0,1.0,0.0,75.253,1.0,0.0,23.120623595999998,0.5155647553,-0.68629023,122.0,5.0,0.0,0.0
