PtID,Pt_CGMUseNumDays,Pt_FatherT1D,Pt_MotherT1D,Pt_SiblingT1D,Pt_ChildT1D,Pt_GrandchildT1D,Pt_GrandparentT1D,BldPrSys,BldPrDia,SMBGperDayPtMeterCombo,WeightKg,HeightCm,DirectLDL,age,diabDur,TotalDailyInsPerKg,LDL,HDL,TotChol,Triglyc,BUN,AlbCreatRat_mggNew,UnitsInsBasalOrLongAct,BGTestAvgNumMeter,BGTestAvgNumPtRep,TSH,HbA1c,AutonomicNeuroCl,Pt_InsGov,NumPumpBolusOrShortAct,HbA1cImputeDtMnC,Pt_SHFlg,Pt_DKAFlg,bmi,bmiPerc,bmiZscore,GFR,diagAgeCombo,Pt_A1cGoalLev,Pt_A1cGoalLevelDsYr5
4529,28.0,0.0,0.0,0.0,0.0,0.0,0.0,127.0,80.0,8.0,72.5747792,152.4,0.0,48,29.0,0.39958785020000004,66.0,98.0,169.0,26.0,12.0,0.0,0.0,0.0,8.0,0.0,6.6,0.0,0.0,7.0,-2.39,0.0,0.0,31.247536873,0.0,0.23653812230000001,0.0,19.0,0.0,0.0
4529,25.0,0.0,0.0,0.0,0.0,0.0,0.0,131.0,80.0,8.0,0.0,0.0,0.0,49,30.0,0.0,87.0,87.0,182.0,39.0,17.0,0.0,0.0,0.0,8.0,0.0,7.8,0.0,0.0,0.0,12.614,0.0,0.0,0.0,0.0,0.0,0.0,19.0,7.0,0.0
4529,0.0,0.0,0.0,0.0,0.0,0.0,0.0,132.0,80.0,7.0,70.76040972,162.56,0.0,50,31.0,0.0,77.0,88.0,172.0,37.0,0.0,0.0,12.0,7.0,0.0,2.13,8.0,0.0,0.0,0.0,28.017,0.0,0.0,26.777064068,0.0,-0.249165666,0.0,19.0,0.0,0.0
4529,0.0,0.0,0.0,0.0,0.0,0.0,0.0,110.0,67.0,7.0,71.66759446,165.1,0.0,51,32.0,0.3488326933,64.0,85.0,154.0,23.0,12.0,0.0,12.0,7.0,0.0,2.55,7.1,0.0,0.0,0.0,39.17,0.0,0.0,26.292306173000004,0.0,-0.299016355,0.0,19.0,0.0,0.0
4529,0.0,0.0,0.0,0.0,0.0,0.0,0.0,137.0,82.0,0.0,0.0,0.0,0.0,52,33.0,0.0,62.0,105.0,175.0,40.0,0.0,0.0,0.0,0.0,0.0,1.67,7.6,0.0,0.0,0.0,51.12,0.0,0.0,0.0,0.0,0.0,87.0,19.0,0.0,0.0
4529,0.0,0.0,0.0,0.0,0.0,0.0,0.0,128.0,81.0,2.0,0.0,0.0,0.0,53,34.0,0.0,63.0,103.0,0.0,33.0,16.0,5.0,0.0,2.0,0.0,2.27,7.1,0.0,0.0,0.0,62.041000000000004,0.0,0.0,0.0,0.0,0.0,0.0,19.0,0.0,0.0
4529,28.0,0.0,0.0,0.0,0.0,0.0,0.0,106.0,68.0,3.0,69.39963261,161.29,0.0,54,35.0,0.46542033130000005,79.0,100.0,0.0,33.0,20.0,0.0,15.6,3.0,4.0,2.41,7.3,0.0,0.0,0.0,76.88,0.0,0.0,26.677325484,0.0,-0.25942240899999996,0.0,19.0,0.0,0.0
