PtID,Pt_CGMUseNumDays,Pt_FatherT1D,Pt_MotherT1D,Pt_SiblingT1D,Pt_ChildT1D,Pt_GrandchildT1D,Pt_GrandparentT1D,BldPrSys,BldPrDia,SMBGperDayPtMeterCombo,WeightKg,HeightCm,DirectLDL,age,diabDur,TotalDailyInsPerKg,LDL,HDL,TotChol,Triglyc,BUN,AlbCreatRat_mggNew,UnitsInsBasalOrLongAct,BGTestAvgNumMeter,BGTestAvgNumPtRep,TSH,HbA1c,AutonomicNeuroCl,Pt_InsGov,NumPumpBolusOrShortAct,HbA1cImputeDtMnC,Pt_SHFlg,Pt_DKAFlg,bmi,bmiPerc,bmiZscore,GFR,diagAgeCombo,Pt_A1cGoalLev,Pt_A1cGoalLevelDsYr5
454,0.0,0.0,0.0,0.0,0.0,0.0,0.0,93.0,73.0,5.0,23.0,117.9,0.0,6,2.0,0.6086956522,0.0,0.0,0.0,0.0,5.0,65.0,0.0,0.0,5.0,0.0,8.2,0.0,0.0,0.0,0.0,0.0,0.0,16.546274534000002,0.784358295,0.7869973628,0.0,3.0,0.0,0.0
454,0.0,0.0,0.0,0.0,0.0,0.0,0.0,98.0,55.0,0.0,27.9,125.2,0.0,7,4.0,0.0,0.0,0.0,0.0,0.0,12.0,0.0,7.0,0.0,0.0,2.99,9.3,0.0,0.0,0.0,17.593,0.0,0.0,17.798997642,0.8862024618000001,1.206577032,0.0,3.0,0.0,0.0
454,0.0,0.0,0.0,0.0,0.0,0.0,0.0,111.0,65.0,4.0,32.4,130.6,0.0,8,4.0,0.0,0.0,0.0,0.0,0.0,0.0,0.0,11.0,4.0,0.0,2.99,7.6,0.0,0.0,0.0,27.353,0.0,0.0,18.995846711,0.9163131492000001,1.3806919365,0.0,3.0,0.0,0.0
454,0.0,0.0,0.0,0.0,0.0,0.0,0.0,108.0,62.0,4.0,33.3,136.4,0.0,9,5.0,0.8708708709,0.0,0.0,0.0,0.0,15.0,0.0,14.0,4.0,4.0,3.33,7.4,0.0,0.0,15.0,36.580999999999996,0.0,0.0,17.898452885999998,0.7868648972,0.7955903014,0.0,3.0,0.0,0.0
454,0.0,0.0,0.0,0.0,0.0,0.0,0.0,99.0,67.0,0.0,38.6,142.0,0.0,10,6.0,0.9067357513,0.0,0.0,0.0,0.0,0.0,0.0,18.0,0.0,0.0,3.33,8.9,0.0,0.0,17.0,47.967,0.0,0.0,19.143027177,0.8350837256,0.9744512188,0.0,3.0,0.0,0.0
454,0.0,0.0,0.0,0.0,0.0,0.0,0.0,105.0,60.0,0.0,43.3,147.1,0.0,10,7.0,0.0,83.0,74.0,167.0,46.0,0.0,19.0,0.0,0.0,0.0,2.19,7.8,0.0,0.0,0.0,58.29,0.0,0.0,20.010712432000002,0.8868432718000001,1.2099099301,0.0,3.0,0.0,0.0
454,0.0,0.0,0.0,0.0,0.0,0.0,0.0,101.0,63.0,4.0,48.6,153.1,0.0,11,8.0,0.0,0.0,0.0,0.0,0.0,0.0,19.0,33.0,4.0,0.0,1.98,8.0,0.0,0.0,0.0,69.378,0.0,0.0,20.734133375,0.8804061671,1.1770196437,0.0,3.0,0.0,0.0
