PtID,Pt_CGMUseNumDays,Pt_FatherT1D,Pt_MotherT1D,Pt_SiblingT1D,Pt_ChildT1D,Pt_GrandchildT1D,Pt_GrandparentT1D,BldPrSys,BldPrDia,SMBGperDayPtMeterCombo,WeightKg,HeightCm,DirectLDL,age,diabDur,TotalDailyInsPerKg,LDL,HDL,TotChol,Triglyc,BUN,AlbCreatRat_mggNew,UnitsInsBasalOrLongAct,BGTestAvgNumMeter,BGTestAvgNumPtRep,TSH,HbA1c,AutonomicNeuroCl,Pt_InsGov,NumPumpBolusOrShortAct,HbA1cImputeDtMnC,Pt_SHFlg,Pt_DKAFlg,bmi,bmiPerc,bmiZscore,GFR,diagAgeCombo,Pt_A1cGoalLev,Pt_A1cGoalLevelDsYr5
4623,30.0,0.0,0.0,0.0,0.0,0.0,0.0,132.0,70.0,5.0,69.7,157.5,0.0,55,43.0,0.4591104735,96.0,64.0,0.0,68.0,13.0,4.9,0.0,5.0,3.0,0.0,7.1,0.0,0.0,4.0,-0.033,0.0,0.0,28.097757622,0.0,-0.11335048199999999,0.0,12.0,0.0,0.0
4623,30.0,0.0,0.0,0.0,0.0,0.0,0.0,157.0,76.0,2.0,74.9,157.5,0.0,57,45.0,0.33377837120000003,130.0,69.0,0.0,41.0,8.0,4.0,0.0,2.0,3.0,0.0,7.7,0.0,0.0,0.0,19.585,0.0,0.0,30.194003527,0.0,0.10221960390000001,0.0,12.0,7.0,0.0
4623,0.0,0.0,0.0,0.0,0.0,0.0,0.0,150.0,74.0,0.0,82.5,157.5,0.0,58,46.0,0.49696969700000004,103.0,73.0,0.0,72.0,9.0,0.0,21.0,0.0,0.0,1.69,8.3,0.0,0.0,7.0,34.423,0.0,0.0,33.257747543,0.0,0.41728357619999995,57.0,12.0,0.0,0.0
4623,0.0,0.0,0.0,0.0,0.0,0.0,0.0,142.0,94.0,0.0,79.0,157.5,0.0,59,47.0,0.0,118.0,80.0,0.0,96.0,9.0,0.0,21.0,0.0,0.0,1.18,8.6,0.0,0.0,0.0,47.867,0.0,0.0,31.846812799000002,0.0,0.27218832579999996,54.0,12.0,0.0,0.0
4623,0.0,0.0,0.0,0.0,0.0,0.0,0.0,150.0,70.0,2.0,78.2,157.5,0.0,60,48.0,0.4859335038,116.0,76.0,0.0,93.0,16.0,4.0,19.0,2.0,0.0,0.0,8.0,0.0,0.0,7.0,58.357,0.0,0.0,31.524313429,0.0,0.23904975760000002,54.0,12.0,0.0,0.0
4623,30.0,0.0,0.0,0.0,0.0,0.0,0.0,126.0,64.0,3.0,78.5,157.5,0.0,61,49.0,0.49681528659999996,0.0,0.0,0.0,0.0,15.0,4.0,22.0,3.0,8.0,1.59,7.4,0.0,1.0,0.0,76.88,1.0,0.0,31.645250693,0.0,0.25407331,53.0,12.0,0.0,0.0
