PtID,Pt_CGMUseNumDays,Pt_FatherT1D,Pt_MotherT1D,Pt_SiblingT1D,Pt_ChildT1D,Pt_GrandchildT1D,Pt_GrandparentT1D,BldPrSys,BldPrDia,SMBGperDayPtMeterCombo,WeightKg,HeightCm,DirectLDL,age,diabDur,TotalDailyInsPerKg,LDL,HDL,TotChol,Triglyc,BUN,AlbCreatRat_mggNew,UnitsInsBasalOrLongAct,BGTestAvgNumMeter,BGTestAvgNumPtRep,TSH,HbA1c,AutonomicNeuroCl,Pt_InsGov,NumPumpBolusOrShortAct,HbA1cImputeDtMnC,Pt_SHFlg,Pt_DKAFlg,bmi,bmiPerc,bmiZscore,GFR,diagAgeCombo,Pt_A1cGoalLev,Pt_A1cGoalLevelDsYr5
4633,0.0,0.0,0.0,0.0,0.0,0.0,0.0,143.0,78.0,4.0,69.354273373,149.86,0.0,60,47.0,1.0093105528,53.0,35.0,103.0,76.0,10.0,27.3,0.0,0.0,4.0,0.0,0.0,1.0,1.0,0.0,0.0,1.0,0.0,30.881740513,0.0,0.37776574380000005,0.0,12.0,0.0,0.0
4633,0.0,0.0,0.0,0.0,0.0,0.0,0.0,193.0,70.0,4.0,61.597843846,171.45,0.0,62,49.0,0.0,60.0,41.0,117.0,82.0,15.0,6.0,15.0,0.0,4.0,0.52,8.7,1.0,0.0,4.0,26.256999999999998,0.0,0.0,20.955138308,0.0,-1.5144750619999998,0.0,12.0,0.0,0.0
4633,0.0,0.0,0.0,0.0,0.0,0.0,0.0,148.0,81.0,4.0,61.23496995,170.18,0.0,63,50.0,0.0,168.0,33.0,275.0,402.0,16.0,6.0,15.0,4.0,0.0,20.83,8.8,1.0,0.0,4.0,38.805,0.0,0.0,21.143772165999998,0.0,-1.47851707,64.0,12.0,0.0,0.0
4633,0.0,0.0,0.0,0.0,0.0,0.0,0.0,121.0,69.0,0.0,61.23496995,172.72,0.0,64,51.0,0.0,99.0,71.0,217.0,237.0,20.0,6.0,6.0,0.0,0.0,1.39,9.5,1.0,0.0,0.0,54.606,0.0,0.0,20.526469129000002,0.0,-1.5961893580000002,54.0,12.0,0.0,0.0
