PtID,Pt_CGMUseNumDays,Pt_FatherT1D,Pt_MotherT1D,Pt_SiblingT1D,Pt_ChildT1D,Pt_GrandchildT1D,Pt_GrandparentT1D,BldPrSys,BldPrDia,SMBGperDayPtMeterCombo,WeightKg,HeightCm,DirectLDL,age,diabDur,TotalDailyInsPerKg,LDL,HDL,TotChol,Triglyc,BUN,AlbCreatRat_mggNew,UnitsInsBasalOrLongAct,BGTestAvgNumMeter,BGTestAvgNumPtRep,TSH,HbA1c,AutonomicNeuroCl,Pt_InsGov,NumPumpBolusOrShortAct,HbA1cImputeDtMnC,Pt_SHFlg,Pt_DKAFlg,bmi,bmiPerc,bmiZscore,GFR,diagAgeCombo,Pt_A1cGoalLev,Pt_A1cGoalLevelDsYr5
4635,0.0,0.0,0.0,0.0,0.0,0.0,0.0,96.0,52.0,4.0,54.7,146.9,0.0,10,4.0,0.7678244973,80.0,69.0,160.0,55.0,0.0,0.0,0.0,4.0,5.0,0.0,6.5,0.0,0.0,0.0,-0.19899999999999998,1.0,0.0,25.348002119,0.9810296565000001,2.0754949431,0.0,5.0,0.0,0.0
4635,0.0,0.0,0.0,0.0,0.0,0.0,0.0,109.0,86.0,4.0,65.5,155.7,0.0,11,6.0,0.8396946565000001,0.0,0.0,0.0,0.0,0.0,29.9,0.0,4.0,6.0,0.0,7.7,0.0,0.0,0.0,19.054000000000002,0.0,0.0,27.018676711999998,0.9823639482,2.1052206715,0.0,5.0,6.5,0.0
4635,0.0,0.0,0.0,0.0,0.0,0.0,0.0,122.0,73.0,3.0,76.5,159.7,0.0,12,7.0,1.0457516340000002,103.0,51.0,172.0,90.0,0.0,0.0,0.0,3.0,2.0,0.0,7.4,0.0,0.0,0.0,31.601999999999997,0.0,0.0,29.995189006999997,0.9875923114,2.24426467,0.0,5.0,0.0,0.0
4635,0.0,0.0,0.0,0.0,0.0,0.0,0.0,121.0,84.0,3.0,87.0,164.6,0.0,13,8.0,0.9195402299,0.0,0.0,0.0,0.0,0.0,29.9,48.0,3.0,0.0,1.71,6.9,0.0,0.0,3.0,42.589,0.0,0.0,32.11142591,0.9898254578,2.3198483127,0.0,5.0,0.0,0.0
4635,0.0,0.0,0.0,0.0,0.0,0.0,0.0,119.0,81.0,2.0,104.2,172.3,0.0,15,9.0,1.4011516315,68.0,40.0,137.0,146.0,10.0,30.0,0.0,2.0,0.0,3.4,7.3,0.0,0.0,0.0,57.925,0.0,0.0,35.099195649,0.9926823292,2.4412790338,0.0,5.0,0.0,0.0
4635,0.0,0.0,0.0,0.0,0.0,0.0,0.0,124.0,75.0,3.0,110.76725675,174.24400000000003,0.0,16,10.0,1.3541907997,68.0,49.0,0.0,90.0,16.0,29.9,65.0,3.0,3.0,1.8,7.1,0.0,0.0,0.0,74.124,1.0,0.0,36.483436185,0.9941321562000001,2.5199938785,0.0,5.0,0.0,0.0
