PtID,Pt_CGMUseNumDays,Pt_FatherT1D,Pt_MotherT1D,Pt_SiblingT1D,Pt_ChildT1D,Pt_GrandchildT1D,Pt_GrandparentT1D,BldPrSys,BldPrDia,SMBGperDayPtMeterCombo,WeightKg,HeightCm,DirectLDL,age,diabDur,TotalDailyInsPerKg,LDL,HDL,TotChol,Triglyc,BUN,AlbCreatRat_mggNew,UnitsInsBasalOrLongAct,BGTestAvgNumMeter,BGTestAvgNumPtRep,TSH,HbA1c,AutonomicNeuroCl,Pt_InsGov,NumPumpBolusOrShortAct,HbA1cImputeDtMnC,Pt_SHFlg,Pt_DKAFlg,bmi,bmiPerc,bmiZscore,GFR,diagAgeCombo,Pt_A1cGoalLev,Pt_A1cGoalLevelDsYr5
4655,0.0,0.0,0.0,1.0,0.0,0.0,0.0,108.0,70.0,6.0,64.137961118,174.24400000000003,0.0,13,4.0,1.715052959,0.0,0.0,0.0,0.0,0.0,7.0,0.0,0.0,6.0,0.0,9.7,0.0,0.0,10.0,0.0,0.0,0.0,21.125134629,0.8072469943,0.8677960159999999,0.0,8.0,0.0,0.0
4655,0.0,0.0,0.0,0.0,0.0,0.0,0.0,116.0,68.0,6.0,71.939749882,178.308,0.0,14,5.0,0.0,0.0,0.0,0.0,0.0,0.0,142.3,39.0,0.0,6.0,0.0,9.2,0.0,0.0,0.0,10.921,0.0,0.0,22.627015067,0.8498526523000001,1.0358016336,0.0,8.0,0.0,0.0
4655,0.0,0.0,0.0,0.0,0.0,0.0,0.0,116.0,62.0,6.0,76.022081212,179.07,0.0,15,6.0,0.0,0.0,0.0,0.0,0.0,0.0,6.5,0.0,0.0,6.0,0.0,8.6,0.0,0.0,2.0,23.104,0.0,0.0,23.70795464,0.8641662608,1.0992306375,0.0,8.0,0.0,0.0
4655,0.0,0.0,0.0,0.0,0.0,0.0,0.0,136.0,80.0,6.0,80.830160334,179.578,0.0,16,7.0,0.8041552773,0.0,0.0,0.0,0.0,0.0,6.5,50.0,0.0,6.0,1.48,8.4,0.0,0.0,2.0,39.734,0.0,0.0,25.064969439000002,0.8890077106000001,1.2212679639,0.0,8.0,0.0,0.0
