PtID,Pt_CGMUseNumDays,Pt_FatherT1D,Pt_MotherT1D,Pt_SiblingT1D,Pt_ChildT1D,Pt_GrandchildT1D,Pt_GrandparentT1D,BldPrSys,BldPrDia,SMBGperDayPtMeterCombo,WeightKg,HeightCm,DirectLDL,age,diabDur,TotalDailyInsPerKg,LDL,HDL,TotChol,Triglyc,BUN,AlbCreatRat_mggNew,UnitsInsBasalOrLongAct,BGTestAvgNumMeter,BGTestAvgNumPtRep,TSH,HbA1c,AutonomicNeuroCl,Pt_InsGov,NumPumpBolusOrShortAct,HbA1cImputeDtMnC,Pt_SHFlg,Pt_DKAFlg,bmi,bmiPerc,bmiZscore,GFR,diagAgeCombo,Pt_A1cGoalLev,Pt_A1cGoalLevelDsYr5
4676,0.0,0.0,0.0,0.0,0.0,0.0,0.0,120.0,70.0,5.0,79.83225712,165.1,0.0,43,5.0,0.6889445693,0.0,0.0,0.0,0.0,0.0,0.0,0.0,5.0,0.0,0.0,8.3,0.0,0.0,5.0,0.0,0.0,0.0,29.287632193,0.0,0.0614349245,0.0,38.0,0.0,0.0
4676,0.0,0.0,0.0,0.0,0.0,0.0,0.0,120.0,68.0,4.0,85.72895793,165.1,0.0,46,8.0,0.6298921777,94.0,64.0,0.0,67.0,4.0,4.9,28.0,4.0,0.0,1.34,8.7,0.0,0.0,3.0,38.573,0.0,0.0,31.450923208000003,0.0,0.2547092089,0.0,38.0,0.0,0.0
4676,0.0,0.0,0.0,0.0,0.0,0.0,0.0,118.0,72.0,4.0,85.72895793,165.1,0.0,47,9.0,0.6765508575,74.0,60.0,145.0,57.0,8.0,7.0,27.0,4.0,0.0,1.61,9.0,0.0,0.0,0.0,49.261,0.0,0.0,31.450923208000003,0.0,0.2547092089,105.0,38.0,0.0,0.0
4676,0.0,0.0,0.0,0.0,0.0,0.0,0.0,120.0,82.0,4.0,80.28584949,165.1,0.0,48,10.0,0.5455506827000001,0.0,0.0,0.0,0.0,0.0,7.0,25.8,4.0,0.0,0.0,9.3,0.0,0.0,0.0,64.266,0.0,0.0,29.454039194,0.0,0.0763021771,0.0,38.0,0.0,0.0
