PtID,Pt_CGMUseNumDays,Pt_FatherT1D,Pt_MotherT1D,Pt_SiblingT1D,Pt_ChildT1D,Pt_GrandchildT1D,Pt_GrandparentT1D,BldPrSys,BldPrDia,SMBGperDayPtMeterCombo,WeightKg,HeightCm,DirectLDL,age,diabDur,TotalDailyInsPerKg,LDL,HDL,TotChol,Triglyc,BUN,AlbCreatRat_mggNew,UnitsInsBasalOrLongAct,BGTestAvgNumMeter,BGTestAvgNumPtRep,TSH,HbA1c,AutonomicNeuroCl,Pt_InsGov,NumPumpBolusOrShortAct,HbA1cImputeDtMnC,Pt_SHFlg,Pt_DKAFlg,bmi,bmiPerc,bmiZscore,GFR,diagAgeCombo,Pt_A1cGoalLev,Pt_A1cGoalLevelDsYr5
4736,0.0,0.0,0.0,0.0,0.0,0.0,0.0,94.0,64.0,4.0,30.4,125.0,0.0,8,0.0,0.5921052632,0.0,0.0,0.0,0.0,9.0,0.0,0.0,4.0,5.0,0.0,9.8,0.0,0.0,0.0,-0.266,0.0,0.0,19.456,0.9339413656000001,1.5058048853000001,0.0,8.0,0.0,0.0
4736,0.0,0.0,0.0,0.0,0.0,0.0,0.0,110.0,69.0,4.0,35.9,131.3,0.0,10,1.0,0.0,0.0,0.0,0.0,0.0,0.0,0.0,13.0,4.0,0.0,0.0,7.5,0.0,0.0,0.0,16.498,0.0,0.0,20.824040339,0.9189717057,1.3981881027,0.0,8.0,0.0,0.0
4736,0.0,0.0,0.0,0.0,0.0,0.0,0.0,114.0,55.0,4.0,38.4,134.6,0.0,10,2.0,0.0,46.0,63.0,125.0,78.0,18.0,0.0,13.0,4.0,4.0,2.39,8.0,0.0,0.0,0.0,25.693,0.0,0.0,21.195374992999998,0.9299315017,1.4752810591,0.0,8.0,0.0,0.0
4736,0.0,0.0,0.0,0.0,0.0,0.0,0.0,109.0,62.0,9.0,40.2,136.5,0.0,11,2.0,0.8208955224,0.0,0.0,0.0,0.0,0.0,0.0,13.0,9.0,7.0,0.0,8.0,0.0,0.0,4.0,28.747,0.0,0.0,21.575494103,0.9131241231999999,1.3602470646,0.0,8.0,0.0,0.0
