PtID,Pt_CGMUseNumDays,Pt_FatherT1D,Pt_MotherT1D,Pt_SiblingT1D,Pt_ChildT1D,Pt_GrandchildT1D,Pt_GrandparentT1D,BldPrSys,BldPrDia,SMBGperDayPtMeterCombo,WeightKg,HeightCm,DirectLDL,age,diabDur,TotalDailyInsPerKg,LDL,HDL,TotChol,Triglyc,BUN,AlbCreatRat_mggNew,UnitsInsBasalOrLongAct,BGTestAvgNumMeter,BGTestAvgNumPtRep,TSH,HbA1c,AutonomicNeuroCl,Pt_InsGov,NumPumpBolusOrShortAct,HbA1cImputeDtMnC,Pt_SHFlg,Pt_DKAFlg,bmi,bmiPerc,bmiZscore,GFR,diagAgeCombo,Pt_A1cGoalLev,Pt_A1cGoalLevelDsYr5
4786,0.0,0.0,0.0,0.0,0.0,0.0,0.0,128.0,80.0,4.0,80.0,183.0,0.0,49,27.0,0.5625,72.0,93.0,172.0,36.0,16.0,2.9,0.0,4.0,5.0,0.0,8.7,0.0,0.0,3.0,0.1,0.0,0.0,23.888440981,0.0,-0.648658561,0.0,22.0,0.0,0.0
4786,0.0,0.0,0.0,0.0,0.0,0.0,0.0,124.0,80.0,4.0,80.5,182.2,0.0,51,29.0,0.39751552799999995,94.0,90.0,0.0,68.0,14.0,0.0,0.0,0.0,4.0,0.0,8.6,0.0,0.0,5.0,17.195,1.0,0.0,24.249296017,0.0,-0.589079343,0.0,22.0,7.5,0.0
4786,0.0,0.0,0.0,0.0,0.0,0.0,0.0,110.0,62.0,4.0,77.1,182.9,0.0,52,30.0,0.0,85.0,74.0,0.0,48.0,11.0,8.2,17.0,4.0,0.0,0.732,8.1,0.0,0.0,0.0,32.431999999999995,0.0,0.0,23.04766682,0.0,-0.748122708,0.0,22.0,0.0,0.0
4786,0.0,0.0,0.0,0.0,0.0,0.0,0.0,112.0,64.0,3.0,74.2,181.9,0.0,53,31.0,0.525606469,66.0,89.0,0.0,43.0,12.0,60.1,17.0,3.0,0.0,0.7120000000000001,8.4,0.0,0.0,0.0,43.519,0.0,0.0,22.425312676999997,0.0,-0.8304952879999999,0.0,22.0,0.0,0.0
4786,0.0,0.0,0.0,0.0,0.0,0.0,0.0,124.0,72.0,3.0,75.3,161.6,0.0,54,32.0,0.5046480743999999,97.0,76.0,179.0,32.0,17.0,60.1,16.0,3.0,0.0,1.39,8.1,0.0,0.0,5.0,53.676,0.0,0.0,28.834489266,0.0,0.0178005207,90.1,22.0,0.0,0.0
4786,0.0,0.0,0.0,0.0,0.0,0.0,0.0,124.0,76.0,2.0,76.2,181.4,0.0,55,33.0,0.48556430450000004,78.0,78.0,164.0,40.0,10.0,60.1,17.0,2.0,3.0,0.938,8.4,0.0,0.0,4.0,66.22399999999999,0.0,0.0,23.156899235999997,0.0,-0.733665094,0.0,22.0,0.0,0.0
4786,0.0,0.0,0.0,0.0,0.0,0.0,0.0,130.0,74.0,3.0,76.7,181.0,0.0,56,34.0,0.5097783572,66.0,87.0,161.0,40.0,14.0,0.0,14.4,3.0,4.0,1.26,8.9,0.0,0.0,4.0,84.581,0.0,0.0,23.411983761,0.0,-0.6999030140000001,90.1,22.0,0.0,0.0
