PtID,Pt_CGMUseNumDays,Pt_FatherT1D,Pt_MotherT1D,Pt_SiblingT1D,Pt_ChildT1D,Pt_GrandchildT1D,Pt_GrandparentT1D,BldPrSys,BldPrDia,SMBGperDayPtMeterCombo,WeightKg,HeightCm,DirectLDL,age,diabDur,TotalDailyInsPerKg,LDL,HDL,TotChol,Triglyc,BUN,AlbCreatRat_mggNew,UnitsInsBasalOrLongAct,BGTestAvgNumMeter,BGTestAvgNumPtRep,TSH,HbA1c,AutonomicNeuroCl,Pt_InsGov,NumPumpBolusOrShortAct,HbA1cImputeDtMnC,Pt_SHFlg,Pt_DKAFlg,bmi,bmiPerc,bmiZscore,GFR,diagAgeCombo,Pt_A1cGoalLev,Pt_A1cGoalLevelDsYr5
486,0.0,0.0,0.0,0.0,0.0,0.0,0.0,130.0,70.0,4.0,0.0,0.0,0.0,75,35.0,0.0,72.0,30.0,0.0,95.0,24.0,24.6,0.0,4.0,6.0,0.0,7.9,0.0,0.0,0.0,0.0,0.0,0.0,0.0,0.0,0.0,0.0,40.0,0.0,0.0
486,0.0,0.0,0.0,0.0,0.0,0.0,1.0,150.0,70.0,4.0,0.0,0.0,0.0,76,36.0,0.0,86.0,29.0,0.0,88.0,22.0,44.1,0.0,4.0,4.0,0.0,7.8,0.0,0.0,3.0,13.577,0.0,0.0,0.0,0.0,0.0,0.0,40.0,0.0,0.0
486,0.0,0.0,0.0,0.0,0.0,0.0,0.0,138.0,56.0,3.0,114.75886961,195.58,0.0,79,39.0,0.3049873192,80.0,39.0,0.0,78.0,33.0,49.6,23.0,3.0,0.0,1.67,8.1,0.0,0.0,3.0,45.577,0.0,0.0,30.001113788,0.0,0.5660835066,0.0,40.0,0.0,0.0
486,0.0,0.0,0.0,0.0,0.0,0.0,0.0,118.0,62.0,4.0,119.29479331,195.58,0.0,80,40.0,0.2850082477,82.0,34.0,136.0,100.0,26.0,522.0,25.0,4.0,0.0,2.19,7.1,0.0,0.0,3.0,60.248999999999995,0.0,0.0,31.186928562,0.0,1.3217483807,66.0,40.0,0.0,0.0
486,0.0,0.0,0.0,0.0,0.0,0.0,0.0,118.0,70.0,4.0,118.38760857,193.04,0.0,80,40.0,0.3040858789,74.0,38.0,131.0,92.0,33.0,522.0,25.0,4.0,6.0,2.01,7.7,0.0,1.0,3.0,66.921,0.0,0.0,31.769591461999998,0.0,1.4731430258000002,51.0,40.0,0.0,0.0
486,0.0,0.0,0.0,0.0,0.0,0.0,0.0,154.0,78.0,4.0,117.9340162,193.04,0.0,81,41.0,0.2772736913,74.0,33.0,120.0,65.0,28.0,522.0,24.7,4.0,0.0,2.03,7.4,0.0,0.0,3.0,78.805,0.0,0.0,31.64786889,0.0,1.4415155691,63.0,40.0,0.0,0.0
