PtID,Pt_CGMUseNumDays,Pt_FatherT1D,Pt_MotherT1D,Pt_SiblingT1D,Pt_ChildT1D,Pt_GrandchildT1D,Pt_GrandparentT1D,BldPrSys,BldPrDia,SMBGperDayPtMeterCombo,WeightKg,HeightCm,DirectLDL,age,diabDur,TotalDailyInsPerKg,LDL,HDL,TotChol,Triglyc,BUN,AlbCreatRat_mggNew,UnitsInsBasalOrLongAct,BGTestAvgNumMeter,BGTestAvgNumPtRep,TSH,HbA1c,AutonomicNeuroCl,Pt_InsGov,NumPumpBolusOrShortAct,HbA1cImputeDtMnC,Pt_SHFlg,Pt_DKAFlg,bmi,bmiPerc,bmiZscore,GFR,diagAgeCombo,Pt_A1cGoalLev,Pt_A1cGoalLevelDsYr5
491,0.0,0.0,0.0,0.0,0.0,0.0,0.0,114.0,58.0,8.0,38.2,141.2,0.0,9,1.0,1.0732984293,0.0,0.0,0.0,0.0,0.0,0.0,0.0,8.0,5.0,0.0,7.9,0.0,1.0,3.0,0.133,0.0,0.0,19.159932268,0.8855257303,1.2030717936,0.0,8.0,0.0,0.0
491,0.0,0.0,0.0,0.0,0.0,0.0,0.0,91.0,52.0,6.0,41.2,146.0,0.0,10,2.0,0.8495145631000001,0.0,0.0,0.0,0.0,0.0,0.0,0.0,0.0,6.0,0.0,8.3,0.0,1.0,0.0,14.008,1.0,0.0,19.328204166,0.8480424965000001,1.0280740274,0.0,8.0,7.0,0.0
491,0.0,0.0,0.0,0.0,0.0,0.0,0.0,96.0,69.0,4.0,47.5,151.4,0.0,11,3.0,0.0,0.0,0.0,0.0,0.0,0.0,8.0,22.0,4.0,4.0,0.0,8.2,0.0,0.0,0.0,26.324,0.0,0.0,20.72248621,0.8798612256999999,1.1742933437,0.0,8.0,0.0,0.0
491,0.0,0.0,0.0,0.0,0.0,0.0,0.0,104.0,58.0,0.0,56.8,158.3,0.0,12,4.0,1.8838028169,129.0,56.0,215.0,149.0,14.0,8.0,37.0,0.0,0.0,4.77,9.2,0.0,0.0,0.0,38.174,0.0,0.0,22.666606541999997,0.9180728075,1.392224635,0.0,8.0,0.0,0.0
491,0.0,0.0,0.0,0.0,0.0,0.0,0.0,99.0,63.0,3.0,61.0,167.8,0.0,13,5.0,1.0819672131,0.0,0.0,0.0,0.0,0.0,8.0,40.0,3.0,0.0,0.0,8.7,0.0,0.0,0.0,50.257,0.0,0.0,21.664362904,0.8415398840999999,1.0008067786,0.0,8.0,0.0,0.0
491,20.0,0.0,0.0,0.0,0.0,0.0,0.0,170.0,63.0,5.0,67.1,173.3,0.0,14,6.0,0.8047690015000001,0.0,0.0,0.0,0.0,0.0,8.0,30.0,5.0,6.0,0.0,8.5,0.0,0.0,3.0,62.075,0.0,0.0,22.342172199,0.8340972548000001,0.9704836106999999,0.0,8.0,0.0,0.0
491,0.0,0.0,0.0,0.0,0.0,0.0,0.0,124.0,65.0,3.0,74.9,175.5,0.0,15,7.0,0.9212283044,0.0,0.0,0.0,0.0,0.0,8.0,35.0,3.0,0.0,0.0,9.2,0.0,0.0,4.0,71.834,0.0,0.0,24.317984432,0.8895529422,1.2241540604999999,0.0,8.0,0.0,0.0
491,0.0,0.0,0.0,0.0,0.0,0.0,0.0,104.0,59.0,2.0,80.4,177.6,0.0,16,7.0,0.92039801,0.0,0.0,0.0,0.0,0.0,8.0,41.0,2.0,0.0,0.0,8.7,0.0,0.0,4.0,81.361,0.0,0.0,25.490017044000002,0.9037401191,1.3031611168000001,0.0,8.0,0.0,0.0
