PtID,Pt_CGMUseNumDays,Pt_FatherT1D,Pt_MotherT1D,Pt_SiblingT1D,Pt_ChildT1D,Pt_GrandchildT1D,Pt_GrandparentT1D,BldPrSys,BldPrDia,SMBGperDayPtMeterCombo,WeightKg,HeightCm,DirectLDL,age,diabDur,TotalDailyInsPerKg,LDL,HDL,TotChol,Triglyc,BUN,AlbCreatRat_mggNew,UnitsInsBasalOrLongAct,BGTestAvgNumMeter,BGTestAvgNumPtRep,TSH,HbA1c,AutonomicNeuroCl,Pt_InsGov,NumPumpBolusOrShortAct,HbA1cImputeDtMnC,Pt_SHFlg,Pt_DKAFlg,bmi,bmiPerc,bmiZscore,GFR,diagAgeCombo,Pt_A1cGoalLev,Pt_A1cGoalLevelDsYr5
4980,0.0,0.0,0.0,0.0,0.0,0.0,0.0,122.0,70.0,6.0,74.84274105,165.1,0.0,49,12.0,0.42756317509999997,86.0,78.0,0.0,109.0,10.0,6.0,0.0,6.0,6.0,0.0,7.7,0.0,0.0,10.0,0.0,0.0,0.0,27.457155180999997,0.0,-0.102104855,0.0,36.0,0.0,0.0
4980,0.0,0.0,0.0,0.0,0.0,0.0,0.0,110.0,70.0,4.0,73.93555631,167.64,0.0,51,15.0,0.40575876479999995,95.0,73.0,0.0,90.0,9.0,5.0,15.0,4.0,0.0,1.17,7.0,0.0,0.0,9.0,33.162,0.0,0.0,26.308618338000002,0.0,-0.297338873,87.0,36.0,0.0,0.0
4980,0.0,0.0,0.0,0.0,0.0,0.0,0.0,114.0,76.0,2.0,76.20351816,167.64,0.0,53,16.0,0.393682611,108.0,79.0,0.0,66.0,9.0,4.0,0.0,2.0,0.0,1.81,7.4,0.0,0.0,0.0,49.925,0.0,0.0,27.115631171,0.0,-0.21434869199999998,0.0,36.0,0.0,0.0
4980,0.0,0.0,0.0,0.0,0.0,0.0,0.0,118.0,82.0,4.0,78.47148001,167.64,0.0,54,17.0,0.40779146759999996,116.0,70.0,203.0,87.0,11.0,4.0,16.0,4.0,0.0,1.91,7.0,0.0,0.0,0.0,61.975,0.0,0.0,27.922644003000002,0.0,-0.13135851199999998,92.0,36.0,0.0,0.0
4980,25.0,0.0,0.0,0.0,0.0,0.0,0.0,112.0,76.0,5.0,78.47148001,167.64,0.0,54,18.0,0.3950479843,120.0,76.0,210.0,71.0,10.0,10.0,12.0,5.0,4.0,1.18,7.1,0.0,0.0,0.0,69.278,0.0,0.0,27.922644003000002,0.0,-0.13135851199999998,85.0,36.0,0.0,0.0
