PtID,Pt_CGMUseNumDays,Pt_FatherT1D,Pt_MotherT1D,Pt_SiblingT1D,Pt_ChildT1D,Pt_GrandchildT1D,Pt_GrandparentT1D,BldPrSys,BldPrDia,SMBGperDayPtMeterCombo,WeightKg,HeightCm,DirectLDL,age,diabDur,TotalDailyInsPerKg,LDL,HDL,TotChol,Triglyc,BUN,AlbCreatRat_mggNew,UnitsInsBasalOrLongAct,BGTestAvgNumMeter,BGTestAvgNumPtRep,TSH,HbA1c,AutonomicNeuroCl,Pt_InsGov,NumPumpBolusOrShortAct,HbA1cImputeDtMnC,Pt_SHFlg,Pt_DKAFlg,bmi,bmiPerc,bmiZscore,GFR,diagAgeCombo,Pt_A1cGoalLev,Pt_A1cGoalLevelDsYr5
4998,0.0,0.0,0.0,0.0,0.0,0.0,0.0,97.0,66.0,6.0,56.200094643,157.48,0.0,16,14.0,1.0498202961,70.0,52.0,137.0,75.0,0.0,2.5,0.0,6.0,6.0,0.0,7.3,0.0,0.0,6.0,0.0,0.0,0.0,22.661373808,0.7334687731,0.6233379659,0.0,1.0,0.0,0.0
4998,0.0,0.0,0.0,0.0,0.0,0.0,0.0,93.0,67.0,3.0,56.8,157.4,0.0,17,15.0,0.7394366197,69.0,56.0,137.0,59.0,0.0,0.0,0.0,3.0,9.0,0.0,8.8,0.0,0.0,0.0,18.191,0.0,0.0,22.926559126999997,0.7154619745999999,0.5694127729,0.0,1.0,6.9,0.0
4998,0.0,0.0,0.0,0.0,0.0,0.0,0.0,101.0,67.0,5.0,59.7,157.5,0.0,18,16.0,0.7202680067,0.0,0.0,0.0,0.0,0.0,4.2,19.0,5.0,0.0,0.0,7.3,0.0,0.0,0.0,26.025,0.0,0.0,24.066515495,0.767969688,0.7321768634999999,0.0,1.0,0.0,0.0
4998,0.0,0.0,0.0,0.0,0.0,0.0,0.0,109.0,72.0,4.0,59.5,157.9,0.0,19,17.0,0.6722689076,0.0,0.0,0.0,0.0,0.0,4.2,21.0,4.0,0.0,0.0,7.9,0.0,0.0,0.0,37.178000000000004,0.0,0.0,23.864520116999998,0.7298577661,0.6123828774,0.0,1.0,0.0,0.0
4998,0.0,0.0,0.0,0.0,0.0,0.0,0.0,93.0,67.0,1.0,66.3,158.0,0.0,20,18.0,0.6485671192,0.0,0.0,0.0,0.0,0.0,4.2,19.0,1.0,0.0,0.0,8.5,0.0,0.0,24.0,48.797,0.0,0.0,26.558243871,0.8534270407,-0.032597975,0.0,1.0,0.0,0.0
