PtID,Pt_CGMUseNumDays,Pt_FatherT1D,Pt_MotherT1D,Pt_SiblingT1D,Pt_ChildT1D,Pt_GrandchildT1D,Pt_GrandparentT1D,BldPrSys,BldPrDia,SMBGperDayPtMeterCombo,WeightKg,HeightCm,DirectLDL,age,diabDur,TotalDailyInsPerKg,LDL,HDL,TotChol,Triglyc,BUN,AlbCreatRat_mggNew,UnitsInsBasalOrLongAct,BGTestAvgNumMeter,BGTestAvgNumPtRep,TSH,HbA1c,AutonomicNeuroCl,Pt_InsGov,NumPumpBolusOrShortAct,HbA1cImputeDtMnC,Pt_SHFlg,Pt_DKAFlg,bmi,bmiPerc,bmiZscore,GFR,diagAgeCombo,Pt_A1cGoalLev,Pt_A1cGoalLevelDsYr5
5018,0.0,1.0,0.0,1.0,0.0,0.0,0.0,0.0,0.0,5.0,12.9,89.3,0.0,2,0.0,0.8527131782999999,0.0,0.0,0.0,0.0,0.0,0.0,0.0,5.0,6.0,0.0,6.6,0.0,0.0,0.0,-1.4269999999999998,0.0,0.0,16.176583079,0.42915245539999997,-0.17853235899999997,0.0,2.0,0.0,0.0
5018,0.0,1.0,0.0,1.0,0.0,0.0,0.0,0.0,0.0,11.0,15.1,96.1,0.0,3,1.0,0.7284768212,0.0,57.0,0.0,30.0,9.0,0.0,0.0,11.0,12.0,0.0,8.9,0.0,0.0,0.0,12.282,0.0,0.0,16.350467396,0.6837165906,0.47811716060000004,0.0,2.0,7.0,0.0
5018,0.0,0.0,0.0,0.0,0.0,0.0,0.0,98.0,63.0,11.0,16.7,102.6,0.0,4,2.0,0.8383233533,0.0,77.0,166.0,60.0,13.0,0.0,6.0,11.0,0.0,0.773,7.8,0.0,0.0,0.0,24.1,0.0,0.0,15.864330525,0.6661142191,0.4292084119,0.0,2.0,0.0,0.0
5018,0.0,0.0,0.0,0.0,0.0,0.0,0.0,97.0,66.0,0.0,19.0,110.7,0.0,5,3.0,0.8947368420999999,0.0,0.0,153.0,38.0,12.0,0.0,6.0,0.0,0.0,1.1,8.1,0.0,0.0,5.0,42.224,0.0,0.0,15.5045212,0.6034869609000001,0.2623831292,0.0,2.0,0.0,0.0
5018,0.0,0.0,0.0,0.0,0.0,0.0,0.0,107.0,57.0,11.0,20.5,115.0,0.0,6,4.0,0.9268292683,0.0,0.0,162.0,0.0,14.0,0.0,7.0,11.0,0.0,1.05,8.3,0.0,0.0,5.0,54.306999999999995,0.0,0.0,15.50094518,0.5778640292,0.1964321407,0.0,2.0,0.0,0.0
5018,0.0,0.0,0.0,0.0,0.0,0.0,0.0,105.0,64.0,7.0,22.6,122.0,0.0,7,5.0,0.8849557522,0.0,0.0,0.0,0.0,0.0,0.0,8.0,7.0,12.0,1.05,7.7,0.0,0.0,0.0,65.759,0.0,0.0,15.184090298,0.4348738779,-0.163978898,0.0,2.0,0.0,0.0
5018,0.0,0.0,0.0,0.0,0.0,0.0,0.0,102.0,72.0,5.0,24.9,126.7,0.0,8,6.0,0.9236947791,0.0,0.0,170.0,51.0,11.0,0.0,10.1,5.0,0.0,1.91,7.4,0.0,0.0,0.0,77.344,0.0,0.0,15.511225705,0.43359102060000004,-0.167238946,0.0,2.0,0.0,0.0
