PtID,Pt_CGMUseNumDays,Pt_FatherT1D,Pt_MotherT1D,Pt_SiblingT1D,Pt_ChildT1D,Pt_GrandchildT1D,Pt_GrandparentT1D,BldPrSys,BldPrDia,SMBGperDayPtMeterCombo,WeightKg,HeightCm,DirectLDL,age,diabDur,TotalDailyInsPerKg,LDL,HDL,TotChol,Triglyc,BUN,AlbCreatRat_mggNew,UnitsInsBasalOrLongAct,BGTestAvgNumMeter,BGTestAvgNumPtRep,TSH,HbA1c,AutonomicNeuroCl,Pt_InsGov,NumPumpBolusOrShortAct,HbA1cImputeDtMnC,Pt_SHFlg,Pt_DKAFlg,bmi,bmiPerc,bmiZscore,GFR,diagAgeCombo,Pt_A1cGoalLev,Pt_A1cGoalLevelDsYr5
5042,0.0,0.0,0.0,0.0,0.0,0.0,0.0,122.0,76.0,3.0,0.0,0.0,0.0,29,13.0,0.0,0.0,0.0,0.0,0.0,13.0,6.0,0.0,0.0,3.0,0.0,7.8,0.0,0.0,6.0,0.0,0.0,0.0,0.0,0.0,0.0,0.0,16.0,0.0,0.0
5042,0.0,0.0,0.0,0.0,0.0,0.0,0.0,122.0,74.0,7.0,106.86636237,167.894,0.0,30,14.0,1.8714962834,0.0,0.0,0.0,0.0,0.0,0.0,0.0,0.0,7.0,0.0,5.7,0.0,0.0,0.0,11.95,0.0,0.0,37.911474377,0.0,1.148302708,0.0,16.0,6.0,0.0
5042,0.0,0.0,0.0,0.0,0.0,0.0,0.0,124.0,78.0,1.0,107.86426559,167.894,0.0,31,15.0,0.7138601425,0.0,0.0,0.0,0.0,13.0,2.8,54.0,0.0,1.0,2.34,8.3,0.0,0.0,2.0,26.589000000000002,0.0,0.0,38.265486447,0.0,1.1889074184000001,97.6,16.0,0.0,0.0
5042,0.0,0.0,0.0,0.0,0.0,0.0,0.0,124.0,82.0,1.0,106.95708085,167.894,0.0,33,17.0,0.6638176682,0.0,0.0,0.0,0.0,11.0,2.8,55.0,0.0,1.0,1.81,8.0,0.0,0.0,1.0,46.108000000000004,0.0,0.0,37.943657292,0.0,1.1519940453,82.6,16.0,0.0,0.0
5042,0.0,0.0,0.0,0.0,0.0,0.0,0.0,128.0,72.0,0.0,111.49300455,168.148,0.0,34,18.0,0.6368112537,0.0,0.0,0.0,0.0,0.0,2.8,55.0,0.0,0.0,0.0,9.0,0.0,0.0,17.0,59.718,0.0,0.0,39.433398444,0.0,1.3228653609,0.0,16.0,0.0,0.0
