PtID,Pt_CGMUseNumDays,Pt_FatherT1D,Pt_MotherT1D,Pt_SiblingT1D,Pt_ChildT1D,Pt_GrandchildT1D,Pt_GrandparentT1D,BldPrSys,BldPrDia,SMBGperDayPtMeterCombo,WeightKg,HeightCm,DirectLDL,age,diabDur,TotalDailyInsPerKg,LDL,HDL,TotChol,Triglyc,BUN,AlbCreatRat_mggNew,UnitsInsBasalOrLongAct,BGTestAvgNumMeter,BGTestAvgNumPtRep,TSH,HbA1c,AutonomicNeuroCl,Pt_InsGov,NumPumpBolusOrShortAct,HbA1cImputeDtMnC,Pt_SHFlg,Pt_DKAFlg,bmi,bmiPerc,bmiZscore,GFR,diagAgeCombo,Pt_A1cGoalLev,Pt_A1cGoalLevelDsYr5
5069,0.0,0.0,0.0,0.0,0.0,0.0,0.0,110.0,70.0,2.0,66.81415610100001,180.34,0.0,19,2.0,0.0,121.0,50.0,0.0,158.0,20.0,0.0,0.0,2.0,3.0,0.0,9.1,0.0,0.0,0.0,0.0,0.0,0.0,20.543969267999998,0.3678883652,-0.33745128399999996,0.0,17.0,0.0,0.0
5069,0.0,0.0,0.0,0.0,0.0,0.0,0.0,100.0,70.0,2.0,72.5747792,154.94,0.0,21,4.0,0.5235978727,149.0,74.0,0.0,40.0,11.0,5.5,0.0,2.0,3.0,0.0,7.5,0.0,0.0,0.0,24.1,0.0,0.0,30.231425085,0.0,0.4626873754,0.0,17.0,6.0,0.0
5069,0.0,0.0,0.0,0.0,0.0,0.0,0.0,110.0,70.0,2.0,77.1107029,180.34,0.0,22,5.0,0.0,158.0,73.0,0.0,59.0,18.0,0.0,18.0,2.0,0.0,1.95,7.1,0.0,0.0,0.0,36.846,0.0,0.0,23.709944166,0.0,-0.416657741,0.0,17.0,0.0,0.0
5069,0.0,0.0,0.0,0.0,0.0,0.0,0.0,98.0,64.0,2.0,76.20351816,180.34,0.0,24,6.0,0.3280688425,133.0,62.0,216.0,104.0,13.0,0.0,16.0,2.0,0.0,2.46,9.0,0.0,0.0,0.0,55.701,0.0,0.0,23.431003646,0.0,-0.454269594,112.0,17.0,0.0,0.0
