PtID,Pt_CGMUseNumDays,Pt_FatherT1D,Pt_MotherT1D,Pt_SiblingT1D,Pt_ChildT1D,Pt_GrandchildT1D,Pt_GrandparentT1D,BldPrSys,BldPrDia,SMBGperDayPtMeterCombo,WeightKg,HeightCm,DirectLDL,age,diabDur,TotalDailyInsPerKg,LDL,HDL,TotChol,Triglyc,BUN,AlbCreatRat_mggNew,UnitsInsBasalOrLongAct,BGTestAvgNumMeter,BGTestAvgNumPtRep,TSH,HbA1c,AutonomicNeuroCl,Pt_InsGov,NumPumpBolusOrShortAct,HbA1cImputeDtMnC,Pt_SHFlg,Pt_DKAFlg,bmi,bmiPerc,bmiZscore,GFR,diagAgeCombo,Pt_A1cGoalLev,Pt_A1cGoalLevelDsYr5
5138,0.0,0.0,0.0,0.0,0.0,0.0,0.0,115.0,70.0,4.0,68.7,155.4,1.0,11,3.0,0.0873362445,60.0,33.0,109.0,80.0,0.0,4.0,0.0,4.0,8.0,0.0,7.4,0.0,0.0,0.0,-0.066,1.0,0.0,28.448194471,0.9868869626000001,2.2228476497,0.0,8.0,0.0,0.0
5138,0.0,0.0,0.0,0.0,0.0,0.0,0.0,137.0,77.0,10.0,75.7,161.7,0.0,12,4.0,1.321003963,0.0,0.0,0.0,0.0,0.0,3.0,0.0,0.0,10.0,0.0,7.1,0.0,0.0,0.0,11.054,0.0,0.0,28.951817979,0.9848455454999999,2.1660298107,0.0,8.0,7.0,0.0
5138,0.0,0.0,0.0,0.0,0.0,0.0,0.0,139.0,72.0,0.0,79.9,167.6,1.0,13,5.0,0.0,81.0,40.0,136.0,73.0,0.0,8.0,30.0,0.0,0.0,2.889,7.0,0.0,0.0,0.0,24.199,0.0,0.0,28.444529252,0.9789869749,2.0332620985,0.0,8.0,0.0,0.0
5138,0.0,0.0,0.0,0.0,0.0,0.0,0.0,118.0,64.0,0.0,97.0,174.0,0.0,15,6.0,0.0,0.0,0.0,0.0,0.0,0.0,8.0,0.0,0.0,0.0,2.5180000000000002,6.7,0.0,0.0,0.0,38.274,0.0,0.0,32.038578412,0.9868308059,2.2211856738,0.0,8.0,0.0,0.0
5138,0.0,0.0,0.0,0.0,0.0,0.0,0.0,153.0,89.0,0.0,102.3,176.5,0.0,15,6.0,0.0,64.0,33.0,138.0,206.0,8.0,8.0,20.0,0.0,0.0,0.0,7.5,0.0,0.0,0.0,47.369,0.0,0.0,32.838719515,0.9888430907,2.2849831026,0.0,8.0,0.0,0.0
5138,3.0,0.0,0.0,0.0,0.0,0.0,0.0,132.0,88.0,5.0,105.9,176.8,0.0,16,7.0,0.0,90.0,42.0,149.0,85.0,0.0,8.0,0.0,5.0,9.0,0.0,7.6,0.0,0.0,0.0,57.261,0.0,0.0,33.879066768,0.9902546183,2.3360091728,0.0,8.0,0.0,0.0
