PtID,Pt_CGMUseNumDays,Pt_FatherT1D,Pt_MotherT1D,Pt_SiblingT1D,Pt_ChildT1D,Pt_GrandchildT1D,Pt_GrandparentT1D,BldPrSys,BldPrDia,SMBGperDayPtMeterCombo,WeightKg,HeightCm,DirectLDL,age,diabDur,TotalDailyInsPerKg,LDL,HDL,TotChol,Triglyc,BUN,AlbCreatRat_mggNew,UnitsInsBasalOrLongAct,BGTestAvgNumMeter,BGTestAvgNumPtRep,TSH,HbA1c,AutonomicNeuroCl,Pt_InsGov,NumPumpBolusOrShortAct,HbA1cImputeDtMnC,Pt_SHFlg,Pt_DKAFlg,bmi,bmiPerc,bmiZscore,GFR,diagAgeCombo,Pt_A1cGoalLev,Pt_A1cGoalLevelDsYr5
5153,30.0,0.0,0.0,0.0,0.0,0.0,0.0,118.0,72.0,3.0,39.3,142.8,0.0,12,9.0,0.0,61.0,68.0,144.0,73.0,13.0,0.0,0.0,0.0,3.0,0.0,8.1,0.0,0.0,6.0,0.0,0.0,0.0,19.272414848,0.7103543724,0.5544202725,0.0,2.0,0.0,0.0
5153,0.0,0.0,0.0,0.0,0.0,0.0,0.0,115.0,73.0,3.0,55.0,159.5,0.0,13,11.0,0.9454545455,74.0,66.0,0.0,34.0,18.0,29.9,0.0,3.0,4.0,0.0,8.1,0.0,0.0,0.0,22.805,0.0,0.0,21.619284401999998,0.8389395807,0.9901090128,0.0,2.0,0.0,0.0
5153,0.0,0.0,0.0,0.0,0.0,0.0,0.0,120.0,64.0,3.0,65.1,164.7,0.0,15,12.0,1.2288786482,58.0,60.0,137.0,96.0,13.0,29.9,30.0,3.0,0.0,1.1,8.1,0.0,0.0,0.0,37.876,0.0,0.0,23.999035615,0.8769921643,1.1600813874,0.0,2.0,0.0,0.0
5153,0.0,0.0,0.0,0.0,0.0,0.0,0.0,128.0,81.0,2.0,66.6,167.2,0.0,16,13.0,0.9009009009000001,0.0,0.0,134.0,36.0,19.0,31.0,30.0,2.0,0.0,1.1,9.2,0.0,0.0,2.0,48.928999999999995,0.0,0.0,23.823287013,0.8304715845,0.9560304890000001,0.0,2.0,0.0,0.0
5153,0.0,0.0,0.0,0.0,0.0,0.0,0.0,126.0,81.0,3.0,71.5,168.0,0.0,17,14.0,1.020979021,65.0,57.0,134.0,61.0,16.0,31.0,33.0,3.0,0.0,0.77,9.3,0.0,0.0,5.0,60.846000000000004,0.0,0.0,25.333049886999998,0.8700475826,1.1266160865000001,0.0,2.0,0.0,0.0
5153,0.0,0.0,0.0,0.0,0.0,0.0,0.0,116.0,71.0,0.0,71.9,168.5,0.0,18,15.0,0.7649513213,68.0,55.0,0.0,88.0,19.0,10.0,27.0,0.0,0.0,0.62,7.7,0.0,0.0,4.0,76.382,0.0,0.0,25.323811956,0.8337210906999999,0.9689746876,0.0,2.0,0.0,0.0
