PtID,Pt_CGMUseNumDays,Pt_FatherT1D,Pt_MotherT1D,Pt_SiblingT1D,Pt_ChildT1D,Pt_GrandchildT1D,Pt_GrandparentT1D,BldPrSys,BldPrDia,SMBGperDayPtMeterCombo,WeightKg,HeightCm,DirectLDL,age,diabDur,TotalDailyInsPerKg,LDL,HDL,TotChol,Triglyc,BUN,AlbCreatRat_mggNew,UnitsInsBasalOrLongAct,BGTestAvgNumMeter,BGTestAvgNumPtRep,TSH,HbA1c,AutonomicNeuroCl,Pt_InsGov,NumPumpBolusOrShortAct,HbA1cImputeDtMnC,Pt_SHFlg,Pt_DKAFlg,bmi,bmiPerc,bmiZscore,GFR,diagAgeCombo,Pt_A1cGoalLev,Pt_A1cGoalLevelDsYr5
5187,0.0,0.0,0.0,0.0,0.0,0.0,0.0,129.0,75.0,7.0,82.46309286600001,171.45,0.0,61,1.0,0.3759257496,83.0,86.0,232.0,84.0,19.0,7.0,0.0,0.0,7.0,0.0,7.7,0.0,0.0,19.0,0.0,0.0,0.0,28.053344215,0.0,-0.19213486,0.0,59.0,0.0,0.0
5187,30.0,0.0,0.0,0.0,0.0,0.0,0.0,133.0,71.0,6.0,84.8,171.5,0.0,62,3.0,0.3301886792,70.0,85.0,0.0,78.0,12.0,12.0,0.0,6.0,8.0,0.0,8.2,0.0,0.0,3.0,11.386,0.0,0.0,28.83152428,0.0,-0.095464664,0.0,59.0,7.0,0.0
5187,0.0,0.0,0.0,0.0,0.0,0.0,0.0,143.0,81.0,6.0,85.27536556,171.5,0.0,63,4.0,0.0,53.0,97.0,0.0,83.0,17.0,19.0,14.0,0.0,6.0,2.17,8.5,0.0,0.0,0.0,28.581,0.0,0.0,28.993145903000002,0.0,-0.075387056,0.0,59.0,0.0,0.0
5187,0.0,0.0,0.0,0.0,0.0,0.0,0.0,128.0,68.0,0.0,88.6,170.2,0.0,64,5.0,0.3611738149,80.0,88.0,184.0,79.0,18.0,14.0,15.0,0.0,0.0,2.53,7.8,0.0,0.0,0.0,41.593,0.0,0.0,30.585431393,0.0,0.122416199,0.0,59.0,0.0,0.0
5187,0.0,0.0,0.0,0.0,0.0,0.0,0.0,136.0,63.0,5.0,0.0,0.0,0.0,65,6.0,0.0,81.0,90.0,188.0,84.0,22.0,32.0,15.0,5.0,5.0,0.89,8.4,0.0,0.0,4.0,53.443999999999996,0.0,0.0,0.0,0.0,0.0,56.0,59.0,0.0,0.0
5187,0.0,0.0,0.0,0.0,0.0,0.0,0.0,126.0,60.0,4.0,86.9,172.7,0.0,66,7.0,0.3567318757,74.0,95.0,0.0,83.0,21.0,40.0,16.0,4.0,9.0,1.47,8.3,0.0,1.0,3.0,63.203,0.0,0.0,29.13634704,0.0,-0.057597752,58.0,59.0,0.0,0.0
5187,0.0,0.0,0.0,0.0,0.0,0.0,0.0,152.0,75.0,5.0,85.0,172.7,0.0,67,7.0,0.3658823529,0.0,0.0,0.0,0.0,0.0,15.0,15.6,5.0,5.0,0.0,7.7,0.0,0.0,16.0,72.73,0.0,0.0,28.499303779,0.0,-0.136735087,0.0,59.0,0.0,0.0
