PtID,Pt_CGMUseNumDays,Pt_FatherT1D,Pt_MotherT1D,Pt_SiblingT1D,Pt_ChildT1D,Pt_GrandchildT1D,Pt_GrandparentT1D,BldPrSys,BldPrDia,SMBGperDayPtMeterCombo,WeightKg,HeightCm,DirectLDL,age,diabDur,TotalDailyInsPerKg,LDL,HDL,TotChol,Triglyc,BUN,AlbCreatRat_mggNew,UnitsInsBasalOrLongAct,BGTestAvgNumMeter,BGTestAvgNumPtRep,TSH,HbA1c,AutonomicNeuroCl,Pt_InsGov,NumPumpBolusOrShortAct,HbA1cImputeDtMnC,Pt_SHFlg,Pt_DKAFlg,bmi,bmiPerc,bmiZscore,GFR,diagAgeCombo,Pt_A1cGoalLev,Pt_A1cGoalLevelDsYr5
5194,0.0,0.0,0.0,0.0,0.0,0.0,0.0,114.0,70.0,5.0,29.4,121.6,1.0,7,0.0,0.4081632653,145.0,40.0,196.0,35.0,16.0,0.0,0.0,0.0,5.0,0.0,5.5,0.0,0.0,0.0,0.1,0.0,0.0,19.882920706,0.9556106655,1.7018757156,0.0,7.0,0.0,0.0
5194,0.0,0.0,0.0,0.0,0.0,0.0,0.0,112.0,64.0,5.0,32.4,128.4,1.0,8,1.0,0.5864197531,85.0,48.0,153.0,81.0,0.0,0.0,0.0,0.0,5.0,0.0,7.2,0.0,1.0,0.0,13.642999999999999,0.0,0.0,19.652371386,0.9222266837,1.4202097269999998,0.0,7.0,0.0,0.0
5194,0.0,0.0,0.0,0.0,0.0,0.0,0.0,120.0,78.0,5.0,33.9,132.7,1.0,9,2.0,0.6194690265,112.0,72.0,197.0,58.0,0.0,0.0,0.0,5.0,4.0,3.27,7.9,0.0,0.0,0.0,24.963,0.0,0.0,19.251202064,0.8605441765999999,1.0827674725,0.0,7.0,0.0,0.0
5194,0.0,0.0,0.0,0.0,0.0,0.0,0.0,107.0,80.0,5.0,36.4,136.6,0.0,10,3.0,0.5769230769,98.0,76.0,196.0,50.0,0.0,0.0,9.0,0.0,5.0,2.457,7.8,0.0,0.0,4.0,37.809,0.0,0.0,19.507426755999997,0.8214460571,0.9208899506,0.0,7.0,0.0,0.0
5194,0.0,0.0,0.0,0.0,0.0,0.0,0.0,112.0,74.0,5.0,37.0,138.9,0.0,12,4.0,0.972972973,110.0,82.0,212.0,69.0,0.0,2.9,25.0,5.0,5.0,2.46,0.0,0.0,0.0,11.0,0.0,0.0,0.0,19.17773144,0.6469366548,0.37706312979999995,0.0,7.0,0.0,0.0
5194,0.0,0.0,0.0,0.0,0.0,0.0,0.0,126.0,84.0,5.0,56.0,153.0,1.0,13,5.0,1.2142857143,92.0,75.0,183.0,60.0,0.0,2.9,34.0,5.0,5.0,3.14,0.0,0.0,0.0,4.0,0.0,0.0,0.0,23.922423000000002,0.9023965671999999,1.2953286918,0.0,7.0,0.0,0.0
5194,0.0,0.0,0.0,0.0,0.0,0.0,0.0,118.0,76.0,4.0,60.8,153.3,1.0,14,6.0,1.1842105263,85.0,83.0,176.0,76.0,0.0,6.1,37.0,4.0,4.0,2.44,0.0,0.0,1.0,4.0,0.0,0.0,0.0,25.871360616999997,0.9286013446,1.4654532044,0.0,7.0,0.0,0.0
