PtID,Pt_CGMUseNumDays,Pt_FatherT1D,Pt_MotherT1D,Pt_SiblingT1D,Pt_ChildT1D,Pt_GrandchildT1D,Pt_GrandparentT1D,BldPrSys,BldPrDia,SMBGperDayPtMeterCombo,WeightKg,HeightCm,DirectLDL,age,diabDur,TotalDailyInsPerKg,LDL,HDL,TotChol,Triglyc,BUN,AlbCreatRat_mggNew,UnitsInsBasalOrLongAct,BGTestAvgNumMeter,BGTestAvgNumPtRep,TSH,HbA1c,AutonomicNeuroCl,Pt_InsGov,NumPumpBolusOrShortAct,HbA1cImputeDtMnC,Pt_SHFlg,Pt_DKAFlg,bmi,bmiPerc,bmiZscore,GFR,diagAgeCombo,Pt_A1cGoalLev,Pt_A1cGoalLevelDsYr5
5218,15.0,0.0,0.0,0.0,0.0,0.0,0.0,111.0,73.0,7.0,16.4,103.6,0.0,3,0.0,0.5487804878,0.0,0.0,0.0,0.0,0.0,0.0,0.0,7.0,8.0,0.0,10.0,0.0,0.0,0.0,-0.498,0.0,0.0,15.280034585,0.2509353244,-0.6715493240000001,0.0,3.0,0.0,0.0
5218,0.0,0.0,0.0,0.0,0.0,0.0,0.0,116.0,75.0,2.0,18.6,112.0,0.0,4,1.0,0.752688172,0.0,0.0,0.0,0.0,0.0,0.0,0.0,2.0,6.0,0.0,10.4,0.0,0.0,0.0,16.963,0.0,0.0,14.827806122,0.21840484899999998,-0.777591798,0.0,3.0,0.0,0.0
5218,0.0,0.0,0.0,0.0,0.0,0.0,0.0,96.0,63.0,7.0,21.6,116.8,0.0,5,2.0,0.0,0.0,0.0,0.0,0.0,0.0,0.0,5.0,7.0,0.0,0.0,8.4,0.0,0.0,0.0,27.186999999999998,0.0,0.0,15.833176955999999,0.6307102003,0.3337349161,0.0,3.0,0.0,0.0
5218,0.0,0.0,0.0,0.0,0.0,0.0,0.0,102.0,65.0,6.0,22.7,121.0,0.0,6,3.0,0.704845815,0.0,0.0,0.0,0.0,0.0,0.0,4.0,6.0,0.0,2.54,9.0,0.0,0.0,3.0,39.203,0.0,0.0,15.504405437,0.5377800785,0.0948426081,0.0,3.0,0.0,0.0
5218,0.0,0.0,0.0,0.0,0.0,0.0,0.0,112.0,64.0,6.0,24.7,126.9,0.0,7,4.0,0.6882591093000001,0.0,0.0,0.0,0.0,0.0,0.0,6.0,6.0,0.0,3.09,10.1,0.0,0.0,0.0,50.821999999999996,0.0,0.0,15.338175726,0.4523190729,-0.11980433800000001,0.0,3.0,0.0,0.0
5218,0.0,0.0,0.0,0.0,0.0,0.0,0.0,107.0,78.0,7.0,29.0,135.0,0.0,9,6.0,0.6551724138,0.0,0.0,0.0,0.0,0.0,0.0,8.4,7.0,0.0,0.0,11.3,0.0,0.0,0.0,74.523,0.0,0.0,15.912208505,0.44601923479999994,-0.135725271,0.0,3.0,0.0,0.0
