PtID,Pt_CGMUseNumDays,Pt_FatherT1D,Pt_MotherT1D,Pt_SiblingT1D,Pt_ChildT1D,Pt_GrandchildT1D,Pt_GrandparentT1D,BldPrSys,BldPrDia,SMBGperDayPtMeterCombo,WeightKg,HeightCm,DirectLDL,age,diabDur,TotalDailyInsPerKg,LDL,HDL,TotChol,Triglyc,BUN,AlbCreatRat_mggNew,UnitsInsBasalOrLongAct,BGTestAvgNumMeter,BGTestAvgNumPtRep,TSH,HbA1c,AutonomicNeuroCl,Pt_InsGov,NumPumpBolusOrShortAct,HbA1cImputeDtMnC,Pt_SHFlg,Pt_DKAFlg,bmi,bmiPerc,bmiZscore,GFR,diagAgeCombo,Pt_A1cGoalLev,Pt_A1cGoalLevelDsYr5
5239,0.0,1.0,0.0,0.0,0.0,0.0,0.0,120.0,77.0,3.0,41.27690567,148.59,0.0,13,12.0,0.6056655555,77.0,61.0,0.0,107.0,0.0,9.9,0.0,3.0,4.0,0.0,7.7,0.0,1.0,5.0,0.0,0.0,0.0,18.695107530999998,0.539584085,0.0993859599,0.0,1.0,0.0,0.0
5239,0.0,0.0,0.0,0.0,0.0,0.0,0.0,100.0,60.0,3.0,53.4,161.54399999999998,1.0,15,14.0,1.0861423221,76.0,0.0,0.0,0.0,0.0,0.0,16.0,3.0,0.0,1.25,7.6,0.0,0.0,0.0,19.917,0.0,0.0,20.462542408,0.5891274338,0.22530098629999998,0.0,1.0,0.0,0.0
5239,0.0,0.0,0.0,0.0,0.0,0.0,0.0,110.0,60.0,3.0,59.1,169.418,1.0,16,15.0,0.8798646362,95.0,0.0,0.0,0.0,0.0,9.9,23.0,3.0,0.0,0.52,7.6,0.0,0.0,0.0,31.768,0.0,0.0,20.590570504000002,0.508920092,0.0223612183,0.0,1.0,0.0,0.0
5239,0.0,0.0,0.0,0.0,0.0,0.0,0.0,100.0,62.0,4.0,64.2,174.498,0.0,17,16.0,1.1214953270999999,0.0,0.0,0.0,0.0,0.0,9.5,23.0,4.0,0.0,1.26,9.0,0.0,0.0,0.0,45.776,0.0,0.0,21.084054042,0.4814182297,-0.046594445,0.0,1.0,0.0,0.0
5239,0.0,0.0,0.0,0.0,0.0,0.0,0.0,102.0,68.0,3.0,65.31730128,175.26,0.0,18,16.0,0.9185927590999999,88.0,43.0,0.0,101.0,0.0,9.5,22.0,3.0,0.0,0.57,8.4,0.0,0.0,0.0,51.983000000000004,0.0,0.0,21.264864412999998,0.4138813357,-0.217571912,0.0,1.0,0.0,0.0
5239,0.0,0.0,0.0,0.0,0.0,0.0,0.0,112.0,60.0,1.0,66.22448602,175.26,0.0,19,18.0,0.6644068175,88.0,45.0,0.0,85.0,0.0,0.0,20.0,1.0,0.0,0.89,9.7,0.0,0.0,0.0,67.154,0.0,0.0,21.560209752,0.3720525301,-0.326422046,0.0,1.0,0.0,0.0
