PtID,Pt_CGMUseNumDays,Pt_FatherT1D,Pt_MotherT1D,Pt_SiblingT1D,Pt_ChildT1D,Pt_GrandchildT1D,Pt_GrandparentT1D,BldPrSys,BldPrDia,SMBGperDayPtMeterCombo,WeightKg,HeightCm,DirectLDL,age,diabDur,TotalDailyInsPerKg,LDL,HDL,TotChol,Triglyc,BUN,AlbCreatRat_mggNew,UnitsInsBasalOrLongAct,BGTestAvgNumMeter,BGTestAvgNumPtRep,TSH,HbA1c,AutonomicNeuroCl,Pt_InsGov,NumPumpBolusOrShortAct,HbA1cImputeDtMnC,Pt_SHFlg,Pt_DKAFlg,bmi,bmiPerc,bmiZscore,GFR,diagAgeCombo,Pt_A1cGoalLev,Pt_A1cGoalLevelDsYr5
5272,0.0,0.0,0.0,0.0,0.0,0.0,0.0,85.0,44.0,0.0,28.8,134.0,0.0,8,1.0,0.2777777778,0.0,0.0,0.0,0.0,15.0,0.0,0.0,0.0,5.0,0.0,9.4,0.0,0.0,0.0,0.0,0.0,0.0,16.03920695,0.5646691637,0.16281807980000002,0.0,7.0,0.0,0.0
5272,0.0,0.0,0.0,0.0,0.0,0.0,0.0,100.0,63.0,10.0,35.0,143.6,0.0,10,2.0,0.7142857143000001,0.0,61.0,125.0,128.0,0.0,0.0,0.0,0.0,10.0,0.0,8.5,0.0,0.0,0.0,22.008000000000003,0.0,0.0,16.973021625,0.5668072222999999,0.1682513371,0.0,7.0,7.0,0.0
5272,0.0,0.0,0.0,0.0,0.0,0.0,0.0,104.0,59.0,0.0,37.8,151.9,0.0,11,4.0,0.7407407407,0.0,0.0,0.0,0.0,15.0,0.0,13.0,0.0,0.0,1.81,7.2,0.0,0.0,4.0,40.199,0.0,0.0,16.38235196,0.3452350944,-0.398217064,0.0,7.0,0.0,0.0
5272,0.0,0.0,0.0,0.0,0.0,0.0,0.0,104.0,52.0,0.0,41.6,156.2,0.0,12,5.0,0.7932692308,0.0,0.0,146.0,0.0,0.0,0.0,13.0,0.0,0.0,1.88,8.5,0.0,0.0,0.0,54.606,0.0,0.0,17.050270427,0.3668549915,-0.340194602,0.0,7.0,0.0,0.0
5272,0.0,0.0,0.0,0.0,0.0,0.0,0.0,0.0,0.0,9.0,47.7,161.8,0.0,13,6.0,1.0482180294,0.0,0.0,0.0,0.0,0.0,0.0,23.0,0.0,9.0,2.6,8.8,0.0,0.0,0.0,65.095,0.0,0.0,18.220544217,0.4632958842,-0.092133757,0.0,7.0,0.0,0.0
5272,0.0,0.0,0.0,0.0,0.0,0.0,0.0,101.0,59.0,6.0,50.3,164.5,0.0,14,6.0,0.9761431412,0.0,0.0,0.0,0.0,0.0,0.0,26.6,6.0,10.0,0.0,7.7,0.0,0.0,0.0,70.672,0.0,0.0,18.588150516,0.41337359380000005,-0.21887529999999997,0.0,7.0,0.0,0.0
