PtID,Pt_CGMUseNumDays,Pt_FatherT1D,Pt_MotherT1D,Pt_SiblingT1D,Pt_ChildT1D,Pt_GrandchildT1D,Pt_GrandparentT1D,BldPrSys,BldPrDia,SMBGperDayPtMeterCombo,WeightKg,HeightCm,DirectLDL,age,diabDur,TotalDailyInsPerKg,LDL,HDL,TotChol,Triglyc,BUN,AlbCreatRat_mggNew,UnitsInsBasalOrLongAct,BGTestAvgNumMeter,BGTestAvgNumPtRep,TSH,HbA1c,AutonomicNeuroCl,Pt_InsGov,NumPumpBolusOrShortAct,HbA1cImputeDtMnC,Pt_SHFlg,Pt_DKAFlg,bmi,bmiPerc,bmiZscore,GFR,diagAgeCombo,Pt_A1cGoalLev,Pt_A1cGoalLevelDsYr5
5279,0.0,0.0,0.0,0.0,0.0,0.0,1.0,0.0,0.0,6.0,73.84483783600001,167.64,0.0,27,25.0,0.7718887557999999,49.0,81.0,0.0,38.0,10.0,44.0,0.0,6.0,8.0,0.0,6.3,0.0,0.0,0.0,-0.43200000000000005,0.0,0.0,26.276337825,0.0,-0.070609695,0.0,2.0,0.0,0.0
5279,0.0,0.0,0.0,0.0,0.0,0.0,1.0,120.0,80.0,5.0,76.20351816,167.64,0.0,28,26.0,0.4592963796,0.0,0.0,0.0,0.0,23.0,0.0,0.0,5.0,9.0,0.0,6.4,0.0,0.0,0.0,15.335999999999999,1.0,0.0,27.115631171,0.0,0.042559156699999996,0.0,2.0,0.0,0.0
5279,0.0,0.0,0.0,0.0,0.0,0.0,0.0,120.0,80.0,0.0,0.0,0.0,0.0,30,28.0,0.0,62.0,105.0,186.0,78.0,18.0,2.0,0.0,0.0,0.0,2.41,6.9,0.0,0.0,0.0,34.855,0.0,0.0,0.0,0.0,0.0,77.0,2.0,0.0,0.0
5279,0.0,0.0,0.0,0.0,0.0,0.0,0.0,110.0,70.0,0.0,78.01788764,167.6,0.0,31,29.0,0.0,60.0,103.0,174.0,57.0,16.0,4.0,0.0,0.0,0.0,4.01,7.1,0.0,0.0,0.0,47.635,0.0,0.0,27.774494206999996,0.0,-0.014395346000000002,68.0,2.0,0.0,0.0
5279,0.0,0.0,0.0,0.0,0.0,0.0,0.0,120.0,80.0,0.0,78.0,168.0,0.0,32,30.0,0.0,55.0,86.0,150.0,43.0,19.0,4.0,0.0,0.0,0.0,2.22,7.5,0.0,0.0,0.0,65.527,0.0,0.0,27.636054421999997,0.0,-0.030274204,0.0,2.0,0.0,0.0
