PtID,Pt_CGMUseNumDays,Pt_FatherT1D,Pt_MotherT1D,Pt_SiblingT1D,Pt_ChildT1D,Pt_GrandchildT1D,Pt_GrandparentT1D,BldPrSys,BldPrDia,SMBGperDayPtMeterCombo,WeightKg,HeightCm,DirectLDL,age,diabDur,TotalDailyInsPerKg,LDL,HDL,TotChol,Triglyc,BUN,AlbCreatRat_mggNew,UnitsInsBasalOrLongAct,BGTestAvgNumMeter,BGTestAvgNumPtRep,TSH,HbA1c,AutonomicNeuroCl,Pt_InsGov,NumPumpBolusOrShortAct,HbA1cImputeDtMnC,Pt_SHFlg,Pt_DKAFlg,bmi,bmiPerc,bmiZscore,GFR,diagAgeCombo,Pt_A1cGoalLev,Pt_A1cGoalLevelDsYr5
5291,20.0,0.0,0.0,0.0,0.0,0.0,0.0,114.0,70.0,0.0,77.1107029,154.94,0.0,27,13.0,0.7262286284,0.0,0.0,0.0,0.0,7.0,0.0,0.0,0.0,0.0,0.0,7.0,0.0,0.0,5.0,-0.332,0.0,0.0,32.120889153,0.0,0.7174594157999999,0.0,14.0,0.0,0.0
5291,30.0,0.0,0.0,0.0,0.0,0.0,0.0,114.0,72.0,12.0,78.47148001,154.94,0.0,27,13.0,1.4655005868000002,0.0,0.0,0.0,0.0,7.0,9.0,0.0,0.0,12.0,0.0,8.1,0.0,0.0,0.0,4.647,1.0,0.0,32.687728373,0.0,0.7938910279000001,0.0,14.0,5.5,0.0
5291,0.0,0.0,0.0,0.0,0.0,0.0,0.0,122.0,74.0,4.0,89.35769689,154.94,0.0,29,15.0,0.0,0.0,0.0,0.0,0.0,12.0,3.0,48.0,4.0,4.0,1.99,7.4,0.0,0.0,0.0,27.916999999999998,0.0,0.0,37.222442136,0.0,1.4053439249000002,0.0,14.0,0.0,0.0
5291,0.0,0.0,0.0,0.0,0.0,0.0,0.0,110.0,70.0,3.0,83.46099608,157.48,1.0,30,16.0,1.0304214428,94.0,0.0,0.0,0.0,9.0,3.0,46.0,3.0,3.0,0.4,6.2,0.0,0.0,10.0,42.058,0.0,0.0,33.653694759000004,0.0,0.659941086,0.0,14.0,0.0,0.0
5291,0.0,0.0,0.0,0.0,0.0,0.0,0.0,122.0,68.0,0.0,89.81128926,154.94,0.0,31,17.0,1.4029416684,84.0,68.0,179.0,136.0,11.0,3.0,48.0,0.0,0.0,0.53,6.3,0.0,0.0,8.0,58.224,0.0,0.0,37.411388543,0.0,1.0909435323,0.0,14.0,0.0,0.0
5291,30.0,0.0,0.0,0.0,0.0,0.0,0.0,106.0,64.0,4.0,86.1825503,154.94,0.0,32,18.0,0.0,49.0,81.0,168.0,190.0,8.0,3.0,49.0,4.0,1.0,0.53,6.5,0.0,0.0,0.0,67.35300000000001,0.0,0.0,35.899817289,0.0,0.9175683331000001,0.0,14.0,0.0,0.0
5291,0.0,0.0,0.0,0.0,0.0,0.0,0.0,111.0,64.0,4.0,86.63614267,154.94,0.0,33,19.0,0.0,0.0,0.0,0.0,0.0,8.0,3.0,50.0,0.0,4.0,0.49,6.5,0.0,0.0,3.0,76.415,0.0,0.0,36.088763696,0.0,0.9392402329999999,0.0,14.0,0.0,0.0
