PtID,Pt_CGMUseNumDays,Pt_FatherT1D,Pt_MotherT1D,Pt_SiblingT1D,Pt_ChildT1D,Pt_GrandchildT1D,Pt_GrandparentT1D,BldPrSys,BldPrDia,SMBGperDayPtMeterCombo,WeightKg,HeightCm,DirectLDL,age,diabDur,TotalDailyInsPerKg,LDL,HDL,TotChol,Triglyc,BUN,AlbCreatRat_mggNew,UnitsInsBasalOrLongAct,BGTestAvgNumMeter,BGTestAvgNumPtRep,TSH,HbA1c,AutonomicNeuroCl,Pt_InsGov,NumPumpBolusOrShortAct,HbA1cImputeDtMnC,Pt_SHFlg,Pt_DKAFlg,bmi,bmiPerc,bmiZscore,GFR,diagAgeCombo,Pt_A1cGoalLev,Pt_A1cGoalLevelDsYr5
5300,0.0,1.0,0.0,1.0,1.0,0.0,0.0,110.0,70.0,4.0,99.33672903,189.23,0.0,48,14.0,0.7046738974,93.0,64.0,0.0,137.0,13.0,0.0,0.0,4.0,6.0,0.0,8.7,0.0,1.0,0.0,0.0,0.0,0.0,27.741495958,0.0,-0.094677756,0.0,34.0,0.0,0.0
5300,0.0,0.0,0.0,0.0,0.0,0.0,0.0,120.0,70.0,3.0,106.59420695,187.96,0.0,51,17.0,0.9099931673,121.0,61.0,0.0,145.0,27.0,5.0,43.0,3.0,0.0,2.0,7.8,0.0,0.0,7.0,29.278000000000002,0.0,0.0,30.171904896999997,0.0,0.194816095,66.0,34.0,0.0,0.0
5300,0.0,0.0,0.0,0.0,0.0,0.0,0.0,134.0,72.0,3.0,102.51187562,190.5,0.0,53,19.0,0.7316225515000001,143.0,90.0,257.0,118.0,17.0,6.3,40.0,3.0,0.0,1.72,7.1,0.0,0.0,4.0,53.04600000000001,0.0,0.0,28.247773333,0.0,-0.059855113,69.0,34.0,0.0,0.0
5300,0.0,0.0,0.0,0.0,0.0,0.0,0.0,144.0,84.0,5.0,103.41906036,190.5,0.0,54,20.0,0.7638823996999999,125.0,82.0,228.0,107.0,19.0,33.5,41.0,5.0,0.0,1.35,0.0,0.0,0.0,5.0,0.0,0.0,0.0,28.497753628,0.0,-0.02676861,92.0,34.0,0.0,0.0
