PtID,Pt_CGMUseNumDays,Pt_FatherT1D,Pt_MotherT1D,Pt_SiblingT1D,Pt_ChildT1D,Pt_GrandchildT1D,Pt_GrandparentT1D,BldPrSys,BldPrDia,SMBGperDayPtMeterCombo,WeightKg,HeightCm,DirectLDL,age,diabDur,TotalDailyInsPerKg,LDL,HDL,TotChol,Triglyc,BUN,AlbCreatRat_mggNew,UnitsInsBasalOrLongAct,BGTestAvgNumMeter,BGTestAvgNumPtRep,TSH,HbA1c,AutonomicNeuroCl,Pt_InsGov,NumPumpBolusOrShortAct,HbA1cImputeDtMnC,Pt_SHFlg,Pt_DKAFlg,bmi,bmiPerc,bmiZscore,GFR,diagAgeCombo,Pt_A1cGoalLev,Pt_A1cGoalLevelDsYr5
5321,0.0,0.0,0.0,0.0,0.0,0.0,0.0,138.0,74.0,3.0,102.05828325,195.58,0.0,50,11.0,0.2645547146,108.0,32.0,174.0,170.0,20.0,10.5,0.0,0.0,3.0,0.0,7.6,0.0,0.0,0.0,-0.033,0.0,0.0,26.68083242,0.0,-0.267249837,0.0,38.0,0.0,0.0
5321,0.0,0.0,0.0,0.0,0.0,0.0,0.0,136.0,70.0,5.0,0.0,0.0,0.0,50,11.0,0.0,171.0,41.0,246.0,171.0,12.0,10.5,0.0,0.0,5.0,0.0,7.7,0.0,0.0,0.0,5.178,0.0,0.0,0.0,0.0,0.0,0.0,38.0,7.0,0.0
5321,0.0,0.0,0.0,0.0,0.0,0.0,0.0,140.0,80.0,4.0,110.22294591,195.58,0.0,51,13.0,0.0,153.0,43.0,217.0,107.0,16.0,0.0,15.0,0.0,4.0,0.0,7.4,0.0,0.0,6.0,20.249000000000002,0.0,0.0,28.815299014,0.0,0.0152605672,0.0,38.0,0.0,0.0
5321,0.0,0.0,0.0,0.0,0.0,0.0,0.0,142.0,74.0,0.0,0.0,0.0,0.0,52,14.0,0.0,146.0,36.0,226.0,219.0,10.0,10.0,40.0,0.0,0.0,0.0,7.8,0.0,0.0,3.0,33.461,0.0,0.0,0.0,0.0,0.0,0.0,38.0,0.0,0.0
5321,0.0,0.0,0.0,0.0,0.0,0.0,0.0,132.0,75.0,6.0,0.0,0.0,0.0,54,15.0,0.0,139.0,34.0,203.0,151.0,17.0,0.0,28.0,0.0,6.0,0.0,7.1,0.0,0.0,5.0,49.726000000000006,0.0,0.0,0.0,0.0,0.0,0.0,38.0,0.0,0.0
5321,0.0,0.0,0.0,0.0,0.0,0.0,0.0,136.0,76.0,6.0,0.0,0.0,0.0,54,16.0,0.0,0.0,0.0,0.0,0.0,11.0,0.0,0.0,0.0,6.0,1.01,6.8,0.0,0.0,0.0,58.888000000000005,0.0,0.0,0.0,0.0,0.0,0.0,38.0,0.0,0.0
5321,0.0,0.0,0.0,0.0,0.0,0.0,0.0,136.0,64.0,0.0,0.0,0.0,0.0,55,17.0,0.0,142.0,42.0,209.0,124.0,14.0,0.0,18.0,0.0,0.0,1.24,7.0,0.0,0.0,0.0,71.336,0.0,0.0,0.0,0.0,0.0,0.0,38.0,0.0,0.0
