PtID,Pt_CGMUseNumDays,Pt_FatherT1D,Pt_MotherT1D,Pt_SiblingT1D,Pt_ChildT1D,Pt_GrandchildT1D,Pt_GrandparentT1D,BldPrSys,BldPrDia,SMBGperDayPtMeterCombo,WeightKg,HeightCm,DirectLDL,age,diabDur,TotalDailyInsPerKg,LDL,HDL,TotChol,Triglyc,BUN,AlbCreatRat_mggNew,UnitsInsBasalOrLongAct,BGTestAvgNumMeter,BGTestAvgNumPtRep,TSH,HbA1c,AutonomicNeuroCl,Pt_InsGov,NumPumpBolusOrShortAct,HbA1cImputeDtMnC,Pt_SHFlg,Pt_DKAFlg,bmi,bmiPerc,bmiZscore,GFR,diagAgeCombo,Pt_A1cGoalLev,Pt_A1cGoalLevelDsYr5
5353,0.0,0.0,0.0,0.0,0.0,0.0,0.0,123.0,61.0,3.0,70.034661928,177.03799999999998,0.0,52,31.0,0.4711952495,72.0,75.0,0.0,37.0,0.0,9.9,0.0,0.0,3.0,0.0,6.5,1.0,0.0,0.0,-2.39,0.0,0.0,22.344983954,0.0,-0.841127312,0.0,21.0,0.0,0.0
5353,0.0,0.0,0.0,0.0,0.0,0.0,0.0,138.0,62.0,0.0,71.21400209,177.8,0.0,53,32.0,0.5757294745,90.0,63.0,0.0,37.0,0.0,6.7,0.0,0.0,0.0,0.0,6.9,1.0,0.0,0.0,14.274000000000001,1.0,0.0,22.526923266,0.0,-0.817046472,0.0,21.0,6.9,0.0
5353,0.0,0.0,0.0,0.0,0.0,0.0,0.0,118.0,63.0,4.0,0.0,0.0,0.0,54,33.0,0.0,63.0,82.0,0.0,28.0,0.0,8.5,13.0,4.0,0.0,4.78,6.9,1.0,0.0,3.0,27.95,0.0,0.0,0.0,0.0,0.0,0.0,21.0,0.0,0.0
5353,0.0,0.0,0.0,0.0,0.0,0.0,0.0,128.0,64.0,4.0,70.76040972,176.53,1.0,55,34.0,0.0,80.0,73.0,0.0,43.0,0.0,8.5,13.0,0.0,4.0,5.95,6.9,1.0,0.0,0.0,39.037,0.0,0.0,22.706662062,0.0,-0.793256885,0.0,21.0,0.0,0.0
5353,0.0,0.0,0.0,0.0,0.0,0.0,0.0,132.0,72.0,0.0,73.02837157,180.34,0.0,56,35.0,0.5477323284000001,89.0,69.0,0.0,38.0,0.0,4.1,13.0,0.0,0.0,5.46,6.8,1.0,0.0,3.0,51.851000000000006,0.0,0.0,22.454711826999997,0.0,-0.8266041209999999,0.0,21.0,0.0,0.0
5353,0.0,0.0,0.0,0.0,0.0,0.0,0.0,142.0,65.0,4.0,74.84274105,177.8,0.0,57,36.0,0.601260715,106.0,75.0,0.0,38.0,0.0,48.5,13.0,0.0,4.0,4.23,8.0,1.0,0.0,3.0,67.618,0.0,0.0,23.674791966999997,0.0,-0.665118655,0.0,21.0,0.0,0.0
5353,0.0,0.0,0.0,0.0,0.0,0.0,0.0,100.0,63.0,0.0,74.8,177.2,0.0,58,37.0,0.5882352941,57.0,73.0,138.0,39.0,0.0,7.2,10.0,0.0,0.0,3.54,7.4,1.0,0.0,3.0,80.033,0.0,0.0,23.821777435999998,0.0,-0.645664181,0.0,21.0,0.0,0.0
