PtID,Pt_CGMUseNumDays,Pt_FatherT1D,Pt_MotherT1D,Pt_SiblingT1D,Pt_ChildT1D,Pt_GrandchildT1D,Pt_GrandparentT1D,BldPrSys,BldPrDia,SMBGperDayPtMeterCombo,WeightKg,HeightCm,DirectLDL,age,diabDur,TotalDailyInsPerKg,LDL,HDL,TotChol,Triglyc,BUN,AlbCreatRat_mggNew,UnitsInsBasalOrLongAct,BGTestAvgNumMeter,BGTestAvgNumPtRep,TSH,HbA1c,AutonomicNeuroCl,Pt_InsGov,NumPumpBolusOrShortAct,HbA1cImputeDtMnC,Pt_SHFlg,Pt_DKAFlg,bmi,bmiPerc,bmiZscore,GFR,diagAgeCombo,Pt_A1cGoalLev,Pt_A1cGoalLevelDsYr5
5356,0.0,0.0,0.0,0.0,0.0,0.0,0.0,98.0,65.0,6.0,28.394882361999997,125.22200000000001,0.0,9,3.0,0.5282642064999999,0.0,76.0,192.0,0.0,25.0,0.0,0.0,6.0,6.0,0.0,8.9,0.0,0.0,4.0,-0.033,0.0,0.0,18.108346747,0.7690155133,0.7356085243000001,0.0,6.0,0.0,0.0
5356,0.0,0.0,0.0,0.0,0.0,0.0,0.0,96.0,61.0,6.0,34.0,135.0,0.0,12,5.0,0.8823529412000001,137.0,87.0,187.0,53.0,15.0,2.2,0.0,6.0,7.0,0.0,11.2,0.0,0.0,4.0,28.813000000000002,0.0,0.0,18.65569273,0.5819308639999999,0.206835575,0.0,6.0,8.0,0.0
5356,0.0,0.0,0.0,0.0,0.0,0.0,0.0,89.0,56.0,5.0,38.3,140.4,0.0,13,6.0,0.6266318538,0.0,0.0,0.0,0.0,0.0,8.6,13.0,5.0,0.0,0.0,10.5,0.0,0.0,0.0,39.303000000000004,0.0,0.0,19.429631253,0.5953956827,0.2414470705,0.0,6.0,0.0,0.0
5356,0.0,0.0,0.0,0.0,0.0,0.0,0.0,100.0,67.0,4.0,41.7,145.5,0.0,14,7.0,0.5995203836999999,126.0,83.0,224.0,44.0,0.0,8.1,16.0,4.0,0.0,0.0,11.5,0.0,0.0,0.0,51.751000000000005,0.0,0.0,19.697452793,0.5489581251,0.1230294849,0.0,6.0,0.0,0.0
5356,0.0,0.0,0.0,0.0,0.0,0.0,0.0,0.0,0.0,2.0,50.9,150.1,0.0,15,8.0,0.6090373281,107.0,72.0,200.0,0.0,0.0,5.0,22.0,2.0,0.0,3.17,12.8,0.0,0.0,5.0,63.934,0.0,0.0,22.592089395,0.7706341685,0.740936962,0.0,6.0,0.0,0.0
5356,30.0,0.0,0.0,0.0,0.0,0.0,0.0,100.0,67.0,4.0,59.1,151.0,0.0,16,9.0,0.0,0.0,0.0,0.0,0.0,0.0,5.0,0.0,0.0,4.0,1.65,10.0,0.0,0.0,0.0,74.556,0.0,0.0,25.919915793,0.8949344534,1.2532050485,0.0,6.0,0.0,0.0
