PtID,Pt_CGMUseNumDays,Pt_FatherT1D,Pt_MotherT1D,Pt_SiblingT1D,Pt_ChildT1D,Pt_GrandchildT1D,Pt_GrandparentT1D,BldPrSys,BldPrDia,SMBGperDayPtMeterCombo,WeightKg,HeightCm,DirectLDL,age,diabDur,TotalDailyInsPerKg,LDL,HDL,TotChol,Triglyc,BUN,AlbCreatRat_mggNew,UnitsInsBasalOrLongAct,BGTestAvgNumMeter,BGTestAvgNumPtRep,TSH,HbA1c,AutonomicNeuroCl,Pt_InsGov,NumPumpBolusOrShortAct,HbA1cImputeDtMnC,Pt_SHFlg,Pt_DKAFlg,bmi,bmiPerc,bmiZscore,GFR,diagAgeCombo,Pt_A1cGoalLev,Pt_A1cGoalLevelDsYr5
5399,0.0,0.0,0.0,0.0,0.0,0.0,0.0,111.0,53.0,7.0,43.3,149.0,0.0,11,5.0,1.0623556582,83.0,61.0,0.0,64.0,18.0,0.0,0.0,0.0,7.0,0.0,7.7,0.0,0.0,6.0,0.0,0.0,0.0,19.503625963,0.8038688975,0.8555220458,0.0,5.0,0.0,0.0
5399,0.0,0.0,0.0,0.0,0.0,0.0,0.0,109.0,66.0,7.0,55.2,160.8,0.0,12,6.0,1.3586956522,0.0,79.0,146.0,35.0,0.0,0.0,0.0,0.0,7.0,0.0,8.7,0.0,0.0,0.0,18.822,0.0,0.0,21.348481473,0.8688204451,1.120832635,0.0,5.0,7.5,0.0
5399,0.0,0.0,0.0,0.0,0.0,0.0,0.0,131.0,76.0,0.0,64.8,167.5,0.0,13,7.0,1.2345679012000002,0.0,64.0,160.0,97.0,0.0,0.0,36.0,0.0,0.0,1.46,8.7,0.0,0.0,0.0,28.017,0.0,0.0,23.096458008000003,0.9041282057,1.3054384628,0.0,5.0,0.0,0.0
5399,0.0,0.0,0.0,0.0,0.0,0.0,0.0,127.0,71.0,3.0,78.2,173.4,0.0,14,9.0,1.1253196931,0.0,0.0,130.0,78.0,0.0,0.0,37.0,0.0,3.0,1.33,8.8,0.0,0.0,0.0,47.9,0.0,0.0,26.008096433000002,0.9499425293000001,1.6442966485,0.0,5.0,0.0,0.0
5399,7.0,0.0,0.0,0.0,0.0,0.0,0.0,122.0,69.0,5.0,83.5,174.0,0.0,15,10.0,1.0299401198,0.0,0.0,156.0,0.0,0.0,0.0,43.0,5.0,4.0,1.88,8.4,0.0,0.0,0.0,60.148999999999994,0.0,0.0,27.579601004,0.9601320472,1.7522204672,0.0,5.0,0.0,0.0
5399,0.0,0.0,0.0,0.0,0.0,0.0,0.0,121.0,58.0,5.0,81.6,174.5,0.0,16,11.0,1.0906862745,0.0,0.0,0.0,0.0,0.0,0.0,42.0,5.0,0.0,1.88,8.5,0.0,0.0,0.0,70.60600000000001,0.0,0.0,26.797809542,0.9370944251000001,1.5308310652000001,0.0,5.0,0.0,0.0
5399,0.0,0.0,0.0,0.0,0.0,0.0,0.0,131.0,76.0,0.0,80.4,175.7,0.0,17,12.0,0.9950248756,0.0,0.0,142.0,0.0,0.0,0.0,40.0,0.0,0.0,1.62,8.7,0.0,0.0,0.0,81.361,0.0,0.0,26.044290194000002,0.8979261529000001,1.2698229768,0.0,5.0,0.0,0.0
