PtID,Pt_CGMUseNumDays,Pt_FatherT1D,Pt_MotherT1D,Pt_SiblingT1D,Pt_ChildT1D,Pt_GrandchildT1D,Pt_GrandparentT1D,BldPrSys,BldPrDia,SMBGperDayPtMeterCombo,WeightKg,HeightCm,DirectLDL,age,diabDur,TotalDailyInsPerKg,LDL,HDL,TotChol,Triglyc,BUN,AlbCreatRat_mggNew,UnitsInsBasalOrLongAct,BGTestAvgNumMeter,BGTestAvgNumPtRep,TSH,HbA1c,AutonomicNeuroCl,Pt_InsGov,NumPumpBolusOrShortAct,HbA1cImputeDtMnC,Pt_SHFlg,Pt_DKAFlg,bmi,bmiPerc,bmiZscore,GFR,diagAgeCombo,Pt_A1cGoalLev,Pt_A1cGoalLevelDsYr5
5449,0.0,0.0,0.0,1.0,0.0,0.0,1.0,110.0,83.0,7.0,12.0,83.8,0.0,1,0.0,0.0,0.0,0.0,0.0,0.0,0.0,0.0,0.0,7.0,5.0,0.0,8.3,0.0,1.0,0.0,-0.299,0.0,0.0,0.0,0.0,0.0,0.0,1.0,0.0,0.0
5449,0.0,0.0,0.0,1.0,0.0,0.0,1.0,107.0,60.0,6.0,15.1,94.7,0.0,2,1.0,0.7284768212,0.0,0.0,0.0,0.0,0.0,0.0,0.0,0.0,6.0,0.0,8.9,0.0,1.0,0.0,12.548,0.0,0.0,16.837475984,0.6132670156000001,0.287844243,0.0,1.0,8.5,0.0
5449,0.0,0.0,0.0,0.0,0.0,0.0,0.0,98.0,53.0,4.0,16.9,103.0,0.0,3,2.0,0.5917159763000001,0.0,0.0,0.0,0.0,0.0,0.0,4.0,4.0,0.0,1.5,9.0,0.0,0.0,3.0,25.095,0.0,0.0,15.929870864000002,0.5652882854,0.16439089710000002,0.0,1.0,0.0,0.0
5449,0.0,0.0,0.0,0.0,0.0,0.0,0.0,112.0,59.0,6.0,20.2,109.0,0.0,4,3.0,0.9900990099,0.0,0.0,0.0,0.0,0.0,0.0,5.0,6.0,0.0,2.1,8.7,0.0,0.0,0.0,37.876,0.0,0.0,17.001935864,0.8738536025,1.1447981182,0.0,1.0,0.0,0.0
5449,0.0,0.0,0.0,0.0,0.0,0.0,0.0,111.0,58.0,4.0,20.9,113.6,0.0,5,3.0,0.0,0.0,0.0,0.0,0.0,20.0,0.0,6.0,0.0,4.0,0.0,8.9,0.0,0.0,0.0,47.17,0.0,0.0,16.195323349000002,0.7610662234000001,0.7097365,0.0,1.0,0.0,0.0
5449,0.0,0.0,0.0,0.0,0.0,0.0,0.0,108.0,69.0,5.0,23.3,120.4,0.0,6,5.0,0.7296137339000001,0.0,0.0,0.0,0.0,12.0,0.0,7.0,5.0,5.0,2.15,9.0,0.0,1.0,0.0,61.577,0.0,0.0,16.07322215,0.7057862881,0.5411163002,0.0,1.0,0.0,0.0
