PtID,Pt_CGMUseNumDays,Pt_FatherT1D,Pt_MotherT1D,Pt_SiblingT1D,Pt_ChildT1D,Pt_GrandchildT1D,Pt_GrandparentT1D,BldPrSys,BldPrDia,SMBGperDayPtMeterCombo,WeightKg,HeightCm,DirectLDL,age,diabDur,TotalDailyInsPerKg,LDL,HDL,TotChol,Triglyc,BUN,AlbCreatRat_mggNew,UnitsInsBasalOrLongAct,BGTestAvgNumMeter,BGTestAvgNumPtRep,TSH,HbA1c,AutonomicNeuroCl,Pt_InsGov,NumPumpBolusOrShortAct,HbA1cImputeDtMnC,Pt_SHFlg,Pt_DKAFlg,bmi,bmiPerc,bmiZscore,GFR,diagAgeCombo,Pt_A1cGoalLev,Pt_A1cGoalLevelDsYr5
5494,30.0,0.0,0.0,0.0,0.0,0.0,0.0,114.0,61.0,2.0,0.0,0.0,0.0,33,27.0,0.0,109.0,55.0,177.0,64.0,14.0,4.0,0.0,0.0,2.0,0.0,6.4,0.0,0.0,0.0,0.0,0.0,0.0,0.0,0.0,0.0,0.0,6.0,0.0,0.0
5494,30.0,0.0,0.0,0.0,0.0,0.0,0.0,123.0,57.0,2.0,133.8,184.2,0.0,34,28.0,0.7772795217,59.0,49.0,0.0,194.0,17.0,6.5,0.0,0.0,2.0,0.0,5.7,0.0,0.0,0.0,23.004,1.0,0.0,39.434547493000004,0.0,1.7300007027000002,0.0,6.0,5.9,0.0
5494,0.0,0.0,0.0,0.0,0.0,0.0,0.0,121.0,56.0,0.0,130.5,182.9,0.0,36,30.0,0.5900383142,75.0,50.0,169.0,224.0,16.0,5.4,27.0,0.0,0.0,1.38,6.0,0.0,0.0,0.0,36.979,0.0,0.0,39.010642283,0.0,1.6685525152,0.0,6.0,0.0,0.0
5494,0.0,0.0,0.0,0.0,0.0,0.0,0.0,129.0,68.0,0.0,132.5,182.9,0.0,37,31.0,0.0,79.0,49.0,173.0,220.0,16.0,10.8,27.0,0.0,0.0,1.68,6.1,0.0,0.0,0.0,49.75899999999999,0.0,0.0,39.608506532,0.0,1.7552173487,0.0,6.0,0.0,0.0
5494,0.0,0.0,0.0,0.0,0.0,0.0,0.0,139.0,84.0,3.0,132.7,182.9,0.0,38,32.0,0.0,93.0,54.0,166.0,94.0,15.0,6.0,26.0,3.0,3.0,1.88,6.4,0.0,0.0,0.0,62.041000000000004,0.0,0.0,39.668292957,0.0,1.7638838321,0.0,6.0,0.0,0.0
