PtID,Pt_CGMUseNumDays,Pt_FatherT1D,Pt_MotherT1D,Pt_SiblingT1D,Pt_ChildT1D,Pt_GrandchildT1D,Pt_GrandparentT1D,BldPrSys,BldPrDia,SMBGperDayPtMeterCombo,WeightKg,HeightCm,DirectLDL,age,diabDur,TotalDailyInsPerKg,LDL,HDL,TotChol,Triglyc,BUN,AlbCreatRat_mggNew,UnitsInsBasalOrLongAct,BGTestAvgNumMeter,BGTestAvgNumPtRep,TSH,HbA1c,AutonomicNeuroCl,Pt_InsGov,NumPumpBolusOrShortAct,HbA1cImputeDtMnC,Pt_SHFlg,Pt_DKAFlg,bmi,bmiPerc,bmiZscore,GFR,diagAgeCombo,Pt_A1cGoalLev,Pt_A1cGoalLevelDsYr5
5496,0.0,0.0,0.0,0.0,0.0,0.0,0.0,101.0,70.0,5.0,22.2,120.9,0.0,7,0.0,0.9459459459,0.0,0.0,167.0,0.0,11.0,0.0,0.0,5.0,4.0,0.0,13.5,0.0,1.0,0.0,-0.066,0.0,0.0,15.187992455,0.4358872915,-0.161404804,0.0,7.0,0.0,0.0
5496,0.0,0.0,0.0,0.0,0.0,0.0,0.0,108.0,60.0,5.0,24.9,128.0,0.0,8,1.0,0.9236947791,0.0,0.0,0.0,0.0,12.0,0.0,0.0,5.0,5.0,0.0,7.8,0.0,1.0,0.0,17.227999999999998,0.0,0.0,15.197753905999999,0.3608359368,-0.356225264,0.0,7.0,0.0,0.0
5496,0.0,0.0,0.0,0.0,0.0,0.0,0.0,99.0,59.0,2.0,29.4,136.8,0.0,10,2.0,1.1224489796,0.0,0.0,0.0,0.0,0.0,9.0,24.0,2.0,4.0,0.0,8.5,0.0,0.0,9.0,32.564,0.0,0.0,15.70996204,0.2920221535,-0.547486843,0.0,7.0,0.0,0.0
5496,0.0,0.0,0.0,0.0,0.0,0.0,0.0,121.0,64.0,3.0,34.2,143.0,0.0,11,3.0,1.1403508772,69.0,35.0,129.0,124.0,12.0,4.0,31.0,3.0,4.0,1.43,8.5,0.0,0.0,3.0,43.95,0.0,0.0,16.724534207,0.3798414329,-0.305897268,0.0,7.0,0.0,0.0
5496,0.0,0.0,0.0,0.0,0.0,0.0,0.0,108.0,65.0,4.0,37.0,147.2,0.0,12,4.0,1.4864864865,0.0,0.0,0.0,0.0,0.0,4.0,33.0,4.0,0.0,0.0,14.0,0.0,0.0,2.0,55.768,0.0,0.0,17.075998346,0.3423835687,-0.405966606,0.0,7.0,0.0,0.0
5496,0.0,0.0,0.0,0.0,0.0,0.0,0.0,129.0,59.0,3.0,51.4,150.5,0.0,14,6.0,0.9338521401000001,147.0,38.0,204.0,86.0,13.0,0.0,24.0,0.0,3.0,0.87,11.2,0.0,0.0,3.0,79.967,0.0,0.0,22.692906259,0.8184391964,0.9094330037,0.0,7.0,0.0,0.0
