PtID,Pt_CGMUseNumDays,Pt_FatherT1D,Pt_MotherT1D,Pt_SiblingT1D,Pt_ChildT1D,Pt_GrandchildT1D,Pt_GrandparentT1D,BldPrSys,BldPrDia,SMBGperDayPtMeterCombo,WeightKg,HeightCm,DirectLDL,age,diabDur,TotalDailyInsPerKg,LDL,HDL,TotChol,Triglyc,BUN,AlbCreatRat_mggNew,UnitsInsBasalOrLongAct,BGTestAvgNumMeter,BGTestAvgNumPtRep,TSH,HbA1c,AutonomicNeuroCl,Pt_InsGov,NumPumpBolusOrShortAct,HbA1cImputeDtMnC,Pt_SHFlg,Pt_DKAFlg,bmi,bmiPerc,bmiZscore,GFR,diagAgeCombo,Pt_A1cGoalLev,Pt_A1cGoalLevelDsYr5
5514,0.0,0.0,0.0,0.0,0.0,0.0,0.0,115.0,63.0,4.0,49.2,145.4,0.0,10,0.0,0.406504065,0.0,0.0,0.0,0.0,0.0,0.0,0.0,4.0,4.0,0.0,5.9,0.0,0.0,5.0,-0.23199999999999998,0.0,0.0,23.272138331,0.9660515338,1.8256902513,0.0,9.0,0.0,0.0
5514,0.0,0.0,0.0,0.0,0.0,0.0,0.0,128.0,74.0,3.0,57.3,153.3,0.0,11,1.0,0.7155322862000001,0.0,0.0,196.0,0.0,0.0,0.0,0.0,3.0,5.0,0.0,8.8,0.0,0.0,0.0,13.51,0.0,0.0,24.382055318000003,0.9654958418999999,1.8183653136000002,0.0,9.0,7.0,0.0
5514,0.0,0.0,0.0,0.0,0.0,0.0,0.0,115.0,71.0,5.0,67.0,160.8,0.0,12,2.0,1.0,106.0,49.0,177.0,110.0,0.0,4.2,36.0,5.0,5.0,1.33,8.9,0.0,0.0,31.0,27.685,0.0,0.0,25.912106136,0.9693912049,1.871920592,0.0,9.0,0.0,0.0
5514,0.0,0.0,0.0,0.0,0.0,0.0,0.0,139.0,73.0,0.0,76.7,169.9,0.0,13,3.0,0.0,0.0,0.0,175.0,0.0,0.0,4.2,0.0,0.0,0.0,2.35,9.2,0.0,0.0,0.0,40.465,0.0,0.0,26.571043244000002,0.9665880123999999,1.8328560899000002,0.0,9.0,0.0,0.0
5514,0.0,0.0,0.0,0.0,0.0,0.0,0.0,122.0,79.0,3.0,78.1,172.5,0.0,14,4.0,0.0,0.0,0.0,177.0,0.0,0.0,0.0,0.0,3.0,0.0,2.02,14.0,0.0,0.0,0.0,49.56,0.0,0.0,26.246586851999997,0.9533225476999999,1.6779600175999998,0.0,9.0,0.0,0.0
5514,0.0,0.0,0.0,0.0,0.0,0.0,0.0,142.0,79.0,4.0,90.6,176.9,0.0,15,5.0,1.1810154525,0.0,0.0,0.0,0.0,0.0,0.0,49.0,4.0,3.0,0.0,11.7,0.0,0.0,0.0,62.041000000000004,0.0,0.0,28.951597467,0.9726253887999999,1.92086109,0.0,9.0,0.0,0.0
5514,0.0,0.0,0.0,0.0,0.0,0.0,0.0,142.0,75.0,3.0,94.3,178.8,0.0,16,6.0,0.9331919406,0.0,0.0,0.0,0.0,14.0,4.5,51.0,3.0,3.0,2.11,11.0,0.0,0.0,3.0,72.99600000000001,0.0,1.0,29.496919558000002,0.9717688805,1.9074507806999998,0.0,9.0,0.0,0.0
5514,0.0,0.0,0.0,0.0,0.0,0.0,0.0,128.0,76.0,3.0,98.3,179.5,0.0,17,7.0,0.8209562564,84.0,47.0,159.0,141.0,0.0,4.5,55.8,3.0,2.0,2.41,10.8,0.0,0.0,0.0,83.884,0.0,0.0,30.508763898,0.9747040494,1.9549251866,0.0,9.0,0.0,0.0
