PtID,Pt_CGMUseNumDays,Pt_FatherT1D,Pt_MotherT1D,Pt_SiblingT1D,Pt_ChildT1D,Pt_GrandchildT1D,Pt_GrandparentT1D,BldPrSys,BldPrDia,SMBGperDayPtMeterCombo,WeightKg,HeightCm,DirectLDL,age,diabDur,TotalDailyInsPerKg,LDL,HDL,TotChol,Triglyc,BUN,AlbCreatRat_mggNew,UnitsInsBasalOrLongAct,BGTestAvgNumMeter,BGTestAvgNumPtRep,TSH,HbA1c,AutonomicNeuroCl,Pt_InsGov,NumPumpBolusOrShortAct,HbA1cImputeDtMnC,Pt_SHFlg,Pt_DKAFlg,bmi,bmiPerc,bmiZscore,GFR,diagAgeCombo,Pt_A1cGoalLev,Pt_A1cGoalLevelDsYr5
5591,0.0,0.0,0.0,1.0,0.0,0.0,0.0,108.0,61.0,4.0,27.4,131.1,0.0,9,5.0,0.8394160584,0.0,0.0,0.0,0.0,19.0,0.0,0.0,4.0,8.0,0.0,8.7,0.0,0.0,4.0,0.0,0.0,0.0,15.942087167999999,0.45296790740000004,-0.11816639699999999,0.0,4.0,0.0,0.0
5591,0.0,0.0,0.0,0.0,0.0,0.0,0.0,119.0,65.0,4.0,30.5,137.8,0.0,10,6.0,0.7213114754000001,0.0,0.0,0.0,0.0,0.0,30.0,7.0,4.0,4.0,0.0,8.8,0.0,0.0,4.0,15.037,0.0,0.0,16.062065929,0.3815070329,-0.301525162,0.0,4.0,0.0,0.0
5591,0.0,0.0,0.0,0.0,0.0,0.0,0.0,110.0,60.0,4.0,32.7,143.4,0.0,11,7.0,0.6727828746,0.0,0.0,0.0,0.0,0.0,30.0,10.0,0.0,4.0,1.95,8.3,0.0,0.0,5.0,27.12,0.0,0.0,15.901915815999999,0.24988179359999999,-0.674861776,0.0,4.0,0.0,0.0
5591,0.0,0.0,0.0,0.0,0.0,0.0,0.0,107.0,61.0,5.0,34.5,147.3,0.0,12,8.0,0.6666666667,0.0,0.0,0.0,0.0,0.0,30.0,0.0,5.0,5.0,0.0,8.9,0.0,0.0,5.0,37.344,0.0,0.0,15.900603255,0.1625731501,-0.9839373859999999,0.0,4.0,0.0,0.0
5591,0.0,0.0,0.0,0.0,0.0,0.0,0.0,120.0,67.0,3.0,36.6,150.1,0.0,12,8.0,0.7103825137,0.0,0.0,0.0,0.0,17.0,0.0,13.0,3.0,0.0,2.13,9.1,0.0,0.0,7.0,46.638999999999996,0.0,0.0,16.244999447,0.2193202492,-0.774490983,0.0,4.0,0.0,0.0
5591,0.0,0.0,0.0,0.0,0.0,0.0,0.0,115.0,57.0,4.0,42.4,156.0,0.0,14,10.0,0.6839622642000001,0.0,0.0,0.0,0.0,17.0,0.0,15.0,4.0,4.0,1.85,0.0,0.0,0.0,14.0,0.0,0.0,0.0,17.422748192,0.22124301579999997,-0.768001941,0.0,4.0,0.0,0.0
