PtID,Pt_CGMUseNumDays,Pt_FatherT1D,Pt_MotherT1D,Pt_SiblingT1D,Pt_ChildT1D,Pt_GrandchildT1D,Pt_GrandparentT1D,BldPrSys,BldPrDia,SMBGperDayPtMeterCombo,WeightKg,HeightCm,DirectLDL,age,diabDur,TotalDailyInsPerKg,LDL,HDL,TotChol,Triglyc,BUN,AlbCreatRat_mggNew,UnitsInsBasalOrLongAct,BGTestAvgNumMeter,BGTestAvgNumPtRep,TSH,HbA1c,AutonomicNeuroCl,Pt_InsGov,NumPumpBolusOrShortAct,HbA1cImputeDtMnC,Pt_SHFlg,Pt_DKAFlg,bmi,bmiPerc,bmiZscore,GFR,diagAgeCombo,Pt_A1cGoalLev,Pt_A1cGoalLevelDsYr5
5597,0.0,0.0,0.0,0.0,0.0,0.0,0.0,121.0,68.0,7.0,38.1,147.5,0.0,12,2.0,0.7874015748000001,79.0,65.0,0.0,118.0,17.0,0.0,0.0,0.0,7.0,0.0,7.3,0.0,0.0,0.0,0.1,0.0,0.0,17.512209135,0.4516723911,-0.121437164,0.0,10.0,0.0,0.0
5597,0.0,0.0,0.0,0.0,0.0,0.0,0.0,109.0,68.0,6.0,41.0,151.8,0.0,13,3.0,0.8536585366,94.0,58.0,0.0,131.0,21.0,2.1,0.0,0.0,6.0,0.0,7.4,0.0,0.0,0.0,11.22,0.0,1.0,17.792636799,0.3898659886,-0.279668331,0.0,10.0,7.2,0.0
5597,0.0,0.0,0.0,0.0,0.0,0.0,0.0,118.0,78.0,0.0,45.6,155.6,0.0,14,4.0,0.6578947368,0.0,0.0,0.0,0.0,0.0,0.0,0.0,0.0,0.0,0.0,7.0,0.0,0.0,0.0,22.34,0.0,0.0,18.834134059,0.4535311342,-0.116744824,0.0,10.0,0.0,0.0
5597,0.0,0.0,0.0,0.0,0.0,0.0,0.0,112.0,69.0,0.0,51.4,161.6,0.0,15,5.0,0.0,86.0,57.0,0.0,108.0,21.0,0.0,26.0,0.0,0.0,1.94,7.0,0.0,0.0,0.0,31.502,0.0,0.0,19.682506617,0.4780373874,-0.055079943,0.0,10.0,0.0,0.0
5597,0.0,0.0,0.0,0.0,0.0,0.0,0.0,124.0,71.0,7.0,59.9,170.1,0.0,16,6.0,0.0,82.0,48.0,0.0,227.0,17.0,0.0,25.0,0.0,7.0,1.63,6.6,0.0,0.0,0.0,46.573,0.0,0.0,20.702280810999998,0.5247973788,0.06219789059999999,0.0,10.0,0.0,0.0
5597,0.0,0.0,0.0,0.0,0.0,0.0,0.0,126.0,86.0,7.0,65.6,174.0,0.0,17,7.0,0.0,101.0,47.0,0.0,145.0,14.0,0.0,25.0,7.0,7.0,2.22,6.5,0.0,0.0,0.0,58.722,0.0,0.0,21.667327256,0.5617771849000001,0.1554765618,0.0,10.0,0.0,0.0
