PtID,Pt_CGMUseNumDays,Pt_FatherT1D,Pt_MotherT1D,Pt_SiblingT1D,Pt_ChildT1D,Pt_GrandchildT1D,Pt_GrandparentT1D,BldPrSys,BldPrDia,SMBGperDayPtMeterCombo,WeightKg,HeightCm,DirectLDL,age,diabDur,TotalDailyInsPerKg,LDL,HDL,TotChol,Triglyc,BUN,AlbCreatRat_mggNew,UnitsInsBasalOrLongAct,BGTestAvgNumMeter,BGTestAvgNumPtRep,TSH,HbA1c,AutonomicNeuroCl,Pt_InsGov,NumPumpBolusOrShortAct,HbA1cImputeDtMnC,Pt_SHFlg,Pt_DKAFlg,bmi,bmiPerc,bmiZscore,GFR,diagAgeCombo,Pt_A1cGoalLev,Pt_A1cGoalLevelDsYr5
5607,0.0,0.0,0.0,0.0,0.0,0.0,0.0,108.0,67.0,4.0,41.7,159.0,0.0,11,0.0,0.7194244604000001,0.0,0.0,0.0,0.0,15.0,0.0,0.0,4.0,5.0,0.0,7.7,0.0,0.0,0.0,-0.133,0.0,0.0,16.494600688,0.33999929240000004,-0.412465061,0.0,10.0,0.0,0.0
5607,0.0,0.0,0.0,0.0,0.0,0.0,0.0,113.0,62.0,3.0,52.0,163.2,0.0,12,2.0,0.5769230769,0.0,0.0,0.0,0.0,0.0,0.0,0.0,3.0,4.0,0.0,7.8,0.0,0.0,0.0,13.942,0.0,0.0,19.523740869,0.6852741373000001,0.48249869479999996,0.0,10.0,7.5,0.0
5607,0.0,0.0,0.0,0.0,0.0,0.0,0.0,118.0,68.0,4.0,58.7,165.9,0.0,13,3.0,0.9540034072,0.0,0.0,0.0,0.0,0.0,35.4,33.0,4.0,0.0,1.8,9.3,0.0,0.0,4.0,27.884,0.0,0.0,21.327764135,0.7784199285,0.7668677617,0.0,10.0,0.0,0.0
5607,0.0,0.0,0.0,0.0,0.0,0.0,0.0,115.0,67.0,3.0,63.0,167.0,0.0,14,4.0,0.0,0.0,0.0,0.0,0.0,0.0,4.1,39.0,3.0,0.0,0.0,8.5,0.0,0.0,0.0,38.938,0.0,0.0,22.589551436,0.8125562592,0.8873555968000001,0.0,10.0,0.0,0.0
5607,0.0,0.0,0.0,0.0,0.0,0.0,0.0,120.0,68.0,3.0,63.4,166.6,0.0,15,5.0,1.2933753943000001,0.0,0.0,0.0,0.0,0.0,9.7,42.0,3.0,0.0,2.0,10.0,0.0,0.0,0.0,50.988,0.0,0.0,22.842270161,0.7872382256,0.7968751426,0.0,10.0,0.0,0.0
5607,0.0,0.0,0.0,0.0,0.0,0.0,0.0,116.0,76.0,3.0,60.8,168.0,0.0,16,6.0,0.0,0.0,58.0,155.0,0.0,0.0,9.7,42.0,3.0,0.0,1.0,12.9,0.0,0.0,0.0,62.141000000000005,0.0,0.0,21.541950113000002,0.6313124997,0.3353315448,0.0,10.0,0.0,0.0
5607,0.0,0.0,0.0,0.0,0.0,0.0,0.0,129.0,87.0,0.0,65.0,168.0,0.0,17,7.0,1.0461538462,0.0,0.0,0.0,0.0,0.0,9.7,35.0,0.0,0.0,0.0,8.0,0.0,0.0,10.0,77.378,0.0,0.0,23.030045351,0.7237758761,0.5940954891,0.0,10.0,0.0,0.0
