PtID,Pt_CGMUseNumDays,Pt_FatherT1D,Pt_MotherT1D,Pt_SiblingT1D,Pt_ChildT1D,Pt_GrandchildT1D,Pt_GrandparentT1D,BldPrSys,BldPrDia,SMBGperDayPtMeterCombo,WeightKg,HeightCm,DirectLDL,age,diabDur,TotalDailyInsPerKg,LDL,HDL,TotChol,Triglyc,BUN,AlbCreatRat_mggNew,UnitsInsBasalOrLongAct,BGTestAvgNumMeter,BGTestAvgNumPtRep,TSH,HbA1c,AutonomicNeuroCl,Pt_InsGov,NumPumpBolusOrShortAct,HbA1cImputeDtMnC,Pt_SHFlg,Pt_DKAFlg,bmi,bmiPerc,bmiZscore,GFR,diagAgeCombo,Pt_A1cGoalLev,Pt_A1cGoalLevelDsYr5
5644,0.0,0.0,0.0,0.0,0.0,0.0,0.0,145.0,85.0,8.0,103.8,192.6,1.0,61,47.0,1.2813102119,77.0,46.0,0.0,79.0,18.0,216.5,0.0,0.0,8.0,0.0,7.0,1.0,0.0,0.0,-1.4269999999999998,0.0,0.0,27.982388887,0.0,-0.17491797899999997,0.0,14.0,0.0,0.0
5644,0.0,0.0,0.0,0.0,0.0,0.0,0.0,148.0,84.0,7.0,0.0,0.0,0.0,62,48.0,0.0,75.0,59.0,0.0,0.0,21.0,0.0,0.0,7.0,3.0,0.0,6.5,1.0,0.0,4.0,12.216,0.0,0.0,0.0,0.0,0.0,0.0,14.0,8.0,0.0
5644,0.0,0.0,0.0,0.0,0.0,0.0,0.0,132.0,72.0,5.0,92.7,180.5,0.0,63,49.0,0.6040992449,84.0,51.0,0.0,52.0,21.0,56.5,27.0,5.0,7.0,3.04,6.5,1.0,0.0,4.0,24.73,0.0,0.0,28.452820344000003,0.0,-0.08524282300000001,0.0,14.0,0.0,0.0
5644,0.0,0.0,0.0,0.0,0.0,0.0,0.0,130.0,80.0,5.0,94.8,180.1,0.0,64,50.0,0.6751054851999999,0.0,0.0,0.0,0.0,20.0,56.5,27.0,5.0,7.0,0.0,6.6,1.0,0.0,6.0,34.988,0.0,0.0,29.226776043,0.0,0.0622910992,90.1,14.0,0.0,0.0
5644,0.0,0.0,0.0,0.0,0.0,0.0,0.0,136.0,82.0,10.0,97.6,180.3,0.0,65,51.0,0.7377049179999999,71.0,47.0,142.0,121.0,20.0,49.1,28.0,10.0,7.0,3.3,7.2,1.0,0.0,8.0,46.672,0.0,0.0,30.02329574,0.0,0.21412624289999999,67.0,14.0,0.0,0.0
5644,0.0,0.0,0.0,0.0,0.0,0.0,0.0,140.0,88.0,13.0,98.1,180.5,0.0,66,52.0,0.8154943935,59.0,48.0,137.0,152.0,24.0,92.4,29.0,13.0,6.0,2.95,7.0,1.0,1.0,8.0,62.672,1.0,0.0,30.110266189,0.0,0.2307048294,68.0,14.0,0.0,0.0
