PtID,Pt_CGMUseNumDays,Pt_FatherT1D,Pt_MotherT1D,Pt_SiblingT1D,Pt_ChildT1D,Pt_GrandchildT1D,Pt_GrandparentT1D,BldPrSys,BldPrDia,SMBGperDayPtMeterCombo,WeightKg,HeightCm,DirectLDL,age,diabDur,TotalDailyInsPerKg,LDL,HDL,TotChol,Triglyc,BUN,AlbCreatRat_mggNew,UnitsInsBasalOrLongAct,BGTestAvgNumMeter,BGTestAvgNumPtRep,TSH,HbA1c,AutonomicNeuroCl,Pt_InsGov,NumPumpBolusOrShortAct,HbA1cImputeDtMnC,Pt_SHFlg,Pt_DKAFlg,bmi,bmiPerc,bmiZscore,GFR,diagAgeCombo,Pt_A1cGoalLev,Pt_A1cGoalLevelDsYr5
5687,0.0,0.0,0.0,0.0,0.0,0.0,0.0,121.0,77.0,5.0,55.7,169.2,0.0,15,6.0,1.0233393178,44.0,31.0,119.0,222.0,0.0,20.0,0.0,0.0,5.0,0.0,8.7,0.0,0.0,4.0,0.0,0.0,0.0,19.456041223,0.4430803542,-0.14316394,0.0,8.0,0.0,0.0
5687,28.0,0.0,0.0,0.0,0.0,0.0,0.0,122.0,67.0,8.0,0.0,0.0,0.0,16,7.0,0.0,64.0,29.0,113.0,101.0,0.0,0.0,0.0,8.0,19.0,0.0,7.4,0.0,0.0,7.0,11.154000000000002,0.0,0.0,0.0,0.0,0.0,0.0,8.0,7.0,0.0
5687,0.0,0.0,0.0,0.0,0.0,0.0,0.0,128.0,78.0,8.0,64.1,170.4,0.0,17,8.0,1.1544461778,0.0,0.0,0.0,0.0,0.0,6.2,45.0,8.0,8.0,2.2,8.1,0.0,0.0,8.0,23.237,0.0,0.0,22.075921885,0.6132259179,0.2877368708,0.0,8.0,0.0,0.0
5687,0.0,0.0,0.0,0.0,0.0,0.0,0.0,102.0,68.0,5.0,62.7,170.7,0.0,18,9.0,1.0366826156,0.0,0.0,0.0,0.0,0.0,4.7,35.0,5.0,6.0,2.0,8.5,0.0,0.0,4.0,35.784,0.0,0.0,21.517930408,0.4505150975,-0.124360061,0.0,8.0,0.0,0.0
5687,0.0,0.0,0.0,0.0,0.0,0.0,0.0,134.0,73.0,4.0,63.5,170.6,0.0,19,10.0,0.9448818898000001,0.0,0.0,0.0,0.0,0.0,4.7,8.0,4.0,4.0,0.0,9.2,0.0,0.0,0.0,51.817,0.0,0.0,21.818036885,0.4087945028,-0.230647059,0.0,8.0,0.0,0.0
5687,0.0,0.0,0.0,0.0,0.0,0.0,0.0,140.0,58.0,4.0,65.4,170.0,0.0,20,11.0,1.376146789,0.0,0.0,0.0,0.0,0.0,2.0,40.0,4.0,7.0,0.0,7.6,0.0,0.0,14.0,65.062,0.0,0.0,22.629757785,0.4513483702,-0.783111145,0.0,8.0,0.0,0.0
5687,0.0,0.0,0.0,0.0,0.0,0.0,0.0,130.0,83.0,3.0,67.9,171.6,0.0,21,12.0,1.5611192931,0.0,0.0,0.0,0.0,0.0,2.0,0.0,0.0,3.0,0.99,8.1,0.0,0.0,9.0,75.286,0.0,0.0,23.058720611,0.0,-0.698500295,0.0,8.0,0.0,0.0
