PtID,Pt_CGMUseNumDays,Pt_FatherT1D,Pt_MotherT1D,Pt_SiblingT1D,Pt_ChildT1D,Pt_GrandchildT1D,Pt_GrandparentT1D,BldPrSys,BldPrDia,SMBGperDayPtMeterCombo,WeightKg,HeightCm,DirectLDL,age,diabDur,TotalDailyInsPerKg,LDL,HDL,TotChol,Triglyc,BUN,AlbCreatRat_mggNew,UnitsInsBasalOrLongAct,BGTestAvgNumMeter,BGTestAvgNumPtRep,TSH,HbA1c,AutonomicNeuroCl,Pt_InsGov,NumPumpBolusOrShortAct,HbA1cImputeDtMnC,Pt_SHFlg,Pt_DKAFlg,bmi,bmiPerc,bmiZscore,GFR,diagAgeCombo,Pt_A1cGoalLev,Pt_A1cGoalLevelDsYr5
572,0.0,0.0,0.0,0.0,0.0,0.0,0.0,127.0,73.0,4.0,55.6,162.5,0.0,13,12.0,1.9424460432,68.0,51.0,158.0,195.0,14.0,2.9,0.0,4.0,4.0,0.0,9.1,0.0,1.0,0.0,0.299,0.0,0.0,21.055621302,0.8022865823,0.8498170022,0.0,1.0,0.0,0.0
572,0.0,0.0,0.0,0.0,0.0,0.0,0.0,105.0,70.0,3.0,66.6,173.3,0.0,16,14.0,1.6216216216,44.0,49.0,0.0,207.0,15.0,14.7,0.0,3.0,5.0,0.0,8.2,0.0,0.0,0.0,25.061999999999998,1.0,0.0,22.175688054000002,0.7025859412000001,0.5318525583,0.0,1.0,7.0,0.0
572,0.0,0.0,0.0,0.0,0.0,0.0,0.0,125.0,64.0,5.0,70.2,174.5,0.0,17,15.0,0.0,0.0,0.0,0.0,0.0,0.0,0.0,28.0,5.0,0.0,0.0,8.2,0.0,0.0,6.0,39.635,0.0,0.0,23.053997915,0.7179223506,0.576680513,0.0,1.0,0.0,0.0
572,0.0,0.0,0.0,0.0,0.0,0.0,0.0,152.0,78.0,2.0,73.7,175.0,0.0,18,16.0,0.0,0.0,0.0,0.0,0.0,0.0,0.0,35.0,2.0,0.0,0.0,8.4,0.0,0.0,0.0,49.992,0.0,0.0,24.065306122,0.7460019279000001,0.6619611127,0.0,1.0,0.0,0.0
572,0.0,0.0,0.0,0.0,0.0,0.0,0.0,120.0,72.0,1.0,75.3,176.2,0.0,18,17.0,0.0,75.0,50.0,163.0,191.0,9.0,0.0,32.0,1.0,3.0,1.97,8.2,0.0,0.0,0.0,58.92100000000001,0.0,0.0,24.253988541,0.7614350040000001,0.7109261634,90.1,1.0,0.0,0.0
572,0.0,0.0,0.0,0.0,0.0,0.0,0.0,120.0,80.0,4.0,74.3,175.5,1.0,20,19.0,0.0,103.0,59.0,176.0,174.0,13.0,10.2,32.0,0.0,4.0,2.21,8.6,0.0,0.0,0.0,82.88799999999999,1.0,0.0,24.123180818,0.633026834,-0.488540649,90.1,1.0,0.0,0.0
