PtID,Pt_CGMUseNumDays,Pt_FatherT1D,Pt_MotherT1D,Pt_SiblingT1D,Pt_ChildT1D,Pt_GrandchildT1D,Pt_GrandparentT1D,BldPrSys,BldPrDia,SMBGperDayPtMeterCombo,WeightKg,HeightCm,DirectLDL,age,diabDur,TotalDailyInsPerKg,LDL,HDL,TotChol,Triglyc,BUN,AlbCreatRat_mggNew,UnitsInsBasalOrLongAct,BGTestAvgNumMeter,BGTestAvgNumPtRep,TSH,HbA1c,AutonomicNeuroCl,Pt_InsGov,NumPumpBolusOrShortAct,HbA1cImputeDtMnC,Pt_SHFlg,Pt_DKAFlg,bmi,bmiPerc,bmiZscore,GFR,diagAgeCombo,Pt_A1cGoalLev,Pt_A1cGoalLevelDsYr5
5738,0.0,0.0,0.0,0.0,0.0,0.0,0.0,101.0,61.0,1.0,34.1,139.6,0.0,10,4.0,0.6744868034999999,0.0,0.0,203.0,0.0,0.0,0.0,0.0,1.0,5.0,0.0,7.6,0.0,0.0,2.0,0.0,0.0,0.0,17.497803795,0.6548228424,0.39837427840000006,0.0,5.0,0.0,0.0
5738,0.0,0.0,0.0,0.0,0.0,0.0,0.0,114.0,64.0,1.0,37.5,144.0,0.0,11,5.0,0.08,0.0,0.0,0.0,0.0,0.0,0.0,0.0,1.0,3.0,0.0,8.8,0.0,0.0,7.0,12.515,0.0,0.0,18.084490741,0.6484528495,0.3811468286,0.0,5.0,0.0,0.0
5738,0.0,0.0,0.0,0.0,0.0,0.0,0.0,89.0,52.0,7.0,37.9,147.9,0.0,12,6.0,0.7387862797,0.0,0.0,0.0,0.0,0.0,2.0,16.0,0.0,7.0,0.0,8.5,0.0,0.0,0.0,26.058000000000003,0.0,0.0,17.326181597999998,0.4179602718,-0.207114365,0.0,5.0,0.0,0.0
5738,0.0,0.0,0.0,0.0,0.0,0.0,0.0,114.0,81.0,7.0,42.2,153.4,0.0,13,7.0,0.8530805687,70.0,70.0,159.0,95.0,12.0,2.0,16.0,0.0,7.0,0.8,8.2,0.0,0.0,0.0,40.696999999999996,0.0,0.0,17.933362684000002,0.4143595863,-0.21634456600000002,0.0,5.0,0.0,0.0
5738,0.0,0.0,0.0,0.0,0.0,0.0,0.0,111.0,75.0,6.0,48.5,158.8,0.0,14,9.0,1.0309278351,0.0,0.0,0.0,0.0,10.0,12.7,21.0,6.0,6.0,0.8,8.0,0.0,0.0,0.0,56.498000000000005,0.0,0.0,19.232721482,0.5159072551,0.039884147200000004,0.0,5.0,0.0,0.0
5738,0.0,0.0,0.0,0.0,0.0,0.0,0.0,105.0,70.0,6.0,48.5,160.4,0.0,15,9.0,1.1340206186,0.0,0.0,0.0,0.0,0.0,12.7,20.0,0.0,6.0,1.28,10.3,0.0,0.0,0.0,65.16199999999999,0.0,0.0,18.850939982,0.34640875299999996,-0.395034393,0.0,5.0,0.0,0.0
