PtID,Pt_CGMUseNumDays,Pt_FatherT1D,Pt_MotherT1D,Pt_SiblingT1D,Pt_ChildT1D,Pt_GrandchildT1D,Pt_GrandparentT1D,BldPrSys,BldPrDia,SMBGperDayPtMeterCombo,WeightKg,HeightCm,DirectLDL,age,diabDur,TotalDailyInsPerKg,LDL,HDL,TotChol,Triglyc,BUN,AlbCreatRat_mggNew,UnitsInsBasalOrLongAct,BGTestAvgNumMeter,BGTestAvgNumPtRep,TSH,HbA1c,AutonomicNeuroCl,Pt_InsGov,NumPumpBolusOrShortAct,HbA1cImputeDtMnC,Pt_SHFlg,Pt_DKAFlg,bmi,bmiPerc,bmiZscore,GFR,diagAgeCombo,Pt_A1cGoalLev,Pt_A1cGoalLevelDsYr5
573,0.0,0.0,0.0,0.0,0.0,0.0,0.0,99.0,55.0,10.0,42.0,138.7,0.0,9,7.0,1.0238095238,99.0,67.0,0.0,47.0,8.0,15.0,0.0,10.0,10.0,0.0,7.1,0.0,0.0,8.0,0.0,0.0,0.0,21.832143048000002,0.95115616,1.6561686004,0.0,1.0,0.0,0.0
573,0.0,0.0,0.0,0.0,0.0,0.0,1.0,116.0,56.0,10.0,50.8,147.3,0.0,11,9.0,0.0,83.0,63.0,0.0,70.0,0.0,16.0,0.0,10.0,12.0,0.0,7.9,0.0,0.0,9.0,17.227999999999998,0.0,0.0,23.413062184,0.9380789638,1.5388452807,0.0,1.0,6.0,0.0
573,0.0,0.0,0.0,0.0,0.0,0.0,0.0,115.0,59.0,6.0,70.2,155.0,0.0,12,10.0,1.1396011395999999,108.0,64.0,0.0,86.0,10.0,19.0,31.0,6.0,0.0,1.4,7.5,0.0,0.0,9.0,36.016999999999996,0.0,0.0,29.219562955,0.9817855775,2.0921081191999997,0.0,1.0,0.0,0.0
573,0.0,0.0,0.0,0.0,0.0,0.0,0.0,119.0,66.0,5.0,74.8,156.9,0.0,13,11.0,1.4438502674,122.0,51.0,0.0,112.0,0.0,17.0,33.0,5.0,0.0,1.28,7.4,0.0,0.0,7.0,47.867,0.0,0.0,30.384753028000002,0.9812181136,2.0795832695,0.0,1.0,0.0,0.0
573,0.0,0.0,0.0,0.0,0.0,0.0,0.0,109.0,63.0,5.0,79.3,158.6,0.0,14,12.0,1.2232030265,0.0,0.0,0.0,0.0,0.0,28.0,36.0,5.0,0.0,0.0,7.8,0.0,0.0,6.0,60.315,0.0,0.0,31.525851198,0.9809415331,2.0735950661,0.0,1.0,0.0,0.0
573,0.0,0.0,0.0,0.0,0.0,0.0,0.0,106.0,61.0,5.0,80.8,160.5,0.0,15,13.0,0.0,98.0,50.0,0.0,117.0,6.0,28.0,0.0,5.0,0.0,1.07,7.3,0.0,0.0,0.0,70.207,0.0,0.0,31.36615522,0.9756395164,1.9710254297,0.0,1.0,0.0,0.0
573,3.0,0.0,0.0,0.0,0.0,0.0,0.0,100.0,61.0,2.0,82.4,158.6,0.0,16,14.0,0.7730582523999999,0.0,0.0,0.0,0.0,0.0,28.0,30.4,2.0,5.0,0.0,8.4,0.0,0.0,4.0,76.249,0.0,0.0,32.758261522,0.9773428721999999,2.0017255618000003,0.0,1.0,0.0,0.0
