PtID,Pt_CGMUseNumDays,Pt_FatherT1D,Pt_MotherT1D,Pt_SiblingT1D,Pt_ChildT1D,Pt_GrandchildT1D,Pt_GrandparentT1D,BldPrSys,BldPrDia,SMBGperDayPtMeterCombo,WeightKg,HeightCm,DirectLDL,age,diabDur,TotalDailyInsPerKg,LDL,HDL,TotChol,Triglyc,BUN,AlbCreatRat_mggNew,UnitsInsBasalOrLongAct,BGTestAvgNumMeter,BGTestAvgNumPtRep,TSH,HbA1c,AutonomicNeuroCl,Pt_InsGov,NumPumpBolusOrShortAct,HbA1cImputeDtMnC,Pt_SHFlg,Pt_DKAFlg,bmi,bmiPerc,bmiZscore,GFR,diagAgeCombo,Pt_A1cGoalLev,Pt_A1cGoalLevelDsYr5
5744,0.0,0.0,0.0,1.0,0.0,0.0,0.0,180.0,90.0,3.0,88.9,173.0,0.0,45,31.0,0.6861642295,107.0,50.0,0.0,89.0,22.0,1952.9,0.0,3.0,3.0,0.0,8.7,1.0,0.0,6.0,0.266,0.0,0.0,29.703631929,0.0,0.1874323282,0.0,14.0,0.0,0.0
5744,0.0,0.0,0.0,1.0,0.0,0.0,0.0,150.0,90.0,5.0,84.4,170.2,0.0,46,32.0,0.0,74.0,45.0,0.0,78.0,18.0,807.5,0.0,5.0,5.0,0.0,7.8,1.0,0.0,5.0,15.602,0.0,0.0,29.13555767,0.0,0.1057562978,0.0,14.0,7.0,0.0
5744,0.0,0.0,0.0,0.0,0.0,0.0,0.0,122.0,84.0,5.0,89.8,171.2,0.0,47,33.0,0.723830735,0.0,0.0,0.0,0.0,26.0,499.5,32.0,5.0,0.0,2.08,7.6,1.0,0.0,8.0,28.349,0.0,0.0,30.63859289,0.0,0.3218582392,41.0,14.0,0.0,0.0
5744,0.0,0.0,0.0,0.0,0.0,0.0,0.0,156.0,84.0,4.0,91.4,172.9,0.0,49,35.0,0.7439824945,88.0,39.0,151.0,120.0,24.0,499.5,33.0,4.0,7.0,3.84,7.6,1.0,0.0,8.0,40.664,0.0,0.0,30.574277934,0.0,0.3126112257,36.0,14.0,0.0,0.0
5744,0.0,0.0,0.0,0.0,0.0,0.0,0.0,120.0,76.0,4.0,93.0,173.4,0.0,49,35.0,0.8387096773999999,65.0,35.0,114.0,68.0,25.0,499.5,33.0,4.0,5.0,4.19,8.0,1.0,0.0,5.0,52.548,0.0,0.0,30.930344863000002,0.0,0.3638054717,36.0,14.0,0.0,0.0
5744,7.0,0.0,0.0,0.0,0.0,0.0,0.0,118.0,83.0,4.0,94.7,173.4,0.0,51,37.0,0.7951425554000001,104.0,36.0,155.0,76.0,21.0,499.5,33.1,4.0,5.0,2.07,0.0,1.0,0.0,7.0,0.0,0.0,0.0,31.495738264,0.0,0.37003396920000003,38.0,14.0,0.0,0.0
