PtID,Pt_CGMUseNumDays,Pt_FatherT1D,Pt_MotherT1D,Pt_SiblingT1D,Pt_ChildT1D,Pt_GrandchildT1D,Pt_GrandparentT1D,BldPrSys,BldPrDia,SMBGperDayPtMeterCombo,WeightKg,HeightCm,DirectLDL,age,diabDur,TotalDailyInsPerKg,LDL,HDL,TotChol,Triglyc,BUN,AlbCreatRat_mggNew,UnitsInsBasalOrLongAct,BGTestAvgNumMeter,BGTestAvgNumPtRep,TSH,HbA1c,AutonomicNeuroCl,Pt_InsGov,NumPumpBolusOrShortAct,HbA1cImputeDtMnC,Pt_SHFlg,Pt_DKAFlg,bmi,bmiPerc,bmiZscore,GFR,diagAgeCombo,Pt_A1cGoalLev,Pt_A1cGoalLevelDsYr5
5752,0.0,0.0,0.0,0.0,0.0,0.0,0.0,116.0,70.0,0.0,59.8,165.5,0.0,18,7.0,1.1705685619,147.0,75.0,236.0,93.0,10.0,2.3,0.0,0.0,5.0,0.0,8.9,0.0,0.0,0.0,0.0,0.0,0.0,21.832586413,0.5692920861,0.1745721573,0.0,10.0,0.0,0.0
5752,0.0,0.0,0.0,0.0,0.0,0.0,0.0,120.0,70.0,2.0,58.3,165.5,0.0,19,8.0,0.7718696398,95.0,47.0,161.0,97.0,10.0,0.0,0.0,2.0,4.0,0.0,8.5,0.0,0.0,1.0,12.116,0.0,0.0,21.284946286,0.4674454068,-0.08169303900000001,0.0,10.0,7.0,0.0
5752,0.0,0.0,0.0,0.0,0.0,0.0,0.0,122.0,70.0,3.0,64.7,165.5,0.0,20,9.0,0.9119010819,134.0,63.0,218.0,103.0,11.0,2.9,30.0,3.0,0.0,0.98,7.9,0.0,0.0,5.0,24.598000000000003,0.0,0.0,23.621544163000003,0.6917519431999999,-0.42857744299999995,0.0,10.0,0.0,0.0
5752,0.0,0.0,0.0,0.0,0.0,0.0,0.0,118.0,72.0,0.0,64.2,165.5,0.0,21,10.0,1.0280373831999998,105.0,63.0,193.0,125.0,0.0,4.7,29.0,0.0,0.0,0.98,8.6,0.0,0.0,3.0,36.714,0.0,0.0,23.438997453000002,0.0,-0.453191723,0.0,10.0,0.0,0.0
5752,0.0,0.0,0.0,0.0,0.0,0.0,0.0,110.0,78.0,1.0,61.5,165.5,0.0,22,12.0,0.8130081301000001,136.0,56.0,204.0,58.0,16.0,3.8,31.0,1.0,0.0,0.93,7.8,0.0,0.0,13.0,50.855,0.0,0.0,22.453245224,0.0,-0.586108835,94.4,10.0,0.0,0.0
5752,0.0,0.0,0.0,0.0,0.0,0.0,0.0,129.0,79.0,0.0,62.0,164.5,0.0,24,13.0,0.0,120.0,48.0,190.0,116.0,8.0,4.8,0.0,0.0,0.0,0.61,8.4,0.0,0.0,0.0,70.17399999999999,0.0,0.0,22.911835626,0.0,-0.524273305,119.5,10.0,0.0,0.0
