PtID,Pt_CGMUseNumDays,Pt_FatherT1D,Pt_MotherT1D,Pt_SiblingT1D,Pt_ChildT1D,Pt_GrandchildT1D,Pt_GrandparentT1D,BldPrSys,BldPrDia,SMBGperDayPtMeterCombo,WeightKg,HeightCm,DirectLDL,age,diabDur,TotalDailyInsPerKg,LDL,HDL,TotChol,Triglyc,BUN,AlbCreatRat_mggNew,UnitsInsBasalOrLongAct,BGTestAvgNumMeter,BGTestAvgNumPtRep,TSH,HbA1c,AutonomicNeuroCl,Pt_InsGov,NumPumpBolusOrShortAct,HbA1cImputeDtMnC,Pt_SHFlg,Pt_DKAFlg,bmi,bmiPerc,bmiZscore,GFR,diagAgeCombo,Pt_A1cGoalLev,Pt_A1cGoalLevelDsYr5
5773,0.0,0.0,0.0,0.0,0.0,0.0,0.0,119.0,59.0,7.0,63.9,158.4,0.0,16,9.0,0.9389671362,56.0,57.0,0.0,89.0,13.0,5.0,0.0,7.0,8.0,0.0,7.0,0.0,0.0,0.0,0.0,0.0,0.0,25.467745638,0.8811036472,1.1805218995,0.0,7.0,0.0,0.0
5773,0.0,0.0,0.0,0.0,0.0,0.0,0.0,127.0,66.0,5.0,62.4,158.7,0.0,18,10.0,0.0,68.0,44.0,0.0,125.0,0.0,2.0,0.0,5.0,7.0,0.0,6.7,0.0,0.0,7.0,13.71,0.0,0.0,24.775973976,0.8093989224,0.8756834312999999,0.0,7.0,5.0,0.0
5773,0.0,0.0,0.0,0.0,0.0,0.0,0.0,115.0,62.0,7.0,70.5,158.7,0.0,19,11.0,0.9787234043,80.0,49.0,0.0,69.0,9.0,11.0,30.0,7.0,0.0,2.22,7.9,0.0,0.0,9.0,26.49,0.0,0.0,27.992085982,0.9058306731999999,1.3155097177,0.0,7.0,0.0,0.0
5773,0.0,0.0,0.0,0.0,0.0,0.0,0.0,118.0,63.0,5.0,70.8,158.7,0.0,20,12.0,0.8757062147,0.0,0.0,0.0,0.0,9.0,11.0,32.0,5.0,0.0,1.64,7.1,0.0,0.0,6.0,36.448,0.0,0.0,28.111201241999996,0.8976639164,0.1768000892,0.0,7.0,0.0,0.0
5773,0.0,0.0,0.0,0.0,0.0,0.0,0.0,129.0,83.0,5.0,81.5,158.9,0.0,20,13.0,1.0429447853,90.0,54.0,0.0,123.0,9.0,11.0,37.0,5.0,0.0,3.46,8.5,0.0,0.0,7.0,47.303000000000004,0.0,0.0,32.278237616,0.9544789684,0.7386760081999999,0.0,7.0,0.0,0.0
