PtID,Pt_CGMUseNumDays,Pt_FatherT1D,Pt_MotherT1D,Pt_SiblingT1D,Pt_ChildT1D,Pt_GrandchildT1D,Pt_GrandparentT1D,BldPrSys,BldPrDia,SMBGperDayPtMeterCombo,WeightKg,HeightCm,DirectLDL,age,diabDur,TotalDailyInsPerKg,LDL,HDL,TotChol,Triglyc,BUN,AlbCreatRat_mggNew,UnitsInsBasalOrLongAct,BGTestAvgNumMeter,BGTestAvgNumPtRep,TSH,HbA1c,AutonomicNeuroCl,Pt_InsGov,NumPumpBolusOrShortAct,HbA1cImputeDtMnC,Pt_SHFlg,Pt_DKAFlg,bmi,bmiPerc,bmiZscore,GFR,diagAgeCombo,Pt_A1cGoalLev,Pt_A1cGoalLevelDsYr5
5788,0.0,0.0,0.0,0.0,0.0,0.0,0.0,126.0,64.0,4.0,65.31730128,175.26,0.0,83,63.0,0.3215074657,65.0,88.0,162.0,47.0,23.0,1.9,0.0,0.0,4.0,0.0,6.5,0.0,1.0,0.0,0.066,1.0,0.0,21.264864412999998,0.0,-1.256324431,0.0,20.0,0.0,0.0
5788,0.0,0.0,0.0,0.0,0.0,0.0,0.0,142.0,60.0,4.0,65.31730128,172.72,0.0,84,64.0,0.3061975864,86.0,78.0,179.0,74.0,29.0,0.0,0.0,0.0,4.0,0.0,6.6,0.0,1.0,0.0,12.216,1.0,0.0,21.894900404,0.0,-1.0926207270000001,0.0,20.0,0.0,0.0
5788,0.0,0.0,0.0,0.0,0.0,0.0,0.0,132.0,70.0,4.0,65.77089365,172.72,0.0,85,65.0,0.273677291,81.0,79.0,178.0,92.0,28.0,0.0,5.0,0.0,4.0,0.0,6.9,0.0,0.0,3.0,24.331999999999997,0.0,0.0,22.046948323000002,0.0,-1.053113765,50.0,20.0,0.0,0.0
5788,0.0,0.0,0.0,0.0,0.0,0.0,0.0,136.0,70.0,4.0,68.49244787,180.34,0.0,86,66.0,0.2920029963,71.0,87.0,174.0,79.0,31.0,0.0,5.0,4.0,4.0,0.0,8.7,0.0,0.0,3.0,40.431999999999995,0.0,0.0,21.060009229000002,0.0,-1.309552426,51.0,20.0,0.0,0.0
5788,0.0,0.0,0.0,0.0,0.0,0.0,0.0,136.0,64.0,4.0,69.39963261,170.18,0.0,87,67.0,0.2881859636,78.0,81.0,173.0,68.0,27.0,0.0,5.0,4.0,4.0,4.58,9.1,0.0,0.0,3.0,52.581,0.0,0.0,23.962941788000002,0.0,-0.555276764,51.0,20.0,0.0,0.0
5788,0.0,0.0,0.0,0.0,0.0,0.0,0.0,126.0,57.0,0.0,68.94604024,170.18,0.0,88,68.0,0.0,59.0,68.0,147.0,101.0,38.0,0.0,6.0,0.0,0.0,3.41,8.8,0.0,0.0,3.0,65.726,0.0,0.0,23.806321253000004,0.0,-0.595971839,49.0,20.0,0.0,0.0
