PtID,Pt_CGMUseNumDays,Pt_FatherT1D,Pt_MotherT1D,Pt_SiblingT1D,Pt_ChildT1D,Pt_GrandchildT1D,Pt_GrandparentT1D,BldPrSys,BldPrDia,SMBGperDayPtMeterCombo,WeightKg,HeightCm,DirectLDL,age,diabDur,TotalDailyInsPerKg,LDL,HDL,TotChol,Triglyc,BUN,AlbCreatRat_mggNew,UnitsInsBasalOrLongAct,BGTestAvgNumMeter,BGTestAvgNumPtRep,TSH,HbA1c,AutonomicNeuroCl,Pt_InsGov,NumPumpBolusOrShortAct,HbA1cImputeDtMnC,Pt_SHFlg,Pt_DKAFlg,bmi,bmiPerc,bmiZscore,GFR,diagAgeCombo,Pt_A1cGoalLev,Pt_A1cGoalLevelDsYr5
57,0.0,0.0,0.0,0.0,0.0,0.0,0.0,126.0,64.0,4.0,81.1,158.6,0.0,12,9.0,0.49321824909999995,0.0,0.0,0.0,0.0,0.0,4.9,0.0,0.0,4.0,0.0,8.4,0.0,0.0,0.0,0.332,0.0,0.0,32.241444289,0.9899775545999999,2.3255065379,0.0,3.0,0.0,0.0
57,0.0,0.0,0.0,0.0,0.0,0.0,0.0,132.0,62.0,4.0,81.9,161.5,0.0,14,11.0,1.1233211233,0.0,0.0,0.0,0.0,0.0,0.0,0.0,0.0,4.0,0.0,8.9,0.0,0.0,0.0,20.480999999999998,0.0,0.0,31.400665203000003,0.9804697759000001,2.0635495169999998,0.0,3.0,7.5,0.0
57,0.0,0.0,0.0,0.0,0.0,0.0,0.0,150.0,69.0,3.0,83.5,162.3,0.0,15,12.0,0.0,0.0,0.0,0.0,0.0,0.0,0.0,40.0,3.0,4.0,0.0,9.1,0.0,0.0,0.0,36.515,0.0,0.0,31.699282761,0.9771734528,1.9985866646000001,0.0,3.0,0.0,0.0
57,0.0,0.0,0.0,0.0,0.0,0.0,0.0,98.0,91.0,2.0,81.0,162.0,0.0,16,13.0,0.5925925926,0.0,0.0,0.0,0.0,0.0,13.0,40.0,2.0,0.0,0.0,9.9,0.0,0.0,3.0,47.635,0.0,0.0,30.864197531,0.9674762623000001,1.8449316947,0.0,3.0,0.0,0.0
57,0.0,0.0,0.0,0.0,0.0,0.0,0.0,138.0,66.0,2.0,80.9,162.5,0.0,17,14.0,0.0,0.0,0.0,0.0,0.0,0.0,13.0,40.0,2.0,4.0,0.0,12.5,0.0,0.0,0.0,57.958999999999996,0.0,0.0,30.636686390999998,0.9597825872,1.7481686661000002,0.0,3.0,0.0,0.0
57,0.0,0.0,0.0,0.0,0.0,0.0,0.0,98.0,68.0,1.0,82.3,162.6,0.0,18,15.0,0.0,0.0,0.0,0.0,0.0,14.0,7.9,38.0,1.0,1.0,0.48,14.1,0.0,0.0,0.0,74.456,0.0,0.0,31.128540068000003,0.9576280337,1.7238001223,0.0,3.0,0.0,0.0
