PtID,Pt_CGMUseNumDays,Pt_FatherT1D,Pt_MotherT1D,Pt_SiblingT1D,Pt_ChildT1D,Pt_GrandchildT1D,Pt_GrandparentT1D,BldPrSys,BldPrDia,SMBGperDayPtMeterCombo,WeightKg,HeightCm,DirectLDL,age,diabDur,TotalDailyInsPerKg,LDL,HDL,TotChol,Triglyc,BUN,AlbCreatRat_mggNew,UnitsInsBasalOrLongAct,BGTestAvgNumMeter,BGTestAvgNumPtRep,TSH,HbA1c,AutonomicNeuroCl,Pt_InsGov,NumPumpBolusOrShortAct,HbA1cImputeDtMnC,Pt_SHFlg,Pt_DKAFlg,bmi,bmiPerc,bmiZscore,GFR,diagAgeCombo,Pt_A1cGoalLev,Pt_A1cGoalLevelDsYr5
5804,0.0,0.0,0.0,0.0,0.0,0.0,1.0,134.0,64.0,10.0,65.2,172.7,0.0,14,11.0,1.2576687117,0.0,0.0,0.0,0.0,14.0,0.0,0.0,0.0,10.0,0.0,11.7,0.0,0.0,0.0,-0.066,0.0,0.0,21.860642428000002,0.8033740948,0.8537350477,0.0,2.0,0.0,0.0
5804,0.0,0.0,0.0,0.0,0.0,0.0,1.0,127.0,69.0,12.0,68.9,174.8,0.0,15,12.0,2.3947750363,0.0,0.0,0.0,0.0,16.0,0.0,0.0,0.0,12.0,0.0,11.1,0.0,0.0,0.0,12.216,1.0,0.0,22.54947138,0.7973237724,0.8321000825,0.0,2.0,7.0,0.0
5804,0.0,0.0,0.0,0.0,0.0,0.0,0.0,126.0,70.0,7.0,79.9,174.9,1.0,16,13.0,0.0,82.0,49.0,0.0,197.0,14.0,0.0,0.0,0.0,7.0,1.96,11.9,0.0,0.0,0.0,26.158,0.0,0.0,26.119638405,0.9217732190000001,1.4171004467,0.0,2.0,0.0,0.0
5804,0.0,0.0,0.0,0.0,0.0,0.0,0.0,125.0,61.0,1.0,74.38914868,176.9,0.0,17,14.0,0.0,0.0,0.0,0.0,0.0,8.0,0.0,0.0,1.0,3.0,20.87,14.0,0.0,0.0,0.0,38.108000000000004,0.0,0.0,23.771354177,0.7783553161,0.7666504561,0.0,2.0,0.0,0.0
5804,0.0,0.0,0.0,0.0,0.0,0.0,0.0,113.0,68.0,0.0,75.6,177.0,0.0,19,16.0,1.2301587301999999,0.0,0.0,0.0,0.0,9.0,6.0,48.0,0.0,0.0,7.99,14.0,0.0,0.0,0.0,56.465,0.0,0.0,24.13099684,0.6923186323,0.5024333348,0.0,2.0,0.0,0.0
5804,0.0,0.0,0.0,0.0,0.0,0.0,0.0,136.0,69.0,0.0,75.29633342,176.1,0.0,19,17.0,0.0,0.0,0.0,0.0,0.0,12.0,0.0,30.0,0.0,0.0,15.06,8.6,0.0,0.0,0.0,66.025,0.0,0.0,24.280359721999996,0.706460023,0.5430724011,0.0,2.0,0.0,0.0
5804,0.0,0.0,0.0,0.0,0.0,0.0,0.0,131.0,61.0,0.0,74.8,175.0,0.0,20,18.0,0.0,105.0,54.0,180.0,102.0,16.0,0.0,25.0,0.0,0.0,11.14,11.9,0.0,0.0,0.0,77.876,0.0,0.0,24.424489796,0.6640373674,-0.429108905,0.0,2.0,0.0,0.0
5804,0.0,0.0,0.0,0.0,0.0,0.0,0.0,112.0,72.0,6.0,78.2,175.5,0.0,21,18.0,0.0,129.0,54.0,0.0,73.0,0.0,0.0,27.0,0.0,6.0,13.93,13.4,0.0,0.0,0.0,84.382,0.0,0.0,25.389404307,0.0,-0.238784167,0.0,2.0,0.0,0.0
