PtID,Pt_CGMUseNumDays,Pt_FatherT1D,Pt_MotherT1D,Pt_SiblingT1D,Pt_ChildT1D,Pt_GrandchildT1D,Pt_GrandparentT1D,BldPrSys,BldPrDia,SMBGperDayPtMeterCombo,WeightKg,HeightCm,DirectLDL,age,diabDur,TotalDailyInsPerKg,LDL,HDL,TotChol,Triglyc,BUN,AlbCreatRat_mggNew,UnitsInsBasalOrLongAct,BGTestAvgNumMeter,BGTestAvgNumPtRep,TSH,HbA1c,AutonomicNeuroCl,Pt_InsGov,NumPumpBolusOrShortAct,HbA1cImputeDtMnC,Pt_SHFlg,Pt_DKAFlg,bmi,bmiPerc,bmiZscore,GFR,diagAgeCombo,Pt_A1cGoalLev,Pt_A1cGoalLevelDsYr5
5807,0.0,0.0,0.0,0.0,0.0,0.0,1.0,121.0,69.0,3.0,94.25649448600001,181.61,0.0,61,34.0,0.5198580773,61.0,40.0,118.0,87.0,15.0,8.8,0.0,0.0,3.0,0.0,8.2,1.0,0.0,5.0,0.0,0.0,0.0,28.577995725999997,0.0,-0.061381489000000004,0.0,27.0,0.0,0.0
5807,0.0,0.0,0.0,0.0,0.0,0.0,1.0,123.0,79.0,4.0,96.61517481,180.08599999999998,0.0,62,34.0,0.6210204569,0.0,0.0,0.0,0.0,0.0,0.0,0.0,0.0,4.0,0.0,7.0,1.0,0.0,0.0,8.83,0.0,1.0,29.791024619,0.0,0.16984997559999998,0.0,27.0,7.0,0.0
5807,0.0,0.0,0.0,0.0,0.0,0.0,0.0,122.0,71.0,5.0,93.89362059,180.34,0.0,63,36.0,1.1715385913,0.0,0.0,0.0,0.0,0.0,7.5,0.0,0.0,5.0,0.0,7.4,1.0,0.0,0.0,23.668000000000003,0.0,0.0,28.870343778000002,0.0,-0.0056531640000000005,0.0,27.0,0.0,0.0
5807,0.0,0.0,0.0,0.0,0.0,0.0,0.0,130.0,73.0,5.0,93.44002822,180.34,0.0,64,37.0,1.0702051562000001,0.0,0.0,0.0,0.0,18.0,7.5,0.0,0.0,5.0,0.0,0.0,1.0,0.0,0.0,0.0,0.0,0.0,28.730873518000003,0.0,-0.032239433,0.0,27.0,0.0,0.0
5807,0.0,0.0,0.0,0.0,0.0,0.0,0.0,133.0,91.0,5.0,0.0,0.0,0.0,65,38.0,0.0,0.0,0.0,0.0,0.0,0.0,7.5,0.0,0.0,5.0,0.0,7.3,1.0,0.0,0.0,47.867,0.0,0.0,0.0,0.0,0.0,0.0,27.0,0.0,0.0
5807,30.0,0.0,0.0,0.0,0.0,0.0,0.0,116.0,68.0,2.0,92.98643585,182.88,1.0,66,39.0,0.0,75.0,0.0,0.0,0.0,17.0,4.9,0.0,0.0,2.0,0.0,7.8,1.0,1.0,0.0,56.83,0.0,0.0,27.802712929000002,0.0,-0.20916838699999998,0.0,27.0,0.0,0.0
5807,0.0,0.0,0.0,0.0,0.0,0.0,0.0,117.0,68.0,5.0,96.61517481,180.34,0.0,67,40.0,0.0,83.0,58.0,0.0,100.0,15.0,4.9,0.0,0.0,5.0,0.13,8.0,1.0,0.0,0.0,69.71,0.0,0.0,29.707165337,0.0,0.1538644499,0.0,27.0,0.0,0.0
