PtID,Pt_CGMUseNumDays,Pt_FatherT1D,Pt_MotherT1D,Pt_SiblingT1D,Pt_ChildT1D,Pt_GrandchildT1D,Pt_GrandparentT1D,BldPrSys,BldPrDia,SMBGperDayPtMeterCombo,WeightKg,HeightCm,DirectLDL,age,diabDur,TotalDailyInsPerKg,LDL,HDL,TotChol,Triglyc,BUN,AlbCreatRat_mggNew,UnitsInsBasalOrLongAct,BGTestAvgNumMeter,BGTestAvgNumPtRep,TSH,HbA1c,AutonomicNeuroCl,Pt_InsGov,NumPumpBolusOrShortAct,HbA1cImputeDtMnC,Pt_SHFlg,Pt_DKAFlg,bmi,bmiPerc,bmiZscore,GFR,diagAgeCombo,Pt_A1cGoalLev,Pt_A1cGoalLevelDsYr5
5827,0.0,0.0,0.0,1.0,0.0,0.0,0.0,140.0,83.0,3.0,89.81128926,172.72,0.0,49,19.0,0.5010505959,56.0,79.0,145.0,50.0,17.0,3.1,0.0,0.0,3.0,0.0,6.9,0.0,0.0,3.0,0.23199999999999998,0.0,0.0,30.105488055,0.0,0.2452100089,0.0,30.0,0.0,0.0
5827,0.0,0.0,0.0,0.0,0.0,0.0,0.0,125.0,76.0,3.0,88.45051215,172.72,0.0,52,22.0,0.5652878518,73.0,73.0,157.0,57.0,0.0,5.0,24.0,3.0,3.0,0.0,7.9,0.0,0.0,3.0,32.763000000000005,0.0,0.0,29.649344297,0.0,0.1256518333,0.0,30.0,0.0,0.0
5827,0.0,0.0,0.0,0.0,0.0,0.0,0.0,127.0,84.0,3.0,86.63614267,172.72,0.0,53,23.0,0.0,57.0,86.0,156.0,63.0,16.0,0.0,26.0,0.0,3.0,0.0,7.6,0.0,0.0,3.0,48.73,0.0,0.0,29.041152619000002,0.0,0.0451537468,81.0,30.0,0.0,0.0
5827,0.0,0.0,0.0,0.0,0.0,0.0,0.0,119.0,79.0,3.0,87.54332741,172.72,0.0,54,24.0,0.0,0.0,0.0,0.0,0.0,0.0,0.0,26.0,0.0,3.0,0.0,7.8,0.0,0.0,0.0,60.846000000000004,0.0,0.0,29.345248458,0.0,0.0854027901,0.0,30.0,0.0,0.0
5827,0.0,0.0,0.0,0.0,0.0,0.0,0.0,120.0,78.0,3.0,87.08973504,172.72,0.0,55,25.0,0.0,36.0,104.0,149.0,46.0,22.0,0.0,26.0,0.0,3.0,0.0,6.9,0.0,0.0,0.0,73.39399999999999,0.0,0.0,29.193200539,0.0,0.06527826839999999,0.0,30.0,0.0,0.0
5827,0.0,0.0,0.0,0.0,0.0,0.0,0.0,115.0,74.0,0.0,81.64662659999999,172.72,0.0,56,26.0,0.0,0.0,0.0,0.0,0.0,0.0,0.0,26.0,0.0,0.0,0.975,6.8,0.0,0.0,0.0,81.195,0.0,0.0,27.368625505,0.0,-0.17621599100000002,0.0,30.0,0.0,0.0
