PtID,Pt_CGMUseNumDays,Pt_FatherT1D,Pt_MotherT1D,Pt_SiblingT1D,Pt_ChildT1D,Pt_GrandchildT1D,Pt_GrandparentT1D,BldPrSys,BldPrDia,SMBGperDayPtMeterCombo,WeightKg,HeightCm,DirectLDL,age,diabDur,TotalDailyInsPerKg,LDL,HDL,TotChol,Triglyc,BUN,AlbCreatRat_mggNew,UnitsInsBasalOrLongAct,BGTestAvgNumMeter,BGTestAvgNumPtRep,TSH,HbA1c,AutonomicNeuroCl,Pt_InsGov,NumPumpBolusOrShortAct,HbA1cImputeDtMnC,Pt_SHFlg,Pt_DKAFlg,bmi,bmiPerc,bmiZscore,GFR,diagAgeCombo,Pt_A1cGoalLev,Pt_A1cGoalLevelDsYr5
5885,0.0,0.0,0.0,0.0,0.0,0.0,0.0,109.0,60.0,12.0,36.3,146.0,0.0,8,8.0,0.6887052342000001,0.0,0.0,0.0,0.0,0.0,5.9,0.0,0.0,12.0,0.0,7.3,0.0,0.0,5.0,0.0,0.0,0.0,17.029461437000002,0.7488279219,0.6708059505,0.0,0.0,0.0,0.0
5885,0.0,0.0,0.0,0.0,0.0,0.0,0.0,118.0,66.0,11.0,42.592323543,152.654,0.0,9,9.0,0.6339170478,0.0,0.0,0.0,0.0,0.0,4.0,0.0,0.0,11.0,0.0,7.6,0.0,0.0,4.0,12.249,0.0,0.0,18.277422689,0.8237790513,0.929863241,0.0,0.0,7.2,0.0
5885,0.0,0.0,0.0,0.0,0.0,0.0,0.0,107.0,75.0,11.0,50.5,159.8,0.0,10,10.0,0.7128712870999999,0.0,0.0,0.0,0.0,0.0,256.0,19.0,0.0,11.0,3.17,7.4,0.0,0.0,0.0,24.232,0.0,0.0,19.775971529,0.8749347237999999,1.150032338,0.0,0.0,0.0,0.0
5885,0.0,0.0,0.0,0.0,0.0,0.0,0.0,121.0,60.0,3.0,55.2,166.0,0.0,11,11.0,0.7246376812,0.0,0.0,0.0,0.0,0.0,256.0,20.0,3.0,0.0,1.19,7.8,0.0,0.0,20.0,36.481,0.0,0.0,20.031934969,0.8418939836,1.002272433,0.0,0.0,0.0,0.0
5885,0.0,0.0,0.0,0.0,0.0,0.0,0.0,115.0,73.0,0.0,64.5,173.1,0.0,12,12.0,1.1007751937999999,0.0,0.0,0.0,0.0,0.0,256.0,27.0,0.0,0.0,3.56,7.7,0.0,0.0,0.0,48.133,0.0,0.0,21.526111173,0.8771353654999999,1.1607851855,0.0,0.0,0.0,0.0
5885,30.0,0.0,0.0,0.0,0.0,0.0,0.0,124.0,71.0,1.0,75.6,185.6,0.0,14,13.0,0.9788359788,0.0,0.0,0.0,0.0,0.0,256.0,35.0,1.0,2.0,3.06,7.7,0.0,0.0,9.0,63.668,0.0,0.0,21.946529429,0.8092584531999999,0.8751669126,0.0,0.0,0.0,0.0
5885,0.0,0.0,0.0,0.0,0.0,0.0,0.0,121.0,69.0,5.0,87.9,193.6,0.0,15,14.0,0.7281001138,0.0,0.0,0.0,0.0,0.0,256.0,31.0,5.0,0.0,2.49,7.7,0.0,0.0,7.0,75.751,0.0,0.0,23.451907315,0.8516954834,1.043732793,0.0,0.0,0.0,0.0
