PtID,Pt_CGMUseNumDays,Pt_FatherT1D,Pt_MotherT1D,Pt_SiblingT1D,Pt_ChildT1D,Pt_GrandchildT1D,Pt_GrandparentT1D,BldPrSys,BldPrDia,SMBGperDayPtMeterCombo,WeightKg,HeightCm,DirectLDL,age,diabDur,TotalDailyInsPerKg,LDL,HDL,TotChol,Triglyc,BUN,AlbCreatRat_mggNew,UnitsInsBasalOrLongAct,BGTestAvgNumMeter,BGTestAvgNumPtRep,TSH,HbA1c,AutonomicNeuroCl,Pt_InsGov,NumPumpBolusOrShortAct,HbA1cImputeDtMnC,Pt_SHFlg,Pt_DKAFlg,bmi,bmiPerc,bmiZscore,GFR,diagAgeCombo,Pt_A1cGoalLev,Pt_A1cGoalLevelDsYr5
5895,0.0,0.0,0.0,0.0,0.0,0.0,0.0,93.0,62.0,4.0,48.8,162.0,0.0,12,7.0,1.9672131147999998,101.0,80.0,196.0,74.0,0.0,3.7,0.0,4.0,5.0,0.0,8.4,0.0,0.0,10.0,0.0,0.0,0.0,18.594726414,0.6255896089,0.3201946452,0.0,5.0,0.0,0.0
5895,0.0,0.0,0.0,0.0,0.0,0.0,0.0,101.0,68.0,5.0,54.9,172.3,0.0,13,8.0,1.4571948998,0.0,0.0,0.0,0.0,0.0,3.6,0.0,5.0,10.0,0.0,9.5,0.0,0.0,0.0,13.112,0.0,0.0,18.492762391,0.5078696019,0.0197274461,0.0,5.0,7.5,0.0
5895,0.0,0.0,0.0,0.0,0.0,0.0,0.0,103.0,67.0,3.0,58.0,177.0,0.0,14,9.0,3.4482758620999996,0.0,0.0,0.0,0.0,0.0,5.0,27.0,3.0,3.0,0.0,12.4,0.0,0.0,4.0,22.838,0.0,0.0,18.513198634000002,0.4009572373,-0.25087018699999997,0.0,5.0,0.0,0.0
5895,0.0,0.0,0.0,0.0,0.0,0.0,0.0,115.0,73.0,4.0,78.0,182.0,0.0,15,10.0,1.0897435897,84.0,62.0,0.0,124.0,0.0,5.0,35.0,4.0,0.0,2.76,7.7,0.0,0.0,0.0,36.083,0.0,0.0,23.547880691,0.8565069836,1.0647567255,0.0,5.0,0.0,0.0
5895,0.0,0.0,0.0,0.0,0.0,0.0,0.0,104.0,62.0,5.0,76.7,185.6,0.0,16,11.0,1.0430247718,0.0,0.0,0.0,0.0,0.0,5.0,36.0,5.0,0.0,0.0,7.8,0.0,0.0,0.0,46.838,0.0,0.0,22.265857238000002,0.711429075,0.5575644317,0.0,5.0,0.0,0.0
