PtID,Pt_CGMUseNumDays,Pt_FatherT1D,Pt_MotherT1D,Pt_SiblingT1D,Pt_ChildT1D,Pt_GrandchildT1D,Pt_GrandparentT1D,BldPrSys,BldPrDia,SMBGperDayPtMeterCombo,WeightKg,HeightCm,DirectLDL,age,diabDur,TotalDailyInsPerKg,LDL,HDL,TotChol,Triglyc,BUN,AlbCreatRat_mggNew,UnitsInsBasalOrLongAct,BGTestAvgNumMeter,BGTestAvgNumPtRep,TSH,HbA1c,AutonomicNeuroCl,Pt_InsGov,NumPumpBolusOrShortAct,HbA1cImputeDtMnC,Pt_SHFlg,Pt_DKAFlg,bmi,bmiPerc,bmiZscore,GFR,diagAgeCombo,Pt_A1cGoalLev,Pt_A1cGoalLevelDsYr5
5896,0.0,0.0,0.0,0.0,0.0,0.0,0.0,120.0,72.0,7.0,0.0,0.0,0.0,31,16.0,0.0,104.0,51.0,174.0,96.0,14.0,8.5,0.0,7.0,7.0,0.0,8.3,1.0,1.0,20.0,0.19899999999999998,0.0,0.0,0.0,0.0,0.0,0.0,15.0,0.0,0.0
5896,0.0,0.0,0.0,0.0,0.0,0.0,0.0,110.0,65.0,5.0,68.4,177.0,0.0,33,18.0,0.4970760234,87.0,57.0,0.0,102.0,14.0,0.0,0.0,5.0,5.0,0.0,9.2,1.0,1.0,0.0,14.307,0.0,0.0,21.832806665,0.0,-0.8215014820000001,0.0,15.0,7.0,0.0
5896,0.0,0.0,0.0,0.0,0.0,0.0,0.0,122.0,64.0,4.0,67.4,176.4,0.0,34,19.0,0.0,85.0,65.0,0.0,80.0,12.0,0.0,0.0,4.0,6.0,1.57,8.5,1.0,0.0,0.0,28.614,0.0,0.0,21.660213594000002,0.0,-0.846520121,0.0,15.0,0.0,0.0
5896,0.0,0.0,0.0,0.0,0.0,0.0,0.0,96.0,60.0,4.0,66.4,176.7,0.0,35,20.0,0.0,90.0,58.0,0.0,145.0,12.0,0.0,21.0,4.0,4.0,1.74,8.5,1.0,0.0,0.0,42.025,0.0,0.0,21.26644907,0.0,-0.903599193,0.0,15.0,0.0,0.0
5896,0.0,0.0,0.0,0.0,0.0,0.0,0.0,108.0,62.0,5.0,63.9,176.6,0.0,36,21.0,0.0,0.0,0.0,0.0,0.0,0.0,0.0,24.0,5.0,6.0,0.0,8.6,1.0,0.0,2.0,51.32,0.0,0.0,20.488938538,0.0,-1.0163050809999998,0.0,15.0,0.0,0.0
5896,0.0,0.0,0.0,0.0,0.0,0.0,0.0,104.0,62.0,6.0,63.9,176.5,0.0,37,22.0,0.0,99.0,50.0,155.0,32.0,0.0,12.0,17.0,6.0,7.0,1.38,8.4,1.0,1.0,0.0,67.154,0.0,0.0,20.512162043,0.0,-1.012938663,0.0,15.0,0.0,0.0
5896,0.0,0.0,0.0,0.0,0.0,0.0,0.0,114.0,62.0,5.0,62.5,176.2,1.0,38,23.0,0.0,91.0,59.0,152.0,44.0,12.0,12.0,18.0,5.0,7.0,1.19,8.9,1.0,0.0,0.0,79.801,0.0,0.0,20.131132587,0.0,-1.068171693,90.1,15.0,0.0,0.0
