PtID,Pt_CGMUseNumDays,Pt_FatherT1D,Pt_MotherT1D,Pt_SiblingT1D,Pt_ChildT1D,Pt_GrandchildT1D,Pt_GrandparentT1D,BldPrSys,BldPrDia,SMBGperDayPtMeterCombo,WeightKg,HeightCm,DirectLDL,age,diabDur,TotalDailyInsPerKg,LDL,HDL,TotChol,Triglyc,BUN,AlbCreatRat_mggNew,UnitsInsBasalOrLongAct,BGTestAvgNumMeter,BGTestAvgNumPtRep,TSH,HbA1c,AutonomicNeuroCl,Pt_InsGov,NumPumpBolusOrShortAct,HbA1cImputeDtMnC,Pt_SHFlg,Pt_DKAFlg,bmi,bmiPerc,bmiZscore,GFR,diagAgeCombo,Pt_A1cGoalLev,Pt_A1cGoalLevelDsYr5
58,0.0,0.0,0.0,0.0,0.0,0.0,0.0,98.0,62.0,5.0,37.1,157.5,0.0,13,2.0,0.9973045822,116.0,77.0,210.0,84.0,0.0,0.0,0.0,5.0,6.0,0.0,7.2,0.0,0.0,5.0,0.0,0.0,0.0,14.955908289000002,0.0310662328,-1.8653492530000002,0.0,10.0,0.0,0.0
58,0.0,0.0,0.0,0.0,0.0,0.0,0.0,104.0,67.0,3.0,44.3,164.7,0.0,14,3.0,1.3995485327000001,0.0,0.0,0.0,0.0,0.0,2.4,0.0,3.0,3.0,0.0,8.2,0.0,0.0,0.0,15.734000000000002,0.0,0.0,16.331140979,0.09319195970000001,-1.32135231,0.0,10.0,7.0,0.0
58,0.0,0.0,0.0,0.0,0.0,0.0,0.0,99.0,64.0,2.0,49.1,167.7,0.0,15,4.0,1.0183299389,0.0,0.0,0.0,0.0,0.0,6.5,28.0,2.0,0.0,0.0,11.9,0.0,0.0,0.0,28.581,0.0,0.0,17.458839275,0.1588926333,-0.999019456,0.0,10.0,0.0,0.0
58,0.0,0.0,0.0,0.0,0.0,0.0,0.0,94.0,65.0,0.0,49.3,168.2,0.0,16,5.0,0.9330628803000001,0.0,65.0,0.0,0.0,0.0,6.5,29.0,0.0,0.0,2.41,9.2,0.0,0.0,0.0,39.037,0.0,0.0,17.42588872,0.10224087890000001,-1.268885911,0.0,10.0,0.0,0.0
58,0.0,0.0,0.0,0.0,0.0,0.0,0.0,91.0,61.0,1.0,50.4,169.0,0.0,17,6.0,1.0119047619,0.0,0.0,0.0,0.0,0.0,6.5,26.0,1.0,0.0,0.0,10.1,0.0,0.0,25.0,53.411,0.0,0.0,17.646440951,0.0832722051,-1.3833929530000002,0.0,10.0,0.0,0.0
58,0.0,0.0,0.0,0.0,0.0,0.0,0.0,115.0,83.0,3.0,50.9,168.9,0.0,19,8.0,1.0628683694,116.0,47.0,197.0,170.0,0.0,6.5,31.6,3.0,0.0,2.51,8.9,0.0,0.0,3.0,67.751,0.0,0.0,17.842614122,0.0553191188,-1.5953309969999998,0.0,10.0,0.0,0.0
58,0.0,0.0,0.0,0.0,0.0,0.0,0.0,106.0,72.0,1.0,51.5,168.9,0.0,19,8.0,1.0194174756999999,0.0,0.0,0.0,0.0,0.0,6.5,32.0,1.0,1.0,0.0,8.2,0.0,0.0,4.0,71.70100000000001,0.0,0.0,18.052939632,0.0702224915,-1.4741359790000002,0.0,10.0,0.0,0.0
