PtID,Pt_CGMUseNumDays,Pt_FatherT1D,Pt_MotherT1D,Pt_SiblingT1D,Pt_ChildT1D,Pt_GrandchildT1D,Pt_GrandparentT1D,BldPrSys,BldPrDia,SMBGperDayPtMeterCombo,WeightKg,HeightCm,DirectLDL,age,diabDur,TotalDailyInsPerKg,LDL,HDL,TotChol,Triglyc,BUN,AlbCreatRat_mggNew,UnitsInsBasalOrLongAct,BGTestAvgNumMeter,BGTestAvgNumPtRep,TSH,HbA1c,AutonomicNeuroCl,Pt_InsGov,NumPumpBolusOrShortAct,HbA1cImputeDtMnC,Pt_SHFlg,Pt_DKAFlg,bmi,bmiPerc,bmiZscore,GFR,diagAgeCombo,Pt_A1cGoalLev,Pt_A1cGoalLevelDsYr5
5907,20.0,0.0,0.0,0.0,0.0,0.0,0.0,93.0,61.0,15.0,28.4,137.0,0.0,9,4.0,0.6690140845,0.0,80.0,196.0,0.0,0.0,0.0,0.0,15.0,11.0,0.0,7.2,0.0,0.0,7.0,0.0,1.0,0.0,15.131333582,0.2647525977,-0.62876152,0.0,5.0,0.0,0.0
5907,0.0,0.0,0.0,0.0,0.0,0.0,0.0,96.0,60.0,11.0,33.5,144.9,0.0,11,6.0,0.6865671642,0.0,0.0,154.0,0.0,0.0,5.6,11.0,11.0,0.0,3.27,7.4,0.0,0.0,0.0,21.378,0.0,0.0,15.955412481,0.2479377559,-0.680993645,0.0,5.0,0.0,0.0
5907,0.0,0.0,0.0,0.0,0.0,0.0,0.0,101.0,64.0,8.0,35.7,150.7,0.0,12,7.0,0.0,0.0,0.0,0.0,0.0,0.0,5.6,11.0,8.0,0.0,1.3,7.4,0.0,0.0,0.0,34.158,0.0,0.0,15.719607987,0.1389937475,-1.084851357,0.0,5.0,0.0,0.0
5907,0.0,0.0,0.0,0.0,0.0,0.0,0.0,113.0,68.0,0.0,41.0,155.7,0.0,14,8.0,0.5609756097999999,0.0,0.0,0.0,0.0,0.0,8.0,11.0,0.0,0.0,0.0,7.7,0.0,0.0,4.0,49.394,0.0,0.0,16.912454125,0.1563162746,-1.009713549,0.0,5.0,0.0,0.0
5907,0.0,0.0,0.0,0.0,0.0,0.0,0.0,96.0,65.0,8.0,47.5,159.3,0.0,15,9.0,0.7473684211,0.0,0.0,0.0,0.0,0.0,8.0,14.4,8.0,0.0,2.64,9.0,0.0,0.0,10.0,62.207,0.0,0.0,18.71811271,0.3314706272,-0.43585594,0.0,5.0,0.0,0.0
