PtID,Pt_CGMUseNumDays,Pt_FatherT1D,Pt_MotherT1D,Pt_SiblingT1D,Pt_ChildT1D,Pt_GrandchildT1D,Pt_GrandparentT1D,BldPrSys,BldPrDia,SMBGperDayPtMeterCombo,WeightKg,HeightCm,DirectLDL,age,diabDur,TotalDailyInsPerKg,LDL,HDL,TotChol,Triglyc,BUN,AlbCreatRat_mggNew,UnitsInsBasalOrLongAct,BGTestAvgNumMeter,BGTestAvgNumPtRep,TSH,HbA1c,AutonomicNeuroCl,Pt_InsGov,NumPumpBolusOrShortAct,HbA1cImputeDtMnC,Pt_SHFlg,Pt_DKAFlg,bmi,bmiPerc,bmiZscore,GFR,diagAgeCombo,Pt_A1cGoalLev,Pt_A1cGoalLevelDsYr5
5946,0.0,0.0,0.0,0.0,0.0,0.0,0.0,94.0,63.0,10.0,20.5,117.5,0.0,7,0.0,0.7317073170999999,0.0,0.0,0.0,0.0,6.0,0.0,0.0,0.0,10.0,0.0,7.6,0.0,1.0,0.0,0.0,0.0,0.0,14.848347669,0.3462069935,-0.395581229,0.0,7.0,0.0,0.0
5946,0.0,0.0,0.0,0.0,0.0,0.0,0.0,110.0,52.0,0.0,23.8,121.4,0.0,8,1.0,0.0,0.0,0.0,0.0,0.0,0.0,0.0,0.0,0.0,0.0,0.0,8.1,0.0,0.0,3.0,12.68,0.0,0.0,16.148775,0.5703020290999999,0.1771431592,0.0,7.0,0.0,0.0
5946,0.0,0.0,0.0,0.0,0.0,0.0,0.0,106.0,51.0,0.0,26.9,128.7,0.0,9,2.0,0.9293680297,0.0,0.0,0.0,0.0,15.0,0.0,9.0,0.0,0.0,2.32,9.3,0.0,0.0,16.0,28.78,0.0,0.0,16.240342581,0.4914894701,-0.021334352999999997,0.0,7.0,0.0,0.0
5946,0.0,0.0,0.0,0.0,0.0,0.0,0.0,107.0,66.0,9.0,28.8,133.1,0.0,10,3.0,1.2847222222,0.0,0.0,0.0,0.0,0.0,0.0,12.0,9.0,10.0,1.81,8.7,0.0,0.0,25.0,40.631,0.0,0.0,16.256849186,0.3947417485,-0.266981381,0.0,7.0,0.0,0.0
5946,0.0,0.0,0.0,0.0,0.0,0.0,0.0,114.0,60.0,9.0,31.6,137.0,0.0,11,4.0,0.9493670886,75.0,55.0,143.0,67.0,0.0,0.0,15.0,9.0,0.0,2.56,9.4,0.0,0.0,7.0,50.855,0.0,0.0,16.836272577,0.39908952659999997,-0.255704457,0.0,7.0,0.0,0.0
5946,0.0,0.0,0.0,0.0,0.0,0.0,0.0,102.0,75.0,1.0,36.3,141.0,0.0,12,5.0,0.9641873278,0.0,0.0,0.0,0.0,0.0,0.0,15.0,1.0,1.0,0.0,8.7,0.0,0.0,8.0,60.382,0.0,0.0,18.258638900999998,0.526927136,0.0675476518,0.0,7.0,0.0,0.0
5946,0.0,0.0,0.0,0.0,0.0,0.0,0.0,114.0,61.0,10.0,36.3,141.7,0.0,12,5.0,0.9641873278,0.0,0.0,0.0,0.0,0.0,0.0,14.0,10.0,7.0,1.78,9.7,0.0,0.0,7.0,63.635,1.0,0.0,18.078688613,0.5005587765999999,0.0014006458,0.0,7.0,0.0,0.0
5946,0.0,0.0,0.0,0.0,0.0,0.0,0.0,112.0,59.0,8.0,42.6,146.0,0.0,13,6.0,1.1502347418,0.0,0.0,0.0,0.0,0.0,0.0,19.0,8.0,0.0,0.0,9.1,0.0,0.0,8.0,75.021,0.0,0.0,19.984987803,0.6592879916,0.4105207069,0.0,7.0,0.0,0.0
