PtID,Pt_CGMUseNumDays,Pt_FatherT1D,Pt_MotherT1D,Pt_SiblingT1D,Pt_ChildT1D,Pt_GrandchildT1D,Pt_GrandparentT1D,BldPrSys,BldPrDia,SMBGperDayPtMeterCombo,WeightKg,HeightCm,DirectLDL,age,diabDur,TotalDailyInsPerKg,LDL,HDL,TotChol,Triglyc,BUN,AlbCreatRat_mggNew,UnitsInsBasalOrLongAct,BGTestAvgNumMeter,BGTestAvgNumPtRep,TSH,HbA1c,AutonomicNeuroCl,Pt_InsGov,NumPumpBolusOrShortAct,HbA1cImputeDtMnC,Pt_SHFlg,Pt_DKAFlg,bmi,bmiPerc,bmiZscore,GFR,diagAgeCombo,Pt_A1cGoalLev,Pt_A1cGoalLevelDsYr5
5952,0.0,0.0,0.0,0.0,0.0,0.0,0.0,135.0,63.0,5.0,62.2,164.3,0.0,14,12.0,0.6430868167,85.0,80.0,197.0,160.0,14.0,5.7,0.0,5.0,4.0,0.0,6.8,0.0,1.0,0.0,0.465,0.0,0.0,23.041739259,0.8368966917,0.9817833011,0.0,2.0,0.0,0.0
5952,0.0,0.0,0.0,0.0,0.0,0.0,0.0,119.0,65.0,4.0,65.3,166.5,0.0,15,13.0,0.5359877489,81.0,83.0,178.0,72.0,0.0,8.0,0.0,4.0,4.0,0.0,10.8,0.0,0.0,0.0,11.12,0.0,0.0,23.555086618,0.8280526046,0.946497708,0.0,2.0,6.0,0.0
5952,0.0,0.0,0.0,0.0,0.0,0.0,0.0,131.0,63.0,4.0,66.1,167.8,0.0,16,14.0,0.0,106.0,87.0,210.0,84.0,0.0,11.0,19.0,0.0,4.0,1.62,8.2,0.0,0.0,3.0,31.037,0.0,0.0,23.475645705,0.7900357989,0.8065454681,0.0,2.0,0.0,0.0
5952,0.0,0.0,0.0,0.0,0.0,0.0,0.0,135.0,67.0,4.0,67.9,167.7,0.0,18,16.0,0.0,90.0,79.0,190.0,103.0,0.0,25.0,19.0,0.0,4.0,1.36,9.6,0.0,0.0,3.0,44.979,0.0,0.0,24.143690159000002,0.7729102590000001,0.7484654092,0.0,2.0,0.0,0.0
