PtID,Pt_CGMUseNumDays,Pt_FatherT1D,Pt_MotherT1D,Pt_SiblingT1D,Pt_ChildT1D,Pt_GrandchildT1D,Pt_GrandparentT1D,BldPrSys,BldPrDia,SMBGperDayPtMeterCombo,WeightKg,HeightCm,DirectLDL,age,diabDur,TotalDailyInsPerKg,LDL,HDL,TotChol,Triglyc,BUN,AlbCreatRat_mggNew,UnitsInsBasalOrLongAct,BGTestAvgNumMeter,BGTestAvgNumPtRep,TSH,HbA1c,AutonomicNeuroCl,Pt_InsGov,NumPumpBolusOrShortAct,HbA1cImputeDtMnC,Pt_SHFlg,Pt_DKAFlg,bmi,bmiPerc,bmiZscore,GFR,diagAgeCombo,Pt_A1cGoalLev,Pt_A1cGoalLevelDsYr5
5959,0.0,0.0,0.0,0.0,0.0,0.0,0.0,116.0,67.0,4.0,90.4,168.7,0.0,15,2.0,0.5420353982,89.0,56.0,0.0,83.0,16.0,0.0,0.0,0.0,4.0,0.0,7.6,0.0,0.0,4.0,0.0,0.0,0.0,31.76422512,0.9774573543999999,2.0038578377,0.0,13.0,0.0,0.0
5959,0.0,0.0,0.0,0.0,0.0,0.0,0.0,116.0,74.0,4.0,86.5,168.2,0.0,16,3.0,0.6358381503,100.0,45.0,0.0,147.0,13.0,7.0,0.0,0.0,4.0,0.0,9.1,0.0,0.0,0.0,12.415,0.0,0.0,30.574835179,0.9654888751,1.8182740964,0.0,13.0,6.0,0.0
5959,0.0,0.0,0.0,0.0,0.0,0.0,0.0,123.0,73.0,5.0,88.0,168.0,0.0,17,4.0,0.0,114.0,63.0,0.0,90.0,19.0,13.0,37.0,0.0,5.0,1.29,14.0,0.0,0.0,0.0,24.266,0.0,0.0,31.179138321999996,0.9639199267,1.7981064106,0.0,13.0,0.0,0.0
5959,0.0,0.0,0.0,0.0,0.0,0.0,0.0,104.0,67.0,4.0,87.2,168.4,0.0,18,5.0,0.0,0.0,0.0,0.0,0.0,0.0,13.0,36.0,0.0,4.0,1.29,10.0,0.0,0.0,0.0,35.385999999999996,0.0,0.0,30.749093043000002,0.9543574331,1.688657244,0.0,13.0,0.0,0.0
5959,0.0,0.0,0.0,0.0,0.0,0.0,0.0,115.0,71.0,3.0,92.2,168.0,0.0,19,6.0,0.8134490239,121.0,82.0,0.0,90.0,18.0,13.0,37.0,0.0,3.0,0.0,8.5,0.0,0.0,0.0,47.501999999999995,0.0,0.0,32.66723356,0.9629275842,1.7857186041,0.0,13.0,0.0,0.0
5959,0.0,0.0,0.0,0.0,0.0,0.0,0.0,124.0,68.0,2.0,80.9,168.2,0.0,20,7.0,0.0,97.0,75.0,0.0,100.0,18.0,13.0,34.0,0.0,2.0,1.15,11.4,0.0,0.0,0.0,61.676,0.0,0.0,28.595423884000002,0.9079339285,0.242091826,0.0,13.0,0.0,0.0
