PtID,Pt_CGMUseNumDays,Pt_FatherT1D,Pt_MotherT1D,Pt_SiblingT1D,Pt_ChildT1D,Pt_GrandchildT1D,Pt_GrandparentT1D,BldPrSys,BldPrDia,SMBGperDayPtMeterCombo,WeightKg,HeightCm,DirectLDL,age,diabDur,TotalDailyInsPerKg,LDL,HDL,TotChol,Triglyc,BUN,AlbCreatRat_mggNew,UnitsInsBasalOrLongAct,BGTestAvgNumMeter,BGTestAvgNumPtRep,TSH,HbA1c,AutonomicNeuroCl,Pt_InsGov,NumPumpBolusOrShortAct,HbA1cImputeDtMnC,Pt_SHFlg,Pt_DKAFlg,bmi,bmiPerc,bmiZscore,GFR,diagAgeCombo,Pt_A1cGoalLev,Pt_A1cGoalLevelDsYr5
5973,0.0,0.0,0.0,0.0,0.0,0.0,0.0,106.0,62.0,5.0,44.8,162.5,0.0,13,2.0,0.44642857140000003,0.0,0.0,0.0,0.0,0.0,7.0,0.0,0.0,5.0,0.0,0.0,0.0,0.0,0.0,0.0,0.0,0.0,16.965680473,0.2457268815,-0.687998441,0.0,10.0,0.0,0.0
5973,0.0,0.0,0.0,0.0,0.0,0.0,0.0,120.0,73.0,4.0,50.8,173.9,0.0,14,4.0,1.1417322835,72.0,69.0,161.0,100.0,0.0,8.0,24.0,4.0,0.0,2.37,10.8,0.0,0.0,0.0,20.282,0.0,0.0,16.798269645999998,0.1325575075,-1.114382762,0.0,10.0,0.0,0.0
5973,0.0,0.0,0.0,0.0,0.0,0.0,0.0,117.0,61.0,3.0,54.3,175.9,0.0,15,5.0,1.2523020258,80.0,65.0,157.0,59.0,0.0,6.0,26.0,0.0,3.0,3.32,10.4,0.0,0.0,4.0,31.136999999999997,0.0,0.0,17.549637518,0.1509991076,-1.032157768,0.0,10.0,0.0,0.0
5973,0.0,0.0,0.0,0.0,0.0,0.0,0.0,122.0,58.0,3.0,56.9,177.5,0.0,16,5.0,1.0544815466,0.0,0.0,0.0,0.0,0.0,8.4,28.0,0.0,3.0,0.0,9.2,0.0,0.0,3.0,38.871,0.0,0.0,18.059908747999998,0.1376373342,-1.090995942,0.0,10.0,0.0,0.0
5973,0.0,0.0,0.0,0.0,0.0,0.0,0.0,121.0,72.0,4.0,60.9,177.3,0.0,17,6.0,1.0673234811,75.0,56.0,149.0,88.0,0.0,10.5,30.0,0.0,4.0,1.97,9.7,0.0,0.0,0.0,51.419,0.0,0.0,19.37313128,0.2277273127,-0.7463523,0.0,10.0,0.0,0.0
5973,0.0,0.0,0.0,0.0,0.0,0.0,0.0,111.0,59.0,5.0,61.8,177.4,0.0,18,7.0,1.1326860841,73.0,65.0,152.0,71.0,0.0,6.5,30.0,5.0,0.0,1.57,8.8,0.0,0.0,0.0,61.842,0.0,0.0,19.637275998,0.1835793773,-0.9018082159999999,0.0,10.0,0.0,0.0
5973,0.0,0.0,0.0,0.0,0.0,0.0,0.0,125.0,63.0,5.0,63.1,177.3,0.0,19,8.0,1.2995245642,0.0,0.0,0.0,0.0,14.0,0.0,30.0,0.0,5.0,0.0,8.4,0.0,0.0,0.0,72.531,0.0,0.0,20.072981670999997,0.1714358886,-0.94850628,0.0,10.0,0.0,0.0
