PtID,Pt_CGMUseNumDays,Pt_FatherT1D,Pt_MotherT1D,Pt_SiblingT1D,Pt_ChildT1D,Pt_GrandchildT1D,Pt_GrandparentT1D,BldPrSys,BldPrDia,SMBGperDayPtMeterCombo,WeightKg,HeightCm,DirectLDL,age,diabDur,TotalDailyInsPerKg,LDL,HDL,TotChol,Triglyc,BUN,AlbCreatRat_mggNew,UnitsInsBasalOrLongAct,BGTestAvgNumMeter,BGTestAvgNumPtRep,TSH,HbA1c,AutonomicNeuroCl,Pt_InsGov,NumPumpBolusOrShortAct,HbA1cImputeDtMnC,Pt_SHFlg,Pt_DKAFlg,bmi,bmiPerc,bmiZscore,GFR,diagAgeCombo,Pt_A1cGoalLev,Pt_A1cGoalLevelDsYr5
5983,0.0,0.0,0.0,0.0,0.0,0.0,0.0,136.0,77.0,6.0,60.010270551000005,171.196,0.0,55,44.0,0.38326772719999996,54.0,115.0,0.0,42.0,15.0,6.9,0.0,0.0,6.0,0.0,6.5,0.0,0.0,4.0,-0.066,0.0,0.0,20.475681169,0.0,-0.897176309,0.0,10.0,0.0,0.0
5983,0.0,0.0,0.0,0.0,0.0,0.0,0.0,125.0,80.0,6.0,58.5,171.0,0.0,56,45.0,0.4102564103,80.0,104.0,0.0,56.0,13.0,0.0,0.0,0.0,6.0,0.0,6.6,0.0,0.0,3.0,15.800999999999998,0.0,0.0,20.00615574,0.0,-0.945460547,0.0,10.0,6.2,0.0
5983,0.0,0.0,0.0,0.0,0.0,0.0,0.0,120.0,74.0,7.0,57.5,171.0,0.0,59,48.0,0.4,50.0,114.0,174.0,49.0,14.0,0.0,11.0,7.0,0.0,2.13,6.6,0.0,0.0,5.0,42.523,0.0,0.0,19.664170172000002,0.0,-0.980629063,79.0,10.0,0.0,0.0
5983,0.0,0.0,0.0,0.0,0.0,0.0,0.0,130.0,85.0,7.0,58.0,171.0,0.0,60,49.0,0.3793103448,72.0,117.0,197.0,39.0,20.0,3.0,10.0,7.0,0.0,3.67,6.8,0.0,0.0,0.0,58.556000000000004,0.0,0.0,19.835162955999998,0.0,-1.2130466340000001,92.0,10.0,0.0,0.0
5983,30.0,0.0,0.0,0.0,0.0,0.0,0.0,122.0,80.0,8.0,56.2,171.0,0.0,62,51.0,0.4448398577,81.0,121.0,212.0,50.0,20.0,7.7,9.0,8.0,6.0,3.8,7.3,0.0,0.0,7.0,78.041,0.0,0.0,19.219588933,0.0,-1.289516932,86.0,10.0,0.0,0.0
