PtID,Pt_CGMUseNumDays,Pt_FatherT1D,Pt_MotherT1D,Pt_SiblingT1D,Pt_ChildT1D,Pt_GrandchildT1D,Pt_GrandparentT1D,BldPrSys,BldPrDia,SMBGperDayPtMeterCombo,WeightKg,HeightCm,DirectLDL,age,diabDur,TotalDailyInsPerKg,LDL,HDL,TotChol,Triglyc,BUN,AlbCreatRat_mggNew,UnitsInsBasalOrLongAct,BGTestAvgNumMeter,BGTestAvgNumPtRep,TSH,HbA1c,AutonomicNeuroCl,Pt_InsGov,NumPumpBolusOrShortAct,HbA1cImputeDtMnC,Pt_SHFlg,Pt_DKAFlg,bmi,bmiPerc,bmiZscore,GFR,diagAgeCombo,Pt_A1cGoalLev,Pt_A1cGoalLevelDsYr5
5992,0.0,0.0,0.0,0.0,0.0,0.0,0.0,115.0,67.0,0.0,50.4,168.3,0.0,13,5.0,0.753968254,59.0,44.0,118.0,77.0,12.0,6.8,0.0,0.0,4.0,0.0,11.7,0.0,1.0,0.0,0.0,0.0,0.0,17.793537768,0.3900235738,-0.279257593,0.0,8.0,0.0,0.0
5992,0.0,0.0,0.0,0.0,0.0,0.0,0.0,112.0,43.0,0.0,48.0,168.4,0.0,13,5.0,0.5208333333,0.0,0.0,0.0,0.0,14.0,0.0,0.0,0.0,4.0,0.0,13.8,0.0,1.0,0.0,3.95,0.0,0.0,16.926106262,0.2390920414,-0.7092262559999999,0.0,8.0,7.8,0.0
5992,0.0,0.0,0.0,0.0,0.0,0.0,0.0,118.0,75.0,0.0,56.8,171.1,0.0,15,7.0,0.0,0.0,0.0,0.0,0.0,10.0,0.0,0.0,0.0,0.0,0.0,11.3,0.0,0.0,0.0,25.095,0.0,0.0,19.402081146,0.4346179986,-0.164629009,0.0,8.0,0.0,0.0
5992,0.0,0.0,0.0,0.0,0.0,0.0,0.0,146.0,87.0,1.0,57.6,171.2,0.0,16,8.0,0.0,0.0,0.0,0.0,0.0,16.0,0.0,23.0,1.0,0.0,0.0,12.8,0.0,0.0,0.0,38.44,0.0,0.0,19.652371386,0.3669735621,-0.33987970100000003,0.0,8.0,0.0,0.0
5992,0.0,0.0,0.0,0.0,0.0,0.0,0.0,122.0,76.0,0.0,57.0,171.2,0.0,17,9.0,0.0,0.0,0.0,0.0,0.0,0.0,0.0,23.0,0.0,0.0,0.0,10.6,0.0,0.0,0.0,50.988,0.0,0.0,19.447659184000003,0.23822056960000002,-0.7120381709999999,0.0,8.0,0.0,0.0
