PtID,Pt_CGMUseNumDays,Pt_FatherT1D,Pt_MotherT1D,Pt_SiblingT1D,Pt_ChildT1D,Pt_GrandchildT1D,Pt_GrandparentT1D,BldPrSys,BldPrDia,SMBGperDayPtMeterCombo,WeightKg,HeightCm,DirectLDL,age,diabDur,TotalDailyInsPerKg,LDL,HDL,TotChol,Triglyc,BUN,AlbCreatRat_mggNew,UnitsInsBasalOrLongAct,BGTestAvgNumMeter,BGTestAvgNumPtRep,TSH,HbA1c,AutonomicNeuroCl,Pt_InsGov,NumPumpBolusOrShortAct,HbA1cImputeDtMnC,Pt_SHFlg,Pt_DKAFlg,bmi,bmiPerc,bmiZscore,GFR,diagAgeCombo,Pt_A1cGoalLev,Pt_A1cGoalLevelDsYr5
6004,0.0,0.0,0.0,1.0,0.0,0.0,0.0,119.0,67.0,2.0,110.0,177.8,0.0,19,7.0,0.7272727273,0.0,0.0,126.0,0.0,11.0,0.0,0.0,0.0,2.0,0.0,7.7,0.0,0.0,0.0,0.0,0.0,0.0,34.795987959,0.9883237129000001,2.2676167763999997,0.0,11.0,0.0,0.0
6004,0.0,0.0,0.0,1.0,0.0,0.0,0.0,109.0,53.0,1.0,105.9,177.8,0.0,21,9.0,0.8498583569,48.0,41.0,0.0,80.0,13.0,4.0,0.0,0.0,1.0,0.0,7.3,0.0,0.0,0.0,22.473000000000003,1.0,1.0,33.49904659,0.0,1.3608036955,0.0,11.0,6.0,0.0
6004,0.0,0.0,0.0,0.0,0.0,0.0,0.0,114.0,56.0,0.0,108.9,177.8,0.0,21,10.0,0.0,37.0,44.0,99.0,90.0,16.0,4.0,40.0,0.0,0.0,1.26,8.1,0.0,0.0,0.0,30.141,0.0,0.0,34.44802808,0.0,1.5479857215000001,0.0,11.0,0.0,0.0
6004,0.0,0.0,0.0,0.0,0.0,0.0,0.0,114.0,56.0,0.0,108.9,177.8,0.0,22,11.0,0.0,45.0,40.0,106.0,106.0,16.0,7.0,40.0,0.0,0.0,0.54,7.5,0.0,0.0,0.0,43.618,0.0,0.0,34.44802808,0.0,1.5479857215000001,0.0,11.0,0.0,0.0
6004,0.0,0.0,0.0,0.0,0.0,0.0,0.0,127.0,59.0,0.0,106.1,177.8,0.0,23,12.0,0.0,40.0,51.0,100.0,45.0,16.0,0.0,32.0,0.0,0.0,0.85,6.3,0.0,0.0,0.0,57.129,0.0,0.0,33.562312023000004,0.0,1.3732824973,0.0,11.0,0.0,0.0
6004,0.0,0.0,0.0,0.0,0.0,0.0,0.0,132.0,75.0,0.0,107.6,177.8,0.0,24,13.0,0.0,40.0,58.0,0.0,109.0,0.0,0.0,0.0,0.0,0.0,1.49,7.2,0.0,0.0,0.0,68.116,0.0,0.0,34.036802767,0.0,1.4668735103,0.0,11.0,0.0,0.0
