PtID,Pt_CGMUseNumDays,Pt_FatherT1D,Pt_MotherT1D,Pt_SiblingT1D,Pt_ChildT1D,Pt_GrandchildT1D,Pt_GrandparentT1D,BldPrSys,BldPrDia,SMBGperDayPtMeterCombo,WeightKg,HeightCm,DirectLDL,age,diabDur,TotalDailyInsPerKg,LDL,HDL,TotChol,Triglyc,BUN,AlbCreatRat_mggNew,UnitsInsBasalOrLongAct,BGTestAvgNumMeter,BGTestAvgNumPtRep,TSH,HbA1c,AutonomicNeuroCl,Pt_InsGov,NumPumpBolusOrShortAct,HbA1cImputeDtMnC,Pt_SHFlg,Pt_DKAFlg,bmi,bmiPerc,bmiZscore,GFR,diagAgeCombo,Pt_A1cGoalLev,Pt_A1cGoalLevelDsYr5
6043,0.0,0.0,1.0,0.0,0.0,0.0,0.0,100.0,59.0,4.0,23.2,130.5,0.0,8,1.0,0.5603448275999999,0.0,0.0,0.0,0.0,0.0,0.0,0.0,4.0,6.0,0.0,7.0,0.0,0.0,6.0,-0.033,0.0,0.0,13.622818221,0.0333649537,-1.833488836,0.0,6.0,0.0,0.0
6043,0.0,0.0,1.0,0.0,0.0,0.0,0.0,98.0,62.0,4.0,26.7,140.1,0.0,9,3.0,0.5992509363,0.0,0.0,0.0,0.0,0.0,0.0,0.0,4.0,6.0,0.0,8.2,0.0,0.0,8.0,20.017,0.0,0.0,13.603009169000002,0.022124588900000002,-2.011722687,0.0,6.0,7.5,0.0
6043,0.0,0.0,0.0,0.0,0.0,0.0,0.0,113.0,68.0,5.0,29.9,145.1,0.0,10,4.0,0.6688963211,65.0,68.0,141.0,40.0,9.0,41.7,8.0,5.0,0.0,2.35,7.6,0.0,0.0,7.0,31.401999999999997,0.0,0.0,14.201570152,0.049557259299999996,-1.649161668,0.0,6.0,0.0,0.0
6043,0.0,0.0,0.0,0.0,0.0,0.0,0.0,105.0,56.0,5.0,31.0,148.4,0.0,11,5.0,0.6774193548,50.0,81.0,139.0,38.0,8.0,5.2,8.0,5.0,0.0,2.51,8.2,0.0,0.0,6.0,41.328,0.0,0.0,14.076474306,0.0196824609,-2.060351795,0.0,6.0,0.0,0.0
6043,0.0,0.0,0.0,0.0,0.0,0.0,0.0,100.0,64.0,4.0,34.3,153.5,0.0,12,5.0,0.5830903789999999,0.0,0.0,0.0,0.0,8.0,26.6,8.0,4.0,0.0,1.53,8.2,0.0,0.0,5.0,51.353,0.0,0.0,14.557183631,0.024258328500000002,-1.972814881,0.0,6.0,0.0,0.0
6043,5.0,0.0,0.0,0.0,0.0,0.0,0.0,95.0,49.0,3.0,40.5,162.4,0.0,13,6.0,0.7160493827,62.0,65.0,138.0,53.0,0.0,29.9,0.0,3.0,3.0,2.21,9.0,0.0,0.0,0.0,63.27,0.0,0.0,15.356172195,0.0440678846,-1.7053145840000001,0.0,6.0,0.0,0.0
6043,0.0,0.0,0.0,0.0,0.0,0.0,0.0,114.0,68.0,3.0,48.2,173.6,0.0,14,8.0,0.8921161826,55.0,75.0,139.0,43.0,9.0,29.9,20.0,3.0,0.0,3.31,9.4,0.0,0.0,0.0,77.212,0.0,0.0,15.993650322,0.051872853499999996,-1.626959466,0.0,6.0,0.0,0.0
