PtID,Pt_CGMUseNumDays,Pt_FatherT1D,Pt_MotherT1D,Pt_SiblingT1D,Pt_ChildT1D,Pt_GrandchildT1D,Pt_GrandparentT1D,BldPrSys,BldPrDia,SMBGperDayPtMeterCombo,WeightKg,HeightCm,DirectLDL,age,diabDur,TotalDailyInsPerKg,LDL,HDL,TotChol,Triglyc,BUN,AlbCreatRat_mggNew,UnitsInsBasalOrLongAct,BGTestAvgNumMeter,BGTestAvgNumPtRep,TSH,HbA1c,AutonomicNeuroCl,Pt_InsGov,NumPumpBolusOrShortAct,HbA1cImputeDtMnC,Pt_SHFlg,Pt_DKAFlg,bmi,bmiPerc,bmiZscore,GFR,diagAgeCombo,Pt_A1cGoalLev,Pt_A1cGoalLevelDsYr5
6068,0.0,0.0,0.0,0.0,0.0,0.0,0.0,99.0,61.0,5.0,70.3,160.9,0.0,16,5.0,0.7823613087000001,52.0,50.0,120.0,90.0,0.0,4.0,0.0,5.0,5.0,0.0,7.9,0.0,0.0,0.0,0.033,0.0,0.0,27.154589184000002,0.9240496968999999,1.4328503589,0.0,10.0,0.0,0.0
6068,0.0,0.0,0.0,0.0,0.0,0.0,0.0,135.0,62.0,5.0,68.0,160.0,0.0,17,6.0,0.0,73.0,48.0,0.0,69.0,0.0,11.0,0.0,5.0,0.0,1.61,8.2,0.0,0.0,0.0,12.149000000000001,0.0,0.0,26.5625,0.89642639,1.2614487323,0.0,10.0,0.0,0.0
6068,0.0,0.0,0.0,0.0,0.0,0.0,0.0,119.0,74.0,6.0,67.0,161.0,0.0,18,8.0,0.0,73.0,48.0,0.0,69.0,0.0,11.0,30.0,6.0,0.0,1.62,8.0,0.0,0.0,0.0,25.261,0.0,0.0,25.847768219000002,0.8573336249,1.0684163387999999,0.0,10.0,0.0,0.0
6068,0.0,0.0,0.0,0.0,0.0,0.0,0.0,116.0,61.0,2.0,0.0,0.0,0.0,19,8.0,0.0,60.0,57.0,0.0,41.0,0.0,0.0,25.0,2.0,0.0,0.57,8.2,0.0,0.0,0.0,36.282,0.0,0.0,0.0,0.0,0.0,0.0,10.0,0.0,0.0
6068,0.0,0.0,0.0,0.0,0.0,0.0,0.0,119.0,56.0,4.0,66.8,160.7,0.0,20,10.0,0.5838323353,0.0,55.0,133.0,0.0,0.0,0.0,24.0,4.0,0.0,1.23,9.3,0.0,0.0,0.0,49.527,0.0,0.0,25.866919347,0.8264451420000001,-0.125814968,0.0,10.0,0.0,0.0
6068,0.0,0.0,0.0,0.0,0.0,0.0,0.0,113.0,63.0,4.0,67.7,160.0,0.0,21,11.0,0.5022156573,0.0,0.0,0.0,0.0,0.0,0.0,22.0,4.0,3.0,0.85,0.0,0.0,0.0,0.0,0.0,0.0,0.0,26.4453125,0.0,-0.047825444,0.0,10.0,0.0,0.0
