PtID,Pt_CGMUseNumDays,Pt_FatherT1D,Pt_MotherT1D,Pt_SiblingT1D,Pt_ChildT1D,Pt_GrandchildT1D,Pt_GrandparentT1D,BldPrSys,BldPrDia,SMBGperDayPtMeterCombo,WeightKg,HeightCm,DirectLDL,age,diabDur,TotalDailyInsPerKg,LDL,HDL,TotChol,Triglyc,BUN,AlbCreatRat_mggNew,UnitsInsBasalOrLongAct,BGTestAvgNumMeter,BGTestAvgNumPtRep,TSH,HbA1c,AutonomicNeuroCl,Pt_InsGov,NumPumpBolusOrShortAct,HbA1cImputeDtMnC,Pt_SHFlg,Pt_DKAFlg,bmi,bmiPerc,bmiZscore,GFR,diagAgeCombo,Pt_A1cGoalLev,Pt_A1cGoalLevelDsYr5
6158,0.0,0.0,0.0,0.0,0.0,0.0,0.0,118.0,86.0,5.0,97.159485654,190.5,0.0,40,23.0,0.8851426026000001,115.0,53.0,0.0,71.0,16.0,32.1,0.0,5.0,5.0,0.0,6.5,0.0,0.0,5.0,-10.39,0.0,0.0,26.772889593000002,0.0,-0.233941103,0.0,17.0,0.0,0.0
6158,0.0,0.0,0.0,0.0,0.0,0.0,0.0,140.0,89.0,5.0,113.3980925,190.5,0.0,42,25.0,0.8994860297,110.0,57.0,175.0,40.0,10.0,0.0,0.0,0.0,5.0,0.0,7.0,0.0,0.0,5.0,21.145,0.0,0.0,31.247536873,0.0,0.4094103971,0.0,17.0,7.0,0.0
6158,0.0,0.0,0.0,0.0,0.0,0.0,0.0,153.0,93.0,0.0,111.58372302,190.5,0.0,42,25.0,0.5825222375,0.0,0.0,0.0,0.0,0.0,0.0,0.0,0.0,0.0,0.0,0.0,0.0,0.0,0.0,0.0,0.0,0.0,30.747576283,0.0,0.3375275479,0.0,17.0,0.0,0.0
6158,0.0,0.0,0.0,0.0,0.0,0.0,0.0,152.0,94.0,1.0,117.48042383,190.5,0.0,43,26.0,0.6213801212,0.0,0.0,0.0,0.0,11.0,0.0,46.0,1.0,0.0,0.0,6.1,0.0,0.0,0.0,45.111999999999995,0.0,0.0,32.3724482,0.0,0.5711468078,0.0,17.0,0.0,0.0
6158,0.0,0.0,0.0,0.0,0.0,0.0,0.0,0.0,0.0,0.0,117.9340162,190.5,0.0,45,28.0,0.6105108799,100.0,64.0,185.0,105.0,13.0,0.0,43.0,0.0,0.0,1.93,6.2,0.0,0.0,0.0,60.248999999999995,0.0,0.0,32.497438348,0.0,0.5891175201,0.0,17.0,0.0,0.0
