PtID,Pt_CGMUseNumDays,Pt_FatherT1D,Pt_MotherT1D,Pt_SiblingT1D,Pt_ChildT1D,Pt_GrandchildT1D,Pt_GrandparentT1D,BldPrSys,BldPrDia,SMBGperDayPtMeterCombo,WeightKg,HeightCm,DirectLDL,age,diabDur,TotalDailyInsPerKg,LDL,HDL,TotChol,Triglyc,BUN,AlbCreatRat_mggNew,UnitsInsBasalOrLongAct,BGTestAvgNumMeter,BGTestAvgNumPtRep,TSH,HbA1c,AutonomicNeuroCl,Pt_InsGov,NumPumpBolusOrShortAct,HbA1cImputeDtMnC,Pt_SHFlg,Pt_DKAFlg,bmi,bmiPerc,bmiZscore,GFR,diagAgeCombo,Pt_A1cGoalLev,Pt_A1cGoalLevelDsYr5
6177,0.0,1.0,0.0,0.0,0.0,0.0,0.0,112.0,58.0,4.0,36.2,142.5,0.0,8,3.0,1.0497237569,0.0,0.0,0.0,0.0,0.0,0.0,0.0,0.0,4.0,0.0,10.7,0.0,0.0,0.0,0.0,0.0,1.0,17.827023699999998,0.8409773065999999,0.9984826225,0.0,5.0,0.0,0.0
6177,0.0,1.0,0.0,0.0,0.0,0.0,0.0,125.0,62.0,5.0,39.0,146.1,0.0,9,4.0,1.358974359,0.0,0.0,0.0,0.0,0.0,0.0,0.0,0.0,5.0,0.0,10.6,0.0,0.0,0.0,10.722000000000001,0.0,0.0,18.271078148,0.823219934,0.9277059290999999,0.0,5.0,7.9,0.0
6177,0.0,0.0,0.0,0.0,0.0,0.0,0.0,120.0,81.0,3.0,39.1,148.6,0.0,10,5.0,0.0,76.0,70.0,172.0,128.0,0.0,5.6,26.0,3.0,3.0,5.6,11.8,0.0,0.0,3.0,22.307,0.0,0.0,17.706761537000002,0.6854356383,0.4829535421,0.0,5.0,0.0,0.0
6177,0.0,0.0,0.0,0.0,0.0,0.0,0.0,117.0,62.0,4.0,45.9,153.2,0.0,11,6.0,0.0,0.0,0.0,0.0,0.0,0.0,13.9,31.0,0.0,4.0,1.92,11.9,0.0,0.0,3.0,35.086999999999996,0.0,0.0,19.556681142000002,0.8080975787000001,0.8709071681999999,0.0,5.0,0.0,0.0
6177,0.0,0.0,0.0,0.0,0.0,0.0,0.0,121.0,64.0,5.0,53.8,160.9,0.0,12,7.0,0.5204460967,0.0,0.0,0.0,0.0,0.0,2.5,6.0,5.0,5.0,2.63,9.4,0.0,0.0,6.0,48.56399999999999,0.0,0.0,20.781179204,0.8377412817000001,0.9852171126,0.0,5.0,0.0,0.0
6177,0.0,0.0,0.0,0.0,0.0,0.0,0.0,109.0,63.0,5.0,63.2,173.1,0.0,13,8.0,0.664556962,0.0,0.0,0.0,0.0,0.0,2.5,6.0,0.0,5.0,2.24,10.1,0.0,0.0,4.0,60.846000000000004,0.0,0.0,21.092251568,0.8049168234999999,0.8593157209000001,0.0,5.0,0.0,0.0
6177,0.0,0.0,0.0,0.0,0.0,0.0,0.0,140.0,80.0,0.0,68.0,177.8,0.0,14,9.0,1.2794117647,68.0,49.0,156.0,167.0,0.0,2.5,42.0,0.0,0.0,4.31,10.2,0.0,0.0,4.0,71.03699999999999,0.0,0.0,21.510247101999997,0.7773911564,0.7634120642000001,0.0,5.0,0.0,0.0
