PtID,Pt_CGMUseNumDays,Pt_FatherT1D,Pt_MotherT1D,Pt_SiblingT1D,Pt_ChildT1D,Pt_GrandchildT1D,Pt_GrandparentT1D,BldPrSys,BldPrDia,SMBGperDayPtMeterCombo,WeightKg,HeightCm,DirectLDL,age,diabDur,TotalDailyInsPerKg,LDL,HDL,TotChol,Triglyc,BUN,AlbCreatRat_mggNew,UnitsInsBasalOrLongAct,BGTestAvgNumMeter,BGTestAvgNumPtRep,TSH,HbA1c,AutonomicNeuroCl,Pt_InsGov,NumPumpBolusOrShortAct,HbA1cImputeDtMnC,Pt_SHFlg,Pt_DKAFlg,bmi,bmiPerc,bmiZscore,GFR,diagAgeCombo,Pt_A1cGoalLev,Pt_A1cGoalLevelDsYr5
6188,0.0,1.0,0.0,1.0,0.0,0.0,0.0,146.0,84.0,2.0,71.66759446,172.72,0.0,49,41.0,1.2278910805,86.0,35.0,165.0,222.0,50.0,93.0,0.0,0.0,2.0,0.0,8.1,0.0,0.0,0.0,0.0,0.0,0.0,24.023571277,0.0,-0.629229928,0.0,7.0,7.5,0.0
6188,0.0,1.0,0.0,1.0,0.0,0.0,0.0,146.0,84.0,1.0,71.66759446,167.64,0.0,49,41.0,1.2278910805,86.0,35.0,165.0,222.0,50.0,93.0,0.0,0.0,1.0,0.0,8.1,0.0,0.0,0.0,0.0,0.0,0.0,25.501605506,0.0,-0.416722555,0.0,7.0,0.0,0.0
6188,0.0,0.0,0.0,0.0,0.0,0.0,0.0,158.0,79.0,2.0,0.0,0.0,0.0,52,44.0,0.0,0.0,0.0,0.0,0.0,0.0,0.0,0.0,2.0,0.0,0.0,6.2,0.0,0.0,0.0,34.988,0.0,0.0,0.0,0.0,0.0,0.0,7.0,0.0,0.0
6188,0.0,0.0,0.0,0.0,0.0,0.0,0.0,152.0,71.0,0.0,71.21400209,172.72,0.0,53,45.0,0.0,0.0,0.0,0.0,0.0,0.0,0.0,0.0,0.0,0.0,0.0,7.6,0.0,0.0,0.0,44.315,0.0,0.0,23.871523356999997,0.0,-0.639079988,0.0,7.0,0.0,0.0
6188,0.0,0.0,0.0,0.0,0.0,0.0,0.0,109.0,69.0,3.0,0.0,0.0,0.0,54,46.0,0.0,0.0,0.0,0.0,0.0,0.0,0.0,0.0,3.0,0.0,0.0,5.6,0.0,0.0,0.0,56.1,0.0,0.0,0.0,0.0,0.0,0.0,7.0,0.0,0.0
6188,0.0,0.0,0.0,0.0,0.0,0.0,0.0,0.0,0.0,3.0,0.0,0.0,0.0,54,46.0,0.0,0.0,0.0,0.0,0.0,0.0,0.0,24.0,3.0,0.0,0.0,8.0,0.0,0.0,0.0,59.817,0.0,0.0,0.0,0.0,0.0,0.0,7.0,0.0,0.0
