PtID,Pt_CGMUseNumDays,Pt_FatherT1D,Pt_MotherT1D,Pt_SiblingT1D,Pt_ChildT1D,Pt_GrandchildT1D,Pt_GrandparentT1D,BldPrSys,BldPrDia,SMBGperDayPtMeterCombo,WeightKg,HeightCm,DirectLDL,age,diabDur,TotalDailyInsPerKg,LDL,HDL,TotChol,Triglyc,BUN,AlbCreatRat_mggNew,UnitsInsBasalOrLongAct,BGTestAvgNumMeter,BGTestAvgNumPtRep,TSH,HbA1c,AutonomicNeuroCl,Pt_InsGov,NumPumpBolusOrShortAct,HbA1cImputeDtMnC,Pt_SHFlg,Pt_DKAFlg,bmi,bmiPerc,bmiZscore,GFR,diagAgeCombo,Pt_A1cGoalLev,Pt_A1cGoalLevelDsYr5
619,0.0,0.0,0.0,0.0,0.0,0.0,0.0,106.0,65.0,3.0,40.0,142.4,0.0,8,6.0,0.5,74.0,43.0,138.0,107.0,11.0,0.0,0.0,3.0,7.0,0.0,10.6,0.0,0.0,0.0,-0.166,0.0,0.0,19.726044691,0.9422144542,1.5736383086,0.0,2.0,0.0,0.0
619,0.0,0.0,0.0,0.0,0.0,0.0,1.0,111.0,70.0,3.0,45.8,149.1,0.0,10,8.0,0.6113537118,109.0,30.0,0.0,150.0,0.0,0.0,0.0,3.0,6.0,0.0,9.7,0.0,0.0,0.0,15.767999999999999,0.0,0.0,20.602038342,0.9114221127,1.3495643228,0.0,2.0,7.5,0.0
619,0.0,0.0,0.0,0.0,0.0,0.0,0.0,116.0,70.0,3.0,50.8,154.7,0.0,11,9.0,0.0,0.0,0.0,0.0,0.0,18.0,0.0,27.0,3.0,0.0,0.0,12.5,0.0,0.0,0.0,29.245,0.0,0.0,21.226729467000002,0.9010327404999999,1.2874585188,0.0,2.0,0.0,0.0
619,0.0,0.0,0.0,0.0,0.0,0.0,0.0,124.0,82.0,3.0,51.0,161.7,0.0,12,10.0,0.0,123.0,39.0,0.0,204.0,18.0,0.0,27.0,3.0,3.0,1.53,13.9,0.0,0.0,0.0,39.037,0.0,0.0,19.505187806,0.735155806,0.6284817657,0.0,2.0,0.0,0.0
619,0.0,0.0,0.0,0.0,0.0,0.0,0.0,130.0,80.0,2.0,63.3,169.9,0.0,13,11.0,1.4218009479,0.0,0.0,0.0,0.0,0.0,9.1,27.0,2.0,4.0,0.0,14.0,0.0,0.0,0.0,51.585,0.0,0.0,21.928905310999998,0.8559088006000001,1.0621173848,0.0,2.0,0.0,0.0
619,0.0,0.0,0.0,0.0,0.0,0.0,0.0,132.0,84.0,1.0,75.0,171.5,0.0,14,12.0,0.0,109.0,49.0,170.0,60.0,15.0,9.3,23.0,1.0,5.0,1.7,11.9,0.0,0.0,0.0,74.988,1.0,0.0,25.499579256999997,0.9416861346,1.5690867323,0.0,2.0,0.0,0.0
