PtID,Pt_CGMUseNumDays,Pt_FatherT1D,Pt_MotherT1D,Pt_SiblingT1D,Pt_ChildT1D,Pt_GrandchildT1D,Pt_GrandparentT1D,BldPrSys,BldPrDia,SMBGperDayPtMeterCombo,WeightKg,HeightCm,DirectLDL,age,diabDur,TotalDailyInsPerKg,LDL,HDL,TotChol,Triglyc,BUN,AlbCreatRat_mggNew,UnitsInsBasalOrLongAct,BGTestAvgNumMeter,BGTestAvgNumPtRep,TSH,HbA1c,AutonomicNeuroCl,Pt_InsGov,NumPumpBolusOrShortAct,HbA1cImputeDtMnC,Pt_SHFlg,Pt_DKAFlg,bmi,bmiPerc,bmiZscore,GFR,diagAgeCombo,Pt_A1cGoalLev,Pt_A1cGoalLevelDsYr5
620,0.0,0.0,0.0,0.0,0.0,0.0,0.0,95.0,71.0,4.0,45.81282937,153.0,0.0,13,11.0,0.7203222428,41.0,57.0,0.0,250.0,11.0,11.1,0.0,4.0,8.0,0.0,11.2,0.0,0.0,8.0,-0.465,0.0,0.0,19.570605054,0.6602351955,0.4131051054,0.0,1.0,0.0,0.0
620,30.0,0.0,0.0,0.0,0.0,0.0,0.0,118.0,72.0,4.0,25.40117272,162.0,0.0,14,12.0,0.0,0.0,0.0,0.0,0.0,0.0,0.0,0.0,4.0,5.0,0.0,8.9,0.0,1.0,0.0,10.689,1.0,0.0,9.6788495351,1.2096579999999999e-32,-11.84018055,0.0,1.0,7.0,0.0
620,0.0,0.0,0.0,0.0,0.0,0.0,0.0,112.0,63.0,1.0,66.22448602,170.0,0.0,15,13.0,1.072111001,94.0,57.0,179.0,142.0,17.0,40.2,46.0,1.0,0.0,2.03,13.2,0.0,0.0,2.0,30.34,0.0,0.0,22.915047066,0.8214711023000001,0.9209858868,0.0,1.0,0.0,0.0
620,0.0,0.0,0.0,0.0,0.0,0.0,0.0,130.0,74.0,1.0,68.03885550000001,174.5,0.0,16,14.0,0.4262270402,69.0,41.0,132.0,111.0,0.0,2.9,10.0,0.0,1.0,0.92,14.0,0.0,0.0,1.0,40.1,0.0,0.0,22.344268274,0.7189304975,0.5796672911999999,0.0,1.0,0.0,0.0
620,0.0,0.0,0.0,0.0,0.0,0.0,0.0,128.0,79.0,0.0,71.0,173.0,0.0,18,16.0,0.0,180.0,48.0,272.0,222.0,13.0,27.1,10.0,0.0,0.0,0.0,14.0,0.0,0.0,0.0,70.075,0.0,1.0,23.722810652,0.7157294868999999,0.5702015185,0.0,1.0,0.0,0.0
