PtID,Pt_CGMUseNumDays,Pt_FatherT1D,Pt_MotherT1D,Pt_SiblingT1D,Pt_ChildT1D,Pt_GrandchildT1D,Pt_GrandparentT1D,BldPrSys,BldPrDia,SMBGperDayPtMeterCombo,WeightKg,HeightCm,DirectLDL,age,diabDur,TotalDailyInsPerKg,LDL,HDL,TotChol,Triglyc,BUN,AlbCreatRat_mggNew,UnitsInsBasalOrLongAct,BGTestAvgNumMeter,BGTestAvgNumPtRep,TSH,HbA1c,AutonomicNeuroCl,Pt_InsGov,NumPumpBolusOrShortAct,HbA1cImputeDtMnC,Pt_SHFlg,Pt_DKAFlg,bmi,bmiPerc,bmiZscore,GFR,diagAgeCombo,Pt_A1cGoalLev,Pt_A1cGoalLevelDsYr5
6236,0.0,1.0,0.0,1.0,0.0,0.0,0.0,153.0,67.0,6.0,65.63481593899999,158.24200000000002,0.0,67,51.0,0.48754612229999994,56.0,74.0,139.0,46.0,24.0,7.0,0.0,0.0,6.0,0.0,8.0,0.0,0.0,0.0,0.0,0.0,0.0,26.211431811,0.0,-0.42094826799999996,0.0,16.0,0.0,0.0
6236,0.0,0.0,0.0,0.0,0.0,0.0,0.0,127.0,58.0,0.0,62.7,156.8,0.0,71,55.0,0.0,56.0,87.0,152.0,47.0,27.0,0.0,10.0,0.0,0.0,0.67,7.6,0.0,0.0,0.0,41.593,0.0,0.0,25.50206945,0.0,-0.397313601,47.0,16.0,0.0,0.0
6236,0.0,0.0,0.0,0.0,0.0,0.0,0.0,137.0,63.0,0.0,0.0,0.0,0.0,72,56.0,0.0,0.0,0.0,0.0,0.0,0.0,0.0,10.0,0.0,0.0,0.0,8.0,0.0,0.0,17.0,54.606,0.0,0.0,0.0,0.0,0.0,0.0,16.0,0.0,0.0
6236,0.0,0.0,0.0,0.0,0.0,0.0,0.0,140.0,60.0,4.0,63.7,156.8,0.0,73,57.0,0.0,63.0,77.0,150.0,52.0,35.0,0.0,27.0,4.0,4.0,0.27,8.1,0.0,0.0,0.0,64.066,0.0,0.0,25.90880102,0.0,-0.332620055,45.0,16.0,0.0,0.0
6236,0.0,0.0,0.0,0.0,0.0,0.0,0.0,120.0,57.0,3.0,63.8,156.8,0.0,73,57.0,0.0,0.0,0.0,0.0,0.0,0.0,0.0,9.0,3.0,5.0,0.0,8.0,0.0,1.0,0.0,71.336,0.0,0.0,25.949474177,0.0,-0.326150701,0.0,16.0,0.0,0.0
6236,0.0,0.0,0.0,0.0,0.0,0.0,0.0,122.0,58.0,4.0,63.3,156.2,0.0,74,58.0,0.0,59.0,88.0,155.0,41.0,26.0,0.0,8.0,4.0,0.0,4.45,8.5,0.0,0.0,0.0,83.353,0.0,0.0,25.944281684,0.0,-0.326976604,41.0,16.0,0.0,0.0
