PtID,Pt_CGMUseNumDays,Pt_FatherT1D,Pt_MotherT1D,Pt_SiblingT1D,Pt_ChildT1D,Pt_GrandchildT1D,Pt_GrandparentT1D,BldPrSys,BldPrDia,SMBGperDayPtMeterCombo,WeightKg,HeightCm,DirectLDL,age,diabDur,TotalDailyInsPerKg,LDL,HDL,TotChol,Triglyc,BUN,AlbCreatRat_mggNew,UnitsInsBasalOrLongAct,BGTestAvgNumMeter,BGTestAvgNumPtRep,TSH,HbA1c,AutonomicNeuroCl,Pt_InsGov,NumPumpBolusOrShortAct,HbA1cImputeDtMnC,Pt_SHFlg,Pt_DKAFlg,bmi,bmiPerc,bmiZscore,GFR,diagAgeCombo,Pt_A1cGoalLev,Pt_A1cGoalLevelDsYr5
6252,0.0,0.0,0.0,0.0,0.0,0.0,0.0,139.0,86.0,3.0,105.50558526,186.94400000000002,0.0,27,14.0,1.7060708166,77.0,31.0,129.0,104.0,9.0,10.5,0.0,0.0,3.0,0.0,9.9,0.0,0.0,0.0,0.0,0.0,0.0,30.189254531,0.0,0.7079631607,0.0,12.0,0.0,0.0
6252,0.0,0.0,0.0,0.0,0.0,0.0,0.0,141.0,90.0,1.0,92.5,185.0,0.0,30,17.0,1.8378378378,112.0,34.0,186.0,201.0,16.0,0.0,80.0,1.0,0.0,6.89,10.5,0.0,0.0,3.0,35.983000000000004,0.0,0.0,27.027027027,0.0,-0.068560922,0.0,12.0,0.0,0.0
6252,0.0,0.0,0.0,0.0,0.0,0.0,0.0,128.0,85.0,1.0,89.4,185.0,0.0,31,18.0,1.3422818792,0.0,0.0,0.0,0.0,0.0,0.0,70.0,1.0,0.0,0.0,10.5,0.0,0.0,0.0,45.51,0.0,0.0,26.121256392,0.0,-0.19985905699999998,0.0,12.0,0.0,0.0
6252,0.0,0.0,0.0,0.0,0.0,0.0,0.0,149.0,88.0,1.0,106.5,185.0,0.0,33,20.0,0.0,0.0,0.0,0.0,0.0,0.0,0.0,65.0,0.0,1.0,0.0,10.6,0.0,0.0,0.0,69.942,0.0,0.0,31.117604091,0.0,0.5243984007,0.0,12.0,0.0,9.0
6252,0.0,0.0,0.0,0.0,0.0,0.0,0.0,136.0,84.0,0.0,103.0,185.0,0.0,33,20.0,0.0,0.0,0.0,0.0,0.0,0.0,0.0,60.0,0.0,0.0,0.0,11.4,0.0,0.0,0.0,71.934,0.0,0.0,30.094959825,0.0,0.3761585701,0.0,12.0,0.0,0.0
