PtID,Pt_CGMUseNumDays,Pt_FatherT1D,Pt_MotherT1D,Pt_SiblingT1D,Pt_ChildT1D,Pt_GrandchildT1D,Pt_GrandparentT1D,BldPrSys,BldPrDia,SMBGperDayPtMeterCombo,WeightKg,HeightCm,DirectLDL,age,diabDur,TotalDailyInsPerKg,LDL,HDL,TotChol,Triglyc,BUN,AlbCreatRat_mggNew,UnitsInsBasalOrLongAct,BGTestAvgNumMeter,BGTestAvgNumPtRep,TSH,HbA1c,AutonomicNeuroCl,Pt_InsGov,NumPumpBolusOrShortAct,HbA1cImputeDtMnC,Pt_SHFlg,Pt_DKAFlg,bmi,bmiPerc,bmiZscore,GFR,diagAgeCombo,Pt_A1cGoalLev,Pt_A1cGoalLevelDsYr5
6253,0.0,0.0,0.0,0.0,0.0,0.0,0.0,118.0,59.0,7.0,23.5,116.8,0.0,8,6.0,0.8936170213,0.0,0.0,0.0,0.0,13.0,0.0,0.0,0.0,7.0,0.0,8.7,0.0,0.0,5.0,-0.1,0.0,0.0,17.225910114,0.7756147358,0.7574663334,0.0,2.0,0.0,0.0
6253,0.0,0.0,0.0,0.0,0.0,0.0,0.0,127.0,62.0,10.0,28.3,126.0,0.0,10,8.0,0.8480565371,0.0,0.0,0.0,0.0,0.0,0.0,0.0,0.0,10.0,0.0,7.5,0.0,0.0,0.0,25.195,0.0,0.0,17.825648777999998,0.7017421233,0.5294176552000001,0.0,2.0,7.5,0.0
6253,0.0,0.0,0.0,0.0,0.0,0.0,0.0,121.0,62.0,6.0,31.6,131.0,0.0,11,9.0,0.6962025316,0.0,0.0,0.0,0.0,0.0,147.0,9.0,6.0,4.0,0.0,7.8,0.0,0.0,5.0,38.805,0.0,0.0,18.413845347,0.6925453556000001,0.5030782059000001,0.0,2.0,0.0,0.0
6253,0.0,0.0,0.0,0.0,0.0,0.0,0.0,136.0,63.0,5.0,35.5,136.5,0.0,12,10.0,0.0,0.0,0.0,0.0,0.0,0.0,68.0,10.0,0.0,5.0,1.77,8.1,0.0,0.0,0.0,52.515,0.0,0.0,19.052986086,0.6849973581000001,0.4817194125,0.0,2.0,0.0,0.0
6253,0.0,0.0,0.0,0.0,0.0,0.0,0.0,110.0,62.0,3.0,37.8,144.2,0.0,14,11.0,0.7671957671999999,0.0,0.0,0.0,0.0,0.0,6.0,11.0,0.0,3.0,0.0,8.3,0.0,0.0,4.0,66.788,0.0,0.0,18.17863539,0.3449731822,-0.39892785399999997,0.0,2.0,0.0,0.0
6253,10.0,0.0,0.0,0.0,0.0,0.0,0.0,135.0,76.0,3.0,45.9,152.7,0.0,14,12.0,0.9150326797,0.0,0.0,0.0,0.0,0.0,132.0,17.0,3.0,4.0,0.0,8.7,0.0,0.0,5.0,76.548,0.0,0.0,19.68496339,0.5813528012,0.20535548399999998,0.0,2.0,0.0,0.0
