PtID,Pt_CGMUseNumDays,Pt_FatherT1D,Pt_MotherT1D,Pt_SiblingT1D,Pt_ChildT1D,Pt_GrandchildT1D,Pt_GrandparentT1D,BldPrSys,BldPrDia,SMBGperDayPtMeterCombo,WeightKg,HeightCm,DirectLDL,age,diabDur,TotalDailyInsPerKg,LDL,HDL,TotChol,Triglyc,BUN,AlbCreatRat_mggNew,UnitsInsBasalOrLongAct,BGTestAvgNumMeter,BGTestAvgNumPtRep,TSH,HbA1c,AutonomicNeuroCl,Pt_InsGov,NumPumpBolusOrShortAct,HbA1cImputeDtMnC,Pt_SHFlg,Pt_DKAFlg,bmi,bmiPerc,bmiZscore,GFR,diagAgeCombo,Pt_A1cGoalLev,Pt_A1cGoalLevelDsYr5
6268,0.0,0.0,0.0,0.0,0.0,0.0,0.0,136.0,79.0,2.0,91.0,185.5,0.0,20,12.0,1.1208791209,89.0,71.0,186.0,0.0,0.0,0.0,0.0,0.0,2.0,0.0,6.5,0.0,0.0,5.0,-1.6269999999999998,0.0,0.0,26.445608503000003,0.820190979,-0.030452978999999998,0.0,8.0,0.0,0.0
6268,0.0,0.0,0.0,0.0,0.0,0.0,0.0,122.0,79.0,0.0,91.3,186.0,0.0,22,14.0,0.0,72.0,80.0,162.0,52.0,9.0,0.0,44.0,0.0,0.0,1.62,6.4,0.0,0.0,0.0,18.722,0.0,0.0,26.390334143,0.0,-0.04135558,0.0,8.0,0.0,0.0
6268,0.0,0.0,0.0,0.0,0.0,0.0,0.0,136.0,84.0,1.0,87.3,186.0,1.0,23,15.0,0.5154639175,74.0,0.0,0.0,0.0,15.0,0.0,0.0,1.0,0.0,1.88,6.7,0.0,0.0,0.0,28.116,0.0,0.0,25.234131113000004,0.0,-0.26941105600000004,0.0,8.0,0.0,0.0
6268,0.0,0.0,0.0,0.0,0.0,0.0,0.0,135.0,69.0,2.0,91.9,186.0,0.0,23,15.0,0.478781284,0.0,0.0,0.0,0.0,0.0,0.0,42.0,2.0,0.0,0.0,6.5,0.0,0.0,0.0,33.759,0.0,0.0,26.563764597,0.0,-0.007147259,0.0,8.0,0.0,0.0
6268,0.0,0.0,0.0,0.0,0.0,0.0,0.0,122.0,79.0,0.0,91.6,190.5,0.0,25,17.0,0.5458515284000001,91.0,77.0,179.0,54.0,0.0,0.0,37.0,0.0,0.0,0.0,6.5,0.0,0.0,0.0,52.979,0.0,0.0,25.240939371,0.0,-0.26806816,0.0,8.0,0.0,0.0
6268,0.0,0.0,0.0,0.0,0.0,0.0,0.0,0.0,0.0,2.0,88.9,189.2,0.0,25,17.0,0.5624296963000001,0.0,0.0,0.0,0.0,0.0,0.0,33.7,2.0,2.0,0.0,5.9,0.0,0.0,0.0,63.004,0.0,0.0,24.834733091999997,0.0,-0.348190391,0.0,8.0,0.0,0.0
