PtID,Pt_CGMUseNumDays,Pt_FatherT1D,Pt_MotherT1D,Pt_SiblingT1D,Pt_ChildT1D,Pt_GrandchildT1D,Pt_GrandparentT1D,BldPrSys,BldPrDia,SMBGperDayPtMeterCombo,WeightKg,HeightCm,DirectLDL,age,diabDur,TotalDailyInsPerKg,LDL,HDL,TotChol,Triglyc,BUN,AlbCreatRat_mggNew,UnitsInsBasalOrLongAct,BGTestAvgNumMeter,BGTestAvgNumPtRep,TSH,HbA1c,AutonomicNeuroCl,Pt_InsGov,NumPumpBolusOrShortAct,HbA1cImputeDtMnC,Pt_SHFlg,Pt_DKAFlg,bmi,bmiPerc,bmiZscore,GFR,diagAgeCombo,Pt_A1cGoalLev,Pt_A1cGoalLevelDsYr5
6271,0.0,0.0,0.0,0.0,0.0,0.0,0.0,103.0,57.0,7.0,33.0,143.1,0.0,8,4.0,0.8181818181999999,97.0,64.0,173.0,61.0,13.0,9.3,0.0,7.0,7.0,0.0,8.1,0.0,0.0,5.0,-0.1,1.0,0.0,16.115161877000002,0.5817994563000001,0.20649907469999998,0.0,3.0,0.0,0.0
6271,0.0,0.0,0.0,0.0,0.0,0.0,0.0,110.0,71.0,5.0,39.1,151.0,0.0,9,5.0,0.9207161125,94.0,73.0,177.0,50.0,0.0,29.6,0.0,5.0,7.0,0.0,8.4,0.0,0.0,0.0,13.942,0.0,0.0,17.148370685,0.6892528092,0.4937335306,0.0,3.0,7.0,0.0
6271,0.0,0.0,0.0,0.0,0.0,0.0,0.0,120.0,67.0,3.0,43.7,159.9,0.0,10,7.0,0.8466819221999999,87.0,64.0,162.0,55.0,18.0,16.0,16.0,3.0,0.0,1.34,8.7,0.0,0.0,0.0,28.813000000000002,0.0,0.0,17.091670412,0.5880859772,0.2226241416,0.0,3.0,0.0,0.0
6271,0.0,0.0,0.0,0.0,0.0,0.0,0.0,130.0,81.0,6.0,46.4,164.7,0.0,11,7.0,0.9913793103,110.0,74.0,196.0,62.0,0.0,16.0,16.0,6.0,0.0,2.12,9.9,0.0,0.0,0.0,39.336,0.0,0.0,17.105303418,0.48682530189999995,-0.033030076,0.0,3.0,0.0,0.0
6271,0.0,0.0,0.0,0.0,0.0,0.0,0.0,119.0,73.0,4.0,53.0,169.7,0.0,12,8.0,1.0566037736,93.0,56.0,167.0,91.0,10.0,16.0,27.0,4.0,0.0,0.0,9.1,0.0,0.0,0.0,49.427,0.0,0.0,18.403998321,0.5982539169,0.24883015260000002,0.0,3.0,0.0,0.0
6271,0.0,0.0,0.0,0.0,0.0,0.0,0.0,110.0,62.0,4.0,61.5,177.7,0.0,13,9.0,0.8617886179,0.0,0.0,0.0,0.0,0.0,20.9,30.0,4.0,0.0,0.0,0.0,0.0,0.0,0.0,0.0,0.0,0.0,19.476022167,0.6485690533,0.3814600721,0.0,3.0,0.0,0.0
6271,0.0,0.0,0.0,0.0,0.0,0.0,0.0,147.0,89.0,1.0,66.3,181.1,0.0,14,10.0,1.1010558069,74.0,50.0,148.0,119.0,0.0,20.9,40.0,1.0,4.0,0.72,13.0,0.0,0.0,0.0,71.801,0.0,0.0,20.215134153,0.6496378141,0.38434282420000004,0.0,3.0,0.0,0.0
