PtID,Pt_CGMUseNumDays,Pt_FatherT1D,Pt_MotherT1D,Pt_SiblingT1D,Pt_ChildT1D,Pt_GrandchildT1D,Pt_GrandparentT1D,BldPrSys,BldPrDia,SMBGperDayPtMeterCombo,WeightKg,HeightCm,DirectLDL,age,diabDur,TotalDailyInsPerKg,LDL,HDL,TotChol,Triglyc,BUN,AlbCreatRat_mggNew,UnitsInsBasalOrLongAct,BGTestAvgNumMeter,BGTestAvgNumPtRep,TSH,HbA1c,AutonomicNeuroCl,Pt_InsGov,NumPumpBolusOrShortAct,HbA1cImputeDtMnC,Pt_SHFlg,Pt_DKAFlg,bmi,bmiPerc,bmiZscore,GFR,diagAgeCombo,Pt_A1cGoalLev,Pt_A1cGoalLevelDsYr5
6359,0.0,0.0,0.0,1.0,0.0,0.0,0.0,131.0,76.0,4.0,124.51110557,192.278,0.0,21,5.0,0.6666072044,82.0,49.0,0.0,72.0,0.0,3.0,0.0,0.0,4.0,0.0,6.1,0.0,0.0,0.0,-0.266,0.0,0.0,33.678201971,0.0,1.3961412311,0.0,15.0,0.0,0.0
6359,0.0,0.0,0.0,0.0,0.0,0.0,0.0,118.0,70.0,4.0,131.0,192.0,0.0,22,7.0,0.0,73.0,56.0,0.0,38.0,14.0,0.0,0.0,4.0,0.0,0.0,5.7,0.0,0.0,0.0,15.335999999999999,0.0,0.0,35.536024306,0.0,1.7625877344,0.0,15.0,0.0,0.0
6359,0.0,0.0,0.0,0.0,0.0,0.0,0.0,125.0,71.0,2.0,133.5,192.0,0.0,24,8.0,0.5018726592,0.0,0.0,0.0,0.0,0.0,0.0,35.0,2.0,0.0,0.0,6.7,0.0,0.0,32.0,36.249,0.0,0.0,36.214192708,0.0,1.8963531838999999,0.0,15.0,0.0,0.0
6359,0.0,0.0,0.0,0.0,0.0,0.0,0.0,127.0,68.0,6.0,132.5,192.0,0.0,25,10.0,0.0,0.0,0.0,0.0,0.0,0.0,0.0,35.0,6.0,0.0,0.0,6.4,0.0,0.0,0.0,51.851000000000006,0.0,0.0,35.942925347,0.0,1.8428470041,0.0,15.0,0.0,0.0
6359,0.0,0.0,0.0,0.0,0.0,0.0,0.0,130.0,80.0,5.0,130.0,192.0,0.0,26,10.0,0.0,0.0,0.0,0.0,0.0,0.0,0.0,35.0,5.0,0.0,0.0,5.9,0.0,0.0,0.0,59.751000000000005,0.0,0.0,35.264756944,0.0,1.7090815546,0.0,15.0,0.0,0.0
