PtID,Pt_CGMUseNumDays,Pt_FatherT1D,Pt_MotherT1D,Pt_SiblingT1D,Pt_ChildT1D,Pt_GrandchildT1D,Pt_GrandparentT1D,BldPrSys,BldPrDia,SMBGperDayPtMeterCombo,WeightKg,HeightCm,DirectLDL,age,diabDur,TotalDailyInsPerKg,LDL,HDL,TotChol,Triglyc,BUN,AlbCreatRat_mggNew,UnitsInsBasalOrLongAct,BGTestAvgNumMeter,BGTestAvgNumPtRep,TSH,HbA1c,AutonomicNeuroCl,Pt_InsGov,NumPumpBolusOrShortAct,HbA1cImputeDtMnC,Pt_SHFlg,Pt_DKAFlg,bmi,bmiPerc,bmiZscore,GFR,diagAgeCombo,Pt_A1cGoalLev,Pt_A1cGoalLevelDsYr5
6479,0.0,1.0,0.0,0.0,0.0,0.0,0.0,122.0,71.0,5.0,57.0,161.0,0.0,85,27.0,0.8947368420999999,80.0,64.0,164.0,103.0,29.0,7.4,0.0,0.0,5.0,0.0,7.3,0.0,1.0,0.0,6.207000000000001,0.0,0.0,21.989892365,0.0,-0.473519732,0.0,58.0,0.0,0.0
6479,30.0,1.0,0.0,0.0,0.0,0.0,0.0,102.0,62.0,5.0,57.2,161.0,0.0,87,29.0,0.7867132867000001,89.0,61.0,0.0,133.0,19.0,0.0,0.0,5.0,5.0,0.0,7.3,0.0,1.0,0.0,15.568,1.0,0.0,22.067049882,0.0,-0.46463052299999996,0.0,58.0,7.1,0.0
6479,0.0,0.0,0.0,0.0,0.0,0.0,0.0,136.0,61.0,4.0,56.5,161.0,0.0,88,30.0,0.6725663717,0.0,0.0,0.0,0.0,0.0,7.4,23.0,4.0,0.0,0.0,7.4,0.0,0.0,3.0,28.05,0.0,0.0,21.796998573000003,0.0,-0.495742756,0.0,58.0,0.0,0.0
6479,0.0,0.0,0.0,0.0,0.0,0.0,0.0,128.0,64.0,4.0,54.4,161.0,0.0,89,31.0,0.7904411765,68.0,54.0,147.0,129.0,23.0,7.4,23.0,4.0,0.0,0.0,7.1,0.0,0.0,0.0,42.025,0.0,0.0,20.986844643,0.0,-0.589079453,0.0,58.0,0.0,0.0
6479,0.0,0.0,0.0,0.0,0.0,0.0,0.0,134.0,68.0,0.0,58.0,161.0,0.0,90,33.0,0.0,71.0,54.0,152.0,138.0,25.0,7.4,24.0,0.0,0.0,3.3,7.5,0.0,0.0,0.0,73.295,0.0,0.0,22.375679951,0.0,-0.429073686,0.0,58.0,0.0,0.0
