PtID,Pt_CGMUseNumDays,Pt_FatherT1D,Pt_MotherT1D,Pt_SiblingT1D,Pt_ChildT1D,Pt_GrandchildT1D,Pt_GrandparentT1D,BldPrSys,BldPrDia,SMBGperDayPtMeterCombo,WeightKg,HeightCm,DirectLDL,age,diabDur,TotalDailyInsPerKg,LDL,HDL,TotChol,Triglyc,BUN,AlbCreatRat_mggNew,UnitsInsBasalOrLongAct,BGTestAvgNumMeter,BGTestAvgNumPtRep,TSH,HbA1c,AutonomicNeuroCl,Pt_InsGov,NumPumpBolusOrShortAct,HbA1cImputeDtMnC,Pt_SHFlg,Pt_DKAFlg,bmi,bmiPerc,bmiZscore,GFR,diagAgeCombo,Pt_A1cGoalLev,Pt_A1cGoalLevelDsYr5
6494,0.0,0.0,0.0,0.0,0.0,0.0,0.0,121.0,68.0,4.0,96.61517481,157.48,0.0,72,17.0,1.2937926185,176.0,44.0,0.0,187.0,13.0,0.0,0.0,0.0,4.0,0.0,8.6,0.0,1.0,0.0,0.0,0.0,0.0,38.957809694,0.0,1.7429174852,0.0,55.0,0.0,0.0
6494,0.0,0.0,0.0,0.0,0.0,0.0,0.0,131.0,75.0,5.0,95.70799007,157.48,0.0,72,17.0,1.3374014009,77.0,40.0,0.0,153.0,18.0,0.0,0.0,0.0,5.0,0.0,8.2,0.0,1.0,0.0,5.776,0.0,0.0,38.592008664,0.0,1.6847342324,0.0,55.0,7.5,0.0
6494,0.0,0.0,0.0,0.0,0.0,0.0,0.0,139.0,71.0,4.0,83.91458845,157.48,0.0,74,19.0,0.0,68.0,47.0,0.0,70.0,15.0,13.0,37.0,4.0,0.0,0.01,7.8,0.0,0.0,0.0,23.401999999999997,0.0,0.0,33.836595274000004,0.0,0.9283519464,89.0,55.0,0.0,0.0
6494,0.0,0.0,0.0,0.0,0.0,0.0,0.0,107.0,67.0,4.0,96.61517481,157.48,0.0,75,20.0,1.2006395499,73.0,40.0,0.0,138.0,20.0,12.0,66.0,0.0,4.0,0.02,7.8,0.0,0.0,0.0,37.145,0.0,0.0,38.957809694,0.0,1.7429174852,83.0,55.0,0.0,0.0
6494,0.0,0.0,0.0,0.0,0.0,0.0,0.0,103.0,65.0,4.0,96.61517481,157.48,0.0,76,21.0,1.0143334129000001,0.0,0.0,0.0,0.0,0.0,12.0,33.0,4.0,0.0,0.02,7.6,0.0,0.0,3.0,49.494,0.0,0.0,38.957809694,0.0,1.7429174852,0.0,55.0,0.0,0.0
6494,0.0,0.0,0.0,0.0,0.0,0.0,0.0,136.0,81.0,4.0,0.0,0.0,1.0,77,22.0,0.0,154.0,33.0,0.0,149.0,18.0,12.0,66.0,4.0,3.0,0.0,7.7,0.0,1.0,3.0,61.743,0.0,0.0,0.0,0.0,0.0,0.0,55.0,0.0,0.0
