PtID,Pt_CGMUseNumDays,Pt_FatherT1D,Pt_MotherT1D,Pt_SiblingT1D,Pt_ChildT1D,Pt_GrandchildT1D,Pt_GrandparentT1D,BldPrSys,BldPrDia,SMBGperDayPtMeterCombo,WeightKg,HeightCm,DirectLDL,age,diabDur,TotalDailyInsPerKg,LDL,HDL,TotChol,Triglyc,BUN,AlbCreatRat_mggNew,UnitsInsBasalOrLongAct,BGTestAvgNumMeter,BGTestAvgNumPtRep,TSH,HbA1c,AutonomicNeuroCl,Pt_InsGov,NumPumpBolusOrShortAct,HbA1cImputeDtMnC,Pt_SHFlg,Pt_DKAFlg,bmi,bmiPerc,bmiZscore,GFR,diagAgeCombo,Pt_A1cGoalLev,Pt_A1cGoalLevelDsYr5
6505,0.0,0.0,0.0,0.0,0.0,0.0,0.0,118.0,55.0,5.0,81.1,174.5,0.0,18,2.0,0.6288532675999999,89.0,52.0,0.0,57.0,13.0,0.0,0.0,0.0,5.0,0.0,6.6,0.0,0.0,0.0,0.23199999999999998,0.0,0.0,26.633607277,0.8934574187000001,1.2451267503,0.0,15.0,0.0,0.0
6505,0.0,0.0,0.0,0.0,0.0,0.0,0.0,117.0,70.0,7.0,75.5,147.1,0.0,19,3.0,0.5827814570000001,109.0,54.0,0.0,21.0,11.0,0.0,0.0,0.0,7.0,0.0,6.8,0.0,0.0,0.0,14.407,0.0,0.0,34.891657936,0.9886033327,2.276880969,0.0,15.0,7.0,0.0
6505,0.0,0.0,0.0,0.0,0.0,0.0,0.0,125.0,72.0,6.0,76.8,173.8,0.0,20,4.0,0.0,97.0,50.0,0.0,99.0,14.0,0.9,13.0,0.0,6.0,1.85,7.7,0.0,0.0,0.0,23.469,0.0,0.0,25.425041811999996,0.752147097,-0.23175484100000002,0.0,15.0,0.0,0.0
6505,0.0,0.0,0.0,0.0,0.0,0.0,0.0,132.0,73.0,5.0,77.0,174.7,0.0,21,5.0,0.0,118.0,61.0,0.0,49.0,14.0,0.9,15.0,0.0,5.0,0.912,7.7,0.0,0.0,0.0,36.614000000000004,0.0,0.0,25.229283399999996,0.0,-0.270367244,0.0,15.0,0.0,0.0
