PtID,Pt_CGMUseNumDays,Pt_FatherT1D,Pt_MotherT1D,Pt_SiblingT1D,Pt_ChildT1D,Pt_GrandchildT1D,Pt_GrandparentT1D,BldPrSys,BldPrDia,SMBGperDayPtMeterCombo,WeightKg,HeightCm,DirectLDL,age,diabDur,TotalDailyInsPerKg,LDL,HDL,TotChol,Triglyc,BUN,AlbCreatRat_mggNew,UnitsInsBasalOrLongAct,BGTestAvgNumMeter,BGTestAvgNumPtRep,TSH,HbA1c,AutonomicNeuroCl,Pt_InsGov,NumPumpBolusOrShortAct,HbA1cImputeDtMnC,Pt_SHFlg,Pt_DKAFlg,bmi,bmiPerc,bmiZscore,GFR,diagAgeCombo,Pt_A1cGoalLev,Pt_A1cGoalLevelDsYr5
6511,0.0,0.0,0.0,0.0,0.0,0.0,0.0,87.0,59.0,6.0,28.4,131.9,0.0,7,3.0,1.0915492958,86.0,44.0,0.0,122.0,17.0,0.0,0.0,6.0,7.0,0.0,8.9,0.0,1.0,6.0,0.133,0.0,0.0,16.324081296,0.6877581736,0.489505795,0.0,4.0,0.0,0.0
6511,0.0,0.0,0.0,0.0,0.0,0.0,0.0,108.0,58.0,5.0,34.2,139.4,0.0,8,4.0,0.0,0.0,0.0,0.0,0.0,0.0,0.0,0.0,5.0,6.0,0.0,8.8,0.0,1.0,7.0,12.78,0.0,0.0,17.599509272,0.7884786291,0.8011535783,0.0,4.0,6.0,0.0
6511,0.0,0.0,0.0,0.0,0.0,0.0,0.0,114.0,67.0,5.0,38.3,149.4,0.0,9,5.0,0.9138381201000001,76.0,84.0,0.0,63.0,0.0,7.0,13.0,5.0,0.0,2.63,9.0,0.0,0.0,5.0,28.116,0.0,0.0,17.159221446,0.6501325437,0.3856783313,0.0,4.0,0.0,0.0
6511,0.0,0.0,0.0,0.0,0.0,0.0,0.0,119.0,67.0,6.0,43.5,155.0,0.0,10,6.0,1.1264367816,0.0,0.0,0.0,0.0,0.0,5.0,14.0,6.0,0.0,0.0,7.9,0.0,0.0,8.0,37.51,0.0,0.0,18.106139438,0.6883704551000001,0.4912366361,0.0,4.0,0.0,0.0
6511,0.0,0.0,0.0,0.0,0.0,0.0,0.0,110.0,59.0,4.0,50.3,162.1,0.0,11,7.0,1.1133200795,71.0,73.0,0.0,96.0,0.0,5.0,17.0,4.0,0.0,0.0,9.0,0.0,0.0,6.0,49.228,0.0,0.0,19.142645437,0.7221970772,0.5893808115,0.0,4.0,0.0,0.0
6511,0.0,0.0,0.0,0.0,0.0,0.0,0.0,118.0,72.0,3.0,54.7,166.5,0.0,12,8.0,1.0786106033,82.0,63.0,0.0,70.0,0.0,5.8,20.0,3.0,4.0,2.74,12.3,0.0,0.0,4.0,64.564,0.0,0.0,19.731443155,0.7064908889,0.5431620661,0.0,4.0,0.0,9.0
6511,0.0,0.0,0.0,0.0,0.0,0.0,0.0,119.0,73.0,3.0,57.0,168.2,0.0,13,9.0,0.8947368420999999,0.0,0.0,0.0,0.0,0.0,5.8,21.0,3.0,0.0,2.36,11.1,0.0,0.0,4.0,76.88,0.0,0.0,20.147579251,0.6763198856,0.4574324721,0.0,4.0,0.0,0.0
