PtID,Pt_CGMUseNumDays,Pt_FatherT1D,Pt_MotherT1D,Pt_SiblingT1D,Pt_ChildT1D,Pt_GrandchildT1D,Pt_GrandparentT1D,BldPrSys,BldPrDia,SMBGperDayPtMeterCombo,WeightKg,HeightCm,DirectLDL,age,diabDur,TotalDailyInsPerKg,LDL,HDL,TotChol,Triglyc,BUN,AlbCreatRat_mggNew,UnitsInsBasalOrLongAct,BGTestAvgNumMeter,BGTestAvgNumPtRep,TSH,HbA1c,AutonomicNeuroCl,Pt_InsGov,NumPumpBolusOrShortAct,HbA1cImputeDtMnC,Pt_SHFlg,Pt_DKAFlg,bmi,bmiPerc,bmiZscore,GFR,diagAgeCombo,Pt_A1cGoalLev,Pt_A1cGoalLevelDsYr5
6545,0.0,0.0,0.0,0.0,0.0,0.0,0.0,121.0,81.0,3.0,93.0,184.15,0.0,34,16.0,0.752688172,94.0,39.0,162.0,143.0,16.0,2.0,0.0,3.0,2.0,0.0,6.9,0.0,0.0,25.0,7.202999999999999,0.0,0.0,27.424549498,0.0,-0.010937107,0.0,18.0,0.0,0.0
6545,0.0,0.0,0.0,0.0,0.0,0.0,0.0,125.0,75.0,3.0,94.0,184.0,0.0,37,19.0,0.7553191489,94.0,37.0,147.0,79.0,15.0,2.6,42.0,3.0,0.0,1.41,7.8,0.0,0.0,0.0,31.668000000000003,0.0,0.0,27.764650284000002,0.0,0.038363011,113.0,18.0,0.0,0.0
6545,0.0,0.0,0.0,0.0,0.0,0.0,0.0,134.0,79.0,3.0,96.2,184.0,0.0,38,20.0,0.7172557173,96.0,45.0,160.0,93.0,15.0,2.6,46.0,3.0,0.0,0.97,6.1,0.0,0.0,0.0,44.614,0.0,0.0,28.414461248000002,0.0,0.132557904,112.0,18.0,0.0,0.0
6545,0.0,0.0,0.0,0.0,0.0,0.0,0.0,129.0,87.0,2.0,97.5,184.0,0.0,39,21.0,0.8820512821,114.0,42.0,175.0,94.0,18.0,2.0,54.0,0.0,2.0,1.8,6.9,0.0,0.0,4.0,62.306999999999995,0.0,0.0,28.798440454,0.0,0.18821852260000002,108.0,18.0,0.0,0.0
6545,0.0,0.0,0.0,0.0,0.0,0.0,0.0,109.0,76.0,4.0,99.5,184.0,0.0,41,23.0,0.0,73.0,45.0,137.0,108.0,19.0,3.0,26.0,4.0,0.0,1.8,6.9,0.0,0.0,0.0,77.112,0.0,0.0,29.389177694,0.0,0.1422210319,101.0,18.0,0.0,0.0
