PtID,Pt_CGMUseNumDays,Pt_FatherT1D,Pt_MotherT1D,Pt_SiblingT1D,Pt_ChildT1D,Pt_GrandchildT1D,Pt_GrandparentT1D,BldPrSys,BldPrDia,SMBGperDayPtMeterCombo,WeightKg,HeightCm,DirectLDL,age,diabDur,TotalDailyInsPerKg,LDL,HDL,TotChol,Triglyc,BUN,AlbCreatRat_mggNew,UnitsInsBasalOrLongAct,BGTestAvgNumMeter,BGTestAvgNumPtRep,TSH,HbA1c,AutonomicNeuroCl,Pt_InsGov,NumPumpBolusOrShortAct,HbA1cImputeDtMnC,Pt_SHFlg,Pt_DKAFlg,bmi,bmiPerc,bmiZscore,GFR,diagAgeCombo,Pt_A1cGoalLev,Pt_A1cGoalLevelDsYr5
658,0.0,0.0,0.0,0.0,0.0,0.0,0.0,122.0,70.0,9.0,21.0,114.2,0.0,6,2.0,1.9047619048,0.0,0.0,0.0,0.0,17.0,0.0,0.0,9.0,0.0,0.0,7.3,0.0,1.0,0.0,0.0,0.0,0.0,16.102269346,0.6966914713,0.5149083618,0.0,3.0,0.0,0.0
658,0.0,0.0,0.0,0.0,0.0,0.0,0.0,103.0,69.0,0.0,24.7,121.2,0.0,7,4.0,0.0,102.0,83.0,200.0,78.0,18.0,0.0,0.0,0.0,0.0,2.32,7.0,0.0,0.0,0.0,16.963,0.0,0.0,16.814800292,0.7808720031999999,0.7751415979999999,0.0,3.0,0.0,0.0
658,0.0,0.0,0.0,0.0,0.0,0.0,0.0,112.0,70.0,4.0,37.4,146.7,0.0,9,5.0,1.1229946523999998,0.0,0.0,156.0,0.0,0.0,0.0,21.0,4.0,0.0,1.61,6.7,0.0,0.0,5.0,34.39,0.0,0.0,17.378463437,0.7230319159,0.5918722042,0.0,3.0,0.0,0.0
658,0.0,0.0,0.0,0.0,0.0,0.0,0.0,0.0,0.0,12.0,34.6,135.6,0.0,10,6.0,0.0,82.0,81.0,182.0,93.0,11.0,0.0,0.0,0.0,12.0,1.47,7.0,0.0,0.0,0.0,50.39,0.0,0.0,18.817274475999998,0.8092741523999999,0.8752246283,0.0,3.0,0.0,0.0
658,30.0,0.0,0.0,0.0,0.0,0.0,0.0,0.0,0.0,4.0,0.0,0.0,0.0,11,7.0,0.0,96.0,71.0,179.0,56.0,10.0,0.0,21.0,0.0,4.0,3.28,6.5,0.0,1.0,0.0,62.905,0.0,0.0,0.0,0.0,0.0,0.0,3.0,0.0,0.0
