PtID,Pt_CGMUseNumDays,Pt_FatherT1D,Pt_MotherT1D,Pt_SiblingT1D,Pt_ChildT1D,Pt_GrandchildT1D,Pt_GrandparentT1D,BldPrSys,BldPrDia,SMBGperDayPtMeterCombo,WeightKg,HeightCm,DirectLDL,age,diabDur,TotalDailyInsPerKg,LDL,HDL,TotChol,Triglyc,BUN,AlbCreatRat_mggNew,UnitsInsBasalOrLongAct,BGTestAvgNumMeter,BGTestAvgNumPtRep,TSH,HbA1c,AutonomicNeuroCl,Pt_InsGov,NumPumpBolusOrShortAct,HbA1cImputeDtMnC,Pt_SHFlg,Pt_DKAFlg,bmi,bmiPerc,bmiZscore,GFR,diagAgeCombo,Pt_A1cGoalLev,Pt_A1cGoalLevelDsYr5
660,0.0,0.0,1.0,0.0,0.0,0.0,1.0,100.0,65.0,5.0,27.6,135.3,0.0,10,0.0,0.32608695649999997,0.0,0.0,0.0,0.0,20.0,0.0,0.0,0.0,5.0,0.0,6.7,0.0,1.0,0.0,0.0,0.0,0.0,15.076949802,0.1804920469,-0.9134915159999999,0.0,9.0,0.0,0.0
660,0.0,0.0,1.0,0.0,0.0,0.0,1.0,100.0,62.0,4.0,28.3,140.3,0.0,10,0.0,0.2826855124,0.0,0.0,0.0,0.0,13.0,0.0,0.0,0.0,4.0,0.0,11.3,0.0,0.0,0.0,10.39,0.0,1.0,14.377093378,0.0838852271,-1.379403261,0.0,9.0,7.0,0.0
660,0.0,0.0,0.0,0.0,0.0,0.0,0.0,112.0,67.0,3.0,35.4,147.1,0.0,11,1.0,0.0,0.0,0.0,0.0,0.0,0.0,11.6,0.0,3.0,0.0,1.83,8.9,0.0,0.0,0.0,20.415,0.0,0.0,16.359797230999998,0.3166533681,-0.47707778100000003,0.0,9.0,0.0,0.0
660,0.0,0.0,0.0,0.0,0.0,0.0,0.0,102.0,67.0,2.0,44.8,158.1,0.0,13,3.0,0.0,139.0,38.0,217.0,200.0,13.0,11.6,25.0,2.0,0.0,2.08,9.4,0.0,0.0,0.0,36.448,0.0,0.0,17.923147305,0.38300253009999996,-0.297604473,0.0,9.0,0.0,0.0
660,0.0,0.0,0.0,0.0,0.0,0.0,0.0,115.0,70.0,2.0,57.1,161.3,0.0,14,4.0,0.9632224168000001,0.0,0.0,0.0,0.0,13.0,11.6,23.0,2.0,0.0,1.02,11.1,0.0,0.0,0.0,52.05,0.0,0.0,21.946606328,0.7712585664,0.7429980397,0.0,9.0,0.0,0.0
660,0.0,0.0,0.0,0.0,0.0,0.0,0.0,118.0,75.0,1.0,61.0,163.0,0.0,15,5.0,0.9672131148,0.0,0.0,0.0,0.0,0.0,11.6,32.0,1.0,0.0,0.0,9.8,0.0,0.0,28.0,62.739,0.0,0.0,22.959087659,0.7945650787,0.8223638581,0.0,9.0,0.0,0.0
