PtID,Pt_CGMUseNumDays,Pt_FatherT1D,Pt_MotherT1D,Pt_SiblingT1D,Pt_ChildT1D,Pt_GrandchildT1D,Pt_GrandparentT1D,BldPrSys,BldPrDia,SMBGperDayPtMeterCombo,WeightKg,HeightCm,DirectLDL,age,diabDur,TotalDailyInsPerKg,LDL,HDL,TotChol,Triglyc,BUN,AlbCreatRat_mggNew,UnitsInsBasalOrLongAct,BGTestAvgNumMeter,BGTestAvgNumPtRep,TSH,HbA1c,AutonomicNeuroCl,Pt_InsGov,NumPumpBolusOrShortAct,HbA1cImputeDtMnC,Pt_SHFlg,Pt_DKAFlg,bmi,bmiPerc,bmiZscore,GFR,diagAgeCombo,Pt_A1cGoalLev,Pt_A1cGoalLevelDsYr5
6652,0.0,0.0,0.0,1.0,0.0,0.0,0.0,121.0,67.0,5.0,70.442895061,165.608,0.0,31,27.0,0.1561548541,113.0,39.0,161.0,48.0,17.0,18.0,0.0,5.0,6.0,0.0,7.7,0.0,1.0,3.0,0.0,1.0,1.0,25.684704382,0.0,-0.263140492,0.0,4.0,0.0,0.0
6652,0.0,0.0,0.0,0.0,0.0,0.0,0.0,125.0,70.0,0.0,0.0,0.0,0.0,35,31.0,0.0,113.0,36.0,158.0,44.0,12.0,0.0,24.0,0.0,0.0,0.96,7.9,0.0,0.0,0.0,39.501999999999995,0.0,0.0,0.0,0.0,0.0,0.0,4.0,0.0,0.0
6652,0.0,0.0,0.0,0.0,0.0,0.0,0.0,115.0,57.0,3.0,0.0,0.0,0.0,36,32.0,0.0,152.0,41.0,203.0,47.0,12.0,0.0,23.0,3.0,3.0,0.0,7.5,1.0,0.0,0.0,50.92100000000001,0.0,0.0,0.0,0.0,0.0,0.0,4.0,0.0,0.0
6652,0.0,0.0,0.0,0.0,0.0,0.0,0.0,115.0,64.0,3.0,82.2,165.1,0.0,36,32.0,0.5839416058,136.0,40.0,184.0,40.0,0.0,0.0,18.0,3.0,0.0,0.0,7.5,1.0,0.0,3.0,60.515,0.0,0.0,30.15627333,0.0,0.3850464151,0.0,4.0,0.0,0.0
6652,0.0,0.0,0.0,0.0,0.0,0.0,0.0,122.0,55.0,4.0,93.2,165.0,0.0,37,33.0,0.7296137339000001,115.0,44.0,0.0,78.0,19.0,0.0,22.0,4.0,0.0,2.8,0.0,1.0,0.0,4.0,0.0,0.0,0.0,34.233241506,0.0,0.9760330288,0.0,4.0,0.0,0.0
