PtID,Pt_CGMUseNumDays,Pt_FatherT1D,Pt_MotherT1D,Pt_SiblingT1D,Pt_ChildT1D,Pt_GrandchildT1D,Pt_GrandparentT1D,BldPrSys,BldPrDia,SMBGperDayPtMeterCombo,WeightKg,HeightCm,DirectLDL,age,diabDur,TotalDailyInsPerKg,LDL,HDL,TotChol,Triglyc,BUN,AlbCreatRat_mggNew,UnitsInsBasalOrLongAct,BGTestAvgNumMeter,BGTestAvgNumPtRep,TSH,HbA1c,AutonomicNeuroCl,Pt_InsGov,NumPumpBolusOrShortAct,HbA1cImputeDtMnC,Pt_SHFlg,Pt_DKAFlg,bmi,bmiPerc,bmiZscore,GFR,diagAgeCombo,Pt_A1cGoalLev,Pt_A1cGoalLevelDsYr5
6662,0.0,0.0,0.0,0.0,0.0,0.0,0.0,111.0,62.0,9.0,31.2,134.9,0.0,8,4.0,1.3461538462,83.0,63.0,0.0,50.0,13.0,0.0,0.0,9.0,8.0,0.0,6.9,0.0,0.0,0.0,0.166,0.0,0.0,17.144731759000003,0.7649019072,0.7221598815000001,0.0,3.0,0.0,0.0
6662,0.0,0.0,0.0,0.0,0.0,0.0,0.0,117.0,60.0,6.0,36.4,141.4,0.0,9,5.0,1.1263736264,0.0,0.0,0.0,0.0,0.0,0.0,0.0,6.0,9.0,0.0,7.7,0.0,0.0,0.0,14.539000000000001,0.0,0.0,18.20549806,0.8173285437000001,0.9052312067,0.0,3.0,6.5,0.0
6662,0.0,0.0,0.0,0.0,0.0,0.0,0.0,119.0,66.0,4.0,40.4,147.9,0.0,10,7.0,0.0,0.0,0.0,0.0,0.0,0.0,16.6,18.0,4.0,0.0,0.0,7.9,0.0,0.0,0.0,29.178,0.0,0.0,18.469069565999998,0.7768912816,0.7617362476,0.0,3.0,0.0,0.0
6662,0.0,0.0,0.0,0.0,0.0,0.0,0.0,118.0,80.0,6.0,44.5,152.6,0.0,11,8.0,0.0,0.0,0.0,0.0,0.0,0.0,16.6,19.0,6.0,0.0,0.0,8.2,0.0,0.0,0.0,41.261,0.0,0.0,19.109571276,0.7692525367,0.7363874719,0.0,3.0,0.0,0.0
6662,0.0,0.0,0.0,0.0,0.0,0.0,0.0,110.0,69.0,5.0,48.4,157.1,0.0,12,8.0,0.0,80.0,67.0,0.0,58.0,0.0,16.6,20.0,5.0,0.0,1.73,7.2,0.0,0.0,0.0,50.324,0.0,0.0,19.610695284000002,0.7457120923,0.6610569136,0.0,3.0,0.0,0.0
6662,0.0,0.0,0.0,0.0,0.0,0.0,0.0,117.0,65.0,6.0,51.0,161.2,0.0,13,9.0,0.0,68.0,62.0,0.0,71.0,13.0,16.6,23.0,6.0,0.0,1.17,7.9,0.0,0.0,0.0,59.618,0.0,0.0,19.626375386,0.6669572823,0.4315267103,0.0,3.0,0.0,0.0
6662,0.0,0.0,0.0,0.0,0.0,0.0,0.0,125.0,79.0,7.0,55.8,165.6,0.0,14,10.0,0.0,0.0,0.0,0.0,0.0,0.0,9.0,27.0,7.0,0.0,0.0,8.2,0.0,0.0,0.0,69.51,0.0,0.0,20.347616047,0.6652137285999999,0.4267347418,0.0,3.0,0.0,0.0
6662,20.0,0.0,0.0,0.0,0.0,0.0,0.0,134.0,55.0,7.0,66.9,173.7,0.0,15,11.0,0.0,79.0,58.0,0.0,68.0,0.0,9.0,28.0,7.0,10.0,2.49,7.5,0.0,0.0,0.0,81.361,0.0,0.0,22.17310333,0.7690563728,0.7357427723000001,0.0,3.0,0.0,0.0
