PtID,Pt_CGMUseNumDays,Pt_FatherT1D,Pt_MotherT1D,Pt_SiblingT1D,Pt_ChildT1D,Pt_GrandchildT1D,Pt_GrandparentT1D,BldPrSys,BldPrDia,SMBGperDayPtMeterCombo,WeightKg,HeightCm,DirectLDL,age,diabDur,TotalDailyInsPerKg,LDL,HDL,TotChol,Triglyc,BUN,AlbCreatRat_mggNew,UnitsInsBasalOrLongAct,BGTestAvgNumMeter,BGTestAvgNumPtRep,TSH,HbA1c,AutonomicNeuroCl,Pt_InsGov,NumPumpBolusOrShortAct,HbA1cImputeDtMnC,Pt_SHFlg,Pt_DKAFlg,bmi,bmiPerc,bmiZscore,GFR,diagAgeCombo,Pt_A1cGoalLev,Pt_A1cGoalLevelDsYr5
6668,0.0,0.0,0.0,0.0,0.0,0.0,0.0,113.0,70.0,8.0,98.202748105,172.72,0.0,40,23.0,0.6618959373,100.0,44.0,160.0,81.0,11.0,4.2,0.0,0.0,8.0,0.0,6.4,0.0,0.0,5.0,1.295,0.0,0.0,32.918374566,0.0,0.3858152918,0.0,17.0,0.0,0.0
6668,0.0,0.0,0.0,0.0,0.0,0.0,0.0,114.0,75.0,7.0,99.654243689,172.72,0.0,40,23.0,0.6823593003,0.0,0.0,0.0,0.0,15.0,0.0,0.0,0.0,7.0,0.0,6.5,0.0,0.0,0.0,7.568,0.0,0.0,33.404927908000005,0.0,0.4292852866,0.0,17.0,6.0,0.0
6668,0.0,0.0,0.0,0.0,0.0,0.0,0.0,117.0,69.0,0.0,101.15109851,172.72,0.0,41,24.0,0.0,0.0,0.0,0.0,0.0,16.0,823.3,0.0,0.0,0.0,0.0,0.0,0.0,0.0,0.0,0.0,0.0,0.0,33.906686042,0.0,0.47411371869999996,0.0,17.0,0.0,0.0
6668,0.0,0.0,0.0,0.0,0.0,0.0,0.0,120.0,73.0,0.0,98.88313666,170.18,0.0,42,25.0,0.33372727760000004,0.0,0.0,0.0,0.0,11.0,823.3,33.0,0.0,0.0,0.0,6.8,0.0,0.0,0.0,31.369,0.0,0.0,34.143276534,0.0,0.4952513547,0.0,17.0,0.0,0.0
6668,0.0,0.0,0.0,0.0,0.0,0.0,0.0,138.0,70.0,0.0,98.9,172.7,0.0,43,26.0,1.3144590495,87.0,45.0,0.0,54.0,0.0,0.0,1.0,0.0,0.0,0.0,0.0,0.0,0.0,3.0,0.0,0.0,0.0,33.159778161,0.0,0.4073829436,0.0,17.0,0.0,0.0
6668,0.0,0.0,0.0,0.0,0.0,0.0,0.0,116.0,75.0,4.0,0.0,0.0,0.0,44,27.0,0.0,92.0,48.0,0.0,55.0,16.0,0.0,0.0,0.0,4.0,0.0,7.1,0.0,0.0,0.0,55.535,0.0,0.0,0.0,0.0,0.0,0.0,17.0,0.0,0.0
6668,0.0,0.0,0.0,0.0,0.0,0.0,0.0,105.0,74.0,6.0,97.97595192,175.26,0.0,45,28.0,0.3266107588,0.0,0.0,0.0,0.0,0.0,0.0,0.0,0.0,6.0,0.0,7.2,0.0,0.0,0.0,64.83,0.0,0.0,31.897296619000002,0.0,0.29458941969999997,0.0,17.0,0.0,0.0
