PtID,Pt_CGMUseNumDays,Pt_FatherT1D,Pt_MotherT1D,Pt_SiblingT1D,Pt_ChildT1D,Pt_GrandchildT1D,Pt_GrandparentT1D,BldPrSys,BldPrDia,SMBGperDayPtMeterCombo,WeightKg,HeightCm,DirectLDL,age,diabDur,TotalDailyInsPerKg,LDL,HDL,TotChol,Triglyc,BUN,AlbCreatRat_mggNew,UnitsInsBasalOrLongAct,BGTestAvgNumMeter,BGTestAvgNumPtRep,TSH,HbA1c,AutonomicNeuroCl,Pt_InsGov,NumPumpBolusOrShortAct,HbA1cImputeDtMnC,Pt_SHFlg,Pt_DKAFlg,bmi,bmiPerc,bmiZscore,GFR,diagAgeCombo,Pt_A1cGoalLev,Pt_A1cGoalLevelDsYr5
6743,7.0,0.0,0.0,0.0,0.0,0.0,0.0,120.0,58.0,9.0,75.74992579,162.56,0.0,66,45.0,0.6732679863,52.0,91.0,155.0,61.0,20.0,22.9,0.0,0.0,9.0,0.0,8.8,0.0,1.0,5.0,-1.129,0.0,0.0,28.665190381,0.0,-0.11612765900000001,0.0,21.0,0.0,0.0
6743,0.0,0.0,0.0,0.0,0.0,0.0,0.0,154.0,74.0,0.0,74.661304102,162.0,0.0,68,47.0,0.0,60.0,98.0,170.0,62.0,33.0,10.1,0.0,0.0,0.0,0.0,8.5,0.0,0.0,0.0,17.925,0.0,0.0,28.448904169000002,0.0,-0.142996029,0.0,21.0,0.0,0.0
6743,0.0,0.0,0.0,0.0,0.0,0.0,0.0,145.0,65.0,0.0,69.85322498,162.56,0.0,69,48.0,0.0,51.0,74.0,0.0,62.0,16.0,0.0,0.0,0.0,0.0,0.0,8.5,0.0,0.0,0.0,35.12,0.0,0.0,26.433768375,0.0,-0.393328286,0.0,21.0,0.0,0.0
6743,0.0,0.0,0.0,0.0,0.0,0.0,0.0,143.0,63.0,0.0,71.66759446,157.48,0.0,70,49.0,1.3953307733000002,72.0,98.0,0.0,52.0,20.0,0.0,0.0,0.0,0.0,0.0,8.8,0.0,0.0,0.0,46.34,0.0,0.0,28.898281369,0.0,0.1428780339,0.0,21.0,0.0,0.0
