PtID,Pt_CGMUseNumDays,Pt_FatherT1D,Pt_MotherT1D,Pt_SiblingT1D,Pt_ChildT1D,Pt_GrandchildT1D,Pt_GrandparentT1D,BldPrSys,BldPrDia,SMBGperDayPtMeterCombo,WeightKg,HeightCm,DirectLDL,age,diabDur,TotalDailyInsPerKg,LDL,HDL,TotChol,Triglyc,BUN,AlbCreatRat_mggNew,UnitsInsBasalOrLongAct,BGTestAvgNumMeter,BGTestAvgNumPtRep,TSH,HbA1c,AutonomicNeuroCl,Pt_InsGov,NumPumpBolusOrShortAct,HbA1cImputeDtMnC,Pt_SHFlg,Pt_DKAFlg,bmi,bmiPerc,bmiZscore,GFR,diagAgeCombo,Pt_A1cGoalLev,Pt_A1cGoalLevelDsYr5
6797,0.0,0.0,0.0,0.0,0.0,0.0,0.0,0.0,0.0,5.0,14.2,89.3,0.0,1,0.0,0.7042253520999999,0.0,0.0,0.0,0.0,10.0,0.0,0.0,0.0,5.0,0.0,8.0,0.0,0.0,0.0,0.0,0.0,0.0,0.0,0.0,0.0,0.0,1.0,0.0,0.0
6797,0.0,0.0,0.0,0.0,0.0,0.0,0.0,0.0,0.0,5.0,17.1,101.0,0.0,3,1.0,0.6432748538,0.0,0.0,0.0,0.0,0.0,0.0,0.0,0.0,5.0,0.0,8.0,0.0,0.0,0.0,17.162,0.0,0.0,16.763062445,0.7268451311,0.6032990908,0.0,1.0,8.0,0.0
6797,0.0,0.0,0.0,0.0,0.0,0.0,0.0,0.0,0.0,5.0,0.0,0.0,0.0,4,2.0,0.0,0.0,0.0,0.0,0.0,16.0,0.0,10.0,0.0,5.0,1.17,8.4,0.0,0.0,0.0,28.281999999999996,0.0,0.0,0.0,0.0,0.0,0.0,1.0,0.0,0.0
6797,0.0,0.0,0.0,0.0,0.0,0.0,0.0,112.0,83.0,7.0,22.6,113.8,0.0,5,3.0,0.0,90.0,43.0,0.0,68.0,12.0,0.0,7.0,0.0,7.0,1.49,7.6,0.0,0.0,0.0,38.34,0.0,0.0,17.451144517,0.9185739656,1.3955432943000001,0.0,1.0,0.0,0.0
6797,0.0,0.0,0.0,0.0,0.0,0.0,0.0,113.0,71.0,5.0,25.2,118.6,0.0,5,4.0,0.0,80.0,58.0,0.0,172.0,14.0,0.0,7.0,0.0,5.0,1.48,8.0,0.0,0.0,0.0,48.431999999999995,0.0,0.0,17.915591968,0.9494321964,1.6393729716999998,0.0,1.0,0.0,0.0
6797,0.0,0.0,0.0,0.0,0.0,0.0,0.0,115.0,63.0,2.0,28.0,124.5,0.0,6,5.0,0.0,98.0,72.0,0.0,52.0,18.0,0.0,8.0,2.0,2.0,2.21,7.7,0.0,0.0,0.0,60.581,0.0,0.0,18.064224771,0.9357118473999999,1.5197401153999999,0.0,1.0,0.0,0.0
6797,0.0,0.0,0.0,0.0,0.0,0.0,0.0,100.0,52.0,0.0,32.2,130.7,0.0,7,6.0,0.0,102.0,76.0,0.0,57.0,14.0,0.0,11.0,0.0,0.0,2.03,8.1,0.0,0.0,0.0,72.697,0.0,0.0,18.84971102,0.9413676538,1.5663585866999998,0.0,1.0,0.0,0.0
6797,28.0,0.0,0.0,0.0,0.0,0.0,0.0,119.0,87.0,8.0,33.5,133.9,0.0,8,7.0,0.0,0.0,0.0,0.0,0.0,0.0,0.0,11.0,0.0,8.0,0.0,7.7,0.0,0.0,0.0,80.83,0.0,0.0,18.684593465,0.9012291638,1.2885870944,0.0,1.0,0.0,0.0
