PtID,Pt_CGMUseNumDays,Pt_FatherT1D,Pt_MotherT1D,Pt_SiblingT1D,Pt_ChildT1D,Pt_GrandchildT1D,Pt_GrandparentT1D,BldPrSys,BldPrDia,SMBGperDayPtMeterCombo,WeightKg,HeightCm,DirectLDL,age,diabDur,TotalDailyInsPerKg,LDL,HDL,TotChol,Triglyc,BUN,AlbCreatRat_mggNew,UnitsInsBasalOrLongAct,BGTestAvgNumMeter,BGTestAvgNumPtRep,TSH,HbA1c,AutonomicNeuroCl,Pt_InsGov,NumPumpBolusOrShortAct,HbA1cImputeDtMnC,Pt_SHFlg,Pt_DKAFlg,bmi,bmiPerc,bmiZscore,GFR,diagAgeCombo,Pt_A1cGoalLev,Pt_A1cGoalLevelDsYr5
6805,0.0,0.0,0.0,0.0,0.0,0.0,0.0,108.0,73.0,5.0,65.22658280600001,172.46599999999998,0.0,19,17.0,0.6285780772,0.0,34.0,153.0,0.0,0.0,4.2,0.0,5.0,6.0,0.0,7.9,0.0,0.0,0.0,0.365,0.0,0.0,21.928940279000003,0.5467825286,0.1175364732,0.0,2.0,0.0,0.0
6805,0.0,0.0,0.0,0.0,0.0,0.0,0.0,102.0,66.0,4.0,61.0,172.0,0.0,21,19.0,1.0983606556999999,80.0,58.0,150.0,60.0,0.0,4.9,0.0,4.0,3.0,0.0,7.4,0.0,0.0,0.0,20.68,0.0,0.0,20.619253650999998,0.0,-0.8334010609999999,0.0,2.0,6.8,0.0
6805,0.0,0.0,0.0,0.0,0.0,0.0,0.0,113.0,76.0,4.0,66.5,172.0,0.0,22,20.0,1.5338345865,78.0,42.0,132.0,60.0,0.0,3.0,27.0,4.0,4.0,3.47,7.8,0.0,0.0,5.0,31.436,0.0,0.0,22.478366685,0.0,-0.582721501,115.0,2.0,0.0,0.0
6805,0.0,0.0,0.0,0.0,0.0,0.0,0.0,119.0,80.0,6.0,66.0,172.0,0.0,23,21.0,0.0,0.0,0.0,0.0,0.0,0.0,3.0,27.0,6.0,0.0,3.39,7.3,0.0,0.0,0.0,46.075,0.0,0.0,22.309356409,0.0,-0.605510552,0.0,2.0,0.0,0.0
6805,0.0,0.0,0.0,0.0,0.0,0.0,0.0,112.0,71.0,0.0,69.5,172.0,0.0,24,22.0,0.38848920859999997,0.0,0.0,0.0,0.0,0.0,3.0,0.0,0.0,0.0,0.0,7.1,0.0,0.0,0.0,57.028999999999996,0.0,0.0,23.49242834,0.0,-0.44598719600000003,0.0,2.0,0.0,0.0
6805,0.0,0.0,0.0,0.0,0.0,0.0,0.0,118.0,76.0,0.0,65.5,172.0,0.0,25,23.0,0.0,65.0,43.0,125.0,86.0,0.0,3.0,0.0,0.0,0.0,6.53,7.7,0.0,0.0,0.0,72.332,0.0,0.0,22.140346133,0.0,-0.628299603,0.0,2.0,0.0,0.0
6805,0.0,0.0,0.0,0.0,0.0,0.0,0.0,132.0,88.0,0.0,0.0,0.0,0.0,26,24.0,0.0,0.0,0.0,0.0,0.0,18.0,3.0,36.0,0.0,0.0,0.0,8.0,0.0,0.0,0.0,81.195,0.0,0.0,0.0,0.0,0.0,0.0,2.0,0.0,0.0
