PtID,Pt_CGMUseNumDays,Pt_FatherT1D,Pt_MotherT1D,Pt_SiblingT1D,Pt_ChildT1D,Pt_GrandchildT1D,Pt_GrandparentT1D,BldPrSys,BldPrDia,SMBGperDayPtMeterCombo,WeightKg,HeightCm,DirectLDL,age,diabDur,TotalDailyInsPerKg,LDL,HDL,TotChol,Triglyc,BUN,AlbCreatRat_mggNew,UnitsInsBasalOrLongAct,BGTestAvgNumMeter,BGTestAvgNumPtRep,TSH,HbA1c,AutonomicNeuroCl,Pt_InsGov,NumPumpBolusOrShortAct,HbA1cImputeDtMnC,Pt_SHFlg,Pt_DKAFlg,bmi,bmiPerc,bmiZscore,GFR,diagAgeCombo,Pt_A1cGoalLev,Pt_A1cGoalLevelDsYr5
680,0.0,0.0,0.0,0.0,0.0,0.0,0.0,98.0,62.0,7.0,24.6,131.3,0.0,9,0.0,0.9349593495999999,0.0,0.0,0.0,0.0,0.0,0.0,0.0,0.0,7.0,0.0,7.4,0.0,0.0,0.0,0.0,0.0,0.0,14.269398116,0.1120497095,-1.2156994890000001,0.0,9.0,0.0,0.0
680,0.0,0.0,0.0,1.0,0.0,0.0,0.0,112.0,67.0,4.0,30.0,140.5,0.0,11,1.0,0.0,0.0,0.0,0.0,0.0,0.0,29.9,0.0,4.0,5.0,0.0,9.1,0.0,0.0,0.0,20.78,0.0,0.0,15.19737592,0.1337573812,-1.108803959,0.0,9.0,0.0,0.0
680,0.0,0.0,0.0,0.0,0.0,0.0,0.0,120.0,69.0,7.0,37.5,147.6,0.0,12,3.0,0.9866666667,0.0,0.0,0.0,0.0,0.0,29.9,10.0,7.0,0.0,0.0,9.5,0.0,0.0,0.0,39.568000000000005,0.0,0.0,17.213078635,0.3646422684,-0.34607741399999997,0.0,9.0,0.0,0.0
680,0.0,0.0,0.0,0.0,0.0,0.0,0.0,120.0,69.0,7.0,37.5,147.6,0.0,13,3.0,0.9866666667,0.0,0.0,0.0,0.0,0.0,31.0,30.0,7.0,7.0,0.0,0.0,0.0,0.0,1.0,0.0,0.0,0.0,17.213078635,0.2738193068,-0.6013023670000001,0.0,9.0,0.0,0.0
680,0.0,0.0,0.0,0.0,0.0,0.0,0.0,134.0,72.0,5.0,47.7,155.4,0.0,14,4.0,1.2159329140000001,97.0,53.0,165.0,85.0,9.0,31.0,26.0,5.0,0.0,1.28,9.4,0.0,0.0,11.0,56.431999999999995,0.0,0.0,19.752239829,0.5559341644,0.14066870210000001,0.0,9.0,0.0,0.0
