PtID,Pt_CGMUseNumDays,Pt_FatherT1D,Pt_MotherT1D,Pt_SiblingT1D,Pt_ChildT1D,Pt_GrandchildT1D,Pt_GrandparentT1D,BldPrSys,BldPrDia,SMBGperDayPtMeterCombo,WeightKg,HeightCm,DirectLDL,age,diabDur,TotalDailyInsPerKg,LDL,HDL,TotChol,Triglyc,BUN,AlbCreatRat_mggNew,UnitsInsBasalOrLongAct,BGTestAvgNumMeter,BGTestAvgNumPtRep,TSH,HbA1c,AutonomicNeuroCl,Pt_InsGov,NumPumpBolusOrShortAct,HbA1cImputeDtMnC,Pt_SHFlg,Pt_DKAFlg,bmi,bmiPerc,bmiZscore,GFR,diagAgeCombo,Pt_A1cGoalLev,Pt_A1cGoalLevelDsYr5
6813,0.0,0.0,0.0,0.0,0.0,0.0,0.0,128.0,81.0,8.0,72.4,161.0,0.0,40,32.0,0.3314917127,0.0,0.0,0.0,0.0,0.0,0.0,0.0,0.0,8.0,0.0,6.6,0.0,0.0,0.0,3.585,0.0,0.0,27.93102118,0.0,-0.059768382,0.0,8.0,0.0,0.0
6813,0.0,0.0,0.0,0.0,0.0,0.0,0.0,119.0,80.0,7.0,68.0,161.0,0.0,43,34.0,0.5147058824,78.0,93.0,193.0,110.0,14.0,2.3,20.0,7.0,0.0,3.24,6.9,0.0,0.0,0.0,28.68,0.0,0.0,26.233555804,0.0,-0.21142454,79.0,8.0,0.0,0.0
6813,0.0,0.0,0.0,0.0,0.0,0.0,0.0,118.0,75.0,8.0,69.5,161.0,0.0,44,36.0,0.5035971223,88.0,112.0,211.0,56.0,8.0,6.9,20.0,8.0,0.0,0.11900000000000001,7.0,0.0,0.0,0.0,42.622,0.0,0.0,26.812237181999997,0.0,-0.159723577,0.0,8.0,0.0,0.0
6813,0.0,0.0,0.0,0.0,0.0,0.0,0.0,134.0,84.0,8.0,75.0,161.0,0.0,46,37.0,0.44,66.0,91.0,167.0,51.0,15.0,2.8,19.0,8.0,8.0,0.782,7.0,0.0,0.0,3.0,65.062,0.0,0.0,28.934068901999996,0.0,0.029846621400000002,65.0,8.0,0.0,0.0
6813,0.0,0.0,0.0,0.0,0.0,0.0,0.0,132.0,89.0,4.0,73.7,161.0,0.0,47,38.0,0.0,80.0,72.0,169.0,83.0,16.0,3.6,19.0,4.0,0.0,6.85,7.0,0.0,0.0,0.0,77.145,0.0,0.0,28.432545040999997,0.0,-0.01496088,78.0,8.0,0.0,0.0
