PtID,Pt_CGMUseNumDays,Pt_FatherT1D,Pt_MotherT1D,Pt_SiblingT1D,Pt_ChildT1D,Pt_GrandchildT1D,Pt_GrandparentT1D,BldPrSys,BldPrDia,SMBGperDayPtMeterCombo,WeightKg,HeightCm,DirectLDL,age,diabDur,TotalDailyInsPerKg,LDL,HDL,TotChol,Triglyc,BUN,AlbCreatRat_mggNew,UnitsInsBasalOrLongAct,BGTestAvgNumMeter,BGTestAvgNumPtRep,TSH,HbA1c,AutonomicNeuroCl,Pt_InsGov,NumPumpBolusOrShortAct,HbA1cImputeDtMnC,Pt_SHFlg,Pt_DKAFlg,bmi,bmiPerc,bmiZscore,GFR,diagAgeCombo,Pt_A1cGoalLev,Pt_A1cGoalLevelDsYr5
6869,0.0,0.0,0.0,0.0,0.0,0.0,0.0,94.0,59.0,5.0,41.503701855,155.194,0.0,12,4.0,1.5420311235,0.0,0.0,0.0,0.0,0.0,0.0,0.0,5.0,6.0,0.0,8.0,0.0,0.0,6.0,0.0,0.0,0.0,17.232051380999998,0.40064019700000003,-0.25169037899999996,0.0,7.0,0.0,0.0
6869,0.0,0.0,0.0,0.0,0.0,0.0,0.0,99.0,64.0,3.0,48.2,164.0,0.0,13,5.0,0.0,0.0,0.0,0.0,0.0,0.0,7.4,0.0,3.0,6.0,0.0,10.7,0.0,0.0,3.0,16.232,0.0,1.0,17.920880428,0.41219803780000003,-0.22189441899999998,0.0,7.0,8.0,0.0
6869,0.0,0.0,0.0,0.0,0.0,0.0,0.0,113.0,71.0,3.0,50.8,167.3,0.0,14,7.0,1.0433070866,0.0,0.0,0.0,0.0,0.0,0.0,25.0,3.0,0.0,0.0,9.5,0.0,0.0,0.0,30.241,0.0,0.0,18.149799441,0.34013176,-0.412103559,0.0,7.0,0.0,0.0
6869,0.0,0.0,0.0,0.0,0.0,0.0,0.0,102.0,70.0,3.0,50.8,169.3,0.0,15,8.0,1.0433070866,0.0,49.0,136.0,0.0,0.0,0.0,34.0,3.0,0.0,4.09,10.1,0.0,0.0,0.0,41.826,0.0,0.0,17.723512507,0.1740056407,-0.938453737,0.0,7.0,0.0,0.0
6869,0.0,0.0,0.0,0.0,0.0,0.0,0.0,110.0,74.0,4.0,55.2,169.8,0.0,16,8.0,0.1630434783,0.0,0.0,0.0,0.0,0.0,10.3,5.0,4.0,0.0,3.39,8.9,0.0,0.0,4.0,51.585,0.0,0.0,19.145367445,0.2882476651,-0.558511242,0.0,7.0,0.0,0.0
6869,0.0,0.0,0.0,0.0,0.0,0.0,0.0,108.0,70.0,3.0,55.0,170.6,0.0,17,9.0,0.8727272727,65.0,49.0,121.0,36.0,0.0,10.3,37.0,3.0,0.0,3.14,10.7,0.0,0.0,0.0,61.178000000000004,0.0,0.0,18.897512263,0.16482236279999998,-0.974829733,0.0,7.0,0.0,0.0
6869,0.0,0.0,0.0,0.0,0.0,0.0,0.0,116.0,75.0,1.0,53.7,170.8,0.0,18,11.0,0.8752327746999999,77.0,48.0,134.0,0.0,0.0,10.3,33.0,1.0,2.0,7.39,8.8,0.0,0.0,3.0,80.199,0.0,0.0,18.407658683,0.0620431375,-1.5378459930000001,0.0,7.0,0.0,0.0
