PtID,Pt_CGMUseNumDays,Pt_FatherT1D,Pt_MotherT1D,Pt_SiblingT1D,Pt_ChildT1D,Pt_GrandchildT1D,Pt_GrandparentT1D,BldPrSys,BldPrDia,SMBGperDayPtMeterCombo,WeightKg,HeightCm,DirectLDL,age,diabDur,TotalDailyInsPerKg,LDL,HDL,TotChol,Triglyc,BUN,AlbCreatRat_mggNew,UnitsInsBasalOrLongAct,BGTestAvgNumMeter,BGTestAvgNumPtRep,TSH,HbA1c,AutonomicNeuroCl,Pt_InsGov,NumPumpBolusOrShortAct,HbA1cImputeDtMnC,Pt_SHFlg,Pt_DKAFlg,bmi,bmiPerc,bmiZscore,GFR,diagAgeCombo,Pt_A1cGoalLev,Pt_A1cGoalLevelDsYr5
6878,0.0,0.0,0.0,0.0,0.0,0.0,0.0,120.0,80.0,5.0,93.89362059,165.1,0.0,56,23.0,0.692272804,84.0,40.0,162.0,192.0,21.0,10.0,0.0,0.0,5.0,0.0,8.2,0.0,0.0,6.0,0.0,0.0,0.0,34.446249226999996,0.0,0.7605531020999999,0.0,33.0,0.0,0.0
6878,0.0,0.0,0.0,0.0,0.0,0.0,0.0,135.0,85.0,5.0,95.70799007,165.1,0.0,57,24.0,0.7313913911,0.0,0.0,0.0,0.0,0.0,0.0,0.0,0.0,5.0,0.0,8.8,0.0,0.0,0.0,13.975,0.0,0.0,35.111877232,0.0,0.8486532564,0.0,33.0,7.0,0.0
6878,0.0,0.0,0.0,0.0,0.0,0.0,0.0,138.0,80.0,4.0,95.25439770000001,165.1,0.0,58,25.0,0.808361628,85.0,43.0,0.0,144.0,13.0,0.0,34.0,0.0,4.0,0.0,7.9,0.0,0.0,0.0,23.469,0.0,0.0,34.945470231,0.0,0.8266282178000001,0.0,33.0,0.0,0.0
6878,0.0,0.0,0.0,0.0,0.0,0.0,0.0,130.0,80.0,0.0,96.61517481,165.1,0.0,59,26.0,0.8694286395999999,93.0,43.0,0.0,96.0,15.0,14.0,33.0,0.0,0.0,5.29,8.1,0.0,0.0,0.0,33.925,0.0,0.0,35.444691234000004,0.0,0.8927033335,70.0,33.0,0.0,0.0
6878,0.0,0.0,0.0,0.0,0.0,0.0,0.0,128.0,73.0,0.0,0.0,0.0,0.0,60,27.0,0.0,0.0,0.0,0.0,0.0,19.0,9.7,32.0,0.0,0.0,3.48,8.6,0.0,0.0,0.0,48.763000000000005,0.0,0.0,0.0,0.0,0.0,0.0,33.0,0.0,0.0
6878,30.0,0.0,0.0,0.0,0.0,0.0,0.0,121.0,75.0,1.0,95.70799007,165.1,0.0,61,28.0,0.5224224222,111.0,49.0,0.0,89.0,19.0,9.7,32.0,1.0,4.0,0.0,8.5,0.0,0.0,4.0,59.253,0.0,0.0,35.111877232,0.0,1.1841279961,73.0,33.0,0.0,0.0
6878,0.0,0.0,0.0,0.0,0.0,0.0,0.0,145.0,82.0,1.0,95.70799007,165.1,0.0,62,29.0,0.7313913911,0.0,0.0,0.0,0.0,0.0,9.7,35.0,1.0,0.0,0.0,8.9,0.0,0.0,4.0,69.942,0.0,0.0,35.111877232,0.0,1.1841279961,0.0,33.0,0.0,0.0
