PtID,Pt_CGMUseNumDays,Pt_FatherT1D,Pt_MotherT1D,Pt_SiblingT1D,Pt_ChildT1D,Pt_GrandchildT1D,Pt_GrandparentT1D,BldPrSys,BldPrDia,SMBGperDayPtMeterCombo,WeightKg,HeightCm,DirectLDL,age,diabDur,TotalDailyInsPerKg,LDL,HDL,TotChol,Triglyc,BUN,AlbCreatRat_mggNew,UnitsInsBasalOrLongAct,BGTestAvgNumMeter,BGTestAvgNumPtRep,TSH,HbA1c,AutonomicNeuroCl,Pt_InsGov,NumPumpBolusOrShortAct,HbA1cImputeDtMnC,Pt_SHFlg,Pt_DKAFlg,bmi,bmiPerc,bmiZscore,GFR,diagAgeCombo,Pt_A1cGoalLev,Pt_A1cGoalLevelDsYr5
6879,0.0,0.0,0.0,0.0,0.0,0.0,0.0,111.0,69.0,3.0,25.9,126.4,0.0,8,3.0,0.9266409266,55.0,66.0,0.0,21.0,17.0,0.0,0.0,3.0,4.0,0.0,7.5,0.0,0.0,0.0,0.0,0.0,0.0,16.210843615,0.582416287,0.20807881809999998,0.0,4.0,0.0,0.0
6879,0.0,0.0,0.0,0.0,0.0,0.0,0.0,115.0,60.0,5.0,29.5,136.4,0.0,9,4.0,0.6779661017,0.0,67.0,129.0,0.0,17.0,0.0,0.0,5.0,7.0,0.0,6.3,0.0,0.0,7.0,17.959,0.0,0.0,15.855986791,0.414599114,-0.21572998300000001,0.0,4.0,7.3,0.0
6879,0.0,0.0,0.0,0.0,0.0,0.0,0.0,0.0,0.0,7.0,33.3,141.6,0.0,10,5.0,0.990990991,0.0,85.0,169.0,40.0,0.0,26.1,14.0,7.0,0.0,1.7,7.4,0.0,0.0,0.0,25.627,0.0,0.0,16.608014938,0.45933472350000004,-0.102109895,0.0,4.0,0.0,0.0
6879,0.0,0.0,0.0,0.0,0.0,0.0,0.0,122.0,69.0,4.0,40.5,150.5,0.0,11,6.0,0.8395061728000001,0.0,0.0,157.0,0.0,0.0,72.1,21.0,4.0,0.0,2.8,8.1,0.0,0.0,0.0,46.108000000000004,0.0,0.0,17.880597344,0.5667699448,0.16815656489999997,0.0,4.0,0.0,0.0
6879,0.0,0.0,0.0,0.0,0.0,0.0,0.0,127.0,69.0,6.0,54.8,156.6,0.0,13,8.0,0.0,0.0,0.0,171.0,69.0,9.0,19.5,33.0,0.0,6.0,0.895,7.9,0.0,0.0,0.0,61.544,0.0,0.0,22.345858431999996,0.8403516536,0.9959042034000001,0.0,4.0,0.0,0.0
6879,0.0,0.0,0.0,0.0,0.0,0.0,0.0,124.0,62.0,6.0,57.9,159.4,0.0,13,8.0,1.5544041451,0.0,0.0,0.0,0.0,9.0,19.5,35.0,0.0,6.0,1.29,6.6,0.0,1.0,0.0,67.35300000000001,0.0,0.0,22.787775361999998,0.8612684776999999,1.0860360468,0.0,4.0,0.0,0.0
6879,0.0,0.0,0.0,0.0,0.0,0.0,0.0,116.0,71.0,5.0,62.4,160.0,0.0,14,9.0,1.2019230769,0.0,0.0,168.0,92.0,10.0,0.0,25.0,5.0,0.0,5.72,8.0,0.0,0.0,0.0,76.249,0.0,0.0,24.375,0.8907436181,1.2304924201,0.0,4.0,0.0,0.0
