PtID,Pt_CGMUseNumDays,Pt_FatherT1D,Pt_MotherT1D,Pt_SiblingT1D,Pt_ChildT1D,Pt_GrandchildT1D,Pt_GrandparentT1D,BldPrSys,BldPrDia,SMBGperDayPtMeterCombo,WeightKg,HeightCm,DirectLDL,age,diabDur,TotalDailyInsPerKg,LDL,HDL,TotChol,Triglyc,BUN,AlbCreatRat_mggNew,UnitsInsBasalOrLongAct,BGTestAvgNumMeter,BGTestAvgNumPtRep,TSH,HbA1c,AutonomicNeuroCl,Pt_InsGov,NumPumpBolusOrShortAct,HbA1cImputeDtMnC,Pt_SHFlg,Pt_DKAFlg,bmi,bmiPerc,bmiZscore,GFR,diagAgeCombo,Pt_A1cGoalLev,Pt_A1cGoalLevelDsYr5
6883,30.0,0.0,0.0,0.0,0.0,0.0,1.0,118.0,82.0,6.0,122.4699399,168.91,0.0,45,10.0,0.5144119451,63.0,50.0,0.0,60.0,13.0,0.0,0.0,0.0,6.0,0.0,8.2,0.0,0.0,3.0,1.693,0.0,0.0,42.925837866,0.0,1.2799091957,0.0,35.0,0.0,0.0
6883,30.0,0.0,0.0,0.0,0.0,0.0,1.0,120.0,70.0,4.0,122.4699399,166.37,0.0,46,11.0,0.46542033130000005,58.0,53.0,128.0,84.0,17.0,0.0,0.0,0.0,4.0,0.0,7.7,0.0,0.0,0.0,9.095,0.0,0.0,44.246555912,0.0,1.3979057267,0.0,35.0,0.0,0.0
6883,0.0,0.0,0.0,0.0,0.0,0.0,0.0,126.0,66.0,6.0,130.18101019,170.18,0.0,47,12.0,0.5146679988,69.0,55.0,138.0,70.0,22.0,7.0,32.0,6.0,0.0,0.9420000000000001,7.9,0.0,0.0,4.0,22.075,0.0,0.0,44.950093419,0.0,1.460761675,74.0,35.0,0.0,0.0
6883,0.0,0.0,0.0,0.0,0.0,0.0,0.0,122.0,70.0,5.0,129.72741782,172.21200000000002,0.0,48,13.0,0.49334212520000004,73.0,50.0,140.0,85.0,15.0,7.0,33.0,5.0,0.0,1.14,7.3,0.0,0.0,5.0,32.033,0.0,0.0,43.742636196999996,0.0,1.3528841731,92.0,35.0,0.0,0.0
6883,0.0,0.0,0.0,0.0,0.0,0.0,0.0,114.0,68.0,5.0,126.55227123,170.18,0.0,49,14.0,0.5136217578,63.0,60.0,135.0,61.0,13.0,8.0,30.0,5.0,0.0,1.14,7.3,0.0,0.0,6.0,47.369,0.0,0.0,43.697129142,0.0,1.3488184495,93.0,35.0,0.0,0.0
6883,0.0,0.0,0.0,0.0,0.0,0.0,0.0,142.0,75.0,6.0,125.64508649,170.2,0.0,50,15.0,0.5093712917000001,75.0,50.0,136.0,55.0,16.0,8.0,27.0,6.0,0.0,0.866,0.0,0.0,0.0,4.0,0.0,0.0,0.0,43.373692694,0.0,1.4575695289,82.0,35.0,0.0,0.0
6883,0.0,0.0,0.0,0.0,0.0,0.0,0.0,122.0,76.0,5.0,126.0,170.942,0.0,51,16.0,0.5015873016,63.0,60.0,135.0,61.0,14.0,11.0,27.8,5.0,0.0,1.94,7.7,0.0,0.0,4.0,72.96300000000001,0.0,0.0,43.119427239,0.0,1.4314218209,95.0,35.0,0.0,0.0
