PtID,Pt_CGMUseNumDays,Pt_FatherT1D,Pt_MotherT1D,Pt_SiblingT1D,Pt_ChildT1D,Pt_GrandchildT1D,Pt_GrandparentT1D,BldPrSys,BldPrDia,SMBGperDayPtMeterCombo,WeightKg,HeightCm,DirectLDL,age,diabDur,TotalDailyInsPerKg,LDL,HDL,TotChol,Triglyc,BUN,AlbCreatRat_mggNew,UnitsInsBasalOrLongAct,BGTestAvgNumMeter,BGTestAvgNumPtRep,TSH,HbA1c,AutonomicNeuroCl,Pt_InsGov,NumPumpBolusOrShortAct,HbA1cImputeDtMnC,Pt_SHFlg,Pt_DKAFlg,bmi,bmiPerc,bmiZscore,GFR,diagAgeCombo,Pt_A1cGoalLev,Pt_A1cGoalLevelDsYr5
6912,0.0,0.0,0.0,0.0,0.0,0.0,0.0,105.0,78.0,7.0,0.0,0.0,0.0,50,19.0,0.0,77.0,63.0,148.0,41.0,14.0,4.8,0.0,7.0,5.0,0.0,8.2,0.0,0.0,0.0,0.0,0.0,0.0,0.0,0.0,0.0,0.0,31.0,0.0,0.0
6912,0.0,0.0,0.0,0.0,0.0,0.0,0.0,126.0,80.0,0.0,0.0,0.0,0.0,51,20.0,0.0,0.0,0.0,0.0,0.0,0.0,9.5,15.0,0.0,0.0,0.0,0.0,0.0,0.0,0.0,0.0,0.0,0.0,0.0,0.0,0.0,0.0,31.0,0.0,0.0
6912,0.0,0.0,0.0,0.0,0.0,0.0,0.0,151.0,98.0,0.0,83.279559132,171.6,0.0,52,21.0,0.0,0.0,0.0,0.0,0.0,15.0,9.5,22.0,0.0,0.0,0.0,0.0,0.0,0.0,0.0,0.0,0.0,0.0,28.28159185,0.0,-0.055379014000000004,0.0,31.0,0.0,0.0
6912,0.0,0.0,0.0,0.0,0.0,0.0,0.0,134.0,89.0,6.0,83.91458845,172.7,0.0,53,22.0,0.38134012920000004,48.0,84.0,0.0,50.0,17.0,9.5,17.0,6.0,0.0,1.456,7.6,1.0,0.0,4.0,41.75899999999999,0.0,0.0,28.135380560999998,0.0,-0.07473102,0.0,31.0,0.0,0.0
6912,0.0,0.0,0.0,0.0,0.0,0.0,0.0,137.0,82.0,4.0,0.0,0.0,0.0,55,24.0,0.0,54.0,83.0,153.0,81.0,15.0,16.9,17.0,4.0,0.0,0.0,7.7,1.0,0.0,5.0,60.183,0.0,0.0,0.0,0.0,0.0,0.0,31.0,0.0,0.0
6912,0.0,0.0,0.0,0.0,0.0,0.0,0.0,150.0,88.0,6.0,0.0,0.0,0.0,56,25.0,0.0,73.0,83.0,167.0,57.0,0.0,13.0,17.0,6.0,7.0,0.0,7.6,1.0,0.0,16.0,70.57300000000001,0.0,0.0,0.0,0.0,0.0,0.0,31.0,0.0,0.0
