PtID,Pt_CGMUseNumDays,Pt_FatherT1D,Pt_MotherT1D,Pt_SiblingT1D,Pt_ChildT1D,Pt_GrandchildT1D,Pt_GrandparentT1D,BldPrSys,BldPrDia,SMBGperDayPtMeterCombo,WeightKg,HeightCm,DirectLDL,age,diabDur,TotalDailyInsPerKg,LDL,HDL,TotChol,Triglyc,BUN,AlbCreatRat_mggNew,UnitsInsBasalOrLongAct,BGTestAvgNumMeter,BGTestAvgNumPtRep,TSH,HbA1c,AutonomicNeuroCl,Pt_InsGov,NumPumpBolusOrShortAct,HbA1cImputeDtMnC,Pt_SHFlg,Pt_DKAFlg,bmi,bmiPerc,bmiZscore,GFR,diagAgeCombo,Pt_A1cGoalLev,Pt_A1cGoalLevelDsYr5
6942,0.0,0.0,0.0,0.0,0.0,0.0,0.0,110.0,63.0,4.0,64.8,157.0,0.0,66,46.0,0.4938271605,216.0,64.0,310.0,151.0,15.0,12.1,0.0,4.0,4.0,0.0,9.4,0.0,0.0,0.0,0.0,1.0,0.0,26.289098949,0.0,-0.41129999,0.0,20.0,0.0,0.0
6942,0.0,0.0,0.0,0.0,0.0,0.0,0.0,106.0,52.0,6.0,59.4,156.3,1.0,67,47.0,0.6060606061,135.0,57.0,218.0,0.0,17.0,14.5,0.0,6.0,4.0,0.0,7.9,1.0,1.0,0.0,15.568,0.0,0.0,24.314676116999998,0.0,-0.6565746379999999,0.0,20.0,7.0,0.0
6942,0.0,0.0,0.0,0.0,0.0,0.0,0.0,92.0,54.0,8.0,60.3,157.5,0.0,68,48.0,0.0,0.0,0.0,0.0,0.0,13.0,0.0,0.0,0.0,8.0,1.19,8.2,1.0,0.0,0.0,29.776,0.0,0.0,24.308390023,0.0,-0.657355534,50.0,20.0,0.0,0.0
6942,0.0,0.0,0.0,0.0,0.0,0.0,0.0,130.0,78.0,8.0,64.1,155.5,0.0,69,49.0,0.0,0.0,58.0,221.0,0.0,0.0,0.0,15.0,0.0,8.0,1.81,8.8,1.0,0.0,3.0,39.236999999999995,0.0,0.0,26.509237911,0.0,-0.383953007,38.0,20.0,0.0,0.0
6942,0.0,0.0,0.0,0.0,0.0,0.0,0.0,121.0,67.0,3.0,64.7,157.5,0.0,71,51.0,0.3863987635,122.0,53.0,216.0,203.0,18.0,0.0,15.0,3.0,0.0,0.64,8.6,1.0,0.0,2.0,57.028999999999996,0.0,0.0,26.082136558000002,0.0,-0.30504980600000003,34.0,20.0,0.0,0.0
