PtID,Pt_CGMUseNumDays,Pt_FatherT1D,Pt_MotherT1D,Pt_SiblingT1D,Pt_ChildT1D,Pt_GrandchildT1D,Pt_GrandparentT1D,BldPrSys,BldPrDia,SMBGperDayPtMeterCombo,WeightKg,HeightCm,DirectLDL,age,diabDur,TotalDailyInsPerKg,LDL,HDL,TotChol,Triglyc,BUN,AlbCreatRat_mggNew,UnitsInsBasalOrLongAct,BGTestAvgNumMeter,BGTestAvgNumPtRep,TSH,HbA1c,AutonomicNeuroCl,Pt_InsGov,NumPumpBolusOrShortAct,HbA1cImputeDtMnC,Pt_SHFlg,Pt_DKAFlg,bmi,bmiPerc,bmiZscore,GFR,diagAgeCombo,Pt_A1cGoalLev,Pt_A1cGoalLevelDsYr5
6946,0.0,0.0,0.0,1.0,0.0,0.0,0.0,111.0,59.0,1.0,54.6,167.0,0.0,13,3.0,0.641025641,0.0,0.0,0.0,0.0,9.0,0.0,0.0,1.0,8.0,0.0,7.6,0.0,0.0,7.0,0.0,0.0,0.0,19.577611245,0.6610860403000001,0.4154289474,0.0,10.0,0.0,0.0
6946,0.0,0.0,0.0,0.0,0.0,0.0,0.0,99.0,66.0,4.0,54.4,169.0,0.0,13,3.0,1.8382352941,0.0,0.0,0.0,0.0,0.0,0.0,60.0,4.0,5.0,2.15,7.8,0.0,0.0,6.0,4.315,0.0,0.0,19.046952137999998,0.5914403262,0.23125159690000002,0.0,10.0,0.0,0.0
6946,0.0,0.0,0.0,0.0,0.0,0.0,0.0,97.0,63.0,5.0,64.2,175.4,0.0,14,4.0,1.3395638629,0.0,0.0,0.0,0.0,0.0,0.0,35.0,5.0,7.0,0.0,8.1,0.0,0.0,6.0,16.166,0.0,0.0,20.867760805,0.7206786713,0.5848588088000001,0.0,10.0,0.0,0.0
6946,0.0,0.0,0.0,0.0,0.0,0.0,0.0,113.0,72.0,3.0,73.1,185.4,0.0,16,5.0,2.0930232558,0.0,0.0,0.0,0.0,0.0,0.0,43.0,3.0,4.0,0.0,7.7,0.0,0.0,5.0,30.671999999999997,0.0,0.0,21.266592887999998,0.6001755779,0.2538015912,0.0,10.0,0.0,0.0
6946,0.0,0.0,0.0,0.0,0.0,0.0,0.0,129.0,74.0,3.0,78.5,187.8,0.0,16,6.0,1.1974522293,78.0,54.0,148.0,81.0,10.0,0.0,35.0,3.0,3.0,1.93,6.8,0.0,0.0,0.0,40.332,0.0,0.0,22.257607565,0.7106296797,0.5552251906,0.0,10.0,0.0,0.0
6946,0.0,0.0,0.0,0.0,0.0,0.0,0.0,113.0,78.0,4.0,83.2,189.5,0.0,17,7.0,1.5985576923,0.0,0.0,0.0,0.0,0.0,0.0,133.0,4.0,4.0,0.0,7.5,0.0,0.0,0.0,52.647,0.0,0.0,23.168872396999998,0.7284968620000001,0.6082732250999999,0.0,10.0,0.0,0.0
