PtID,Pt_CGMUseNumDays,Pt_FatherT1D,Pt_MotherT1D,Pt_SiblingT1D,Pt_ChildT1D,Pt_GrandchildT1D,Pt_GrandparentT1D,BldPrSys,BldPrDia,SMBGperDayPtMeterCombo,WeightKg,HeightCm,DirectLDL,age,diabDur,TotalDailyInsPerKg,LDL,HDL,TotChol,Triglyc,BUN,AlbCreatRat_mggNew,UnitsInsBasalOrLongAct,BGTestAvgNumMeter,BGTestAvgNumPtRep,TSH,HbA1c,AutonomicNeuroCl,Pt_InsGov,NumPumpBolusOrShortAct,HbA1cImputeDtMnC,Pt_SHFlg,Pt_DKAFlg,bmi,bmiPerc,bmiZscore,GFR,diagAgeCombo,Pt_A1cGoalLev,Pt_A1cGoalLevelDsYr5
6955,0.0,0.0,0.0,0.0,0.0,0.0,0.0,142.0,70.0,3.0,0.0,0.0,0.0,57,45.0,0.0,75.0,72.0,0.0,80.0,24.0,155.0,0.0,3.0,3.0,0.0,7.0,0.0,0.0,3.0,0.0,0.0,0.0,0.0,0.0,0.0,0.0,12.0,0.0,0.0
6955,0.0,0.0,0.0,0.0,0.0,0.0,0.0,120.0,70.0,4.0,0.0,0.0,0.0,59,47.0,0.0,66.0,68.0,0.0,93.0,26.0,161.0,28.0,4.0,0.0,3.25,7.2,0.0,0.0,9.0,27.851,0.0,0.0,0.0,0.0,0.0,0.0,12.0,0.0,0.0
6955,0.0,0.0,0.0,0.0,0.0,0.0,0.0,116.0,60.0,3.0,108.40857643,172.72,0.0,60,48.0,0.6457053704,61.0,64.0,143.0,89.0,33.0,64.0,29.0,3.0,0.0,3.93,7.3,0.0,0.0,9.0,38.141,0.0,0.0,36.339452754,0.0,1.4181323863,53.0,12.0,0.0,0.0
6955,0.0,0.0,0.0,0.0,0.0,0.0,0.0,150.0,68.0,4.0,109.76935354,172.72,0.0,60,48.0,0.6377007584000001,69.0,47.0,0.0,116.0,23.0,22.0,29.0,4.0,0.0,0.0,7.1,0.0,0.0,7.0,47.336000000000006,0.0,0.0,36.795596511999996,0.0,1.5050839750999998,0.0,12.0,0.0,0.0
6955,0.0,0.0,0.0,0.0,0.0,0.0,0.0,162.0,78.0,4.0,115.21246198,172.72,0.0,61,49.0,0.5902139303,64.0,43.0,126.0,96.0,23.0,22.0,32.0,4.0,0.0,3.37,7.1,0.0,0.0,8.0,60.11600000000001,0.0,0.0,38.620171546,0.0,1.8528903302000002,50.0,12.0,0.0,0.0
6955,0.0,0.0,0.0,0.0,0.0,0.0,0.0,124.0,76.0,4.0,115.21246198,172.72,0.0,62,50.0,0.6162527801,70.0,54.0,144.0,101.0,27.0,116.0,34.0,4.0,0.0,3.0,7.0,0.0,0.0,7.0,69.046,0.0,0.0,38.620171546,0.0,1.8528903302000002,50.0,12.0,0.0,0.0
6955,0.0,0.0,0.0,0.0,0.0,0.0,0.0,130.0,62.0,3.0,115.21246198,172.72,0.0,63,51.0,0.5398721539,69.0,62.0,150.0,100.0,27.0,146.0,34.5,3.0,0.0,4.51,7.0,0.0,0.0,6.0,81.726,0.0,0.0,38.620171546,0.0,1.8528903302000002,50.0,12.0,0.0,0.0
