PtID,Pt_CGMUseNumDays,Pt_FatherT1D,Pt_MotherT1D,Pt_SiblingT1D,Pt_ChildT1D,Pt_GrandchildT1D,Pt_GrandparentT1D,BldPrSys,BldPrDia,SMBGperDayPtMeterCombo,WeightKg,HeightCm,DirectLDL,age,diabDur,TotalDailyInsPerKg,LDL,HDL,TotChol,Triglyc,BUN,AlbCreatRat_mggNew,UnitsInsBasalOrLongAct,BGTestAvgNumMeter,BGTestAvgNumPtRep,TSH,HbA1c,AutonomicNeuroCl,Pt_InsGov,NumPumpBolusOrShortAct,HbA1cImputeDtMnC,Pt_SHFlg,Pt_DKAFlg,bmi,bmiPerc,bmiZscore,GFR,diagAgeCombo,Pt_A1cGoalLev,Pt_A1cGoalLevelDsYr5
6967,0.0,0.0,0.0,0.0,0.0,0.0,0.0,80.0,54.0,4.0,14.5,91.3,0.0,2,0.0,0.6206896552000001,0.0,0.0,0.0,0.0,0.0,0.0,0.0,4.0,10.0,0.0,6.9,0.0,0.0,0.0,0.0,0.0,0.0,17.395080671,0.7434272595999999,0.6539477314,0.0,1.0,0.0,0.0
6967,0.0,0.0,0.0,0.0,0.0,0.0,0.0,102.0,58.0,9.0,16.0,96.0,0.0,3,1.0,0.4375,133.0,56.0,0.0,70.0,14.0,0.0,0.0,0.0,9.0,0.0,8.6,0.0,0.0,0.0,10.888,0.0,0.0,17.361111111,0.8727578204,1.1395247312,0.0,1.0,7.0,0.0
6967,0.0,0.0,0.0,0.0,0.0,0.0,0.0,116.0,61.0,4.0,62.59574706,152.4,0.0,4,2.0,0.0,95.0,48.0,0.0,138.0,11.0,0.1,0.0,4.0,0.0,0.7,8.3,0.0,0.0,0.0,22.772,0.0,0.0,26.951000553000004,0.9997401466,3.4703881606,0.0,1.0,0.0,0.0
6967,0.0,0.0,0.0,0.0,0.0,0.0,0.0,109.0,64.0,7.0,19.05087954,109.22,0.0,5,3.0,0.0,114.0,52.0,0.0,61.0,8.0,0.0,0.0,7.0,0.0,1.67,7.6,0.0,0.0,0.0,35.32,0.0,0.0,15.970212193,0.7167245187000001,0.5731384388,0.0,1.0,0.0,0.0
6967,0.0,0.0,0.0,0.0,0.0,0.0,0.0,110.0,64.0,5.0,21.31884139,114.3,0.0,6,4.0,0.0,123.0,70.0,0.0,95.0,0.0,0.0,0.0,5.0,0.0,2.63,8.7,0.0,0.0,0.0,44.813,0.0,0.0,16.318158145,0.7496457327,0.6733753374,0.0,1.0,0.0,0.0
6967,0.0,0.0,0.0,0.0,0.0,0.0,0.0,101.0,63.0,7.0,26.9,122.7,0.0,7,5.0,0.0,0.0,0.0,0.0,0.0,0.0,29.5,5.0,7.0,0.0,1.68,8.1,0.0,0.0,0.0,60.813,0.0,0.0,17.867473825,0.8712237235,1.1321947828,0.0,1.0,0.0,0.0
6967,0.0,0.0,0.0,0.0,0.0,0.0,0.0,111.0,61.0,9.0,31.3,130.8,0.0,8,7.0,0.0,104.0,56.0,180.0,121.0,0.0,24.0,7.0,9.0,0.0,2.96,8.0,0.0,0.0,0.0,75.286,0.0,0.0,18.294849854000002,0.8506664859,1.0392961426,0.0,1.0,0.0,0.0
