PtID,Pt_CGMUseNumDays,Pt_FatherT1D,Pt_MotherT1D,Pt_SiblingT1D,Pt_ChildT1D,Pt_GrandchildT1D,Pt_GrandparentT1D,BldPrSys,BldPrDia,SMBGperDayPtMeterCombo,WeightKg,HeightCm,DirectLDL,age,diabDur,TotalDailyInsPerKg,LDL,HDL,TotChol,Triglyc,BUN,AlbCreatRat_mggNew,UnitsInsBasalOrLongAct,BGTestAvgNumMeter,BGTestAvgNumPtRep,TSH,HbA1c,AutonomicNeuroCl,Pt_InsGov,NumPumpBolusOrShortAct,HbA1cImputeDtMnC,Pt_SHFlg,Pt_DKAFlg,bmi,bmiPerc,bmiZscore,GFR,diagAgeCombo,Pt_A1cGoalLev,Pt_A1cGoalLevelDsYr5
6997,0.0,0.0,0.0,0.0,0.0,0.0,0.0,115.0,55.0,3.0,68.8,165.5,0.0,17,5.0,0.3197674419,102.0,48.0,0.0,67.0,16.0,10.6,0.0,3.0,5.0,0.0,9.1,0.0,1.0,0.0,0.0,0.0,0.0,25.118427178,0.8601589572,1.0810337845,0.0,11.0,0.0,0.0
6997,0.0,0.0,0.0,0.0,0.0,0.0,0.0,106.0,69.0,4.0,62.5,166.0,0.0,18,7.0,0.528,108.0,37.0,0.0,128.0,0.0,34.0,0.0,4.0,6.0,0.0,11.5,0.0,1.0,0.0,17.427,0.0,1.0,22.681085789,0.6049657918,0.2662217717,0.0,11.0,7.5,0.0
6997,0.0,0.0,0.0,0.0,0.0,0.0,0.0,134.0,69.0,1.0,70.6,165.9,0.0,20,8.0,0.0,120.0,33.0,0.0,106.0,0.0,17.0,23.0,1.0,0.0,2.91,12.9,0.0,0.0,0.0,31.635,0.0,0.0,25.65145056,0.7690300720000001,-0.187096806,0.0,11.0,0.0,0.0
6997,0.0,0.0,0.0,0.0,0.0,0.0,0.0,123.0,74.0,1.0,79.9,166.3,0.0,20,9.0,0.0,109.0,44.0,0.0,152.0,0.0,12.7,22.0,1.0,0.0,3.04,10.3,0.0,0.0,0.0,43.22,0.0,0.0,28.890980482,0.9170730661,0.4518848605,0.0,11.0,0.0,0.0
