PtID,Pt_CGMUseNumDays,Pt_FatherT1D,Pt_MotherT1D,Pt_SiblingT1D,Pt_ChildT1D,Pt_GrandchildT1D,Pt_GrandparentT1D,BldPrSys,BldPrDia,SMBGperDayPtMeterCombo,WeightKg,HeightCm,DirectLDL,age,diabDur,TotalDailyInsPerKg,LDL,HDL,TotChol,Triglyc,BUN,AlbCreatRat_mggNew,UnitsInsBasalOrLongAct,BGTestAvgNumMeter,BGTestAvgNumPtRep,TSH,HbA1c,AutonomicNeuroCl,Pt_InsGov,NumPumpBolusOrShortAct,HbA1cImputeDtMnC,Pt_SHFlg,Pt_DKAFlg,bmi,bmiPerc,bmiZscore,GFR,diagAgeCombo,Pt_A1cGoalLev,Pt_A1cGoalLevelDsYr5
7026,0.0,0.0,0.0,0.0,0.0,0.0,0.0,100.0,60.0,7.0,21.2,116.4,0.0,6,0.0,0.5660377357999999,101.0,60.0,171.0,52.0,0.0,0.0,0.0,7.0,8.0,0.0,7.0,0.0,0.0,0.0,0.0,0.0,0.0,15.646957405,0.5797134775,0.2011605404,0.0,5.0,0.0,0.0
7026,0.0,0.0,0.0,0.0,0.0,0.0,0.0,88.0,62.0,6.0,23.6,126.0,0.0,7,2.0,0.7627118643999999,83.0,60.0,166.0,110.0,0.0,0.0,0.0,6.0,8.0,0.0,7.9,0.0,0.0,0.0,19.253,0.0,0.0,14.865205341,0.3110651513,-0.492833409,0.0,5.0,6.8,0.0
7026,0.0,0.0,0.0,0.0,0.0,0.0,0.0,102.0,67.0,7.0,25.5,129.7,0.0,8,3.0,0.5490196078,0.0,0.0,0.0,0.0,0.0,4.9,6.0,7.0,0.0,0.0,7.7,0.0,0.0,4.0,30.905,0.0,0.0,15.158639622,0.33959535329999996,-0.413567735,0.0,5.0,0.0,0.0
7026,0.0,0.0,0.0,0.0,0.0,0.0,0.0,108.0,72.0,7.0,29.7,133.6,0.0,9,4.0,0.7407407407,0.0,0.0,0.0,0.0,15.0,6.5,11.0,7.0,0.0,1.66,7.7,0.0,0.0,5.0,41.295,0.0,0.0,16.639624942,0.6014462166,0.2570922415,0.0,5.0,0.0,0.0
7026,0.0,0.0,0.0,0.0,0.0,0.0,0.0,110.0,75.0,6.0,37.4,140.6,0.0,10,5.0,0.6951871658,118.0,61.0,205.0,130.0,0.0,4.0,14.0,6.0,0.0,2.49,7.9,0.0,0.0,5.0,56.465,0.0,0.0,18.919121262,0.8177812493000001,0.9069419392,0.0,5.0,0.0,0.0
7026,0.0,0.0,0.0,0.0,0.0,0.0,0.0,103.0,67.0,5.0,38.1,145.0,0.0,11,6.0,0.6036745407,0.0,0.0,0.0,0.0,0.0,29.9,0.0,5.0,0.0,0.0,8.2,0.0,0.0,5.0,68.315,0.0,0.0,18.121284185,0.6536395305,0.39516524659999996,0.0,5.0,0.0,0.0
7026,0.0,0.0,0.0,0.0,0.0,0.0,0.0,110.0,74.0,7.0,41.4,148.0,0.0,12,6.0,0.7729468598999999,113.0,68.0,196.0,77.0,14.0,29.9,0.0,7.0,6.0,3.5,7.9,0.0,0.0,5.0,74.025,0.0,0.0,18.900657414,0.6662293192000001,0.429524784,0.0,5.0,0.0,0.0
