PtID,Pt_CGMUseNumDays,Pt_FatherT1D,Pt_MotherT1D,Pt_SiblingT1D,Pt_ChildT1D,Pt_GrandchildT1D,Pt_GrandparentT1D,BldPrSys,BldPrDia,SMBGperDayPtMeterCombo,WeightKg,HeightCm,DirectLDL,age,diabDur,TotalDailyInsPerKg,LDL,HDL,TotChol,Triglyc,BUN,AlbCreatRat_mggNew,UnitsInsBasalOrLongAct,BGTestAvgNumMeter,BGTestAvgNumPtRep,TSH,HbA1c,AutonomicNeuroCl,Pt_InsGov,NumPumpBolusOrShortAct,HbA1cImputeDtMnC,Pt_SHFlg,Pt_DKAFlg,bmi,bmiPerc,bmiZscore,GFR,diagAgeCombo,Pt_A1cGoalLev,Pt_A1cGoalLevelDsYr5
705,0.0,0.0,0.0,0.0,0.0,0.0,0.0,120.0,78.0,5.0,79.9,172.5,0.0,43,37.0,0.4630788486,71.0,58.0,0.0,55.0,16.0,8.8,0.0,5.0,5.0,0.0,6.7,0.0,0.0,0.0,0.0,0.0,0.0,26.851501785,0.0,-0.222638476,0.0,6.0,0.0,0.0
705,0.0,0.0,0.0,0.0,0.0,0.0,0.0,110.0,42.0,3.0,87.6,173.0,0.0,44,38.0,0.44520547950000006,67.0,60.0,0.0,106.0,14.0,19.2,0.0,3.0,7.0,0.0,7.8,0.0,0.0,0.0,12.548,0.0,0.0,29.269270607,0.0,0.12498114699999999,0.0,6.0,6.0,0.0
705,0.0,0.0,0.0,0.0,0.0,0.0,0.0,120.0,80.0,3.0,92.0,172.7,0.0,44,38.0,0.42391304350000003,61.0,52.0,0.0,229.0,15.0,12.5,19.0,3.0,5.0,1.63,6.8,0.0,0.0,3.0,22.605999999999998,0.0,0.0,30.846305265999998,0.0,0.351722508,0.0,6.0,0.0,0.0
705,0.0,0.0,0.0,0.0,0.0,0.0,0.0,118.0,68.0,1.0,88.3,172.4,0.0,45,39.0,0.0,0.0,0.0,0.0,0.0,0.0,12.5,20.0,1.0,5.0,0.0,6.4,0.0,0.0,3.0,28.88,0.0,0.0,29.70887323,0.0,0.1881859068,0.0,6.0,0.0,0.0
