PtID,Pt_CGMUseNumDays,Pt_FatherT1D,Pt_MotherT1D,Pt_SiblingT1D,Pt_ChildT1D,Pt_GrandchildT1D,Pt_GrandparentT1D,BldPrSys,BldPrDia,SMBGperDayPtMeterCombo,WeightKg,HeightCm,DirectLDL,age,diabDur,TotalDailyInsPerKg,LDL,HDL,TotChol,Triglyc,BUN,AlbCreatRat_mggNew,UnitsInsBasalOrLongAct,BGTestAvgNumMeter,BGTestAvgNumPtRep,TSH,HbA1c,AutonomicNeuroCl,Pt_InsGov,NumPumpBolusOrShortAct,HbA1cImputeDtMnC,Pt_SHFlg,Pt_DKAFlg,bmi,bmiPerc,bmiZscore,GFR,diagAgeCombo,Pt_A1cGoalLev,Pt_A1cGoalLevelDsYr5
711,0.0,0.0,0.0,0.0,0.0,0.0,0.0,110.0,70.0,8.0,50.34875307,157.0,1.0,12,6.0,0.973211788,79.0,45.0,0.0,88.0,13.0,25.0,0.0,8.0,9.0,0.0,7.2,0.0,0.0,6.0,0.0,0.0,0.0,20.426286287,0.7681978654,0.7329248443,0.0,6.0,0.0,0.0
711,0.0,0.0,0.0,0.0,0.0,0.0,0.0,102.0,68.0,9.0,58.05982336,164.0,1.0,14,8.0,0.8267334832,85.0,46.0,0.0,60.0,14.0,60.0,0.0,9.0,12.0,0.0,6.5,0.0,0.0,12.0,18.755,0.0,0.0,21.586787388,0.7442711135,0.6565694884000001,0.0,6.0,6.9,0.0
711,0.0,0.0,0.0,0.0,0.0,0.0,0.0,112.0,60.0,9.0,60.191707498999996,165.7,0.0,15,9.0,0.8140656251999999,0.0,0.0,0.0,0.0,12.0,0.0,23.0,9.0,6.0,0.0,7.1,0.0,0.0,0.0,29.278000000000002,0.0,0.0,21.922579141999996,0.7195824721999999,0.5816016138,0.0,6.0,0.0,0.0
711,0.0,0.0,0.0,0.0,0.0,0.0,0.0,100.0,55.0,9.0,62.051436216000006,166.5,1.0,16,9.0,0.7574361347,79.0,52.0,0.0,76.0,12.0,0.0,24.0,9.0,0.0,3.2,6.9,0.0,0.0,0.0,39.501999999999995,0.0,0.0,22.383261176999998,0.7108786683,0.5559534706,0.0,6.0,0.0,0.0
