PtID,Pt_CGMUseNumDays,Pt_FatherT1D,Pt_MotherT1D,Pt_SiblingT1D,Pt_ChildT1D,Pt_GrandchildT1D,Pt_GrandparentT1D,BldPrSys,BldPrDia,SMBGperDayPtMeterCombo,WeightKg,HeightCm,DirectLDL,age,diabDur,TotalDailyInsPerKg,LDL,HDL,TotChol,Triglyc,BUN,AlbCreatRat_mggNew,UnitsInsBasalOrLongAct,BGTestAvgNumMeter,BGTestAvgNumPtRep,TSH,HbA1c,AutonomicNeuroCl,Pt_InsGov,NumPumpBolusOrShortAct,HbA1cImputeDtMnC,Pt_SHFlg,Pt_DKAFlg,bmi,bmiPerc,bmiZscore,GFR,diagAgeCombo,Pt_A1cGoalLev,Pt_A1cGoalLevelDsYr5
7140,0.0,0.0,0.0,0.0,0.0,0.0,0.0,113.0,62.0,5.0,66.0,167.7,0.0,16,10.0,1.0303030303,64.0,40.0,115.0,54.0,0.0,7.1,0.0,5.0,5.0,0.0,8.4,0.0,0.0,6.0,0.0,0.0,0.0,23.468093526999997,0.8084477743999999,0.8721905186,0.0,5.0,0.0,0.0
7140,0.0,0.0,0.0,0.0,0.0,0.0,0.0,115.0,62.0,6.0,67.7,168.9,0.0,17,11.0,1.329394387,0.0,0.0,0.0,0.0,0.0,10.3,0.0,6.0,5.0,0.0,7.9,0.0,0.0,3.0,10.224,0.0,0.0,23.731728409000002,0.7753544168000001,0.7565972883,0.0,5.0,6.9,0.0
7140,0.0,0.0,0.0,0.0,0.0,0.0,0.0,98.0,62.0,3.0,71.4,170.9,0.0,18,13.0,0.7983193276999999,0.0,0.0,0.0,0.0,13.0,4.9,37.0,3.0,0.0,0.62,8.9,0.0,0.0,3.0,25.66,0.0,0.0,24.446353436,0.7762923869,0.7597312815999999,0.0,5.0,0.0,0.0
7140,0.0,0.0,0.0,0.0,0.0,0.0,0.0,108.0,70.0,3.0,75.6,170.9,0.0,19,13.0,0.8201058201000001,0.0,0.0,0.0,0.0,0.0,5.0,36.0,3.0,0.0,2.68,8.6,0.0,0.0,4.0,35.12,0.0,0.0,25.884374226,0.8259646489,0.9383380678000001,0.0,5.0,0.0,0.0
7140,0.0,0.0,0.0,0.0,0.0,0.0,0.0,108.0,60.0,2.0,71.8,170.5,0.0,20,15.0,0.7381615599,68.0,50.0,0.0,65.0,0.0,5.0,34.0,2.0,0.0,1.99,10.1,0.0,0.0,2.0,50.058,0.0,0.0,24.69879,0.6904510459000001,-0.37500451100000004,0.0,5.0,0.0,0.0
