PtID,Pt_CGMUseNumDays,Pt_FatherT1D,Pt_MotherT1D,Pt_SiblingT1D,Pt_ChildT1D,Pt_GrandchildT1D,Pt_GrandparentT1D,BldPrSys,BldPrDia,SMBGperDayPtMeterCombo,WeightKg,HeightCm,DirectLDL,age,diabDur,TotalDailyInsPerKg,LDL,HDL,TotChol,Triglyc,BUN,AlbCreatRat_mggNew,UnitsInsBasalOrLongAct,BGTestAvgNumMeter,BGTestAvgNumPtRep,TSH,HbA1c,AutonomicNeuroCl,Pt_InsGov,NumPumpBolusOrShortAct,HbA1cImputeDtMnC,Pt_SHFlg,Pt_DKAFlg,bmi,bmiPerc,bmiZscore,GFR,diagAgeCombo,Pt_A1cGoalLev,Pt_A1cGoalLevelDsYr5
7158,0.0,0.0,0.0,0.0,0.0,0.0,0.0,106.0,56.0,7.0,43.6,148.0,0.0,11,1.0,1.7889908257,78.0,81.0,0.0,69.0,0.0,0.0,0.0,0.0,7.0,0.0,8.8,0.0,1.0,0.0,-0.23199999999999998,0.0,0.0,19.905040175,0.8335522336,0.9682980613,0.0,10.0,0.0,0.0
7158,30.0,0.0,0.0,0.0,0.0,0.0,0.0,115.0,60.0,2.0,54.9,159.3,0.0,13,2.0,1.1839708561,0.0,0.0,0.0,0.0,0.0,8.0,0.0,2.0,8.0,0.0,9.8,0.0,1.0,0.0,15.335999999999999,0.0,0.0,21.634197637,0.8398049027,0.9936563619,0.0,10.0,7.0,0.0
7158,0.0,0.0,0.0,0.0,0.0,0.0,0.0,112.0,69.0,0.0,60.7,164.5,1.0,14,3.0,0.0,82.0,65.0,162.0,75.0,0.0,14.0,27.0,0.0,0.0,2.8310000000000004,9.1,0.0,0.0,0.0,25.029,0.0,0.0,22.431426169,0.8392156219,0.9912392764,0.0,10.0,0.0,0.0
7158,0.0,0.0,0.0,0.0,0.0,0.0,0.0,117.0,60.0,1.0,60.5,169.4,0.0,14,4.0,0.0,0.0,0.0,0.0,0.0,0.0,14.0,26.0,1.0,0.0,0.0,10.2,0.0,0.0,0.0,36.149,0.0,0.0,21.082813291,0.7410499071,0.6465855911999999,0.0,10.0,0.0,0.0
7158,0.0,0.0,0.0,0.0,0.0,0.0,0.0,132.0,79.0,0.0,66.5,169.4,0.0,15,5.0,0.0,0.0,0.0,0.0,0.0,0.0,15.0,24.0,0.0,0.0,1.942,9.0,0.0,0.0,0.0,45.211999999999996,0.0,0.0,23.173670806999997,0.8367604956,0.9812306583,0.0,10.0,0.0,0.0
7158,0.0,0.0,0.0,0.0,0.0,0.0,0.0,119.0,68.0,0.0,67.2,170.5,0.0,16,6.0,0.0,0.0,0.0,0.0,0.0,0.0,15.0,25.0,0.0,0.0,0.0,8.6,0.0,0.0,0.0,56.465,0.0,0.0,23.116416266999998,0.7838576106,0.7852879166,0.0,10.0,0.0,0.0
