PtID,Pt_CGMUseNumDays,Pt_FatherT1D,Pt_MotherT1D,Pt_SiblingT1D,Pt_ChildT1D,Pt_GrandchildT1D,Pt_GrandparentT1D,BldPrSys,BldPrDia,SMBGperDayPtMeterCombo,WeightKg,HeightCm,DirectLDL,age,diabDur,TotalDailyInsPerKg,LDL,HDL,TotChol,Triglyc,BUN,AlbCreatRat_mggNew,UnitsInsBasalOrLongAct,BGTestAvgNumMeter,BGTestAvgNumPtRep,TSH,HbA1c,AutonomicNeuroCl,Pt_InsGov,NumPumpBolusOrShortAct,HbA1cImputeDtMnC,Pt_SHFlg,Pt_DKAFlg,bmi,bmiPerc,bmiZscore,GFR,diagAgeCombo,Pt_A1cGoalLev,Pt_A1cGoalLevelDsYr5
7159,0.0,0.0,0.0,0.0,0.0,0.0,0.0,97.0,60.0,5.0,44.7,157.1,0.0,12,0.0,0.42505592840000006,118.0,65.0,191.0,34.0,15.0,0.0,0.0,0.0,5.0,0.0,6.7,0.0,1.0,0.0,0.0,0.0,0.0,18.111530562000002,0.5054330169,0.0136189749,0.0,11.0,0.0,0.0
7159,0.0,0.0,0.0,0.0,0.0,0.0,0.0,96.0,55.0,7.0,52.6,154.0,0.0,13,1.0,0.2851711027,96.0,53.0,168.0,71.0,0.0,0.0,0.0,0.0,7.0,0.0,6.6,0.0,1.0,0.0,15.967,0.0,0.0,22.179119582,0.831600755,0.9605102198000001,0.0,11.0,7.0,0.0
7159,0.0,0.0,0.0,0.0,0.0,0.0,0.0,99.0,64.0,6.0,54.2,155.5,1.0,14,2.0,0.0,115.0,43.0,171.0,108.0,0.0,0.0,11.0,0.0,6.0,2.064,7.5,0.0,0.0,0.0,25.228,0.0,0.0,22.414987438,0.8021643043000001,0.84937728,0.0,11.0,0.0,0.0
7159,0.0,0.0,0.0,0.0,0.0,0.0,0.0,96.0,58.0,0.0,57.0,157.2,1.0,15,3.0,0.4385964912,135.0,58.0,214.0,64.0,0.0,0.0,13.0,0.0,0.0,1.768,7.6,0.0,0.0,0.0,40.696999999999996,0.0,0.0,23.065866403,0.8010340851000001,0.8453206585999999,0.0,11.0,0.0,0.0
7159,0.0,0.0,0.0,0.0,0.0,0.0,0.0,93.0,51.0,5.0,60.2,157.2,0.0,16,5.0,0.4651162791,131.0,69.0,209.0,33.0,0.0,0.0,13.0,5.0,5.0,1.13,9.6,0.0,0.0,5.0,55.104,0.0,0.0,24.360792235999998,0.8375620683,0.9844875225,0.0,11.0,0.0,0.0
7159,0.0,0.0,0.0,0.0,0.0,0.0,0.0,111.0,75.0,4.0,65.0,156.5,1.0,17,6.0,0.3846153846,117.0,66.0,186.0,89.0,0.0,0.0,0.0,4.0,4.0,1.11,9.4,0.0,0.0,6.0,67.851,0.0,0.0,26.539007237,0.895790745,1.2579260268999999,0.0,11.0,0.0,0.0
