PtID,Pt_CGMUseNumDays,Pt_FatherT1D,Pt_MotherT1D,Pt_SiblingT1D,Pt_ChildT1D,Pt_GrandchildT1D,Pt_GrandparentT1D,BldPrSys,BldPrDia,SMBGperDayPtMeterCombo,WeightKg,HeightCm,DirectLDL,age,diabDur,TotalDailyInsPerKg,LDL,HDL,TotChol,Triglyc,BUN,AlbCreatRat_mggNew,UnitsInsBasalOrLongAct,BGTestAvgNumMeter,BGTestAvgNumPtRep,TSH,HbA1c,AutonomicNeuroCl,Pt_InsGov,NumPumpBolusOrShortAct,HbA1cImputeDtMnC,Pt_SHFlg,Pt_DKAFlg,bmi,bmiPerc,bmiZscore,GFR,diagAgeCombo,Pt_A1cGoalLev,Pt_A1cGoalLevelDsYr5
7233,0.0,0.0,0.0,0.0,0.0,0.0,0.0,105.0,65.0,0.0,26.9,128.9,0.0,8,5.0,0.0,0.0,0.0,150.0,0.0,0.0,0.0,0.0,0.0,0.0,0.0,8.4,0.0,0.0,0.0,0.0,0.0,0.0,16.18998496,0.5982011199,0.2486936511,0.0,2.0,0.0,0.0
7233,0.0,0.0,0.0,0.0,0.0,0.0,0.0,100.0,62.0,3.0,29.7,137.2,0.0,10,7.0,0.3367003367,0.0,0.0,0.0,0.0,0.0,3.9,0.0,3.0,3.0,2.23,8.8,0.0,0.0,3.0,17.593,0.0,0.0,15.777864665,0.3193174957,-0.46960816299999997,0.0,2.0,0.0,0.0
7233,0.0,0.0,0.0,0.0,0.0,0.0,0.0,91.0,67.0,1.0,33.3,142.2,0.0,11,8.0,0.0,0.0,0.0,0.0,0.0,0.0,4.6,11.0,1.0,1.0,1.31,8.4,0.0,0.0,4.0,32.73,0.0,0.0,16.468158593,0.3624824987,-0.351831015,0.0,2.0,0.0,0.0
7233,0.0,0.0,0.0,0.0,0.0,0.0,0.0,95.0,63.0,4.0,36.6,149.0,0.0,12,9.0,1.5027322403999999,122.0,71.0,214.0,105.0,0.0,69.2,6.0,4.0,6.0,1.91,8.7,0.0,0.0,6.0,45.51,0.0,0.0,16.485743885,0.2620808233,-0.6369435,0.0,2.0,0.0,0.0
7233,0.0,0.0,0.0,0.0,0.0,0.0,0.0,120.0,75.0,6.0,37.2,152.6,0.0,13,10.0,1.5053763440999999,108.0,63.0,198.0,133.0,0.0,8.3,0.0,6.0,5.0,2.17,11.1,0.0,1.0,0.0,60.846000000000004,1.0,0.0,15.974742729,0.1013766492,-1.273746423,0.0,2.0,0.0,0.0
7233,0.0,0.0,0.0,0.0,0.0,0.0,0.0,115.0,68.0,2.0,41.1,155.0,0.0,14,11.0,0.0,0.0,47.0,229.0,430.0,0.0,8.3,15.0,2.0,4.0,2.05,10.9,0.0,0.0,4.0,73.16199999999999,0.0,0.0,17.107180020999998,0.174139591,-0.93793234,0.0,2.0,0.0,0.0
