PtID,Pt_CGMUseNumDays,Pt_FatherT1D,Pt_MotherT1D,Pt_SiblingT1D,Pt_ChildT1D,Pt_GrandchildT1D,Pt_GrandparentT1D,BldPrSys,BldPrDia,SMBGperDayPtMeterCombo,WeightKg,HeightCm,DirectLDL,age,diabDur,TotalDailyInsPerKg,LDL,HDL,TotChol,Triglyc,BUN,AlbCreatRat_mggNew,UnitsInsBasalOrLongAct,BGTestAvgNumMeter,BGTestAvgNumPtRep,TSH,HbA1c,AutonomicNeuroCl,Pt_InsGov,NumPumpBolusOrShortAct,HbA1cImputeDtMnC,Pt_SHFlg,Pt_DKAFlg,bmi,bmiPerc,bmiZscore,GFR,diagAgeCombo,Pt_A1cGoalLev,Pt_A1cGoalLevelDsYr5
7260,0.0,0.0,0.0,0.0,0.0,0.0,0.0,105.0,76.0,4.0,44.9,154.8,0.0,13,8.0,0.7572383073000001,147.0,71.0,0.0,59.0,0.0,2.9,0.0,4.0,4.0,0.0,13.0,0.0,0.0,0.0,0.0,0.0,0.0,18.737188604,0.5460125494,0.11559326460000001,0.0,4.0,0.0,0.0
7260,0.0,0.0,0.0,0.0,0.0,0.0,0.0,121.0,78.0,1.0,55.1,166.3,0.0,14,9.0,0.8166969146999999,115.0,68.0,202.0,95.0,0.0,5.3,0.0,1.0,4.0,0.0,11.7,0.0,0.0,0.0,13.942,0.0,0.0,19.923567266,0.6132556218,0.28781447530000004,0.0,4.0,9.0,0.0
7260,0.0,0.0,0.0,0.0,0.0,0.0,0.0,126.0,81.0,3.0,68.4,171.7,0.0,15,10.0,0.0,0.0,0.0,200.0,0.0,0.0,8.4,0.0,3.0,4.0,1.69,9.8,0.0,0.0,0.0,27.884,0.0,0.0,23.201470511999997,0.8383211468,0.9875813856,0.0,4.0,0.0,0.0
7260,0.0,0.0,0.0,0.0,0.0,0.0,0.0,123.0,77.0,2.0,76.8,173.7,0.0,16,11.0,0.0,105.0,52.0,173.0,79.0,0.0,5.7,52.0,2.0,0.0,1.8,10.0,0.0,0.0,0.0,41.129,0.0,0.0,25.454324899,0.9025887233,1.2964440231,0.0,4.0,0.0,0.0
7260,0.0,0.0,0.0,0.0,0.0,0.0,0.0,129.0,86.0,0.0,79.8,173.4,0.0,17,12.0,0.0,120.0,54.0,196.0,108.0,13.0,5.7,52.0,0.0,0.0,2.52,9.5,0.0,0.0,0.0,44.846000000000004,0.0,0.0,26.540231399,0.9135655169,1.3630429775,0.0,4.0,0.0,0.0
7260,0.0,0.0,0.0,0.0,0.0,0.0,0.0,118.0,79.0,0.0,79.2,174.1,0.0,18,13.0,0.0,120.0,54.0,196.0,108.0,13.0,5.7,52.0,0.0,0.0,2.52,10.3,0.0,0.0,0.0,64.133,0.0,0.0,26.129291827,0.8735856167,1.1435055139,0.0,4.0,0.0,0.0
