PtID,Pt_CGMUseNumDays,Pt_FatherT1D,Pt_MotherT1D,Pt_SiblingT1D,Pt_ChildT1D,Pt_GrandchildT1D,Pt_GrandparentT1D,BldPrSys,BldPrDia,SMBGperDayPtMeterCombo,WeightKg,HeightCm,DirectLDL,age,diabDur,TotalDailyInsPerKg,LDL,HDL,TotChol,Triglyc,BUN,AlbCreatRat_mggNew,UnitsInsBasalOrLongAct,BGTestAvgNumMeter,BGTestAvgNumPtRep,TSH,HbA1c,AutonomicNeuroCl,Pt_InsGov,NumPumpBolusOrShortAct,HbA1cImputeDtMnC,Pt_SHFlg,Pt_DKAFlg,bmi,bmiPerc,bmiZscore,GFR,diagAgeCombo,Pt_A1cGoalLev,Pt_A1cGoalLevelDsYr5
7282,0.0,0.0,0.0,0.0,0.0,0.0,0.0,98.0,62.0,4.0,20.1,114.9,0.0,5,0.0,0.447761194,0.0,0.0,0.0,0.0,17.0,157.9,0.0,0.0,4.0,0.0,8.4,0.0,0.0,0.0,0.0,0.0,0.0,15.224954382,0.4305877293,-0.17487804899999998,0.0,5.0,0.0,0.0
7282,0.0,0.0,0.0,0.0,0.0,0.0,0.0,93.0,49.0,7.0,23.1,126.5,0.0,8,2.0,0.6926406926,82.0,53.0,152.0,119.0,0.0,17.7,4.0,7.0,0.0,1.83,8.3,0.0,0.0,6.0,28.480999999999998,0.0,0.0,14.435470012,0.1577666803,-1.003679004,0.0,5.0,0.0,0.0
7282,0.0,0.0,0.0,0.0,0.0,0.0,0.0,93.0,47.0,6.0,25.9,128.0,0.0,8,2.0,0.6177606178,0.0,0.0,0.0,0.0,0.0,17.7,0.0,6.0,0.0,0.0,7.7,0.0,0.0,4.0,32.232,0.0,0.0,15.808105469000001,0.5097477388,0.024436389399999998,0.0,5.0,0.0,0.0
7282,0.0,0.0,0.0,0.0,0.0,0.0,0.0,102.0,56.0,7.0,27.7,132.4,0.0,9,3.0,0.7220216606000001,97.0,76.0,176.0,88.0,0.0,17.7,6.0,7.0,0.0,2.27,8.6,0.0,0.0,6.0,42.656000000000006,0.0,0.0,15.80169951,0.4200276897,-0.201822643,0.0,5.0,0.0,0.0
7282,0.0,0.0,0.0,0.0,0.0,0.0,0.0,0.0,0.0,4.0,0.0,0.0,0.0,10,4.0,0.0,89.0,56.0,149.0,64.0,0.0,17.7,11.0,4.0,0.0,2.23,7.4,0.0,0.0,5.0,56.033,0.0,0.0,0.0,0.0,0.0,0.0,5.0,0.0,0.0
7282,0.0,0.0,0.0,0.0,0.0,0.0,0.0,107.0,56.0,0.0,34.5,143.8,0.0,11,5.0,0.0,83.0,60.0,158.0,141.0,0.0,15.0,0.0,0.0,0.0,2.48,7.4,0.0,0.0,0.0,67.32,0.0,0.0,16.684043864,0.40559529369999997,-0.238890377,0.0,5.0,0.0,0.0
