PtID,Pt_CGMUseNumDays,Pt_FatherT1D,Pt_MotherT1D,Pt_SiblingT1D,Pt_ChildT1D,Pt_GrandchildT1D,Pt_GrandparentT1D,BldPrSys,BldPrDia,SMBGperDayPtMeterCombo,WeightKg,HeightCm,DirectLDL,age,diabDur,TotalDailyInsPerKg,LDL,HDL,TotChol,Triglyc,BUN,AlbCreatRat_mggNew,UnitsInsBasalOrLongAct,BGTestAvgNumMeter,BGTestAvgNumPtRep,TSH,HbA1c,AutonomicNeuroCl,Pt_InsGov,NumPumpBolusOrShortAct,HbA1cImputeDtMnC,Pt_SHFlg,Pt_DKAFlg,bmi,bmiPerc,bmiZscore,GFR,diagAgeCombo,Pt_A1cGoalLev,Pt_A1cGoalLevelDsYr5
7294,29.0,0.0,0.0,0.0,0.0,0.0,0.0,121.0,70.0,12.0,78.0,163.0,0.0,14,6.0,1.2564102564,91.0,38.0,0.0,140.0,0.0,4.3,0.0,12.0,3.0,0.0,7.9,0.0,0.0,5.0,-0.598,0.0,0.0,29.357521924,0.9793129623000001,2.039761607,0.0,8.0,0.0,0.0
7294,30.0,0.0,0.0,0.0,0.0,0.0,0.0,118.0,72.0,1.0,87.1,167.4,0.0,15,7.0,0.9184845006,92.0,41.0,159.0,128.0,0.0,0.0,0.0,1.0,3.0,0.0,9.2,0.0,0.0,7.0,12.548,0.0,0.0,31.081877731,0.9837429541,2.1380326705,0.0,8.0,7.5,0.0
7294,0.0,0.0,0.0,0.0,0.0,0.0,0.0,123.0,72.0,2.0,99.6,170.0,0.0,16,8.0,0.983935743,91.0,37.0,164.0,180.0,0.0,6.6,44.0,2.0,3.0,7.74,9.0,0.0,0.0,10.0,28.581,0.0,0.0,34.46366782,0.9913675042,2.3810153703,0.0,8.0,0.0,0.0
7294,0.0,0.0,0.0,0.0,0.0,0.0,0.0,128.0,71.0,9.0,102.0,170.3,0.0,18,10.0,1.1078431373,109.0,39.0,171.0,114.0,12.1,0.0,50.0,9.0,4.0,4.24,8.9,0.0,0.0,11.0,44.846000000000004,0.0,0.0,35.169879136,0.9912489754000001,2.3759876380000002,0.0,8.0,0.0,0.0
7294,0.0,0.0,0.0,0.0,0.0,0.0,0.0,127.0,85.0,2.0,106.8,170.8,0.0,19,11.0,0.7958801498,0.0,0.0,0.0,0.0,0.0,2.3,46.0,2.0,0.0,0.0,9.4,0.0,0.0,0.0,56.0,0.0,0.0,36.609645201999996,0.9924862015000001,2.431713305,0.0,8.0,0.0,0.0
7294,14.0,0.0,0.0,0.0,0.0,0.0,0.0,126.0,90.0,4.0,112.1,170.5,0.0,20,12.0,0.9188224799,128.0,37.0,196.0,155.0,17.0,2.3,52.0,4.0,4.0,2.91,8.6,0.0,0.0,8.0,67.38600000000001,0.0,0.0,38.561759875,0.9934406148999999,2.3593994953,126.0,8.0,0.0,0.0
7294,0.0,0.0,0.0,0.0,0.0,0.0,0.0,117.0,76.0,2.0,119.7,171.7,0.0,21,13.0,0.9791144528,103.0,37.0,198.0,292.0,11.0,2.3,54.0,2.0,0.0,0.0,8.7,0.0,0.0,0.0,85.51,0.0,0.0,40.602573396,0.0,2.7619401283,0.0,8.0,0.0,0.0
