PtID,Pt_CGMUseNumDays,Pt_FatherT1D,Pt_MotherT1D,Pt_SiblingT1D,Pt_ChildT1D,Pt_GrandchildT1D,Pt_GrandparentT1D,BldPrSys,BldPrDia,SMBGperDayPtMeterCombo,WeightKg,HeightCm,DirectLDL,age,diabDur,TotalDailyInsPerKg,LDL,HDL,TotChol,Triglyc,BUN,AlbCreatRat_mggNew,UnitsInsBasalOrLongAct,BGTestAvgNumMeter,BGTestAvgNumPtRep,TSH,HbA1c,AutonomicNeuroCl,Pt_InsGov,NumPumpBolusOrShortAct,HbA1cImputeDtMnC,Pt_SHFlg,Pt_DKAFlg,bmi,bmiPerc,bmiZscore,GFR,diagAgeCombo,Pt_A1cGoalLev,Pt_A1cGoalLevelDsYr5
7350,0.0,0.0,0.0,0.0,0.0,0.0,0.0,99.0,56.0,6.0,46.8,153.3,0.0,11,1.0,0.5769230769,0.0,0.0,0.0,0.0,3.0,0.0,0.0,6.0,6.0,0.0,7.1,0.0,0.0,0.0,0.0,0.0,0.0,19.914139422,0.7903937386,0.8077881936,0.0,9.0,0.0,0.0
7350,0.0,0.0,0.0,0.0,0.0,0.0,0.0,117.0,67.0,13.0,50.7,154.3,0.0,12,2.0,1.2426035503,0.0,0.0,0.0,0.0,0.0,0.0,0.0,13.0,12.0,0.0,7.7,0.0,0.0,0.0,11.187000000000001,0.0,0.0,21.294924626,0.8275957366,0.9447069128,0.0,9.0,7.0,0.0
7350,0.0,0.0,0.0,0.0,0.0,0.0,0.0,135.0,82.0,10.0,58.5,156.0,0.0,13,3.0,0.0,0.0,0.0,0.0,0.0,0.0,0.0,18.0,10.0,0.0,1.21,7.1,0.0,0.0,0.0,30.008000000000003,0.0,0.0,24.038461538000004,0.9057622779000001,1.3151025365,0.0,9.0,0.0,0.0
7350,0.0,0.0,0.0,0.0,0.0,0.0,0.0,120.0,61.0,8.0,61.3,158.3,0.0,14,4.0,0.0,0.0,0.0,0.0,0.0,0.0,0.0,19.0,8.0,0.0,1.39,7.4,0.0,0.0,0.0,42.988,0.0,0.0,24.462376426,0.8935072611,1.2453980279,0.0,9.0,0.0,0.0
7350,0.0,0.0,0.0,0.0,0.0,0.0,0.0,119.0,65.0,8.0,66.0,157.7,0.0,15,5.0,0.8636363636,84.0,77.0,0.0,106.0,0.0,0.0,17.0,8.0,0.0,1.14,6.5,0.0,0.0,7.0,54.141000000000005,0.0,0.0,26.538755228000003,0.9259489527,1.4462678316,0.0,9.0,0.0,0.0
7350,0.0,0.0,0.0,0.0,0.0,0.0,0.0,117.0,75.0,7.0,69.4,158.9,0.0,16,6.0,0.878962536,0.0,0.0,0.0,0.0,0.0,27.9,18.0,7.0,8.0,0.95,6.6,0.0,1.0,7.0,62.041000000000004,0.0,0.0,27.486008473000002,0.9301417993000001,1.4768479444999998,0.0,9.0,0.0,0.0
