PtID,Pt_CGMUseNumDays,Pt_FatherT1D,Pt_MotherT1D,Pt_SiblingT1D,Pt_ChildT1D,Pt_GrandchildT1D,Pt_GrandparentT1D,BldPrSys,BldPrDia,SMBGperDayPtMeterCombo,WeightKg,HeightCm,DirectLDL,age,diabDur,TotalDailyInsPerKg,LDL,HDL,TotChol,Triglyc,BUN,AlbCreatRat_mggNew,UnitsInsBasalOrLongAct,BGTestAvgNumMeter,BGTestAvgNumPtRep,TSH,HbA1c,AutonomicNeuroCl,Pt_InsGov,NumPumpBolusOrShortAct,HbA1cImputeDtMnC,Pt_SHFlg,Pt_DKAFlg,bmi,bmiPerc,bmiZscore,GFR,diagAgeCombo,Pt_A1cGoalLev,Pt_A1cGoalLevelDsYr5
7358,0.0,0.0,0.0,0.0,0.0,0.0,0.0,118.0,72.0,6.0,51.9,156.0,0.0,16,0.0,0.1541425819,93.0,35.0,0.0,128.0,14.0,5.5,0.0,0.0,6.0,0.0,5.7,0.0,0.0,0.0,0.0,0.0,0.0,21.32642998,0.6081129695,0.274404141,0.0,15.0,0.0,0.0
7358,0.0,0.0,0.0,0.0,0.0,0.0,1.0,120.0,63.0,4.0,56.0,155.3,0.0,17,1.0,0.1785714286,90.0,43.0,0.0,66.0,20.0,6.3,0.0,4.0,4.0,0.0,5.8,0.0,0.0,0.0,11.386,0.0,0.0,23.219085757,0.7383528309,0.6382755297,0.0,15.0,6.5,0.0
7358,0.0,0.0,0.0,0.0,0.0,0.0,0.0,107.0,69.0,11.0,55.79186151,154.94,0.0,17,1.0,0.0,0.0,0.0,0.0,0.0,0.0,6.5,0.0,11.0,0.0,0.0,6.2,0.0,0.0,0.0,17.095,0.0,0.0,23.240408034,0.7399484234,0.6431864057,0.0,15.0,0.0,0.0
7358,0.0,0.0,0.0,0.0,0.0,0.0,0.0,120.0,72.0,5.0,66.22448602,152.4,0.0,18,2.0,0.0,98.0,34.0,0.0,181.0,14.0,6.5,0.0,0.0,5.0,4.59,0.0,0.0,0.0,0.0,0.0,0.0,0.0,28.513377396,0.9263439765000001,1.4490914441,0.0,15.0,0.0,0.0
7358,0.0,0.0,0.0,0.0,0.0,0.0,0.0,141.0,76.0,0.0,71.66759446,152.4,0.0,19,3.0,0.0,0.0,0.0,0.0,0.0,0.0,64.6,0.0,0.0,0.0,0.0,7.8,0.0,0.0,0.0,42.556000000000004,0.0,0.0,30.856942661999998,0.9486286347,1.6316998553,0.0,15.0,0.0,0.0
7358,0.0,0.0,0.0,0.0,0.0,0.0,0.0,98.0,68.0,6.0,74.38914868,152.4,0.0,20,4.0,0.0,0.0,0.0,0.0,0.0,0.0,64.6,0.0,6.0,0.0,0.0,7.6,0.0,0.0,0.0,54.506,0.0,0.0,32.028725295,0.9525113202,0.7050322018,0.0,15.0,0.0,0.0
7358,0.0,0.0,0.0,0.0,0.0,0.0,0.0,110.0,70.0,0.0,78.5,152.4,0.0,21,5.0,0.0,0.0,0.0,0.0,0.0,13.0,12.9,15.0,0.0,0.0,0.0,9.5,0.0,0.0,0.0,67.55199999999999,0.0,0.0,33.798678708000004,0.0,0.943689634,149.0,15.0,0.0,0.0
7358,0.0,0.0,0.0,0.0,0.0,0.0,0.0,100.0,60.0,2.0,74.8,152.4,0.0,22,6.0,0.0,0.0,0.0,0.0,0.0,14.0,12.9,15.0,2.0,15.0,0.0,10.8,0.0,0.0,0.0,73.82600000000001,0.0,0.0,32.205619967,0.0,0.7288843709999999,148.0,15.0,0.0,0.0
