PtID,Pt_CGMUseNumDays,Pt_FatherT1D,Pt_MotherT1D,Pt_SiblingT1D,Pt_ChildT1D,Pt_GrandchildT1D,Pt_GrandparentT1D,BldPrSys,BldPrDia,SMBGperDayPtMeterCombo,WeightKg,HeightCm,DirectLDL,age,diabDur,TotalDailyInsPerKg,LDL,HDL,TotChol,Triglyc,BUN,AlbCreatRat_mggNew,UnitsInsBasalOrLongAct,BGTestAvgNumMeter,BGTestAvgNumPtRep,TSH,HbA1c,AutonomicNeuroCl,Pt_InsGov,NumPumpBolusOrShortAct,HbA1cImputeDtMnC,Pt_SHFlg,Pt_DKAFlg,bmi,bmiPerc,bmiZscore,GFR,diagAgeCombo,Pt_A1cGoalLev,Pt_A1cGoalLevelDsYr5
7383,0.0,0.0,0.0,0.0,0.0,0.0,0.0,99.0,48.0,4.0,66.9,168.0,0.0,16,8.0,0.4783258595,83.0,41.0,164.0,203.0,0.0,6.0,0.0,0.0,4.0,0.0,7.6,0.0,0.0,0.0,0.0,0.0,0.0,23.703231293,0.8035252524,0.8542806693,0.0,8.0,0.0,0.0
7383,0.0,0.0,0.0,0.0,0.0,0.0,0.0,111.0,62.0,4.0,66.5,168.9,1.0,18,10.0,1.0526315789,78.0,0.0,0.0,0.0,0.0,6.0,0.0,4.0,5.0,0.0,7.7,0.0,0.0,0.0,21.245,1.0,0.0,23.311077389,0.7133494009,0.5631963351,0.0,8.0,7.0,0.0
7383,0.0,0.0,0.0,0.0,0.0,0.0,0.0,112.0,58.0,0.0,63.6,168.3,0.0,19,11.0,1.0691823899,74.0,50.0,168.0,215.0,0.0,0.0,28.0,0.0,0.0,0.0,8.5,0.0,0.0,40.0,38.207,0.0,0.0,22.453750041,0.6048654742,0.2659612512,0.0,8.0,0.0,0.0
7383,0.0,0.0,0.0,0.0,0.0,0.0,0.0,105.0,59.0,4.0,68.9,168.3,0.0,20,12.0,0.0,50.0,52.0,171.0,342.0,14.0,0.0,36.0,4.0,4.0,1.82,8.5,0.0,0.0,0.0,46.606,0.0,0.0,24.324895878000003,0.7431727418,-0.333738724,0.0,8.0,0.0,0.0
