PtID,Pt_CGMUseNumDays,Pt_FatherT1D,Pt_MotherT1D,Pt_SiblingT1D,Pt_ChildT1D,Pt_GrandchildT1D,Pt_GrandparentT1D,BldPrSys,BldPrDia,SMBGperDayPtMeterCombo,WeightKg,HeightCm,DirectLDL,age,diabDur,TotalDailyInsPerKg,LDL,HDL,TotChol,Triglyc,BUN,AlbCreatRat_mggNew,UnitsInsBasalOrLongAct,BGTestAvgNumMeter,BGTestAvgNumPtRep,TSH,HbA1c,AutonomicNeuroCl,Pt_InsGov,NumPumpBolusOrShortAct,HbA1cImputeDtMnC,Pt_SHFlg,Pt_DKAFlg,bmi,bmiPerc,bmiZscore,GFR,diagAgeCombo,Pt_A1cGoalLev,Pt_A1cGoalLevelDsYr5
7430,0.0,0.0,0.0,1.0,0.0,0.0,0.0,110.0,54.0,6.0,54.2,156.8,0.0,37,21.0,0.479704797,70.0,80.0,0.0,48.0,64.0,210.0,0.0,0.0,6.0,0.0,8.1,0.0,1.0,4.0,-2.423,1.0,0.0,22.044851104,0.0,-0.67157774,0.0,16.0,0.0,0.0
7430,0.0,0.0,0.0,1.0,0.0,0.0,0.0,149.0,61.0,8.0,54.6,157.5,0.0,39,23.0,0.0,75.0,0.0,0.0,0.0,45.0,0.0,0.0,0.0,8.0,0.0,7.8,0.0,1.0,0.0,18.257,0.0,0.0,22.010582011,0.0,-0.6755083590000001,0.0,16.0,7.0,0.0
7430,0.0,0.0,0.0,0.0,0.0,0.0,0.0,132.0,70.0,4.0,59.0,157.5,0.0,40,24.0,0.37288135590000004,81.0,81.0,0.0,86.0,58.0,1244.0,17.0,4.0,6.0,1.81,8.2,0.0,0.0,0.0,35.086999999999996,0.0,0.0,23.784328545999998,0.0,-0.43024514399999997,9.0,16.0,0.0,0.0
7430,0.0,0.0,0.0,0.0,0.0,0.0,0.0,142.0,72.0,4.0,0.0,0.0,1.0,41,25.0,0.0,110.0,0.0,0.0,0.0,39.0,1244.0,15.0,4.0,0.0,0.0,8.9,0.0,0.0,0.0,48.598,0.0,0.0,0.0,0.0,0.0,10.0,16.0,0.0,0.0
7430,0.0,0.0,0.0,0.0,0.0,0.0,0.0,126.0,60.0,5.0,0.0,0.0,0.0,42,26.0,0.0,62.0,91.0,0.0,92.0,37.0,1244.0,14.0,5.0,0.0,0.0,8.0,0.0,0.0,0.0,57.958999999999996,0.0,0.0,0.0,0.0,0.0,9.0,16.0,0.0,0.0
7430,0.0,0.0,0.0,0.0,0.0,0.0,0.0,116.0,58.0,3.0,56.7,157.5,0.0,43,27.0,0.45855379189999995,0.0,0.0,0.0,0.0,47.0,1244.0,16.0,3.0,4.0,0.0,9.1,0.0,1.0,0.0,66.755,0.0,0.0,22.857142857,0.0,-0.5130824270000001,6.0,16.0,0.0,0.0
