PtID,Pt_CGMUseNumDays,Pt_FatherT1D,Pt_MotherT1D,Pt_SiblingT1D,Pt_ChildT1D,Pt_GrandchildT1D,Pt_GrandparentT1D,BldPrSys,BldPrDia,SMBGperDayPtMeterCombo,WeightKg,HeightCm,DirectLDL,age,diabDur,TotalDailyInsPerKg,LDL,HDL,TotChol,Triglyc,BUN,AlbCreatRat_mggNew,UnitsInsBasalOrLongAct,BGTestAvgNumMeter,BGTestAvgNumPtRep,TSH,HbA1c,AutonomicNeuroCl,Pt_InsGov,NumPumpBolusOrShortAct,HbA1cImputeDtMnC,Pt_SHFlg,Pt_DKAFlg,bmi,bmiPerc,bmiZscore,GFR,diagAgeCombo,Pt_A1cGoalLev,Pt_A1cGoalLevelDsYr5
7473,0.0,0.0,0.0,0.0,0.0,0.0,0.0,92.0,59.0,13.0,36.2873896,144.526,0.0,11,5.0,0.8542912659999999,0.0,64.0,143.0,0.0,0.0,19.9,0.0,13.0,13.0,0.0,7.4,0.0,0.0,7.0,0.0,0.0,0.0,17.372557649,0.488694368,-0.028342811000000002,0.0,5.0,0.0,0.0
7473,0.0,0.0,0.0,0.0,0.0,0.0,0.0,106.0,66.0,8.0,47.5,155.6,0.0,12,7.0,0.9263157895,0.0,51.0,142.0,0.0,0.0,0.0,0.0,8.0,8.0,0.0,7.9,0.0,0.0,0.0,18.39,0.0,0.0,19.618889645,0.6951585226000001,0.5105260705,0.0,5.0,7.0,0.0
7473,0.0,0.0,0.0,0.0,0.0,0.0,0.0,113.0,72.0,7.0,62.3,163.5,0.0,14,8.0,0.9149277689,95.0,68.0,182.0,96.0,0.0,5.6,26.0,7.0,0.0,0.805,9.2,0.0,0.0,0.0,39.104,0.0,0.0,23.305183814,0.849502247,1.0343009218,0.0,5.0,0.0,0.0
7473,0.0,0.0,0.0,0.0,0.0,0.0,0.0,121.0,83.0,5.0,63.0,165.0,0.0,15,9.0,0.9365079365000001,0.0,0.0,0.0,0.0,0.0,10.8,28.0,5.0,0.0,0.0,8.5,0.0,0.0,0.0,51.086999999999996,0.0,0.0,23.140495868000002,0.8054292316,0.8611752364,0.0,5.0,0.0,0.0
7473,0.0,0.0,0.0,0.0,0.0,0.0,0.0,113.0,75.0,7.0,65.0,167.0,0.0,16,10.0,0.8615384615,0.0,0.0,0.0,0.0,0.0,5.6,29.0,7.0,0.0,0.0,9.5,0.0,0.0,5.0,62.108000000000004,0.0,0.0,23.306680053,0.7793981275,0.7701620959000001,0.0,5.0,0.0,0.0
7473,0.0,0.0,0.0,0.0,0.0,0.0,0.0,115.0,74.0,5.0,63.5,165.2,0.0,17,12.0,0.8897637795000001,0.0,0.0,0.0,0.0,0.0,5.6,29.1,5.0,5.0,0.0,10.0,0.0,0.0,4.0,79.436,0.0,0.0,23.267709842,0.7419773143999999,0.6494533792,0.0,5.0,0.0,0.0
