PtID,Pt_CGMUseNumDays,Pt_FatherT1D,Pt_MotherT1D,Pt_SiblingT1D,Pt_ChildT1D,Pt_GrandchildT1D,Pt_GrandparentT1D,BldPrSys,BldPrDia,SMBGperDayPtMeterCombo,WeightKg,HeightCm,DirectLDL,age,diabDur,TotalDailyInsPerKg,LDL,HDL,TotChol,Triglyc,BUN,AlbCreatRat_mggNew,UnitsInsBasalOrLongAct,BGTestAvgNumMeter,BGTestAvgNumPtRep,TSH,HbA1c,AutonomicNeuroCl,Pt_InsGov,NumPumpBolusOrShortAct,HbA1cImputeDtMnC,Pt_SHFlg,Pt_DKAFlg,bmi,bmiPerc,bmiZscore,GFR,diagAgeCombo,Pt_A1cGoalLev,Pt_A1cGoalLevelDsYr5
7475,28.0,0.0,0.0,0.0,0.0,0.0,0.0,134.0,76.0,4.0,89.35769689,167.64,0.0,60,38.0,0.5147849777,227.0,46.0,315.0,211.0,17.0,153.4,0.0,0.0,4.0,0.0,6.6,0.0,0.0,4.0,0.033,0.0,0.0,31.796305599,0.0,0.2728382566,0.0,22.0,0.0,0.0
7475,30.0,0.0,0.0,0.0,0.0,0.0,0.0,134.0,73.0,2.0,0.0,0.0,0.0,61,39.0,0.0,186.0,39.0,257.0,161.0,16.0,106.0,0.0,2.0,5.0,0.0,6.9,0.0,0.0,5.0,12.647,0.0,0.0,0.0,0.0,0.0,0.0,22.0,6.0,0.0
7475,0.0,0.0,0.0,0.0,0.0,0.0,0.0,110.0,65.0,3.0,83.46099608,165.1,0.0,62,40.0,0.5511556555,0.0,0.0,0.0,0.0,12.0,135.9,26.0,3.0,0.0,4.9,6.5,0.0,0.0,6.0,25.361,0.0,0.0,30.618888201999997,0.0,0.12657240449999999,0.0,22.0,0.0,0.0
7475,0.0,0.0,0.0,0.0,0.0,0.0,0.0,119.0,70.0,3.0,80.013694068,163.83,0.0,63,41.0,0.5624037301,198.0,41.0,266.0,136.0,16.0,76.9,24.0,3.0,0.0,4.9,7.1,0.0,0.0,6.0,37.477,0.0,0.0,29.81106276,0.0,0.0262194822,0.0,22.0,0.0,0.0
7475,0.0,0.0,0.0,0.0,0.0,0.0,0.0,122.0,65.0,3.0,80.73944186,167.64,0.0,65,43.0,0.5325773749,211.0,38.0,271.0,112.0,15.0,76.9,24.0,3.0,0.0,0.0,6.8,0.0,0.0,6.0,52.083,0.0,0.0,28.729656836,0.0,-0.108119249,64.0,22.0,0.0,0.0
7475,28.0,0.0,0.0,0.0,0.0,0.0,0.0,110.0,65.0,4.0,75.29633342,167.64,0.0,66,44.0,0.557796085,211.0,52.0,0.0,152.0,15.0,76.9,21.0,4.0,6.0,2.718,6.7,0.0,1.0,5.0,69.676,0.0,0.0,26.792826038,0.0,-0.348723989,0.0,22.0,0.0,0.0
