PtID,Pt_CGMUseNumDays,Pt_FatherT1D,Pt_MotherT1D,Pt_SiblingT1D,Pt_ChildT1D,Pt_GrandchildT1D,Pt_GrandparentT1D,BldPrSys,BldPrDia,SMBGperDayPtMeterCombo,WeightKg,HeightCm,DirectLDL,age,diabDur,TotalDailyInsPerKg,LDL,HDL,TotChol,Triglyc,BUN,AlbCreatRat_mggNew,UnitsInsBasalOrLongAct,BGTestAvgNumMeter,BGTestAvgNumPtRep,TSH,HbA1c,AutonomicNeuroCl,Pt_InsGov,NumPumpBolusOrShortAct,HbA1cImputeDtMnC,Pt_SHFlg,Pt_DKAFlg,bmi,bmiPerc,bmiZscore,GFR,diagAgeCombo,Pt_A1cGoalLev,Pt_A1cGoalLevelDsYr5
7490,0.0,0.0,0.0,0.0,0.0,0.0,0.0,112.0,61.0,4.0,26.3,125.5,0.0,9,0.0,0.38022813689999996,0.0,0.0,0.0,0.0,0.0,0.0,0.0,0.0,4.0,0.0,0.0,0.0,1.0,0.0,0.0,0.0,0.0,16.698147648,0.6124788224000001,0.2857855774,0.0,9.0,0.0,0.0
7490,0.0,0.0,0.0,0.0,0.0,0.0,0.0,108.0,64.0,6.0,28.5,130.4,0.0,10,1.0,0.0,0.0,0.0,0.0,0.0,0.0,0.0,0.0,0.0,6.0,0.0,11.0,0.0,1.0,0.0,14.870999999999999,0.0,0.0,16.760604464,0.5268065597,0.0672447245,0.0,9.0,7.0,0.0
7490,0.0,0.0,0.0,0.0,0.0,0.0,0.0,100.0,68.0,0.0,33.6,136.4,0.0,12,2.0,0.0,114.0,40.0,164.0,48.0,0.0,60.0,15.0,0.0,0.0,1.7890000000000001,10.9,0.0,0.0,0.0,32.498000000000005,0.0,0.0,18.059700209000003,0.5451186399,0.1133378378,0.0,9.0,0.0,0.0
7490,0.0,0.0,0.0,0.0,0.0,0.0,0.0,102.0,70.0,0.0,38.9,142.1,0.0,13,3.0,0.0,0.0,0.0,0.0,0.0,0.0,60.0,22.0,0.0,0.0,0.0,10.0,0.0,0.0,0.0,43.253,0.0,0.0,19.264664297,0.621286685,0.3088618345,0.0,9.0,0.0,0.0
7490,0.0,0.0,0.0,0.0,0.0,0.0,0.0,131.0,86.0,2.0,49.3,154.0,0.0,14,5.0,0.0,0.0,0.0,0.0,0.0,0.0,60.0,26.0,2.0,3.0,0.0,11.4,0.0,0.0,0.0,60.448,0.0,1.0,20.787653905,0.7127158112,0.5613361859,0.0,9.0,0.0,0.0
7490,0.0,0.0,0.0,0.0,0.0,0.0,0.0,144.0,82.0,3.0,57.7,158.2,0.0,15,6.0,0.0,110.0,37.0,110.0,220.0,10.0,60.0,33.0,3.0,0.0,2.352,10.0,0.0,0.0,0.0,73.759,0.0,0.0,23.054879403,0.829913146,0.9538220856999999,0.0,9.0,0.0,0.0
