PtID,Pt_CGMUseNumDays,Pt_FatherT1D,Pt_MotherT1D,Pt_SiblingT1D,Pt_ChildT1D,Pt_GrandchildT1D,Pt_GrandparentT1D,BldPrSys,BldPrDia,SMBGperDayPtMeterCombo,WeightKg,HeightCm,DirectLDL,age,diabDur,TotalDailyInsPerKg,LDL,HDL,TotChol,Triglyc,BUN,AlbCreatRat_mggNew,UnitsInsBasalOrLongAct,BGTestAvgNumMeter,BGTestAvgNumPtRep,TSH,HbA1c,AutonomicNeuroCl,Pt_InsGov,NumPumpBolusOrShortAct,HbA1cImputeDtMnC,Pt_SHFlg,Pt_DKAFlg,bmi,bmiPerc,bmiZscore,GFR,diagAgeCombo,Pt_A1cGoalLev,Pt_A1cGoalLevelDsYr5
7493,0.0,0.0,0.0,0.0,0.0,0.0,0.0,102.0,58.0,11.0,0.0,0.0,0.0,43,33.0,0.0,0.0,0.0,0.0,0.0,18.0,4.2,0.0,11.0,0.0,0.0,6.5,0.0,1.0,0.0,0.0,0.0,0.0,0.0,0.0,0.0,0.0,10.0,0.0,0.0
7493,0.0,0.0,0.0,0.0,0.0,0.0,0.0,112.0,64.0,11.0,0.0,0.0,0.0,44,34.0,0.0,0.0,0.0,0.0,0.0,0.0,4.2,16.0,11.0,11.0,0.0,0.0,0.0,0.0,3.0,0.0,0.0,0.0,0.0,0.0,0.0,0.0,10.0,0.0,0.0
7493,0.0,0.0,0.0,0.0,0.0,0.0,0.0,122.0,80.0,8.0,0.0,0.0,0.0,45,35.0,0.0,0.0,0.0,0.0,0.0,0.0,36.6,14.0,8.0,8.0,0.0,0.0,0.0,0.0,3.0,0.0,0.0,0.0,0.0,0.0,0.0,0.0,10.0,0.0,0.0
7493,0.0,0.0,0.0,0.0,0.0,0.0,0.0,120.0,66.0,8.0,0.0,0.0,0.0,46,36.0,0.0,0.0,0.0,0.0,0.0,0.0,11.9,10.0,8.0,8.0,0.0,6.4,0.0,0.0,3.0,33.095,0.0,0.0,0.0,0.0,0.0,0.0,10.0,0.0,0.0
7493,0.0,0.0,0.0,0.0,0.0,0.0,0.0,123.0,66.0,9.0,0.0,0.0,0.0,47,37.0,0.0,0.0,0.0,0.0,0.0,0.0,11.9,10.0,9.0,9.0,0.0,6.9,0.0,0.0,3.0,44.88,0.0,0.0,0.0,0.0,0.0,0.0,10.0,0.0,0.0
7493,0.0,0.0,0.0,0.0,0.0,0.0,0.0,133.0,73.0,10.0,57.15263862,157.48,0.0,48,38.0,0.0,92.0,67.0,167.0,40.0,13.0,32.0,13.0,10.0,10.0,0.0,7.2,0.0,0.0,3.0,60.282,0.0,0.0,23.045464889,0.0,-0.496257226,0.0,10.0,0.0,0.0
7493,0.0,0.0,0.0,0.0,0.0,0.0,0.0,135.0,79.0,6.0,55.33826914,154.94,0.0,49,39.0,0.0,135.0,72.0,223.0,79.0,13.0,32.0,0.0,6.0,8.0,1.5390000000000001,6.5,0.0,0.0,0.0,70.274,0.0,0.0,23.051461628000002,0.0,-0.49572146200000006,0.0,10.0,0.0,0.0
7493,0.0,0.0,0.0,0.0,0.0,0.0,0.0,124.0,71.0,11.0,0.0,0.0,0.0,50,40.0,0.0,93.0,60.0,162.0,46.0,0.0,32.0,8.0,11.0,12.0,0.0,6.6,0.0,0.0,0.0,75.452,0.0,0.0,0.0,0.0,0.0,0.0,10.0,0.0,0.0
