PtID,Pt_CGMUseNumDays,Pt_FatherT1D,Pt_MotherT1D,Pt_SiblingT1D,Pt_ChildT1D,Pt_GrandchildT1D,Pt_GrandparentT1D,BldPrSys,BldPrDia,SMBGperDayPtMeterCombo,WeightKg,HeightCm,DirectLDL,age,diabDur,TotalDailyInsPerKg,LDL,HDL,TotChol,Triglyc,BUN,AlbCreatRat_mggNew,UnitsInsBasalOrLongAct,BGTestAvgNumMeter,BGTestAvgNumPtRep,TSH,HbA1c,AutonomicNeuroCl,Pt_InsGov,NumPumpBolusOrShortAct,HbA1cImputeDtMnC,Pt_SHFlg,Pt_DKAFlg,bmi,bmiPerc,bmiZscore,GFR,diagAgeCombo,Pt_A1cGoalLev,Pt_A1cGoalLevelDsYr5
7510,0.0,0.0,0.0,0.0,0.0,0.0,0.0,124.0,66.0,5.0,80.3,153.0,0.0,16,5.0,1.0709838107,76.0,75.0,161.0,48.0,13.0,2.0,0.0,0.0,5.0,0.0,7.2,0.0,1.0,4.0,-0.23199999999999998,0.0,0.0,34.303045837,0.9825786181,2.1101810547,0.0,10.0,0.0,0.0
7510,0.0,0.0,0.0,0.0,0.0,0.0,0.0,113.0,74.0,3.0,82.3,153.6,0.0,16,6.0,0.0,0.0,0.0,0.0,0.0,0.0,0.0,0.0,0.0,3.0,0.0,8.1,0.0,1.0,0.0,11.154000000000002,1.0,0.0,34.883287218,0.9841077079,2.1471092619,0.0,10.0,0.0,0.0
7510,0.0,0.0,0.0,0.0,0.0,0.0,0.0,128.0,70.0,4.0,80.4,154.0,0.0,17,7.0,0.0,108.0,78.0,201.0,76.0,18.0,6.0,34.0,0.0,4.0,1.68,7.8,0.0,0.0,0.0,23.004,0.0,0.0,33.901163771,0.9778542311,2.0113212269,0.0,10.0,0.0,0.0
7510,0.0,0.0,0.0,0.0,0.0,0.0,0.0,119.0,79.0,8.0,85.7,154.8,0.0,20,9.0,0.6534422404,0.0,89.0,228.0,0.0,21.0,3.2,34.0,8.0,0.0,1.41,7.1,0.0,0.0,0.0,52.78,0.0,0.0,35.763408983000005,0.9728984687000001,1.2086104385,0.0,10.0,0.0,0.0
7510,0.0,0.0,0.0,0.0,0.0,0.0,0.0,118.0,82.0,5.0,85.5,155.2,0.0,21,10.0,0.514619883,0.0,0.0,0.0,0.0,0.0,3.2,34.0,0.0,5.0,1.67,7.1,0.0,0.0,0.0,61.809,0.0,0.0,35.496266872,0.0,1.1725894621,0.0,10.0,0.0,0.0
7510,0.0,0.0,0.0,0.0,0.0,0.0,0.0,113.0,72.0,4.0,87.6,155.0,0.0,21,10.0,0.6050228311,0.0,0.0,0.0,0.0,12.0,3.2,34.0,0.0,4.0,0.0,8.6,0.0,1.0,0.0,67.485,0.0,0.0,36.46201873,0.0,1.3028097587,0.0,10.0,0.0,0.0
7510,0.0,0.0,0.0,0.0,0.0,0.0,0.0,129.0,88.0,3.0,86.3,154.2,0.0,22,11.0,0.539976825,0.0,0.0,0.0,0.0,5.0,3.2,33.7,0.0,3.0,0.0,8.7,0.0,0.0,0.0,79.237,0.0,0.0,36.294602829,0.0,1.2802356904,0.0,10.0,0.0,0.0
