PtID,Pt_CGMUseNumDays,Pt_FatherT1D,Pt_MotherT1D,Pt_SiblingT1D,Pt_ChildT1D,Pt_GrandchildT1D,Pt_GrandparentT1D,BldPrSys,BldPrDia,SMBGperDayPtMeterCombo,WeightKg,HeightCm,DirectLDL,age,diabDur,TotalDailyInsPerKg,LDL,HDL,TotChol,Triglyc,BUN,AlbCreatRat_mggNew,UnitsInsBasalOrLongAct,BGTestAvgNumMeter,BGTestAvgNumPtRep,TSH,HbA1c,AutonomicNeuroCl,Pt_InsGov,NumPumpBolusOrShortAct,HbA1cImputeDtMnC,Pt_SHFlg,Pt_DKAFlg,bmi,bmiPerc,bmiZscore,GFR,diagAgeCombo,Pt_A1cGoalLev,Pt_A1cGoalLevelDsYr5
7520,0.0,0.0,0.0,0.0,0.0,0.0,0.0,109.0,74.0,2.0,64.41011654,160.02,0.0,23,15.0,1.6457042107,158.0,34.0,210.0,92.0,11.0,5.9,0.0,0.0,2.0,0.0,9.5,0.0,1.0,4.0,-0.299,0.0,0.0,25.153912902,0.0,-0.221955514,0.0,8.0,0.0,0.0
7520,0.0,0.0,0.0,0.0,0.0,0.0,0.0,0.0,0.0,2.0,0.0,0.0,0.0,25,17.0,0.0,153.0,53.0,230.0,121.0,11.0,15.9,0.0,0.0,2.0,0.0,9.6,0.0,1.0,0.0,17.66,0.0,0.0,0.0,0.0,0.0,0.0,8.0,5.5,0.0
7520,0.0,0.0,0.0,0.0,0.0,0.0,0.0,133.0,81.0,0.0,70.76040972,160.02,0.0,26,18.0,0.8761961702,0.0,0.0,0.0,0.0,0.0,52.0,31.0,0.0,0.0,1.05,8.0,0.0,0.0,3.0,33.095,0.0,0.0,27.633876146,0.0,0.1124384056,0.0,8.0,0.0,0.0
7520,0.0,0.0,0.0,0.0,0.0,0.0,0.0,129.0,83.0,4.0,81.19303423,157.48,0.0,27,19.0,0.0,145.0,70.0,258.0,215.0,6.0,52.0,36.0,4.0,0.0,1.26,6.7,0.0,0.0,3.0,42.191,0.0,0.0,32.739192184000004,0.0,0.8008303184000001,126.0,8.0,0.0,0.0
7520,0.0,0.0,0.0,0.0,0.0,0.0,0.0,123.0,87.0,4.0,70.30681735,157.48,0.0,28,20.0,0.0,153.0,65.0,243.0,124.0,14.0,72.0,24.0,0.0,4.0,0.7609999999999999,8.1,0.0,0.0,3.0,57.328,0.0,0.0,28.349579824,0.0,0.2089426416,86.0,8.0,0.0,0.0
7520,0.0,0.0,0.0,0.0,0.0,0.0,0.0,123.0,85.0,4.0,76.20351816,157.48,0.0,28,20.0,0.0,0.0,0.0,0.0,0.0,0.0,23.0,36.0,4.0,4.0,0.0,0.0,0.0,1.0,0.0,0.0,0.0,0.0,30.727286519,0.0,0.5295484665,0.0,8.0,0.0,0.0
7520,0.0,0.0,0.0,0.0,0.0,0.0,0.0,131.0,89.0,0.0,76.65711053,157.48,0.0,29,21.0,0.0,145.0,37.0,223.0,203.0,12.0,11.0,36.0,0.0,0.0,1.06,8.0,0.0,0.0,0.0,74.822,0.0,0.0,30.910187034,0.0,0.5542104531000001,108.0,8.0,0.0,0.0
