PtID,Pt_CGMUseNumDays,Pt_FatherT1D,Pt_MotherT1D,Pt_SiblingT1D,Pt_ChildT1D,Pt_GrandchildT1D,Pt_GrandparentT1D,BldPrSys,BldPrDia,SMBGperDayPtMeterCombo,WeightKg,HeightCm,DirectLDL,age,diabDur,TotalDailyInsPerKg,LDL,HDL,TotChol,Triglyc,BUN,AlbCreatRat_mggNew,UnitsInsBasalOrLongAct,BGTestAvgNumMeter,BGTestAvgNumPtRep,TSH,HbA1c,AutonomicNeuroCl,Pt_InsGov,NumPumpBolusOrShortAct,HbA1cImputeDtMnC,Pt_SHFlg,Pt_DKAFlg,bmi,bmiPerc,bmiZscore,GFR,diagAgeCombo,Pt_A1cGoalLev,Pt_A1cGoalLevelDsYr5
7551,0.0,0.0,0.0,0.0,0.0,0.0,0.0,104.0,64.0,6.0,35.0,141.7,0.0,12,7.0,1.6285714286000001,89.0,60.0,169.0,99.0,0.0,24.6,0.0,0.0,6.0,0.0,9.0,0.0,0.0,6.0,0.0,0.0,0.0,17.431242464,0.4370946637,-0.158339445,0.0,4.0,0.0,0.0
7551,0.0,0.0,0.0,0.0,0.0,0.0,0.0,104.0,62.0,4.0,38.5,147.1,0.0,13,8.0,1.0389610390000001,0.0,0.0,0.0,0.0,0.0,0.0,0.0,4.0,7.0,0.0,9.3,0.0,0.0,4.0,9.527000000000001,0.0,0.0,17.792434842000002,0.38983066380000003,-0.27976041,0.0,4.0,8.0,0.0
7551,0.0,0.0,0.0,0.0,0.0,0.0,0.0,104.0,64.0,3.0,49.0,158.5,0.0,14,9.0,1.3469387755000002,83.0,58.0,163.0,112.0,0.0,11.4,23.0,3.0,0.0,0.0,9.3,0.0,0.0,4.0,22.539,0.0,0.0,19.504622396,0.5560077557,0.14085500480000002,0.0,4.0,0.0,0.0
7551,0.0,0.0,0.0,0.0,0.0,0.0,0.0,116.0,70.0,3.0,62.7,166.7,0.0,16,11.0,1.307814992,55.0,41.0,132.0,178.0,0.0,6.4,27.0,3.0,0.0,1.26,9.0,0.0,0.0,5.0,40.797,0.0,0.0,22.562973908000004,0.7389419140000001,0.640086797,0.0,4.0,0.0,0.0
7551,0.0,0.0,0.0,0.0,0.0,0.0,0.0,112.0,64.0,3.0,68.9,168.3,0.0,17,12.0,1.3497822931999999,0.0,0.0,0.0,0.0,0.0,16.3,33.0,3.0,0.0,1.53,8.9,0.0,0.0,4.0,52.016999999999996,0.0,0.0,24.324895878000003,0.8164895109999999,0.9020675639,0.0,4.0,0.0,0.0
