PtID,Pt_CGMUseNumDays,Pt_FatherT1D,Pt_MotherT1D,Pt_SiblingT1D,Pt_ChildT1D,Pt_GrandchildT1D,Pt_GrandparentT1D,BldPrSys,BldPrDia,SMBGperDayPtMeterCombo,WeightKg,HeightCm,DirectLDL,age,diabDur,TotalDailyInsPerKg,LDL,HDL,TotChol,Triglyc,BUN,AlbCreatRat_mggNew,UnitsInsBasalOrLongAct,BGTestAvgNumMeter,BGTestAvgNumPtRep,TSH,HbA1c,AutonomicNeuroCl,Pt_InsGov,NumPumpBolusOrShortAct,HbA1cImputeDtMnC,Pt_SHFlg,Pt_DKAFlg,bmi,bmiPerc,bmiZscore,GFR,diagAgeCombo,Pt_A1cGoalLev,Pt_A1cGoalLevelDsYr5
7559,0.0,0.0,0.0,1.0,0.0,0.0,0.0,120.0,56.0,6.0,45.9,162.3,0.0,14,10.0,0.8496732026,90.0,65.0,0.0,97.0,11.0,22.0,0.0,6.0,8.0,0.0,8.3,0.0,0.0,8.0,0.0,0.0,0.0,17.425114715,0.2235790489,-0.760161428,0.0,4.0,0.0,0.0
7559,0.0,0.0,0.0,1.0,0.0,0.0,0.0,101.0,62.0,6.0,53.9,165.7,0.0,15,11.0,1.1131725417,102.0,56.0,0.0,171.0,11.0,4.0,0.0,6.0,8.0,0.0,9.9,0.0,0.0,12.0,13.212,0.0,0.0,19.631059905999997,0.4624814035,-0.09418423599999999,0.0,4.0,7.5,0.0
7559,0.0,0.0,0.0,0.0,0.0,0.0,0.0,118.0,64.0,6.0,60.3,167.6,0.0,16,12.0,1.0779436153,0.0,0.0,0.0,0.0,0.0,0.0,23.0,6.0,0.0,7.97,7.3,0.0,0.0,12.0,26.689,0.0,0.0,21.466897546,0.6233649299,0.3143303622,0.0,4.0,0.0,0.0
7559,0.0,0.0,0.0,0.0,0.0,0.0,0.0,119.0,74.0,9.0,62.5,168.6,0.0,17,13.0,0.816,0.0,0.0,0.0,0.0,0.0,0.0,19.0,9.0,0.0,0.0,7.8,0.0,0.0,15.0,41.361000000000004,0.0,0.0,21.986944328000003,0.6285131414,0.327917929,0.0,4.0,0.0,0.0
7559,0.0,0.0,0.0,0.0,0.0,0.0,0.0,115.0,68.0,9.0,65.8,169.3,0.0,18,14.0,0.7294832827,0.0,0.0,0.0,0.0,0.0,0.0,20.0,9.0,0.0,0.0,7.7,0.0,0.0,14.0,50.888000000000005,0.0,0.0,22.956833129,0.6835145088,0.477549358,0.0,4.0,0.0,0.0
