PtID,Pt_CGMUseNumDays,Pt_FatherT1D,Pt_MotherT1D,Pt_SiblingT1D,Pt_ChildT1D,Pt_GrandchildT1D,Pt_GrandparentT1D,BldPrSys,BldPrDia,SMBGperDayPtMeterCombo,WeightKg,HeightCm,DirectLDL,age,diabDur,TotalDailyInsPerKg,LDL,HDL,TotChol,Triglyc,BUN,AlbCreatRat_mggNew,UnitsInsBasalOrLongAct,BGTestAvgNumMeter,BGTestAvgNumPtRep,TSH,HbA1c,AutonomicNeuroCl,Pt_InsGov,NumPumpBolusOrShortAct,HbA1cImputeDtMnC,Pt_SHFlg,Pt_DKAFlg,bmi,bmiPerc,bmiZscore,GFR,diagAgeCombo,Pt_A1cGoalLev,Pt_A1cGoalLevelDsYr5
7577,0.0,0.0,0.0,0.0,0.0,0.0,0.0,110.0,69.0,7.0,32.6,142.2,0.0,10,1.0,0.3987730061,0.0,0.0,0.0,0.0,17.0,0.0,0.0,0.0,7.0,0.0,7.0,0.0,0.0,5.0,-1.925,0.0,0.0,16.121981085,0.369432153,-0.333357678,0.0,9.0,0.0,0.0
7577,0.0,0.0,0.0,0.0,0.0,0.0,0.0,119.0,76.0,7.0,33.8,148.0,0.0,11,2.0,0.5917159763000001,98.0,101.0,209.0,48.0,0.0,0.0,0.0,0.0,7.0,0.0,6.6,0.0,0.0,0.0,12.481,0.0,0.0,15.430971512000001,0.1659938323,-0.970118026,0.0,9.0,6.5,0.0
7577,0.0,0.0,0.0,0.0,0.0,0.0,0.0,109.0,65.0,7.0,41.6,156.0,0.0,12,3.0,0.8894230769,100.0,95.0,0.0,56.0,0.0,3.7,20.0,0.0,7.0,1.16,7.0,0.0,0.0,0.0,26.689,0.0,0.0,17.094017094,0.34531042520000005,-0.398012665,0.0,9.0,0.0,0.0
7577,0.0,0.0,0.0,0.0,0.0,0.0,0.0,115.0,72.0,5.0,46.9,163.3,0.0,13,3.0,1.0021321962,104.0,94.0,0.0,37.0,0.0,2.8,21.0,5.0,0.0,0.95,7.2,0.0,0.0,4.0,35.784,0.0,0.0,17.587352706,0.331160489,-0.43671096200000004,0.0,9.0,0.0,0.0
7577,0.0,0.0,0.0,0.0,0.0,0.0,0.0,112.0,67.0,6.0,54.6,168.0,0.0,14,4.0,1.4468864469,104.0,94.0,0.0,37.0,0.0,2.8,33.0,0.0,6.0,0.95,6.8,0.0,0.0,5.0,45.743,0.0,0.0,19.345238095,0.5024169990999999,0.0060585554,0.0,9.0,0.0,0.0
7577,0.0,0.0,0.0,0.0,0.0,0.0,0.0,115.0,76.0,6.0,61.5,170.5,0.0,15,6.0,0.8780487805,89.0,89.0,0.0,44.0,0.0,2.8,26.0,6.0,0.0,0.66,7.7,0.0,0.0,5.0,61.544,0.0,0.0,21.155648816,0.6480122109,0.3799593662,0.0,9.0,0.0,0.0
