PtID,Pt_CGMUseNumDays,Pt_FatherT1D,Pt_MotherT1D,Pt_SiblingT1D,Pt_ChildT1D,Pt_GrandchildT1D,Pt_GrandparentT1D,BldPrSys,BldPrDia,SMBGperDayPtMeterCombo,WeightKg,HeightCm,DirectLDL,age,diabDur,TotalDailyInsPerKg,LDL,HDL,TotChol,Triglyc,BUN,AlbCreatRat_mggNew,UnitsInsBasalOrLongAct,BGTestAvgNumMeter,BGTestAvgNumPtRep,TSH,HbA1c,AutonomicNeuroCl,Pt_InsGov,NumPumpBolusOrShortAct,HbA1cImputeDtMnC,Pt_SHFlg,Pt_DKAFlg,bmi,bmiPerc,bmiZscore,GFR,diagAgeCombo,Pt_A1cGoalLev,Pt_A1cGoalLevelDsYr5
7588,0.0,0.0,0.0,0.0,0.0,0.0,0.0,112.0,69.0,6.0,46.5,154.0,0.0,11,6.0,0.8817204301,0.0,0.0,0.0,0.0,27.0,0.0,0.0,0.0,6.0,0.0,6.9,0.0,0.0,4.0,-3.0210000000000004,0.0,0.0,19.60701636,0.8120202062,0.8853653996999999,0.0,5.0,0.0,0.0
7588,0.0,0.0,0.0,0.0,0.0,0.0,0.0,115.0,70.0,6.0,52.8,160.5,0.0,12,7.0,0.7007575758,0.0,0.0,0.0,0.0,0.0,39.0,0.0,0.0,6.0,0.0,7.5,0.0,0.0,0.0,13.145,0.0,0.0,20.49669549,0.8191856292,0.9122659356999999,0.0,5.0,8.0,0.0
7588,0.0,0.0,0.0,0.0,0.0,0.0,0.0,117.0,68.0,6.0,59.5,164.7,0.0,13,8.0,0.7899159664000001,0.0,0.0,181.0,0.0,0.0,3.0,13.0,6.0,0.0,1.53,7.2,0.0,0.0,0.0,23.303,0.0,0.0,21.934602444,0.8562021325,1.0634107164,0.0,5.0,0.0,0.0
7588,0.0,0.0,0.0,0.0,0.0,0.0,0.0,110.0,58.0,0.0,65.3,170.6,0.0,14,8.0,0.6431852986,0.0,0.0,0.0,0.0,0.0,3.0,13.0,0.0,0.0,0.0,7.8,0.0,0.0,0.0,32.564,0.0,0.0,22.436500923,0.8395015554999999,0.9924113817,0.0,5.0,0.0,0.0
7588,0.0,0.0,0.0,0.0,0.0,0.0,0.0,116.0,68.0,0.0,69.5,175.5,0.0,15,9.0,0.8776978417,108.0,76.0,197.0,67.0,0.0,41.0,16.0,0.0,0.0,0.0,6.9,0.0,0.0,0.0,42.788000000000004,0.0,0.0,22.564751909,0.7983961277,0.8359060748999999,0.0,5.0,0.0,0.0
7588,0.0,0.0,0.0,0.0,0.0,0.0,0.0,117.0,62.0,8.0,76.9,176.8,0.0,16,10.0,0.7802340701999999,66.0,62.0,0.0,0.0,0.0,0.0,16.0,0.0,8.0,1.48,6.9,0.0,0.0,7.0,52.747,0.0,0.0,24.601513073000003,0.8701332862000001,1.1270214133,0.0,5.0,0.0,0.0
7588,0.0,0.0,0.0,0.0,0.0,0.0,0.0,126.0,69.0,10.0,79.8,178.9,0.0,17,11.0,0.8395989975,0.0,0.0,0.0,0.0,0.0,0.0,18.0,0.0,10.0,0.0,6.7,0.0,0.0,8.0,64.664,0.0,0.0,24.933440524,0.8510187383,1.0408126167,0.0,5.0,0.0,0.0
7588,0.0,0.0,0.0,0.0,0.0,0.0,0.0,142.0,82.0,8.0,84.0,178.3,0.0,18,12.0,0.7142857143000001,0.0,0.0,0.0,0.0,15.0,0.0,20.0,0.0,8.0,1.34,7.4,0.0,0.0,7.0,77.079,0.0,0.0,26.422663851,0.8855697926999999,1.2032995723,0.0,5.0,0.0,0.0
