PtID,Pt_CGMUseNumDays,Pt_FatherT1D,Pt_MotherT1D,Pt_SiblingT1D,Pt_ChildT1D,Pt_GrandchildT1D,Pt_GrandparentT1D,BldPrSys,BldPrDia,SMBGperDayPtMeterCombo,WeightKg,HeightCm,DirectLDL,age,diabDur,TotalDailyInsPerKg,LDL,HDL,TotChol,Triglyc,BUN,AlbCreatRat_mggNew,UnitsInsBasalOrLongAct,BGTestAvgNumMeter,BGTestAvgNumPtRep,TSH,HbA1c,AutonomicNeuroCl,Pt_InsGov,NumPumpBolusOrShortAct,HbA1cImputeDtMnC,Pt_SHFlg,Pt_DKAFlg,bmi,bmiPerc,bmiZscore,GFR,diagAgeCombo,Pt_A1cGoalLev,Pt_A1cGoalLevelDsYr5
7592,0.0,0.0,0.0,0.0,0.0,0.0,0.0,114.0,67.0,6.0,65.9,159.5,0.0,16,0.0,0.5462822458,0.0,0.0,0.0,0.0,21.0,0.0,0.0,0.0,6.0,0.0,9.1,0.0,0.0,0.0,-0.43200000000000005,0.0,0.0,25.903833491999997,0.8944757464,1.2506875153,0.0,15.0,0.0,0.0
7592,0.0,0.0,0.0,0.0,0.0,0.0,0.0,119.0,72.0,1.0,68.6,160.8,0.0,17,1.0,0.0,69.0,63.0,0.0,83.0,11.0,3.7,0.0,0.0,1.0,0.0,9.9,0.0,0.0,0.0,17.692999999999998,0.0,0.0,26.5309027,0.8955703843,1.2567084386,0.0,15.0,8.5,0.0
7592,0.0,0.0,0.0,0.0,0.0,0.0,0.0,115.0,71.0,1.0,73.8,161.4,0.0,19,3.0,0.0,74.0,58.0,0.0,66.0,13.0,0.0,30.0,0.0,1.0,2.35,10.9,0.0,0.0,0.0,41.992,0.0,0.0,28.330177858000003,0.9128470594,1.3584974813,0.0,15.0,0.0,0.0
7592,0.0,0.0,0.0,0.0,0.0,0.0,0.0,113.0,73.0,1.0,70.3,160.3,0.0,20,4.0,0.0,71.0,66.0,0.0,49.0,12.0,0.0,34.0,0.0,1.0,1.57,10.2,0.0,0.0,0.0,53.07899999999999,0.0,0.0,27.358247889,0.8786439846999999,0.075273172,0.0,15.0,0.0,0.0
7592,0.0,0.0,0.0,0.0,0.0,0.0,0.0,121.0,63.0,1.0,68.7,160.9,0.0,21,5.0,0.0,69.0,57.0,0.0,109.0,15.0,0.0,28.0,0.0,1.0,2.63,9.8,0.0,0.0,0.0,64.232,0.0,0.0,26.536561549,0.0,-0.035521581,0.0,15.0,0.0,0.0
