PtID,Pt_CGMUseNumDays,Pt_FatherT1D,Pt_MotherT1D,Pt_SiblingT1D,Pt_ChildT1D,Pt_GrandchildT1D,Pt_GrandparentT1D,BldPrSys,BldPrDia,SMBGperDayPtMeterCombo,WeightKg,HeightCm,DirectLDL,age,diabDur,TotalDailyInsPerKg,LDL,HDL,TotChol,Triglyc,BUN,AlbCreatRat_mggNew,UnitsInsBasalOrLongAct,BGTestAvgNumMeter,BGTestAvgNumPtRep,TSH,HbA1c,AutonomicNeuroCl,Pt_InsGov,NumPumpBolusOrShortAct,HbA1cImputeDtMnC,Pt_SHFlg,Pt_DKAFlg,bmi,bmiPerc,bmiZscore,GFR,diagAgeCombo,Pt_A1cGoalLev,Pt_A1cGoalLevelDsYr5
7593,0.0,0.0,0.0,0.0,0.0,0.0,0.0,108.0,62.0,5.0,38.5,138.1,1.0,9,5.0,0.8571428570999999,94.0,35.0,146.0,83.0,0.0,8.0,0.0,0.0,5.0,0.0,8.8,0.0,1.0,0.0,0.066,0.0,0.0,20.187073876,0.9284085508,1.4640404431,0.0,4.0,0.0,0.0
7593,0.0,0.0,0.0,0.0,0.0,0.0,0.0,105.0,69.0,5.0,45.8,146.1,0.0,11,6.0,0.480349345,0.0,0.0,0.0,0.0,0.0,9.0,0.0,0.0,5.0,0.0,8.2,0.0,1.0,0.0,18.29,0.0,0.0,21.456804595,0.9092177068,1.3359531517,0.0,4.0,7.9,0.0
7593,0.0,0.0,0.0,0.0,0.0,0.0,0.0,110.0,67.0,0.0,50.0,150.7,0.0,12,7.0,0.0,0.0,0.0,0.0,0.0,0.0,7.0,26.0,0.0,0.0,0.0,8.9,0.0,0.0,0.0,29.410999999999998,0.0,0.0,22.016257685,0.8971234108,1.2653296606,0.0,4.0,0.0,0.0
7593,0.0,0.0,0.0,0.0,0.0,0.0,0.0,118.0,59.0,3.0,55.7,158.8,1.0,13,8.0,0.0,66.0,39.0,136.0,155.0,0.0,7.0,30.0,3.0,0.0,1.6869999999999998,9.0,0.0,0.0,0.0,38.473,0.0,0.0,22.087888382,0.8638524740000001,1.0977926264,0.0,4.0,0.0,0.0
7593,0.0,0.0,0.0,0.0,0.0,0.0,0.0,119.0,54.0,0.0,65.5,164.1,0.0,13,9.0,0.0,0.0,0.0,0.0,0.0,0.0,7.0,42.0,0.0,0.0,0.0,8.3,0.0,0.0,0.0,48.56399999999999,0.0,0.0,24.323391936,0.9358156329,1.5205661999000002,0.0,4.0,0.0,0.0
7593,0.0,0.0,0.0,0.0,0.0,0.0,0.0,125.0,50.0,4.0,78.4,170.1,0.0,14,10.0,0.0,0.0,0.0,0.0,0.0,0.0,0.0,43.0,0.0,4.0,0.0,8.3,0.0,1.0,0.0,59.685,0.0,0.0,27.096140493000004,0.9632899285,1.7902100940999999,0.0,4.0,0.0,0.0
7593,0.0,0.0,0.0,0.0,0.0,0.0,0.0,134.0,70.0,0.0,84.4,173.2,0.0,15,11.0,0.0,0.0,0.0,0.0,0.0,0.0,0.0,43.0,0.0,0.0,1.5590000000000002,8.6,0.0,0.0,0.0,69.046,0.0,0.0,28.134983919,0.965893555,1.8235978628999998,0.0,4.0,0.0,0.0
7593,0.0,0.0,0.0,0.0,0.0,0.0,0.0,143.0,67.0,3.0,86.0,175.3,0.0,16,11.0,0.0,103.0,34.0,138.0,138.0,0.0,7.0,43.0,3.0,0.0,0.0,8.6,0.0,0.0,0.0,79.27,0.0,0.0,27.985599781999998,0.9563858262,1.7102029654,0.0,4.0,0.0,0.0
