PtID,Pt_CGMUseNumDays,Pt_FatherT1D,Pt_MotherT1D,Pt_SiblingT1D,Pt_ChildT1D,Pt_GrandchildT1D,Pt_GrandparentT1D,BldPrSys,BldPrDia,SMBGperDayPtMeterCombo,WeightKg,HeightCm,DirectLDL,age,diabDur,TotalDailyInsPerKg,LDL,HDL,TotChol,Triglyc,BUN,AlbCreatRat_mggNew,UnitsInsBasalOrLongAct,BGTestAvgNumMeter,BGTestAvgNumPtRep,TSH,HbA1c,AutonomicNeuroCl,Pt_InsGov,NumPumpBolusOrShortAct,HbA1cImputeDtMnC,Pt_SHFlg,Pt_DKAFlg,bmi,bmiPerc,bmiZscore,GFR,diagAgeCombo,Pt_A1cGoalLev,Pt_A1cGoalLevelDsYr5
760,0.0,0.0,0.0,0.0,0.0,0.0,0.0,87.0,56.0,4.0,23.4,121.7,0.0,6,1.0,0.8547008547,0.0,0.0,0.0,0.0,12.0,0.0,0.0,4.0,5.0,0.0,8.0,0.0,0.0,0.0,0.23199999999999998,0.0,0.0,15.799185599000001,0.6490126038,0.3826560679,0.0,4.0,0.0,0.0
760,0.0,0.0,0.0,0.0,0.0,0.0,0.0,90.0,50.0,6.0,0.0,0.0,0.0,8,3.0,0.0,0.0,0.0,0.0,0.0,0.0,0.0,0.0,6.0,5.0,0.0,8.6,0.0,0.0,0.0,23.9,0.0,0.0,0.0,0.0,0.0,0.0,4.0,7.0,0.0
760,0.0,0.0,0.0,0.0,0.0,0.0,0.0,106.0,60.0,6.0,32.0,138.0,0.0,9,4.0,0.9375,0.0,0.0,0.0,0.0,0.0,6.0,23.0,6.0,6.0,0.0,8.1,0.0,0.0,0.0,34.357,0.0,0.0,16.803192607,0.5936136771,0.23685066359999998,0.0,4.0,0.0,0.0
760,0.0,0.0,0.0,0.0,0.0,0.0,0.0,109.0,57.0,6.0,34.9,144.0,0.0,10,5.0,0.8022922635999999,78.0,56.0,149.0,77.0,0.0,6.0,13.0,6.0,8.0,1.69,7.7,0.0,0.0,7.0,44.813,0.0,0.0,16.830632716,0.4987232264,-0.003200402,0.0,4.0,0.0,0.0
760,0.0,0.0,0.0,0.0,0.0,0.0,0.0,105.0,64.0,10.0,37.3,149.0,0.0,11,6.0,0.8042895442,0.0,0.0,0.0,0.0,0.0,6.0,14.0,0.0,10.0,0.0,7.4,0.0,0.0,0.0,55.967,0.0,0.0,16.801044998,0.3930344563,-0.271418841,0.0,4.0,0.0,0.0
760,0.0,0.0,0.0,0.0,0.0,0.0,0.0,103.0,57.0,8.0,48.4,157.0,0.0,12,8.0,1.0950413223,96.0,49.0,165.0,98.0,13.0,0.0,23.0,8.0,0.0,3.98,8.3,0.0,0.0,0.0,76.183,0.0,0.0,19.635685018,0.6968742141,0.5154314334000001,0.0,4.0,0.0,0.0
