PtID,Pt_CGMUseNumDays,Pt_FatherT1D,Pt_MotherT1D,Pt_SiblingT1D,Pt_ChildT1D,Pt_GrandchildT1D,Pt_GrandparentT1D,BldPrSys,BldPrDia,SMBGperDayPtMeterCombo,WeightKg,HeightCm,DirectLDL,age,diabDur,TotalDailyInsPerKg,LDL,HDL,TotChol,Triglyc,BUN,AlbCreatRat_mggNew,UnitsInsBasalOrLongAct,BGTestAvgNumMeter,BGTestAvgNumPtRep,TSH,HbA1c,AutonomicNeuroCl,Pt_InsGov,NumPumpBolusOrShortAct,HbA1cImputeDtMnC,Pt_SHFlg,Pt_DKAFlg,bmi,bmiPerc,bmiZscore,GFR,diagAgeCombo,Pt_A1cGoalLev,Pt_A1cGoalLevelDsYr5
7626,30.0,0.0,0.0,0.0,0.0,0.0,0.0,98.0,64.0,30.0,35.2,143.8,0.0,10,0.0,0.8806818181999999,0.0,0.0,0.0,0.0,0.0,0.0,0.0,30.0,3.0,0.0,7.9,0.0,0.0,10.0,0.0,0.0,0.0,17.022560696,0.5314029306,0.07879693900000001,0.0,10.0,0.0,0.0
7626,30.0,0.0,0.0,0.0,0.0,0.0,0.0,98.0,67.0,6.0,38.0,150.0,0.0,11,1.0,1.3157894737,75.0,62.0,145.0,42.0,0.0,4.1,0.0,0.0,6.0,0.0,7.0,0.0,0.0,4.0,10.49,0.0,0.0,16.888888889,0.408106243,-0.232419138,0.0,10.0,7.0,0.0
7626,0.0,0.0,0.0,0.0,0.0,0.0,0.0,93.0,60.0,7.0,45.4,155.9,0.0,12,2.0,0.8810572687,0.0,0.0,0.0,0.0,0.0,15.2,11.0,7.0,0.0,0.0,6.9,0.0,0.0,0.0,21.842,0.0,0.0,18.679430121,0.5850713417,0.21488456820000001,0.0,10.0,0.0,0.0
7626,0.0,0.0,0.0,0.0,0.0,0.0,0.0,96.0,61.0,12.0,49.2,161.1,0.0,13,2.0,1.2398373984,0.0,0.0,0.0,0.0,0.0,15.2,0.0,12.0,0.0,0.0,8.8,0.0,0.0,0.0,32.1,0.0,0.0,18.957192578,0.5342474576,0.0859513581,0.0,10.0,0.0,0.0
7626,0.0,0.0,0.0,0.0,0.0,0.0,0.0,101.0,67.0,8.0,55.9,166.0,0.0,13,3.0,1.4490161002000002,0.0,0.0,0.0,0.0,0.0,15.2,29.0,8.0,0.0,0.0,7.5,0.0,0.0,0.0,41.858999999999995,0.0,0.0,20.28596313,0.6902247539,0.4964875172,0.0,10.0,0.0,0.0
7626,0.0,0.0,0.0,0.0,0.0,0.0,0.0,98.0,63.0,5.0,63.0,169.7,0.0,14,4.0,1.1746031745999999,0.0,0.0,0.0,0.0,0.0,15.2,28.0,5.0,0.0,2.67,6.7,0.0,0.0,7.0,53.975,0.0,0.0,21.876450834,0.76622713,0.7264780808,0.0,10.0,0.0,0.0
7626,25.0,0.0,0.0,0.0,0.0,0.0,0.0,117.0,58.0,5.0,66.8,170.6,0.0,15,5.0,1.1437125749,0.0,0.0,0.0,0.0,0.0,15.2,29.0,5.0,4.0,0.0,8.6,0.0,0.0,7.0,63.43600000000001,0.0,0.0,22.951887620999997,0.7941211052,0.8208042284999999,0.0,10.0,0.0,0.0
