PtID,Pt_CGMUseNumDays,Pt_FatherT1D,Pt_MotherT1D,Pt_SiblingT1D,Pt_ChildT1D,Pt_GrandchildT1D,Pt_GrandparentT1D,BldPrSys,BldPrDia,SMBGperDayPtMeterCombo,WeightKg,HeightCm,DirectLDL,age,diabDur,TotalDailyInsPerKg,LDL,HDL,TotChol,Triglyc,BUN,AlbCreatRat_mggNew,UnitsInsBasalOrLongAct,BGTestAvgNumMeter,BGTestAvgNumPtRep,TSH,HbA1c,AutonomicNeuroCl,Pt_InsGov,NumPumpBolusOrShortAct,HbA1cImputeDtMnC,Pt_SHFlg,Pt_DKAFlg,bmi,bmiPerc,bmiZscore,GFR,diagAgeCombo,Pt_A1cGoalLev,Pt_A1cGoalLevelDsYr5
7628,0.0,0.0,0.0,0.0,0.0,0.0,0.0,100.0,56.0,4.0,42.1,151.1,0.0,11,1.0,0.6175771971,0.0,0.0,0.0,0.0,10.0,4.9,0.0,0.0,4.0,0.0,8.3,0.0,0.0,0.0,-0.23199999999999998,0.0,0.0,18.439670959,0.642672208,0.3656107075,0.0,10.0,0.0,0.0
7628,0.0,0.0,0.0,0.0,0.0,0.0,0.0,97.0,55.0,3.0,48.6,156.0,0.0,13,3.0,1.5226337449,81.0,65.0,0.0,38.0,17.0,1.0,0.0,3.0,4.0,0.0,11.3,0.0,0.0,0.0,25.593000000000004,0.0,0.0,19.970414201,0.657724454,0.40626065409999995,0.0,10.0,0.0,0.0
7628,0.0,0.0,0.0,0.0,0.0,0.0,0.0,111.0,63.0,0.0,58.0,156.2,0.0,15,5.0,0.0,84.0,60.0,0.0,188.0,14.0,18.0,45.0,0.0,0.0,2.15,9.7,0.0,0.0,0.0,43.452,0.0,0.0,23.772011653000003,0.8387549987999999,0.9893539385,0.0,10.0,0.0,0.0
7628,0.0,0.0,0.0,0.0,0.0,0.0,0.0,0.0,0.0,2.0,61.9,155.6,0.0,15,5.0,0.0,0.0,0.0,0.0,0.0,0.0,18.0,40.0,2.0,0.0,0.0,10.9,0.0,0.0,4.0,52.747,0.0,0.0,25.566510927,0.9036577718000001,1.30267876,0.0,10.0,0.0,0.0
7628,0.0,0.0,0.0,0.0,0.0,0.0,0.0,118.0,73.0,1.0,63.5,156.0,0.0,17,7.0,0.0,72.0,55.0,150.0,116.0,13.0,6.0,40.0,0.0,1.0,2.44,11.1,0.0,0.0,0.0,70.141,0.0,0.0,26.093030901,0.8828011525,1.1891066677,0.0,10.0,0.0,0.0
