PtID,Pt_CGMUseNumDays,Pt_FatherT1D,Pt_MotherT1D,Pt_SiblingT1D,Pt_ChildT1D,Pt_GrandchildT1D,Pt_GrandparentT1D,BldPrSys,BldPrDia,SMBGperDayPtMeterCombo,WeightKg,HeightCm,DirectLDL,age,diabDur,TotalDailyInsPerKg,LDL,HDL,TotChol,Triglyc,BUN,AlbCreatRat_mggNew,UnitsInsBasalOrLongAct,BGTestAvgNumMeter,BGTestAvgNumPtRep,TSH,HbA1c,AutonomicNeuroCl,Pt_InsGov,NumPumpBolusOrShortAct,HbA1cImputeDtMnC,Pt_SHFlg,Pt_DKAFlg,bmi,bmiPerc,bmiZscore,GFR,diagAgeCombo,Pt_A1cGoalLev,Pt_A1cGoalLevelDsYr5
764,0.0,1.0,0.0,0.0,0.0,0.0,0.0,119.0,73.0,2.0,82.6,176.4,0.0,18,11.0,1.0895883777,0.0,32.0,112.0,79.0,0.0,3.0,0.0,2.0,3.0,0.0,6.9,0.0,0.0,0.0,0.0,0.0,0.0,26.545009538000002,0.8902155965,1.2276755003,0.0,7.0,0.0,0.0
764,0.0,1.0,0.0,0.0,0.0,0.0,0.0,113.0,69.0,3.0,91.1,177.7,0.0,20,13.0,0.9110867179000001,63.0,34.0,108.0,56.0,0.0,4.0,0.0,3.0,3.0,0.0,7.1,0.0,0.0,0.0,21.444000000000003,0.0,0.0,28.849847469,0.9160025562,0.4437715721,0.0,7.0,7.0,0.0
764,0.0,0.0,0.0,0.0,0.0,0.0,0.0,119.0,73.0,3.0,95.1,174.0,0.0,21,14.0,0.0,0.0,0.0,0.0,0.0,0.0,0.0,38.0,0.0,3.0,0.0,7.0,0.0,0.0,0.0,33.295,0.0,0.0,31.411018629,0.0,0.9489502417,0.0,7.0,0.0,0.0
764,0.0,0.0,0.0,0.0,0.0,0.0,0.0,123.0,81.0,3.0,107.1,175.0,0.0,23,15.0,0.0,0.0,0.0,0.0,0.0,0.0,0.0,37.0,3.0,0.0,0.0,7.7,0.0,0.0,0.0,52.581,0.0,0.0,34.971428571,0.0,1.6512239463999998,0.0,7.0,0.0,0.0
