PtID,Pt_CGMUseNumDays,Pt_FatherT1D,Pt_MotherT1D,Pt_SiblingT1D,Pt_ChildT1D,Pt_GrandchildT1D,Pt_GrandparentT1D,BldPrSys,BldPrDia,SMBGperDayPtMeterCombo,WeightKg,HeightCm,DirectLDL,age,diabDur,TotalDailyInsPerKg,LDL,HDL,TotChol,Triglyc,BUN,AlbCreatRat_mggNew,UnitsInsBasalOrLongAct,BGTestAvgNumMeter,BGTestAvgNumPtRep,TSH,HbA1c,AutonomicNeuroCl,Pt_InsGov,NumPumpBolusOrShortAct,HbA1cImputeDtMnC,Pt_SHFlg,Pt_DKAFlg,bmi,bmiPerc,bmiZscore,GFR,diagAgeCombo,Pt_A1cGoalLev,Pt_A1cGoalLevelDsYr5
7651,0.0,0.0,0.0,0.0,0.0,0.0,0.0,120.0,64.0,3.0,0.0,0.0,0.0,50,13.0,0.0,100.0,91.0,202.0,56.0,11.0,77.3,0.0,3.0,5.0,0.0,9.6,0.0,0.0,0.0,-0.43200000000000005,0.0,0.0,0.0,0.0,0.0,0.0,37.0,0.0,0.0
7651,0.0,0.0,0.0,0.0,0.0,0.0,0.0,130.0,68.0,3.0,0.0,0.0,0.0,52,15.0,0.0,92.0,82.0,0.0,93.0,16.0,5.4,28.0,3.0,0.0,0.807,9.8,0.0,0.0,3.0,19.983,0.0,0.0,0.0,0.0,0.0,0.0,37.0,0.0,0.0
7651,0.0,0.0,0.0,0.0,0.0,0.0,0.0,115.0,56.0,5.0,56.69904625,165.1,0.0,53,16.0,0.7054792390000001,97.0,83.0,193.0,63.0,8.0,5.4,22.0,5.0,0.0,0.649,9.7,0.0,0.0,3.0,31.9,0.0,0.0,20.800875137000002,0.0,-0.863734577,0.0,37.0,0.0,0.0
7651,0.0,0.0,0.0,0.0,0.0,0.0,0.0,118.0,64.0,5.0,0.0,0.0,0.0,54,17.0,0.0,63.0,74.0,0.0,75.0,11.0,13.0,22.0,5.0,0.0,1.112,8.3,0.0,0.0,0.0,45.544,0.0,0.0,0.0,0.0,0.0,0.0,37.0,0.0,0.0
7651,0.0,0.0,0.0,0.0,0.0,0.0,0.0,127.0,59.0,0.0,58.51341573,165.1,0.0,55,18.0,0.0,0.0,0.0,0.0,0.0,14.0,9.9,0.0,0.0,0.0,1.433,8.4,0.0,0.0,0.0,55.934,0.0,0.0,21.466503142,0.0,-0.795283884,0.0,37.0,0.0,0.0
7651,0.0,0.0,0.0,0.0,0.0,0.0,0.0,131.0,60.0,2.0,0.0,0.0,0.0,56,19.0,0.0,97.0,72.0,180.0,55.0,15.0,9.9,0.0,2.0,0.0,1.67,7.8,0.0,0.0,0.0,66.722,0.0,0.0,0.0,0.0,0.0,0.0,37.0,0.0,0.0
