PtID,Pt_CGMUseNumDays,Pt_FatherT1D,Pt_MotherT1D,Pt_SiblingT1D,Pt_ChildT1D,Pt_GrandchildT1D,Pt_GrandparentT1D,BldPrSys,BldPrDia,SMBGperDayPtMeterCombo,WeightKg,HeightCm,DirectLDL,age,diabDur,TotalDailyInsPerKg,LDL,HDL,TotChol,Triglyc,BUN,AlbCreatRat_mggNew,UnitsInsBasalOrLongAct,BGTestAvgNumMeter,BGTestAvgNumPtRep,TSH,HbA1c,AutonomicNeuroCl,Pt_InsGov,NumPumpBolusOrShortAct,HbA1cImputeDtMnC,Pt_SHFlg,Pt_DKAFlg,bmi,bmiPerc,bmiZscore,GFR,diagAgeCombo,Pt_A1cGoalLev,Pt_A1cGoalLevelDsYr5
7669,0.0,1.0,0.0,0.0,0.0,0.0,0.0,110.0,70.0,4.0,73.6,165.3,0.0,18,7.0,0.7336956522,98.0,42.0,191.0,253.0,0.0,9.0,0.0,4.0,6.0,0.0,6.4,0.0,0.0,0.0,-5.343999999999999,0.0,0.0,26.935938214,0.892304718,1.2388783191,0.0,11.0,0.0,0.0
7669,0.0,1.0,0.0,0.0,0.0,0.0,0.0,120.0,80.0,5.0,80.0,166.8,0.0,20,8.0,0.875,121.0,47.0,121.0,280.0,0.0,3.0,0.0,5.0,5.0,0.0,6.6,0.0,0.0,0.0,12.714,0.0,0.0,28.753975237,0.9110079038,0.263470614,0.0,11.0,6.0,0.0
7669,0.0,0.0,0.0,0.0,0.0,0.0,0.0,121.0,81.0,6.0,81.9,168.2,0.0,21,9.0,0.0,70.0,37.0,186.0,396.0,12.0,0.0,24.0,6.0,0.0,2.61,6.7,0.0,0.0,0.0,31.336,0.0,0.0,28.948890186999996,0.0,0.2897526059,98.0,11.0,0.0,0.0
7669,0.0,0.0,0.0,0.0,0.0,0.0,0.0,133.0,81.0,6.0,80.1,166.0,0.0,21,9.0,0.0,0.0,0.0,0.0,0.0,0.0,0.0,23.0,6.0,0.0,0.0,7.1,0.0,0.0,0.0,34.821999999999996,0.0,0.0,29.068079546999996,0.0,0.3058238915,0.0,11.0,0.0,0.0
