PtID,Pt_CGMUseNumDays,Pt_FatherT1D,Pt_MotherT1D,Pt_SiblingT1D,Pt_ChildT1D,Pt_GrandchildT1D,Pt_GrandparentT1D,BldPrSys,BldPrDia,SMBGperDayPtMeterCombo,WeightKg,HeightCm,DirectLDL,age,diabDur,TotalDailyInsPerKg,LDL,HDL,TotChol,Triglyc,BUN,AlbCreatRat_mggNew,UnitsInsBasalOrLongAct,BGTestAvgNumMeter,BGTestAvgNumPtRep,TSH,HbA1c,AutonomicNeuroCl,Pt_InsGov,NumPumpBolusOrShortAct,HbA1cImputeDtMnC,Pt_SHFlg,Pt_DKAFlg,bmi,bmiPerc,bmiZscore,GFR,diagAgeCombo,Pt_A1cGoalLev,Pt_A1cGoalLevelDsYr5
7690,0.0,0.0,0.0,0.0,0.0,0.0,0.0,85.0,53.0,9.0,18.1436948,109.8,0.0,4,0.0,0.5511556555,0.0,0.0,0.0,0.0,15.0,0.0,0.0,0.0,9.0,0.0,6.6,0.0,0.0,0.0,0.0,0.0,0.0,15.049464667,0.2896774246,-0.554327331,0.0,4.0,0.0,0.0
7690,0.0,0.0,0.0,0.0,0.0,0.0,0.0,114.0,69.0,6.0,22.1,121.5,0.0,6,2.0,0.0,0.0,0.0,0.0,0.0,0.0,0.0,0.0,6.0,10.0,0.0,6.7,0.0,0.0,0.0,20.614,0.0,0.0,14.970617622999999,0.3661219659,-0.34214213200000004,0.0,4.0,0.0,0.0
7690,0.0,0.0,0.0,0.0,0.0,0.0,0.0,88.0,55.0,10.0,23.5,128.8,0.0,7,3.0,0.8085106383,0.0,0.0,153.0,0.0,0.0,5.8,8.0,0.0,10.0,1.01,6.9,0.0,0.0,0.0,31.834,0.0,0.0,14.165637900000002,0.125384999,-1.148481131,0.0,4.0,0.0,0.0
7690,0.0,0.0,0.0,0.0,0.0,0.0,0.0,106.0,61.0,10.0,27.8,134.0,0.0,8,4.0,0.8273381295000001,0.0,0.0,0.0,0.0,7.0,5.8,9.0,10.0,0.0,0.0,7.0,0.0,0.0,0.0,43.685,0.0,0.0,15.482290042,0.4263503983,-0.185673518,0.0,4.0,0.0,0.0
7690,0.0,0.0,0.0,0.0,0.0,0.0,0.0,96.0,68.0,12.0,32.7,142.3,0.0,9,5.0,0.9785932722,0.0,0.0,0.0,0.0,0.0,16.0,13.0,12.0,0.0,0.97,6.9,0.0,0.0,0.0,56.398,0.0,0.0,16.14871435,0.4999024833,-0.000244438,0.0,4.0,0.0,0.0
7690,0.0,0.0,0.0,0.0,0.0,0.0,0.0,115.0,69.0,4.0,35.2,146.0,0.0,10,5.0,0.9375,0.0,0.0,0.0,0.0,0.0,16.0,14.0,4.0,10.0,0.0,7.1,0.0,0.0,0.0,63.668,0.0,0.0,16.513417151,0.47745329090000005,-0.056546338,0.0,4.0,0.0,0.0
7690,0.0,0.0,0.0,0.0,0.0,0.0,0.0,113.0,62.0,7.0,40.9,149.0,0.0,10,6.0,0.9584352078,73.0,60.0,145.0,62.0,0.0,16.0,16.4,7.0,9.0,0.8190000000000001,6.5,0.0,0.0,0.0,72.96300000000001,0.0,0.0,18.422593577,0.7721578284,0.7459719773000001,0.0,4.0,0.0,0.0
