PtID,Pt_CGMUseNumDays,Pt_FatherT1D,Pt_MotherT1D,Pt_SiblingT1D,Pt_ChildT1D,Pt_GrandchildT1D,Pt_GrandparentT1D,BldPrSys,BldPrDia,SMBGperDayPtMeterCombo,WeightKg,HeightCm,DirectLDL,age,diabDur,TotalDailyInsPerKg,LDL,HDL,TotChol,Triglyc,BUN,AlbCreatRat_mggNew,UnitsInsBasalOrLongAct,BGTestAvgNumMeter,BGTestAvgNumPtRep,TSH,HbA1c,AutonomicNeuroCl,Pt_InsGov,NumPumpBolusOrShortAct,HbA1cImputeDtMnC,Pt_SHFlg,Pt_DKAFlg,bmi,bmiPerc,bmiZscore,GFR,diagAgeCombo,Pt_A1cGoalLev,Pt_A1cGoalLevelDsYr5
7710,0.0,0.0,0.0,0.0,0.0,0.0,0.0,110.0,77.0,3.0,25.1,124.0,0.0,7,1.0,0.8764940239,0.0,0.0,0.0,0.0,8.0,0.0,0.0,3.0,5.0,0.0,9.5,0.0,1.0,0.0,0.0,0.0,1.0,16.324141519,0.6877687494,0.48953567909999995,0.0,5.0,0.0,0.0
7710,0.0,0.0,0.0,0.0,0.0,0.0,0.0,109.0,71.0,3.0,28.8,128.8,0.0,8,2.0,0.8333333333,0.0,0.0,0.0,0.0,0.0,0.0,0.0,3.0,4.0,0.0,11.1,0.0,1.0,0.0,11.154000000000002,0.0,0.0,17.360441340999998,0.7614994681999999,0.7111342243000001,0.0,5.0,0.0,0.0
7710,0.0,0.0,0.0,0.0,0.0,0.0,0.0,116.0,69.0,2.0,37.2,142.6,0.0,10,4.0,0.0,0.0,0.0,0.0,0.0,0.0,23.0,14.0,2.0,3.0,0.0,12.3,0.0,0.0,0.0,32.564,0.0,0.0,18.293798402,0.7105198543000001,0.5549040504,0.0,5.0,0.0,0.0
7710,0.0,0.0,0.0,0.0,0.0,0.0,0.0,115.0,68.0,1.0,41.7,146.2,0.0,11,5.0,0.0,0.0,0.0,0.0,0.0,0.0,23.0,0.0,1.0,0.0,0.0,11.1,0.0,0.0,0.0,39.27,0.0,0.0,19.50928305,0.7569294203,0.6964594243000001,0.0,5.0,0.0,0.0
