PtID,Pt_CGMUseNumDays,Pt_FatherT1D,Pt_MotherT1D,Pt_SiblingT1D,Pt_ChildT1D,Pt_GrandchildT1D,Pt_GrandparentT1D,BldPrSys,BldPrDia,SMBGperDayPtMeterCombo,WeightKg,HeightCm,DirectLDL,age,diabDur,TotalDailyInsPerKg,LDL,HDL,TotChol,Triglyc,BUN,AlbCreatRat_mggNew,UnitsInsBasalOrLongAct,BGTestAvgNumMeter,BGTestAvgNumPtRep,TSH,HbA1c,AutonomicNeuroCl,Pt_InsGov,NumPumpBolusOrShortAct,HbA1cImputeDtMnC,Pt_SHFlg,Pt_DKAFlg,bmi,bmiPerc,bmiZscore,GFR,diagAgeCombo,Pt_A1cGoalLev,Pt_A1cGoalLevelDsYr5
7728,0.0,0.0,0.0,0.0,0.0,0.0,1.0,103.0,61.0,6.0,0.0,0.0,0.0,7,0.0,0.0,0.0,0.0,0.0,0.0,11.0,0.0,0.0,0.0,6.0,0.0,10.9,0.0,0.0,0.0,-0.166,0.0,0.0,0.0,0.0,0.0,0.0,7.0,0.0,0.0
7728,0.0,0.0,0.0,0.0,0.0,0.0,1.0,111.0,60.0,9.0,33.2,130.1,0.0,9,1.0,0.8734939759,0.0,0.0,0.0,0.0,0.0,0.0,0.0,9.0,2.0,0.0,6.8,0.0,1.0,0.0,12.614,0.0,0.0,19.61478222,0.8808472138,1.1792325895,0.0,7.0,5.9,0.0
7728,0.0,0.0,0.0,0.0,0.0,0.0,0.0,123.0,68.0,7.0,40.6,136.7,0.0,10,2.0,1.1822660099,0.0,0.0,0.0,0.0,0.0,25.1,0.0,7.0,0.0,1.68,6.5,0.0,0.0,0.0,24.697,0.0,0.0,21.726461707,0.9237365801999999,1.4306629393999999,0.0,7.0,0.0,0.0
7728,0.0,0.0,0.0,0.0,0.0,0.0,0.0,113.0,56.0,5.0,43.5,142.3,0.0,10,2.0,1.6551724138,0.0,0.0,0.0,0.0,0.0,25.1,0.0,5.0,0.0,0.0,7.7,0.0,0.0,0.0,35.154,0.0,0.0,21.482234685999998,0.9166083690000001,1.3826139737,0.0,7.0,0.0,0.0
7728,0.0,0.0,0.0,0.0,0.0,0.0,0.0,124.0,78.0,4.0,50.2,149.2,0.0,12,4.0,1.6533864541999999,0.0,0.0,0.0,0.0,15.0,25.1,32.0,4.0,0.0,0.0,8.2,0.0,0.0,0.0,49.095,0.0,0.0,22.551013806999997,0.8866786634,1.2090525079999999,0.0,7.0,0.0,0.0
7728,30.0,0.0,0.0,0.0,0.0,0.0,0.0,138.0,63.0,2.0,68.4,156.9,0.0,13,5.0,1.7105263158000001,81.0,57.0,173.0,174.0,0.0,8.1,40.0,2.0,4.0,1.16,8.4,0.0,0.0,0.0,66.29,0.0,0.0,27.784988063000004,0.9662351626000001,1.8281324575,0.0,7.0,0.0,0.0
