PtID,Pt_CGMUseNumDays,Pt_FatherT1D,Pt_MotherT1D,Pt_SiblingT1D,Pt_ChildT1D,Pt_GrandchildT1D,Pt_GrandparentT1D,BldPrSys,BldPrDia,SMBGperDayPtMeterCombo,WeightKg,HeightCm,DirectLDL,age,diabDur,TotalDailyInsPerKg,LDL,HDL,TotChol,Triglyc,BUN,AlbCreatRat_mggNew,UnitsInsBasalOrLongAct,BGTestAvgNumMeter,BGTestAvgNumPtRep,TSH,HbA1c,AutonomicNeuroCl,Pt_InsGov,NumPumpBolusOrShortAct,HbA1cImputeDtMnC,Pt_SHFlg,Pt_DKAFlg,bmi,bmiPerc,bmiZscore,GFR,diagAgeCombo,Pt_A1cGoalLev,Pt_A1cGoalLevelDsYr5
7748,30.0,0.0,0.0,0.0,0.0,0.0,0.0,127.0,85.0,5.0,85.3,161.0,0.0,57,4.0,0.35169988280000003,96.0,74.0,188.0,0.0,0.0,0.0,0.0,5.0,5.0,0.0,6.6,0.0,0.0,4.0,0.0,0.0,0.0,32.907681030999996,0.0,0.38128404579999997,0.0,52.0,0.0,0.0
7748,30.0,0.0,0.0,0.0,0.0,0.0,0.0,129.0,83.0,5.0,85.6,159.5,1.0,58,5.0,0.3971962617,104.0,79.0,188.0,0.0,8.0,0.0,0.0,0.0,5.0,0.0,6.3,0.0,0.0,0.0,13.245,0.0,0.0,33.647468087,0.0,0.4573609789,0.0,52.0,6.0,0.0
7748,0.0,0.0,0.0,0.0,0.0,0.0,0.0,112.0,56.0,5.0,86.5,159.4,1.0,59,6.0,0.0,101.0,82.0,194.0,0.0,0.0,6.3,0.0,5.0,5.0,3.35,6.2,0.0,0.0,0.0,25.162,0.0,0.0,34.043913106,0.0,0.4981299014,0.0,52.0,0.0,0.0
7748,0.0,0.0,0.0,0.0,0.0,0.0,0.0,112.0,72.0,6.0,87.3,160.0,1.0,60,7.0,0.2749140893,114.0,74.0,184.0,0.0,21.0,0.0,11.0,6.0,0.0,4.22,6.8,0.0,0.0,3.0,38.44,0.0,0.0,34.1015625,0.0,0.5592110975,0.0,52.0,0.0,0.0
7748,0.0,0.0,0.0,0.0,0.0,0.0,0.0,107.0,77.0,5.0,88.8,160.0,1.0,61,9.0,0.3153153153,116.0,84.0,199.0,0.0,17.0,0.0,13.0,5.0,0.0,5.38,6.7,0.0,0.0,0.0,53.809,0.0,0.0,34.6875,0.0,0.6319997686,0.0,52.0,0.0,0.0
7748,30.0,0.0,0.0,0.0,0.0,0.0,0.0,110.0,80.0,5.0,90.4,160.0,0.0,62,10.0,0.31526548670000004,104.0,68.0,0.0,49.0,14.0,0.0,13.5,0.0,5.0,1.75,6.5,0.0,0.0,5.0,65.56,0.0,0.0,35.3125,0.0,0.7096410179000001,0.0,52.0,0.0,0.0
