PtID,Pt_CGMUseNumDays,Pt_FatherT1D,Pt_MotherT1D,Pt_SiblingT1D,Pt_ChildT1D,Pt_GrandchildT1D,Pt_GrandparentT1D,BldPrSys,BldPrDia,SMBGperDayPtMeterCombo,WeightKg,HeightCm,DirectLDL,age,diabDur,TotalDailyInsPerKg,LDL,HDL,TotChol,Triglyc,BUN,AlbCreatRat_mggNew,UnitsInsBasalOrLongAct,BGTestAvgNumMeter,BGTestAvgNumPtRep,TSH,HbA1c,AutonomicNeuroCl,Pt_InsGov,NumPumpBolusOrShortAct,HbA1cImputeDtMnC,Pt_SHFlg,Pt_DKAFlg,bmi,bmiPerc,bmiZscore,GFR,diagAgeCombo,Pt_A1cGoalLev,Pt_A1cGoalLevelDsYr5
7783,0.0,0.0,0.0,0.0,0.0,0.0,0.0,131.0,55.0,6.0,69.5,168.9,0.0,14,8.0,0.8489208632999999,93.0,62.0,179.0,121.0,9.0,6.0,0.0,0.0,6.0,0.0,7.7,0.0,0.0,4.0,-3.054,0.0,0.0,24.36270494,0.8903482407,1.2283822216,0.0,6.0,0.0,0.0
7783,0.0,0.0,0.0,0.0,0.0,0.0,0.0,122.0,57.0,3.0,82.1,173.1,0.0,16,10.0,1.3032886724,107.0,64.0,194.0,113.0,0.0,3.0,37.0,0.0,3.0,4.13,10.1,0.0,0.0,0.0,26.025,0.0,0.0,27.399902749000002,0.9286181123,1.4655762133,0.0,6.0,0.0,0.0
7783,0.0,0.0,0.0,0.0,0.0,0.0,0.0,122.0,56.0,2.0,83.4,173.3,0.0,17,11.0,1.1630695443999999,125.0,61.0,210.0,122.0,0.0,3.0,40.0,0.0,2.0,1.82,9.7,0.0,0.0,0.0,36.116,0.0,0.0,27.769555310999998,0.9236117818,1.4297930081999999,0.0,6.0,0.0,0.0
7783,0.0,0.0,0.0,0.0,0.0,0.0,0.0,129.0,62.0,3.0,89.3,173.3,0.0,18,12.0,1.1198208287,0.0,0.0,0.0,0.0,0.0,6.0,35.0,3.0,0.0,2.19,8.7,0.0,0.0,4.0,46.373000000000005,0.0,0.0,29.734068216999997,0.9437715329,1.5872460264,0.0,6.0,0.0,0.0
