PtID,Pt_CGMUseNumDays,Pt_FatherT1D,Pt_MotherT1D,Pt_SiblingT1D,Pt_ChildT1D,Pt_GrandchildT1D,Pt_GrandparentT1D,BldPrSys,BldPrDia,SMBGperDayPtMeterCombo,WeightKg,HeightCm,DirectLDL,age,diabDur,TotalDailyInsPerKg,LDL,HDL,TotChol,Triglyc,BUN,AlbCreatRat_mggNew,UnitsInsBasalOrLongAct,BGTestAvgNumMeter,BGTestAvgNumPtRep,TSH,HbA1c,AutonomicNeuroCl,Pt_InsGov,NumPumpBolusOrShortAct,HbA1cImputeDtMnC,Pt_SHFlg,Pt_DKAFlg,bmi,bmiPerc,bmiZscore,GFR,diagAgeCombo,Pt_A1cGoalLev,Pt_A1cGoalLevelDsYr5
7791,0.0,0.0,0.0,0.0,0.0,0.0,0.0,121.0,79.0,4.0,56.2,162.2,1.0,12,4.0,0.3558718861,117.0,0.0,0.0,0.0,30.0,0.0,0.0,0.0,4.0,0.0,10.6,0.0,0.0,0.0,0.0,0.0,0.0,21.361641182,0.8314524998999999,0.9599209522,0.0,8.0,0.0,0.0
7791,0.0,0.0,0.0,0.0,0.0,0.0,0.0,126.0,70.0,2.0,62.6,161.0,1.0,14,5.0,0.4153354633,106.0,0.0,0.0,0.0,0.0,29.9,0.0,2.0,0.0,0.0,10.7,0.0,0.0,0.0,14.805,1.0,0.0,24.150302843000002,0.8832559437999999,1.1914216131,0.0,8.0,9.7,0.0
7791,0.0,0.0,0.0,0.0,0.0,0.0,0.0,114.0,76.0,3.0,71.6,172.1,1.0,15,6.0,0.0,136.0,0.0,0.0,0.0,0.0,5.0,26.0,3.0,0.0,1.19,10.5,0.0,0.0,0.0,24.896,0.0,0.0,24.174153846,0.8567294608,1.0657402478,0.0,8.0,0.0,0.0
7791,0.0,0.0,0.0,0.0,0.0,0.0,0.0,116.0,72.0,1.0,69.9,161.4,0.0,15,7.0,1.087267525,0.0,0.0,0.0,0.0,10.0,5.0,36.0,1.0,0.0,0.0,11.4,0.0,0.0,5.0,36.747,0.0,0.0,26.833054638000004,0.9314468643000001,1.4866537971,127.0,8.0,0.0,0.0
7791,0.0,0.0,0.0,0.0,0.0,0.0,0.0,133.0,71.0,4.0,66.7,162.1,0.0,16,8.0,0.8095952023999999,0.0,0.0,0.0,0.0,0.0,5.0,30.0,4.0,0.0,1.2,10.2,0.0,0.0,0.0,47.535,0.0,0.0,25.383985103,0.8783166968,1.1666132092000001,0.0,8.0,0.0,0.0
7791,0.0,0.0,0.0,0.0,0.0,0.0,0.0,113.0,74.0,5.0,70.1,161.0,0.0,17,9.0,0.7845934379,0.0,0.0,0.0,0.0,0.0,5.0,25.0,5.0,0.0,0.0,8.4,0.0,0.0,0.0,57.195,0.0,0.0,27.043709733000004,0.9084809622,1.3314588526,0.0,8.0,0.0,0.0
