PtID,Pt_CGMUseNumDays,Pt_FatherT1D,Pt_MotherT1D,Pt_SiblingT1D,Pt_ChildT1D,Pt_GrandchildT1D,Pt_GrandparentT1D,BldPrSys,BldPrDia,SMBGperDayPtMeterCombo,WeightKg,HeightCm,DirectLDL,age,diabDur,TotalDailyInsPerKg,LDL,HDL,TotChol,Triglyc,BUN,AlbCreatRat_mggNew,UnitsInsBasalOrLongAct,BGTestAvgNumMeter,BGTestAvgNumPtRep,TSH,HbA1c,AutonomicNeuroCl,Pt_InsGov,NumPumpBolusOrShortAct,HbA1cImputeDtMnC,Pt_SHFlg,Pt_DKAFlg,bmi,bmiPerc,bmiZscore,GFR,diagAgeCombo,Pt_A1cGoalLev,Pt_A1cGoalLevelDsYr5
779,6.0,0.0,0.0,0.0,0.0,0.0,0.0,119.0,60.0,4.0,53.0,161.1,0.0,12,8.0,0.6415094339999999,44.0,43.0,156.0,180.0,0.0,5.9,0.0,0.0,4.0,0.0,0.0,0.0,0.0,4.0,0.0,0.0,0.0,20.421365989,0.8138995438,0.8923583045,0.0,4.0,0.0,0.0
779,0.0,0.0,0.0,0.0,0.0,0.0,0.0,125.0,70.0,5.0,57.8,168.6,0.0,13,9.0,0.7785467128,0.0,0.0,0.0,0.0,0.0,0.0,0.0,0.0,5.0,0.0,12.2,0.0,0.0,0.0,11.452,0.0,0.0,20.333526115,0.7423900972,0.6507315308,0.0,4.0,7.8,0.0
779,0.0,0.0,0.0,0.0,0.0,0.0,0.0,129.0,64.0,4.0,72.1,179.0,0.0,14,10.0,0.0,0.0,0.0,0.0,0.0,0.0,0.0,37.0,4.0,0.0,1.45,8.2,0.0,0.0,0.0,27.253,0.0,0.0,22.502418776,0.8431668372,1.0075587804000001,0.0,4.0,0.0,0.0
779,0.0,0.0,0.0,0.0,0.0,0.0,0.0,120.0,72.0,2.0,82.2,182.6,0.0,15,11.0,0.6082725060999999,0.0,0.0,0.0,0.0,20.0,34.0,39.0,2.0,0.0,1.29,8.0,0.0,0.0,0.0,39.734,0.0,0.0,24.653028124000002,0.9012455687,1.2886814253,0.0,4.0,0.0,0.0
779,0.0,0.0,0.0,0.0,0.0,0.0,0.0,128.0,74.0,5.0,82.9,183.0,0.0,16,12.0,0.6031363088,0.0,0.0,0.0,0.0,0.0,15.0,38.0,5.0,0.0,1.32,9.0,0.0,0.0,12.0,51.12,0.0,0.0,24.754396965999998,0.8767118415999999,1.1587053319,0.0,4.0,0.0,0.0
779,0.0,0.0,0.0,0.0,0.0,0.0,0.0,132.0,80.0,2.0,86.3,184.0,0.0,17,13.0,0.6720741599,0.0,0.0,0.0,0.0,0.0,11.0,37.0,2.0,2.0,0.0,11.5,0.0,0.0,4.0,61.975,0.0,0.0,25.490311909000003,0.8768328173000001,1.1592989111,0.0,4.0,0.0,0.0
779,0.0,0.0,0.0,0.0,0.0,0.0,0.0,128.0,68.0,2.0,87.5,184.7,0.0,18,14.0,0.6971428570999999,0.0,0.0,0.0,0.0,0.0,11.0,37.0,2.0,3.0,0.0,10.4,0.0,0.0,3.0,71.17,0.0,0.0,25.649225877,0.8511516114,1.0413852676000002,0.0,4.0,0.0,0.0
779,0.0,0.0,0.0,0.0,0.0,0.0,0.0,135.0,81.0,1.0,88.3,184.4,0.0,19,15.0,0.6115515289,0.0,0.0,0.0,0.0,0.0,11.0,37.0,1.0,0.0,0.0,11.1,0.0,0.0,2.0,81.361,0.0,0.0,25.968021984,0.8307339985,0.9570698445,0.0,4.0,0.0,0.0
