PtID,Pt_CGMUseNumDays,Pt_FatherT1D,Pt_MotherT1D,Pt_SiblingT1D,Pt_ChildT1D,Pt_GrandchildT1D,Pt_GrandparentT1D,BldPrSys,BldPrDia,SMBGperDayPtMeterCombo,WeightKg,HeightCm,DirectLDL,age,diabDur,TotalDailyInsPerKg,LDL,HDL,TotChol,Triglyc,BUN,AlbCreatRat_mggNew,UnitsInsBasalOrLongAct,BGTestAvgNumMeter,BGTestAvgNumPtRep,TSH,HbA1c,AutonomicNeuroCl,Pt_InsGov,NumPumpBolusOrShortAct,HbA1cImputeDtMnC,Pt_SHFlg,Pt_DKAFlg,bmi,bmiPerc,bmiZscore,GFR,diagAgeCombo,Pt_A1cGoalLev,Pt_A1cGoalLevelDsYr5
7811,0.0,1.0,0.0,0.0,0.0,0.0,0.0,128.0,82.0,3.0,54.1,152.5,0.0,15,3.0,0.3327171904,0.0,0.0,0.0,0.0,0.0,68.0,0.0,3.0,0.0,0.0,8.5,0.0,0.0,0.0,0.266,0.0,0.0,23.262563826999997,0.8124003008,0.8867762098,0.0,12.0,0.0,0.0
7811,0.0,1.0,0.0,0.0,0.0,0.0,0.0,132.0,87.0,7.0,59.7,154.0,0.0,17,5.0,1.3735343384,93.0,48.0,0.0,128.0,6.0,9.0,0.0,7.0,10.0,0.0,8.8,0.0,0.0,0.0,25.328000000000003,0.0,0.0,25.172879069,0.8495522670000001,1.0345150045,0.0,12.0,7.9,0.0
7811,0.0,0.0,0.0,0.0,0.0,0.0,0.0,146.0,93.0,9.0,60.7,154.9,0.0,19,7.0,0.0,0.0,0.0,0.0,0.0,0.0,75.9,17.0,9.0,11.0,0.0,8.0,0.0,0.0,0.0,45.577,0.0,0.0,25.297980621,0.8160837994,0.9005410290000001,0.0,12.0,0.0,0.0
7811,0.0,0.0,0.0,0.0,0.0,0.0,0.0,121.0,73.0,6.0,56.5,154.5,0.0,20,8.0,0.0,0.0,0.0,0.0,0.0,0.0,49.9,18.0,6.0,11.0,2.44,8.1,0.0,0.0,0.0,58.123999999999995,0.0,0.0,23.669630607,0.6955773615999999,-0.422093551,0.0,12.0,0.0,0.0
7811,0.0,0.0,0.0,0.0,0.0,0.0,0.0,128.0,76.0,6.0,52.3,152.4,0.0,21,9.0,0.0,0.0,0.0,0.0,0.0,0.0,49.9,17.0,6.0,9.0,0.0,8.6,0.0,1.0,0.0,70.639,0.0,0.0,22.518100592,0.0,-0.57736385,0.0,12.0,0.0,0.0
