PtID,Pt_CGMUseNumDays,Pt_FatherT1D,Pt_MotherT1D,Pt_SiblingT1D,Pt_ChildT1D,Pt_GrandchildT1D,Pt_GrandparentT1D,BldPrSys,BldPrDia,SMBGperDayPtMeterCombo,WeightKg,HeightCm,DirectLDL,age,diabDur,TotalDailyInsPerKg,LDL,HDL,TotChol,Triglyc,BUN,AlbCreatRat_mggNew,UnitsInsBasalOrLongAct,BGTestAvgNumMeter,BGTestAvgNumPtRep,TSH,HbA1c,AutonomicNeuroCl,Pt_InsGov,NumPumpBolusOrShortAct,HbA1cImputeDtMnC,Pt_SHFlg,Pt_DKAFlg,bmi,bmiPerc,bmiZscore,GFR,diagAgeCombo,Pt_A1cGoalLev,Pt_A1cGoalLevelDsYr5
7826,0.0,0.0,0.0,1.0,0.0,0.0,0.0,103.0,63.0,8.0,34.3,137.8,0.0,10,5.0,0.4373177843,145.0,42.0,201.0,70.0,0.0,0.0,0.0,0.0,8.0,0.0,7.3,0.0,0.0,4.0,-14.472999999999999,0.0,0.0,18.063241357,0.7319926065000001,0.6188505964,0.0,5.0,0.0,0.0
7826,0.0,0.0,0.0,1.0,0.0,0.0,0.0,123.0,63.0,8.0,38.9,143.5,0.0,12,6.0,1.7994858612,106.0,41.0,169.0,110.0,15.0,0.0,0.0,0.0,8.0,0.0,8.5,0.0,0.0,0.0,14.207,0.0,0.0,18.890602047,0.6649563223,0.4260281206,0.0,5.0,0.0,0.0
7826,0.0,0.0,0.0,0.0,0.0,0.0,0.0,118.0,61.0,7.0,43.9,155.0,0.0,13,7.0,0.9111617312000001,106.0,41.0,0.0,110.0,0.0,0.0,19.0,7.0,0.0,0.0,7.8,0.0,0.0,21.0,25.759,0.0,0.0,18.272632674,0.4719779988,-0.070298599,0.0,5.0,0.0,0.0
7826,0.0,0.0,0.0,0.0,0.0,0.0,0.0,111.0,67.0,8.0,51.2,162.2,0.0,14,8.0,0.859375,0.0,0.0,0.0,0.0,0.0,0.0,22.0,8.0,0.0,0.7170000000000001,7.0,0.0,0.0,5.0,37.842,0.0,0.0,19.461139298,0.5497434097999999,0.1250130989,0.0,5.0,0.0,0.0
7826,0.0,0.0,0.0,0.0,0.0,0.0,0.0,122.0,67.0,9.0,54.0,164.5,0.0,14,9.0,0.8703703704000001,109.0,29.0,150.0,62.0,0.0,0.0,22.0,9.0,0.0,1.45,8.7,0.0,0.0,5.0,47.137,0.0,0.0,19.955469739,0.6173769545000001,0.2985989181,0.0,5.0,0.0,0.0
7826,0.0,0.0,0.0,0.0,0.0,0.0,0.0,126.0,69.0,4.0,58.4,166.5,0.0,16,10.0,0.8047945205,0.0,0.0,0.0,0.0,0.0,0.0,22.0,4.0,6.0,0.0,7.7,0.0,0.0,0.0,62.705,0.0,0.0,21.066111155999998,0.5743724177,0.1875171676,0.0,5.0,0.0,0.0
