PtID,Pt_CGMUseNumDays,Pt_FatherT1D,Pt_MotherT1D,Pt_SiblingT1D,Pt_ChildT1D,Pt_GrandchildT1D,Pt_GrandparentT1D,BldPrSys,BldPrDia,SMBGperDayPtMeterCombo,WeightKg,HeightCm,DirectLDL,age,diabDur,TotalDailyInsPerKg,LDL,HDL,TotChol,Triglyc,BUN,AlbCreatRat_mggNew,UnitsInsBasalOrLongAct,BGTestAvgNumMeter,BGTestAvgNumPtRep,TSH,HbA1c,AutonomicNeuroCl,Pt_InsGov,NumPumpBolusOrShortAct,HbA1cImputeDtMnC,Pt_SHFlg,Pt_DKAFlg,bmi,bmiPerc,bmiZscore,GFR,diagAgeCombo,Pt_A1cGoalLev,Pt_A1cGoalLevelDsYr5
7831,0.0,0.0,0.0,0.0,0.0,0.0,0.0,98.0,62.0,4.0,40.6,146.4,0.0,10,5.0,0.8128078818000001,0.0,0.0,0.0,0.0,0.0,6.1,0.0,4.0,8.0,0.0,8.6,0.0,1.0,10.0,-0.8959999999999999,0.0,0.0,18.942787184,0.7763347065999999,0.7598728583,0.0,4.0,0.0,0.0
7831,0.0,0.0,0.0,0.0,0.0,0.0,0.0,94.0,54.0,5.0,48.5,154.1,0.0,11,7.0,0.9072164948,58.0,58.0,140.0,123.0,0.0,4.5,0.0,5.0,6.0,0.0,8.9,0.0,0.0,6.0,13.277999999999999,0.0,0.0,20.42379587,0.8260022182,0.938484335,0.0,4.0,8.5,0.0
7831,0.0,0.0,0.0,0.0,0.0,0.0,0.0,110.0,60.0,2.0,54.8,158.3,0.0,12,8.0,0.9306569343000001,0.0,0.0,0.0,0.0,0.0,4.6,24.0,2.0,0.0,1.54,9.2,0.0,0.0,6.0,29.011999999999997,0.0,0.0,21.868486593000004,0.8579209781999999,1.0710253229,0.0,4.0,0.0,0.0
7831,0.0,0.0,0.0,0.0,0.0,0.0,0.0,104.0,62.0,3.0,60.2,159.7,0.0,13,9.0,0.8471760797,0.0,0.0,0.0,0.0,0.0,8.0,24.0,3.0,0.0,0.0,8.3,0.0,0.0,0.0,39.236999999999995,0.0,0.0,23.604057232,0.8924372156999999,1.2395940874,0.0,4.0,0.0,0.0
7831,0.0,0.0,0.0,0.0,0.0,0.0,0.0,116.0,70.0,3.0,62.2,160.1,0.0,14,10.0,0.8360128617,0.0,0.0,0.0,0.0,9.0,44.1,26.0,3.0,0.0,1.79,8.6,0.0,0.0,3.0,53.71,0.0,0.0,24.266532355,0.8871990603000001,1.2117662281000001,131.1,4.0,0.0,0.0
7831,0.0,0.0,0.0,0.0,0.0,0.0,0.0,100.0,62.0,1.0,59.5,159.9,0.0,16,11.0,0.8117647059,70.0,54.0,148.0,124.0,0.0,5.9,22.8,1.0,0.0,1.19,9.1,0.0,0.0,0.0,67.485,0.0,0.0,23.271267494,0.7770989517,0.7624321959999999,0.0,4.0,0.0,0.0
