PtID,Pt_CGMUseNumDays,Pt_FatherT1D,Pt_MotherT1D,Pt_SiblingT1D,Pt_ChildT1D,Pt_GrandchildT1D,Pt_GrandparentT1D,BldPrSys,BldPrDia,SMBGperDayPtMeterCombo,WeightKg,HeightCm,DirectLDL,age,diabDur,TotalDailyInsPerKg,LDL,HDL,TotChol,Triglyc,BUN,AlbCreatRat_mggNew,UnitsInsBasalOrLongAct,BGTestAvgNumMeter,BGTestAvgNumPtRep,TSH,HbA1c,AutonomicNeuroCl,Pt_InsGov,NumPumpBolusOrShortAct,HbA1cImputeDtMnC,Pt_SHFlg,Pt_DKAFlg,bmi,bmiPerc,bmiZscore,GFR,diagAgeCombo,Pt_A1cGoalLev,Pt_A1cGoalLevelDsYr5
7859,0.0,0.0,0.0,0.0,0.0,0.0,0.0,119.0,59.0,4.0,54.5,157.6,0.0,13,10.0,2.6788990826,43.0,76.0,137.0,88.0,0.0,11.0,0.0,0.0,4.0,0.0,7.8,0.0,0.0,0.0,0.0,0.0,0.0,21.942397382,0.856602412,1.0651784669,0.0,3.0,0.0,0.0
7859,0.0,0.0,0.0,0.0,0.0,0.0,0.0,110.0,50.0,5.0,57.4,159.7,0.0,14,11.0,1.8641114983000002,40.0,70.0,124.0,72.0,0.0,3.6,0.0,0.0,5.0,0.0,8.8,0.0,0.0,0.0,12.083,1.0,0.0,22.506194105,0.8433740381,1.0084219832999999,0.0,3.0,6.5,0.0
7859,0.0,0.0,0.0,0.0,0.0,0.0,0.0,126.0,63.0,3.0,56.1,160.8,0.0,15,12.0,1.6934046346,44.0,64.0,117.0,43.0,0.0,28.0,79.0,3.0,0.0,2.49,9.1,0.0,0.0,3.0,27.154,0.0,0.0,21.696554540999998,0.7277855006,0.606129145,0.0,3.0,0.0,0.0
7859,0.0,0.0,0.0,0.0,0.0,0.0,0.0,128.0,62.0,4.0,64.5,161.8,0.0,16,13.0,1.4728682171,51.0,68.0,128.0,44.0,0.0,3.0,79.0,0.0,4.0,2.99,9.5,0.0,0.0,3.0,42.025,0.0,0.0,24.63784281,0.8717295023,1.1346046704000001,0.0,3.0,0.0,0.0
7859,0.0,0.0,0.0,0.0,0.0,0.0,0.0,123.0,65.0,1.0,61.1,162.2,0.0,17,14.0,0.9983633387999999,45.0,55.0,114.0,72.0,0.0,3.0,40.0,0.0,1.0,3.8,11.2,0.0,0.0,4.0,54.506,0.0,0.0,23.224133029,0.7334585529000001,0.6233068546,0.0,3.0,0.0,0.0
