PtID,Pt_CGMUseNumDays,Pt_FatherT1D,Pt_MotherT1D,Pt_SiblingT1D,Pt_ChildT1D,Pt_GrandchildT1D,Pt_GrandparentT1D,BldPrSys,BldPrDia,SMBGperDayPtMeterCombo,WeightKg,HeightCm,DirectLDL,age,diabDur,TotalDailyInsPerKg,LDL,HDL,TotChol,Triglyc,BUN,AlbCreatRat_mggNew,UnitsInsBasalOrLongAct,BGTestAvgNumMeter,BGTestAvgNumPtRep,TSH,HbA1c,AutonomicNeuroCl,Pt_InsGov,NumPumpBolusOrShortAct,HbA1cImputeDtMnC,Pt_SHFlg,Pt_DKAFlg,bmi,bmiPerc,bmiZscore,GFR,diagAgeCombo,Pt_A1cGoalLev,Pt_A1cGoalLevelDsYr5
7869,0.0,0.0,0.0,0.0,0.0,0.0,0.0,106.0,57.0,8.0,38.1,141.5,0.0,10,3.0,0.2362204724,101.0,57.0,169.0,142.0,0.0,4.0,0.0,0.0,8.0,0.0,9.1,0.0,1.0,7.0,0.266,0.0,0.0,19.028830426,0.8264924131,0.9403946336,0.0,6.0,0.0,0.0
7869,0.0,0.0,0.0,0.0,0.0,0.0,0.0,110.0,62.0,0.0,41.0,145.8,0.0,11,4.0,0.0,0.0,0.0,0.0,0.0,0.0,3.0,15.0,0.0,0.0,0.0,8.8,0.0,0.0,0.0,11.386,0.0,0.0,19.287183337000002,0.7855773939,0.7911692854000001,0.0,6.0,0.0,0.0
7869,0.0,0.0,0.0,0.0,0.0,0.0,0.0,104.0,61.0,0.0,44.3,149.3,1.0,12,5.0,0.0,88.0,53.0,166.0,124.0,16.0,3.0,16.0,0.0,0.0,1.069,8.4,0.0,0.0,0.0,20.515,0.0,0.0,19.873946243,0.7702745521,0.7397513302,0.0,6.0,0.0,0.0
7869,0.0,0.0,0.0,0.0,0.0,0.0,0.0,115.0,61.0,0.0,52.8,158.4,0.0,13,6.0,0.0,0.0,0.0,0.0,0.0,0.0,3.0,0.0,0.0,0.0,1.069,9.1,0.0,0.0,0.0,32.631,0.0,0.0,21.043771044,0.8014278142,0.8467322626,0.0,6.0,0.0,0.0
7869,0.0,0.0,0.0,0.0,0.0,0.0,0.0,115.0,70.0,0.0,57.6,165.7,0.0,14,7.0,0.0,0.0,0.0,0.0,0.0,0.0,4.0,0.0,0.0,0.0,1.261,9.8,0.0,0.0,0.0,41.925,0.0,0.0,20.978646579,0.7313634466,0.6169418119,0.0,6.0,0.0,0.0
7869,0.0,0.0,0.0,0.0,0.0,0.0,0.0,125.0,68.0,4.0,67.0,172.0,0.0,15,8.0,0.0,0.0,0.0,0.0,0.0,0.0,4.0,31.0,4.0,0.0,0.0,8.0,0.0,0.0,0.0,55.303000000000004,0.0,0.0,22.647376961,0.8040969479000001,0.8563465786,0.0,6.0,0.0,0.0
7869,0.0,0.0,0.0,0.0,0.0,0.0,0.0,131.0,72.0,4.0,75.3,174.2,0.0,15,8.0,0.0,0.0,0.0,0.0,0.0,19.0,4.0,34.0,4.0,10.0,0.0,8.7,0.0,0.0,0.0,62.971000000000004,0.0,0.0,24.814108385999997,0.9063714303,1.3187367401999999,0.0,6.0,0.0,0.0
