PtID,Pt_CGMUseNumDays,Pt_FatherT1D,Pt_MotherT1D,Pt_SiblingT1D,Pt_ChildT1D,Pt_GrandchildT1D,Pt_GrandparentT1D,BldPrSys,BldPrDia,SMBGperDayPtMeterCombo,WeightKg,HeightCm,DirectLDL,age,diabDur,TotalDailyInsPerKg,LDL,HDL,TotChol,Triglyc,BUN,AlbCreatRat_mggNew,UnitsInsBasalOrLongAct,BGTestAvgNumMeter,BGTestAvgNumPtRep,TSH,HbA1c,AutonomicNeuroCl,Pt_InsGov,NumPumpBolusOrShortAct,HbA1cImputeDtMnC,Pt_SHFlg,Pt_DKAFlg,bmi,bmiPerc,bmiZscore,GFR,diagAgeCombo,Pt_A1cGoalLev,Pt_A1cGoalLevelDsYr5
7916,0.0,0.0,0.0,0.0,0.0,0.0,0.0,107.0,72.0,9.0,0.0,0.0,0.0,30,16.0,0.0,137.0,69.0,220.0,68.0,11.0,3.0,0.0,9.0,10.0,0.0,7.0,0.0,0.0,5.0,-0.43200000000000005,0.0,0.0,0.0,0.0,0.0,0.0,14.0,0.0,0.0
7916,0.0,0.0,0.0,0.0,0.0,0.0,0.0,124.0,76.0,0.0,0.0,0.0,0.0,33,18.0,0.0,239.0,74.0,0.0,108.0,13.0,1.2,16.0,0.0,0.0,2.464,6.6,0.0,0.0,0.0,26.589000000000002,0.0,0.0,0.0,0.0,0.0,0.0,14.0,0.0,0.0
7916,0.0,0.0,0.0,0.0,0.0,0.0,0.0,129.0,80.0,3.0,88.45051215,180.3,0.0,34,19.0,0.0,174.0,74.0,0.0,108.0,9.0,3.4,19.0,3.0,0.0,2.66,6.6,0.0,0.0,0.0,40.73,0.0,0.0,27.208769309,0.0,-0.042216037000000005,0.0,14.0,0.0,0.0
7916,0.0,0.0,0.0,0.0,0.0,0.0,0.0,121.0,82.0,10.0,91.62565874,180.34,0.0,35,20.0,0.436558935,129.0,64.0,205.0,59.0,14.0,6.5,18.0,10.0,0.0,0.0,6.5,0.0,0.0,2.0,53.51,0.0,0.0,28.172992479,0.0,0.0975552246,0.0,14.0,0.0,0.0
7916,0.0,0.0,0.0,0.0,0.0,0.0,0.0,123.0,77.0,8.0,90.718474,180.34,0.0,36,21.0,0.0,128.0,60.0,206.0,88.0,14.0,26.0,18.0,8.0,8.0,2.9,6.7,0.0,0.0,3.0,65.095,0.0,0.0,27.894051959000002,0.0,0.0571207385,0.0,14.0,0.0,0.0
