PtID,Pt_CGMUseNumDays,Pt_FatherT1D,Pt_MotherT1D,Pt_SiblingT1D,Pt_ChildT1D,Pt_GrandchildT1D,Pt_GrandparentT1D,BldPrSys,BldPrDia,SMBGperDayPtMeterCombo,WeightKg,HeightCm,DirectLDL,age,diabDur,TotalDailyInsPerKg,LDL,HDL,TotChol,Triglyc,BUN,AlbCreatRat_mggNew,UnitsInsBasalOrLongAct,BGTestAvgNumMeter,BGTestAvgNumPtRep,TSH,HbA1c,AutonomicNeuroCl,Pt_InsGov,NumPumpBolusOrShortAct,HbA1cImputeDtMnC,Pt_SHFlg,Pt_DKAFlg,bmi,bmiPerc,bmiZscore,GFR,diagAgeCombo,Pt_A1cGoalLev,Pt_A1cGoalLevelDsYr5
7997,0.0,0.0,0.0,0.0,0.0,0.0,0.0,101.0,65.0,6.0,23.813599425,120.65,0.0,7,4.0,0.8398562369,0.0,54.0,193.0,0.0,0.0,0.0,0.0,6.0,6.0,0.0,8.9,0.0,0.0,0.0,0.0,0.0,0.0,16.359513764000003,0.703979947,0.5358819993,0.0,2.0,0.0,0.0
7997,0.0,0.0,0.0,0.0,0.0,0.0,0.0,99.0,63.0,6.0,28.0,126.0,0.0,8,5.0,0.8571428570999999,0.0,0.0,169.0,0.0,0.0,8.4,8.0,6.0,0.0,3.08,7.8,0.0,0.0,4.0,13.245,0.0,0.0,17.636684303,0.8227439854,0.9258729137999999,0.0,2.0,0.0,0.0
7997,0.0,0.0,0.0,0.0,0.0,0.0,0.0,101.0,68.0,6.0,28.0,132.0,0.0,9,6.0,0.9285714286,0.0,0.0,0.0,0.0,0.0,8.4,9.0,6.0,0.0,0.0,8.1,0.0,0.0,4.0,27.651,0.0,0.0,16.069788797,0.4822227989,-0.044575592000000004,0.0,2.0,0.0,0.0
7997,0.0,0.0,0.0,0.0,0.0,0.0,0.0,109.0,67.0,7.0,31.0,137.0,0.0,10,7.0,0.8709677418999999,0.0,0.0,0.0,0.0,0.0,8.4,10.0,7.0,0.0,1.3,8.6,0.0,0.0,4.0,39.27,0.0,0.0,16.516596516,0.4781052643,-0.054909544000000005,0.0,2.0,0.0,0.0
7997,0.0,0.0,0.0,0.0,0.0,0.0,0.0,100.0,64.0,4.0,32.6,140.8,0.0,11,8.0,1.0122699387,0.0,0.0,0.0,0.0,0.0,8.4,10.0,4.0,0.0,0.0,9.1,0.0,0.0,0.0,50.656000000000006,0.0,0.0,16.444182593,0.35766597850000004,-0.364704556,0.0,2.0,0.0,0.0
7997,30.0,0.0,0.0,0.0,0.0,0.0,0.0,118.0,68.0,2.0,40.3,149.0,0.0,12,10.0,1.2655086849,0.0,51.0,217.0,0.0,0.0,14.0,28.0,2.0,3.0,2.01,9.6,0.0,1.0,0.0,70.17399999999999,0.0,0.0,18.15233548,0.5598808518,0.1506671391,0.0,2.0,0.0,0.0
7997,0.0,0.0,0.0,0.0,0.0,0.0,0.0,110.0,74.0,0.0,46.4,155.6,0.0,13,11.0,0.0,0.0,0.0,0.0,0.0,0.0,14.0,0.0,0.0,0.0,0.0,8.6,0.0,0.0,0.0,82.822,0.0,0.0,19.164557464,0.6077811699,0.2735406357,0.0,2.0,0.0,0.0
