PtID,Pt_CGMUseNumDays,Pt_FatherT1D,Pt_MotherT1D,Pt_SiblingT1D,Pt_ChildT1D,Pt_GrandchildT1D,Pt_GrandparentT1D,BldPrSys,BldPrDia,SMBGperDayPtMeterCombo,WeightKg,HeightCm,DirectLDL,age,diabDur,TotalDailyInsPerKg,LDL,HDL,TotChol,Triglyc,BUN,AlbCreatRat_mggNew,UnitsInsBasalOrLongAct,BGTestAvgNumMeter,BGTestAvgNumPtRep,TSH,HbA1c,AutonomicNeuroCl,Pt_InsGov,NumPumpBolusOrShortAct,HbA1cImputeDtMnC,Pt_SHFlg,Pt_DKAFlg,bmi,bmiPerc,bmiZscore,GFR,diagAgeCombo,Pt_A1cGoalLev,Pt_A1cGoalLevelDsYr5
8001,0.0,0.0,0.0,0.0,0.0,0.0,0.0,123.0,69.0,10.0,57.243357094,164.592,0.0,26,7.0,1.3276649704,45.0,47.0,107.0,74.0,11.0,9.0,0.0,0.0,10.0,0.0,6.7,0.0,0.0,6.0,0.0,0.0,1.0,21.130396698,0.0,-0.764479424,0.0,18.0,0.0,0.0
8001,0.0,0.0,0.0,0.0,0.0,0.0,0.0,109.0,66.0,8.0,62.2,163.8,0.0,27,9.0,0.6430868167,0.0,0.0,0.0,0.0,14.0,10.5,0.0,0.0,8.0,0.0,7.3,0.0,0.0,0.0,16.996,0.0,0.0,23.182623915,0.0,-0.487760684,0.0,18.0,6.0,0.0
8001,0.0,0.0,0.0,0.0,0.0,0.0,0.0,115.0,66.0,10.0,63.4,162.6,0.0,29,10.0,0.5678233438,0.0,0.0,0.0,0.0,11.0,7.6,25.0,0.0,10.0,2.96,6.6,0.0,0.0,0.0,34.622,0.0,0.0,23.979944596,0.0,-0.380251354,0.0,18.0,0.0,0.0
8001,0.0,0.0,0.0,0.0,0.0,0.0,0.0,123.0,76.0,0.0,68.5,162.6,0.0,30,11.0,0.5547445255,73.0,57.0,145.0,75.0,0.0,14.5,25.0,0.0,0.0,1.82,6.3,0.0,0.0,4.0,44.88,0.0,0.0,25.908930676,0.0,-0.22837298600000003,0.0,18.0,0.0,0.0
8001,0.0,0.0,0.0,0.0,0.0,0.0,0.0,0.0,0.0,4.0,72.4,163.8,0.0,30,12.0,0.5939226518999999,66.0,53.0,129.0,50.0,0.0,14.5,0.0,4.0,0.0,2.86,6.4,0.0,0.0,0.0,55.17,0.0,0.0,26.984276069,0.0,-0.105032309,0.0,18.0,0.0,0.0
8001,0.0,0.0,0.0,0.0,0.0,0.0,0.0,131.0,85.0,3.0,0.0,0.0,0.0,31,12.0,0.0,0.0,0.0,0.0,0.0,15.0,14.5,25.1,3.0,5.0,0.0,5.4,0.0,0.0,6.0,59.353,0.0,0.0,0.0,0.0,0.0,0.0,18.0,0.0,0.0
8001,0.0,0.0,0.0,0.0,0.0,0.0,0.0,135.0,89.0,2.0,72.4,160.0,0.0,32,13.0,0.5925414365,0.0,0.0,0.0,0.0,17.0,14.5,25.1,2.0,5.0,0.0,6.7,0.0,0.0,4.0,75.38600000000001,0.0,0.0,28.28125,0.0,0.0437288646,0.0,18.0,0.0,0.0
