PtID,Pt_CGMUseNumDays,Pt_FatherT1D,Pt_MotherT1D,Pt_SiblingT1D,Pt_ChildT1D,Pt_GrandchildT1D,Pt_GrandparentT1D,BldPrSys,BldPrDia,SMBGperDayPtMeterCombo,WeightKg,HeightCm,DirectLDL,age,diabDur,TotalDailyInsPerKg,LDL,HDL,TotChol,Triglyc,BUN,AlbCreatRat_mggNew,UnitsInsBasalOrLongAct,BGTestAvgNumMeter,BGTestAvgNumPtRep,TSH,HbA1c,AutonomicNeuroCl,Pt_InsGov,NumPumpBolusOrShortAct,HbA1cImputeDtMnC,Pt_SHFlg,Pt_DKAFlg,bmi,bmiPerc,bmiZscore,GFR,diagAgeCombo,Pt_A1cGoalLev,Pt_A1cGoalLevelDsYr5
803,0.0,0.0,0.0,0.0,0.0,0.0,0.0,112.0,58.0,11.0,88.0,171.8,0.0,17,9.0,0.8977272727,78.0,65.0,0.0,42.0,9.0,5.8,0.0,11.0,8.0,0.0,8.5,0.0,0.0,5.0,-2.9539999999999997,0.0,0.0,29.815105688000003,0.9522324218000001,1.6668956477,0.0,8.0,0.0,0.0
803,0.0,0.0,0.0,0.0,0.0,0.0,0.0,116.0,60.0,10.0,79.9,173.0,0.0,18,9.0,0.7509386733,77.0,61.0,157.0,130.0,0.0,8.6,0.0,10.0,10.0,0.0,8.1,0.0,0.0,3.0,7.7010000000000005,0.0,0.0,26.696515085999998,0.8855757353,1.2033302969,0.0,8.0,6.9,0.0
803,0.0,0.0,0.0,0.0,0.0,0.0,0.0,112.0,70.0,0.0,76.20351816,170.18,1.0,19,11.0,0.9185927590999999,72.0,86.0,175.0,79.0,0.0,8.1,0.0,0.0,0.0,2.008,7.2,0.0,0.0,0.0,24.796999999999997,0.0,0.0,26.312249806,0.8584923964,1.0735705403,0.0,8.0,0.0,0.0
803,0.0,0.0,0.0,0.0,0.0,0.0,0.0,90.0,72.0,6.0,79.37866475,171.5,1.0,20,12.0,0.8062619874,70.0,86.0,165.0,81.0,6.0,231.1,31.0,6.0,0.0,3.091,7.4,0.0,0.0,3.0,37.842,0.0,0.0,26.988300708,0.8676983822,0.0253901391,157.0,8.0,0.0,0.0
803,0.0,0.0,0.0,0.0,0.0,0.0,0.0,112.0,68.0,6.0,90.26488163,175.3,1.0,22,13.0,0.7533383833,91.0,79.0,176.0,98.0,11.0,13.9,33.0,6.0,0.0,2.867,8.0,0.0,0.0,34.0,53.61,0.0,0.0,29.373451763000002,0.0,0.3469997487,106.0,8.0,0.0,0.0
