PtID,Pt_CGMUseNumDays,Pt_FatherT1D,Pt_MotherT1D,Pt_SiblingT1D,Pt_ChildT1D,Pt_GrandchildT1D,Pt_GrandparentT1D,BldPrSys,BldPrDia,SMBGperDayPtMeterCombo,WeightKg,HeightCm,DirectLDL,age,diabDur,TotalDailyInsPerKg,LDL,HDL,TotChol,Triglyc,BUN,AlbCreatRat_mggNew,UnitsInsBasalOrLongAct,BGTestAvgNumMeter,BGTestAvgNumPtRep,TSH,HbA1c,AutonomicNeuroCl,Pt_InsGov,NumPumpBolusOrShortAct,HbA1cImputeDtMnC,Pt_SHFlg,Pt_DKAFlg,bmi,bmiPerc,bmiZscore,GFR,diagAgeCombo,Pt_A1cGoalLev,Pt_A1cGoalLevelDsYr5
8087,0.0,0.0,0.0,0.0,0.0,0.0,0.0,105.0,61.0,3.0,34.7,155.5,0.0,14,0.0,0.6916426512999999,94.0,62.0,0.0,67.0,0.0,0.0,0.0,3.0,4.0,0.0,8.5,0.0,0.0,0.0,0.0,0.0,0.0,14.350554687999999,0.0014456326999999999,-2.979068078,0.0,14.0,0.0,0.0
8087,0.0,0.0,0.0,0.0,0.0,0.0,0.0,107.0,64.0,1.0,41.5,164.1,0.0,15,1.0,1.2048192771,0.0,0.0,0.0,0.0,0.0,0.0,0.0,1.0,5.0,0.0,9.8,0.0,0.0,0.0,11.618,1.0,0.0,15.411004050999999,0.0067404706,-2.47080472,0.0,14.0,7.5,0.0
8087,0.0,0.0,0.0,0.0,0.0,0.0,0.0,97.0,54.0,2.0,48.6,170.6,0.0,16,2.0,0.8436213992,0.0,0.0,0.0,0.0,0.0,0.0,24.0,2.0,0.0,0.0,10.3,0.0,0.0,4.0,22.473000000000003,0.0,0.0,16.698529018,0.027836755,-1.9135826009999999,0.0,14.0,0.0,0.0
8087,0.0,0.0,0.0,0.0,0.0,0.0,0.0,112.0,68.0,4.0,52.2,172.4,0.0,17,3.0,0.8429118774,0.0,0.0,0.0,0.0,0.0,0.0,26.0,4.0,0.0,0.0,9.9,0.0,0.0,6.0,32.73,0.0,0.0,17.56288995,0.0430553635,-1.716280438,0.0,14.0,0.0,0.0
