PtID,Pt_CGMUseNumDays,Pt_FatherT1D,Pt_MotherT1D,Pt_SiblingT1D,Pt_ChildT1D,Pt_GrandchildT1D,Pt_GrandparentT1D,BldPrSys,BldPrDia,SMBGperDayPtMeterCombo,WeightKg,HeightCm,DirectLDL,age,diabDur,TotalDailyInsPerKg,LDL,HDL,TotChol,Triglyc,BUN,AlbCreatRat_mggNew,UnitsInsBasalOrLongAct,BGTestAvgNumMeter,BGTestAvgNumPtRep,TSH,HbA1c,AutonomicNeuroCl,Pt_InsGov,NumPumpBolusOrShortAct,HbA1cImputeDtMnC,Pt_SHFlg,Pt_DKAFlg,bmi,bmiPerc,bmiZscore,GFR,diagAgeCombo,Pt_A1cGoalLev,Pt_A1cGoalLevelDsYr5
8113,0.0,0.0,0.0,0.0,0.0,0.0,0.0,113.0,73.0,1.0,57.5,171.9,0.0,21,12.0,0.7478260870000001,102.0,75.0,0.0,133.0,11.0,8.7,0.0,1.0,8.0,0.0,8.0,0.0,0.0,5.0,-0.531,0.0,1.0,19.458801656,0.0,-0.989874384,0.0,9.0,0.0,0.0
8113,0.0,0.0,0.0,0.0,0.0,0.0,0.0,108.0,66.0,6.0,56.5,172.5,0.0,23,14.0,0.6194690265,83.0,82.0,0.0,85.0,11.0,3.7,0.0,0.0,6.0,0.0,7.1,0.0,0.0,0.0,17.892,0.0,0.0,18.987607645,0.0,-1.0534093629999999,0.0,9.0,7.0,0.0
8113,0.0,0.0,0.0,0.0,0.0,0.0,0.0,108.0,64.0,3.0,56.8,173.0,0.0,24,15.0,0.0,72.0,86.0,0.0,98.0,12.0,5.8,0.0,3.0,0.0,2.01,7.5,0.0,0.0,0.0,30.605999999999998,0.0,0.0,18.978248522,0.0,-1.054671331,0.0,9.0,0.0,0.0
8113,0.0,0.0,0.0,0.0,0.0,0.0,0.0,108.0,63.0,5.0,59.6,170.1,0.0,25,16.0,0.6543624161,66.0,101.0,185.0,89.0,16.0,5.8,24.0,5.0,6.0,4.14,6.9,0.0,0.0,6.0,41.958999999999996,0.0,0.0,20.5985966,0.0,-0.836186422,87.0,9.0,0.0,0.0
8113,0.0,0.0,0.0,0.0,0.0,0.0,0.0,118.0,72.0,4.0,63.2,170.7,0.0,26,17.0,0.6329113924,79.0,108.0,197.0,50.0,11.0,0.0,25.0,4.0,6.0,3.58,7.3,0.0,0.0,6.0,55.568000000000005,0.0,0.0,21.689524749,0.0,-0.689087572,90.1,9.0,0.0,0.0
8113,0.0,0.0,0.0,0.0,0.0,0.0,0.0,102.0,60.0,4.0,59.4,172.0,1.0,27,18.0,0.6228956229,95.0,88.0,186.0,135.0,9.0,0.0,25.0,4.0,6.0,1.36,7.7,0.0,0.0,5.0,72.631,0.0,0.0,20.078420768,0.0,-0.9063260240000001,87.0,9.0,0.0,0.0
