PtID,Pt_CGMUseNumDays,Pt_FatherT1D,Pt_MotherT1D,Pt_SiblingT1D,Pt_ChildT1D,Pt_GrandchildT1D,Pt_GrandparentT1D,BldPrSys,BldPrDia,SMBGperDayPtMeterCombo,WeightKg,HeightCm,DirectLDL,age,diabDur,TotalDailyInsPerKg,LDL,HDL,TotChol,Triglyc,BUN,AlbCreatRat_mggNew,UnitsInsBasalOrLongAct,BGTestAvgNumMeter,BGTestAvgNumPtRep,TSH,HbA1c,AutonomicNeuroCl,Pt_InsGov,NumPumpBolusOrShortAct,HbA1cImputeDtMnC,Pt_SHFlg,Pt_DKAFlg,bmi,bmiPerc,bmiZscore,GFR,diagAgeCombo,Pt_A1cGoalLev,Pt_A1cGoalLevelDsYr5
8115,0.0,0.0,0.0,0.0,0.0,0.0,0.0,127.0,65.0,9.0,28.1,130.6,0.0,7,3.0,0.7117437722,80.0,69.0,179.0,149.0,18.0,0.0,0.0,9.0,10.0,0.0,6.4,0.0,0.0,5.0,-0.066,0.0,0.0,16.47479298,0.7254737045,0.5991804007,0.0,4.0,0.0,0.0
8115,0.0,0.0,0.0,0.0,0.0,0.0,0.0,109.0,58.0,9.0,29.2,136.3,0.0,8,3.0,0.7876712329000001,0.0,0.0,0.0,0.0,0.0,0.0,0.0,9.0,9.0,0.0,6.5,0.0,0.0,0.0,9.527000000000001,0.0,0.0,15.717777614000001,0.4872395268,-0.031991219,0.0,4.0,0.0,0.0
8115,0.0,0.0,0.0,0.0,0.0,0.0,0.0,117.0,64.0,7.0,33.9,141.2,0.0,9,4.0,0.5604719764,0.0,0.0,0.0,0.0,0.0,29.9,9.0,7.0,0.0,3.48,6.5,0.0,0.0,0.0,20.448,0.0,0.0,17.003185966,0.6660610523,0.4290622886,0.0,4.0,0.0,0.0
8115,0.0,0.0,0.0,0.0,0.0,0.0,0.0,125.0,69.0,9.0,34.0,144.9,0.0,10,5.0,0.7352941176000001,80.0,58.0,154.0,78.0,0.0,29.9,10.0,9.0,0.0,2.92,6.8,0.0,0.0,0.0,29.51,0.0,0.0,16.193552966,0.41002152159999994,-0.227489616,0.0,4.0,0.0,0.0
8115,0.0,0.0,0.0,0.0,0.0,0.0,0.0,104.0,64.0,10.0,38.0,146.7,0.0,11,6.0,0.6842105262999999,64.0,53.0,133.0,80.0,0.0,29.9,10.0,10.0,0.0,2.96,7.3,0.0,0.0,0.0,45.378,0.0,0.0,17.657262316,0.5833901116,0.2105739045,0.0,4.0,0.0,0.0
8115,0.0,0.0,0.0,0.0,0.0,0.0,0.0,104.0,64.0,10.0,28.0,146.7,0.0,12,7.0,0.9285714286,147.0,59.0,74.0,69.0,0.0,29.9,10.0,10.0,0.0,2.59,6.9,0.0,0.0,0.0,57.527,0.0,0.0,13.010614338,0.0001692078,-3.583966432,0.0,4.0,0.0,0.0
8115,0.0,0.0,0.0,0.0,0.0,0.0,0.0,123.0,70.0,10.0,48.6,159.6,0.0,12,8.0,0.7201646091,74.0,59.0,147.0,69.0,0.0,29.9,20.6,10.0,0.0,2.59,7.0,0.0,0.0,0.0,64.83,0.0,0.0,19.079654022,0.6881840127,0.4907094319,0.0,4.0,0.0,0.0
8115,0.0,0.0,0.0,0.0,0.0,0.0,0.0,135.0,73.0,10.0,57.9,170.6,0.0,13,9.0,0.9671848014,0.0,0.0,0.0,0.0,0.0,29.9,24.5,10.0,7.0,0.0,6.8,0.0,0.0,0.0,75.51899999999999,0.0,0.0,19.893926546,0.6976046242,0.5175235243999999,0.0,4.0,0.0,0.0
