PtID,Pt_CGMUseNumDays,Pt_FatherT1D,Pt_MotherT1D,Pt_SiblingT1D,Pt_ChildT1D,Pt_GrandchildT1D,Pt_GrandparentT1D,BldPrSys,BldPrDia,SMBGperDayPtMeterCombo,WeightKg,HeightCm,DirectLDL,age,diabDur,TotalDailyInsPerKg,LDL,HDL,TotChol,Triglyc,BUN,AlbCreatRat_mggNew,UnitsInsBasalOrLongAct,BGTestAvgNumMeter,BGTestAvgNumPtRep,TSH,HbA1c,AutonomicNeuroCl,Pt_InsGov,NumPumpBolusOrShortAct,HbA1cImputeDtMnC,Pt_SHFlg,Pt_DKAFlg,bmi,bmiPerc,bmiZscore,GFR,diagAgeCombo,Pt_A1cGoalLev,Pt_A1cGoalLevelDsYr5
8149,0.0,0.0,0.0,0.0,0.0,0.0,0.0,125.0,85.0,3.0,89.81128926,169.926,0.0,19,17.0,0.8016809534,109.0,40.0,159.0,48.0,0.0,9.5,0.0,3.0,0.0,0.0,9.3,0.0,0.0,0.0,0.0,0.0,0.0,31.103643250999998,0.9675732137,1.8462661331,0.0,1.0,0.0,0.0
8149,0.0,0.0,0.0,0.0,0.0,0.0,0.0,122.0,85.0,2.0,99.0,169.0,0.0,20,18.0,0.4747474747,0.0,0.0,0.0,0.0,0.0,3.0,0.0,2.0,0.0,0.0,0.0,0.0,0.0,3.0,0.0,0.0,0.0,34.662651868000005,0.9839093809999999,1.5903192296000002,0.0,1.0,0.0,0.0
8149,0.0,0.0,0.0,0.0,0.0,0.0,0.0,128.0,88.0,0.0,104.0,170.0,0.0,22,20.0,0.4615384615,0.0,0.0,0.0,0.0,0.0,3.0,0.0,0.0,0.0,0.0,9.1,0.0,0.0,3.0,35.419000000000004,0.0,0.0,35.98615917,0.0,1.8513746672,0.0,1.0,0.0,0.0
8149,0.0,0.0,0.0,0.0,0.0,0.0,0.0,121.0,79.0,4.0,96.0,169.9,0.0,23,21.0,0.0,0.0,0.0,0.0,0.0,0.0,3.0,44.0,4.0,0.0,0.0,7.5,0.0,0.0,0.0,47.004,0.0,0.0,33.257107581,0.0,1.3130823918,0.0,1.0,0.0,0.0
8149,0.0,0.0,0.0,0.0,0.0,0.0,0.0,122.0,80.0,0.0,103.4,171.0,0.0,24,22.0,0.37717601549999996,0.0,0.0,0.0,0.0,0.0,3.0,0.0,0.0,0.0,0.0,6.9,0.0,0.0,0.0,60.248999999999995,0.0,0.0,35.361307753,0.0,1.7281257363,0.0,1.0,0.0,0.0
8149,0.0,0.0,0.0,0.0,0.0,0.0,0.0,121.0,82.0,2.0,106.0,170.5,0.0,25,23.0,0.7933962264,102.0,38.0,152.0,61.0,0.0,15.3,30.6,2.0,0.0,2.11,7.0,0.0,0.0,8.0,72.0,0.0,0.0,36.463394708,0.0,1.9455070775,0.0,1.0,0.0,0.0
8149,20.0,0.0,0.0,0.0,0.0,0.0,0.0,126.0,97.0,2.0,109.0,170.5,0.0,25,24.0,0.9972477064,146.0,30.0,212.0,217.0,0.0,7.0,43.1,2.0,1.0,1.11,8.9,0.0,0.0,5.0,82.921,0.0,0.0,37.495377577,0.0,2.1490607256,0.0,1.0,0.0,0.0
