PtID,Pt_CGMUseNumDays,Pt_FatherT1D,Pt_MotherT1D,Pt_SiblingT1D,Pt_ChildT1D,Pt_GrandchildT1D,Pt_GrandparentT1D,BldPrSys,BldPrDia,SMBGperDayPtMeterCombo,WeightKg,HeightCm,DirectLDL,age,diabDur,TotalDailyInsPerKg,LDL,HDL,TotChol,Triglyc,BUN,AlbCreatRat_mggNew,UnitsInsBasalOrLongAct,BGTestAvgNumMeter,BGTestAvgNumPtRep,TSH,HbA1c,AutonomicNeuroCl,Pt_InsGov,NumPumpBolusOrShortAct,HbA1cImputeDtMnC,Pt_SHFlg,Pt_DKAFlg,bmi,bmiPerc,bmiZscore,GFR,diagAgeCombo,Pt_A1cGoalLev,Pt_A1cGoalLevelDsYr5
8176,0.0,0.0,0.0,0.0,0.0,0.0,0.0,115.0,77.0,4.0,69.5,161.3,0.0,20,14.0,0.7625899281,48.0,48.0,118.0,108.0,0.0,9.0,0.0,0.0,4.0,0.0,9.2,0.0,0.0,7.0,-0.033,0.0,0.0,26.712594393000003,0.8587530031999999,-0.01178562,0.0,5.0,0.0,0.0
8176,0.0,0.0,0.0,0.0,0.0,0.0,0.0,118.0,74.0,4.0,71.0,162.7,1.0,20,15.0,0.7464788732,63.0,53.0,139.0,113.0,0.0,3.0,0.0,0.0,4.0,0.0,8.0,0.0,0.0,0.0,8.1,0.0,0.0,26.821511154,0.8623716239,0.0029005265000000002,0.0,5.0,7.0,0.0
8176,0.0,0.0,0.0,0.0,0.0,0.0,0.0,110.0,64.0,0.0,73.3,162.7,0.0,21,16.0,0.0,0.0,0.0,0.0,0.0,0.0,0.0,34.0,0.0,0.0,2.37,7.3,0.0,0.0,0.0,21.245,0.0,0.0,27.690377008000002,0.0,0.1200568833,0.0,5.0,0.0,0.0
8176,0.0,0.0,0.0,0.0,0.0,0.0,0.0,98.0,70.0,0.0,74.0,160.0,0.0,22,17.0,0.0,0.0,0.0,0.0,0.0,9.0,0.0,36.0,0.0,0.0,0.735,7.3,0.0,0.0,0.0,35.32,0.0,0.0,28.90625,0.0,0.2840030775,0.0,5.0,0.0,0.0
8176,0.0,0.0,0.0,0.0,0.0,0.0,0.0,107.0,67.0,0.0,77.4,160.0,0.0,23,18.0,0.0,0.0,0.0,0.0,0.0,0.0,0.0,35.0,0.0,0.0,0.0,7.8,0.0,0.0,0.0,46.473,0.0,0.0,30.234375,0.0,0.4630851368,0.0,5.0,0.0,0.0
8176,0.0,0.0,0.0,0.0,0.0,0.0,0.0,106.0,75.0,5.0,78.2,160.0,0.0,25,19.0,0.0,60.0,44.0,138.0,170.0,15.0,0.0,0.0,0.0,5.0,1.815,7.8,0.0,0.0,0.0,63.967,0.0,0.0,30.546875,0.0,0.5052220919,0.0,5.0,0.0,0.0
