PtID,Pt_CGMUseNumDays,Pt_FatherT1D,Pt_MotherT1D,Pt_SiblingT1D,Pt_ChildT1D,Pt_GrandchildT1D,Pt_GrandparentT1D,BldPrSys,BldPrDia,SMBGperDayPtMeterCombo,WeightKg,HeightCm,DirectLDL,age,diabDur,TotalDailyInsPerKg,LDL,HDL,TotChol,Triglyc,BUN,AlbCreatRat_mggNew,UnitsInsBasalOrLongAct,BGTestAvgNumMeter,BGTestAvgNumPtRep,TSH,HbA1c,AutonomicNeuroCl,Pt_InsGov,NumPumpBolusOrShortAct,HbA1cImputeDtMnC,Pt_SHFlg,Pt_DKAFlg,bmi,bmiPerc,bmiZscore,GFR,diagAgeCombo,Pt_A1cGoalLev,Pt_A1cGoalLevelDsYr5
8188,24.0,0.0,0.0,0.0,0.0,0.0,0.0,98.0,64.0,4.0,72.2,163.2,0.0,26,18.0,0.6786703601,86.0,90.0,200.0,122.0,14.0,3.8,0.0,4.0,7.0,0.0,7.1,0.0,0.0,0.0,0.0,0.0,0.0,27.107963283,0.0,0.041525232200000005,0.0,8.0,0.0,0.0
8188,15.0,0.0,0.0,0.0,0.0,0.0,0.0,100.0,60.0,5.0,77.3,164.7,0.0,28,19.0,0.5821474774000001,107.0,87.0,213.0,92.0,11.0,7.8,0.0,5.0,6.0,0.0,7.4,0.0,0.0,0.0,16.066,0.0,0.0,28.496550738000003,0.0,0.2287599433,0.0,8.0,6.9,0.0
8188,0.0,0.0,0.0,0.0,0.0,0.0,0.0,122.0,74.0,0.0,77.0,164.7,0.0,28,20.0,0.5844155844,0.0,0.0,0.0,0.0,12.0,1.9,25.0,0.0,0.0,0.0,7.1,0.0,0.0,5.0,26.954,0.0,0.0,28.385956104,0.0,0.2138475557,0.0,8.0,0.0,0.0
8188,0.0,0.0,0.0,0.0,0.0,0.0,0.0,120.0,72.0,3.0,78.2,164.7,0.0,30,21.0,0.5882352941,78.0,90.0,192.0,122.0,9.0,7.6,26.0,3.0,0.0,2.67,7.0,0.0,0.0,6.0,40.896,0.0,0.0,28.82833464,0.0,0.1064787404,119.9,8.0,0.0,0.0
8188,0.0,0.0,0.0,0.0,0.0,0.0,0.0,118.0,82.0,4.0,82.7,164.7,0.0,31,22.0,0.7376058041,0.0,0.0,0.0,0.0,0.0,31.7,34.0,4.0,0.0,0.0,6.4,0.0,0.0,0.0,55.336000000000006,0.0,0.0,30.487254153000002,0.0,0.2967545876,0.0,8.0,0.0,0.0
8188,30.0,0.0,0.0,0.0,0.0,0.0,0.0,114.0,70.0,3.0,82.2,163.6,0.0,32,23.0,0.7907542579000001,102.0,78.0,202.0,109.0,12.0,26.1,29.0,3.0,3.0,2.67,5.8,0.0,0.0,8.0,65.328,0.0,0.0,30.711796319,0.0,0.3225092734,109.0,8.0,0.0,0.0
