PtID,Pt_CGMUseNumDays,Pt_FatherT1D,Pt_MotherT1D,Pt_SiblingT1D,Pt_ChildT1D,Pt_GrandchildT1D,Pt_GrandparentT1D,BldPrSys,BldPrDia,SMBGperDayPtMeterCombo,WeightKg,HeightCm,DirectLDL,age,diabDur,TotalDailyInsPerKg,LDL,HDL,TotChol,Triglyc,BUN,AlbCreatRat_mggNew,UnitsInsBasalOrLongAct,BGTestAvgNumMeter,BGTestAvgNumPtRep,TSH,HbA1c,AutonomicNeuroCl,Pt_InsGov,NumPumpBolusOrShortAct,HbA1cImputeDtMnC,Pt_SHFlg,Pt_DKAFlg,bmi,bmiPerc,bmiZscore,GFR,diagAgeCombo,Pt_A1cGoalLev,Pt_A1cGoalLevelDsYr5
818,0.0,0.0,0.0,0.0,0.0,0.0,0.0,100.0,66.0,4.0,44.0,151.0,0.0,13,1.0,0.2954545455,79.0,56.0,144.0,43.0,0.0,0.0,0.0,4.0,4.0,0.0,8.0,0.0,0.0,0.0,-0.19899999999999998,0.0,0.0,19.297399237,0.5788907818,0.1990566429,0.0,11.0,0.0,0.0
818,0.0,0.0,0.0,0.0,0.0,0.0,0.0,98.0,60.0,4.0,49.6,153.0,0.0,15,3.0,0.4435483871,0.0,0.0,0.0,0.0,0.0,8.0,0.0,4.0,4.0,0.0,8.3,0.0,0.0,0.0,17.427,0.0,0.0,21.1884318,0.6513744911,0.38903396960000003,0.0,11.0,7.0,0.0
818,0.0,0.0,0.0,0.0,0.0,0.0,0.0,113.0,64.0,0.0,49.5,154.0,0.0,15,3.0,0.0,0.0,0.0,0.0,0.0,0.0,38.0,13.0,0.0,0.0,0.609,8.8,0.0,0.0,0.0,27.12,0.0,0.0,20.871985158,0.6177684985,0.2996252746,0.0,11.0,0.0,0.0
818,0.0,0.0,0.0,0.0,0.0,0.0,0.0,122.0,75.0,0.0,53.6,154.8,1.0,16,4.0,0.0,87.0,52.0,154.0,77.0,0.0,38.0,27.0,0.0,0.0,0.561,8.2,0.0,0.0,0.0,39.236999999999995,0.0,0.0,22.367779714,0.7095688302,0.5521255475,0.0,11.0,0.0,0.0
818,0.0,0.0,0.0,0.0,0.0,0.0,0.0,129.0,69.0,0.0,54.7,154.8,0.0,17,5.0,0.0,0.0,0.0,0.0,0.0,0.0,38.0,30.0,0.0,0.0,0.0,9.0,0.0,0.0,0.0,48.299,0.0,0.0,22.826819969000002,0.7072204702,0.5452827597,0.0,11.0,0.0,0.0
