PtID,Pt_CGMUseNumDays,Pt_FatherT1D,Pt_MotherT1D,Pt_SiblingT1D,Pt_ChildT1D,Pt_GrandchildT1D,Pt_GrandparentT1D,BldPrSys,BldPrDia,SMBGperDayPtMeterCombo,WeightKg,HeightCm,DirectLDL,age,diabDur,TotalDailyInsPerKg,LDL,HDL,TotChol,Triglyc,BUN,AlbCreatRat_mggNew,UnitsInsBasalOrLongAct,BGTestAvgNumMeter,BGTestAvgNumPtRep,TSH,HbA1c,AutonomicNeuroCl,Pt_InsGov,NumPumpBolusOrShortAct,HbA1cImputeDtMnC,Pt_SHFlg,Pt_DKAFlg,bmi,bmiPerc,bmiZscore,GFR,diagAgeCombo,Pt_A1cGoalLev,Pt_A1cGoalLevelDsYr5
8198,0.0,0.0,0.0,0.0,0.0,0.0,0.0,119.0,77.0,1.0,67.403826182,175.00599999999997,0.0,20,10.0,1.1126964781,0.0,55.0,216.0,0.0,0.0,1.6,0.0,1.0,3.0,0.0,10.2,0.0,1.0,0.0,0.0,0.0,1.0,22.007903491999997,0.3663974001,-0.905768908,0.0,9.0,0.0,0.0
8198,0.0,0.0,0.0,0.0,0.0,0.0,0.0,113.0,78.0,0.0,70.0,174.0,0.0,21,11.0,1.0714285714,98.0,55.0,178.0,126.0,0.0,2.1,30.0,0.0,0.0,1.53,9.7,0.0,0.0,4.0,16.73,0.0,0.0,23.120623595999998,0.0,-0.68629023,117.0,9.0,0.0,0.0
8198,0.0,0.0,0.0,0.0,0.0,0.0,0.0,135.0,88.0,0.0,72.0,174.0,0.0,22,12.0,0.875,0.0,0.0,0.0,0.0,0.0,2.1,33.0,0.0,0.0,0.0,9.3,0.0,0.0,4.0,28.647,0.0,0.0,23.781212842,0.0,-0.555992184,0.0,9.0,0.0,0.0
8198,0.0,0.0,0.0,0.0,0.0,0.0,0.0,134.0,92.0,0.0,69.0,174.9,0.0,23,13.0,0.0,108.0,66.0,0.0,145.0,18.0,5.3,33.0,0.0,0.0,1.79,9.4,0.0,0.0,0.0,41.461000000000006,0.0,0.0,22.556383604,0.0,-0.797583849,104.0,9.0,0.0,0.0
8198,0.0,0.0,0.0,0.0,0.0,0.0,0.0,140.0,96.0,0.0,72.5,175.0,0.0,24,15.0,0.4551724138,0.0,0.0,0.0,0.0,0.0,5.3,0.0,0.0,0.0,0.0,9.4,0.0,0.0,0.0,56.928999999999995,0.0,0.0,23.673469388,0.0,-0.577244061,0.0,9.0,0.0,0.0
8198,0.0,0.0,0.0,0.0,0.0,0.0,0.0,132.0,90.0,0.0,72.5,175.0,0.0,26,16.0,0.0,0.0,0.0,0.0,0.0,0.0,5.3,28.0,0.0,0.0,0.0,9.1,0.0,0.0,0.0,73.095,0.0,0.0,23.673469388,0.0,-0.577244061,0.0,9.0,0.0,0.0
