PtID,Pt_CGMUseNumDays,Pt_FatherT1D,Pt_MotherT1D,Pt_SiblingT1D,Pt_ChildT1D,Pt_GrandchildT1D,Pt_GrandparentT1D,BldPrSys,BldPrDia,SMBGperDayPtMeterCombo,WeightKg,HeightCm,DirectLDL,age,diabDur,TotalDailyInsPerKg,LDL,HDL,TotChol,Triglyc,BUN,AlbCreatRat_mggNew,UnitsInsBasalOrLongAct,BGTestAvgNumMeter,BGTestAvgNumPtRep,TSH,HbA1c,AutonomicNeuroCl,Pt_InsGov,NumPumpBolusOrShortAct,HbA1cImputeDtMnC,Pt_SHFlg,Pt_DKAFlg,bmi,bmiPerc,bmiZscore,GFR,diagAgeCombo,Pt_A1cGoalLev,Pt_A1cGoalLevelDsYr5
8210,0.0,0.0,0.0,0.0,0.0,0.0,0.0,110.0,70.0,3.0,54.8,171.4,0.0,13,10.0,1.0218978102,85.0,68.0,179.0,128.0,12.0,7.4,0.0,3.0,5.0,0.0,10.3,0.0,0.0,6.0,0.0,0.0,0.0,18.653439517,0.533160682,0.0832174521,0.0,3.0,0.0,0.0
8210,0.0,0.0,0.0,0.0,0.0,0.0,0.0,114.0,64.0,3.0,69.4,181.4,0.0,14,11.0,0.0,89.0,78.0,191.0,120.0,13.0,5.8,0.0,3.0,5.0,0.0,10.6,0.0,0.0,5.0,16.929000000000002,0.0,1.0,21.090404292,0.7417426936,0.6487273657,0.0,3.0,8.0,0.0
8210,0.0,0.0,0.0,0.0,0.0,0.0,0.0,116.0,70.0,5.0,85.2,187.5,0.0,15,12.0,1.0093896714,113.0,62.0,190.0,80.0,15.0,8.6,35.0,5.0,5.0,2.01,10.0,0.0,0.0,4.0,31.568,0.0,0.0,24.234666667,0.8864131752,1.2076714873999999,0.0,3.0,0.0,0.0
8210,0.0,0.0,0.0,0.0,0.0,0.0,0.0,120.0,66.0,3.0,86.7,189.8,0.0,16,13.0,1.291810842,88.0,67.0,178.0,116.0,0.0,26.2,47.0,3.0,0.0,2.0,11.8,0.0,0.0,3.0,44.148999999999994,0.0,0.0,24.067261751,0.8440995486,1.0114504133,0.0,3.0,0.0,0.0
8210,0.0,0.0,0.0,0.0,0.0,0.0,0.0,124.0,72.0,2.0,95.3,189.6,0.0,17,14.0,1.3746065058,107.0,68.0,200.0,120.0,17.0,26.2,48.0,2.0,0.0,1.64,10.1,0.0,0.0,5.0,54.538999999999994,0.0,0.0,26.510397194,0.9127015584999999,1.3575803455000002,142.6,3.0,0.0,0.0
8210,0.0,0.0,0.0,0.0,0.0,0.0,0.0,122.0,78.0,4.0,98.2,190.0,0.0,18,15.0,1.3441955193000001,97.0,64.0,182.0,105.0,0.0,6.5,63.0,4.0,4.0,2.31,10.5,0.0,0.0,3.0,62.473,0.0,0.0,27.202216066,0.9120136245999999,1.3532594747,0.0,3.0,0.0,0.0
