PtID,Pt_CGMUseNumDays,Pt_FatherT1D,Pt_MotherT1D,Pt_SiblingT1D,Pt_ChildT1D,Pt_GrandchildT1D,Pt_GrandparentT1D,BldPrSys,BldPrDia,SMBGperDayPtMeterCombo,WeightKg,HeightCm,DirectLDL,age,diabDur,TotalDailyInsPerKg,LDL,HDL,TotChol,Triglyc,BUN,AlbCreatRat_mggNew,UnitsInsBasalOrLongAct,BGTestAvgNumMeter,BGTestAvgNumPtRep,TSH,HbA1c,AutonomicNeuroCl,Pt_InsGov,NumPumpBolusOrShortAct,HbA1cImputeDtMnC,Pt_SHFlg,Pt_DKAFlg,bmi,bmiPerc,bmiZscore,GFR,diagAgeCombo,Pt_A1cGoalLev,Pt_A1cGoalLevelDsYr5
8215,0.0,0.0,0.0,0.0,0.0,0.0,0.0,0.0,0.0,4.0,43.8,163.4,0.0,12,0.0,0.3881278539,49.0,46.0,0.0,98.0,9.0,5.4,0.0,0.0,4.0,0.0,6.2,0.0,0.0,0.0,-0.066,0.0,0.0,16.404764723,0.2474824905,-0.682433338,0.0,12.0,0.0,0.0
8215,0.0,0.0,0.0,0.0,0.0,0.0,0.0,120.0,74.0,6.0,46.7,167.7,0.0,13,1.0,0.4925053533,82.0,56.0,0.0,59.0,0.0,0.0,0.0,6.0,5.0,0.0,6.9,0.0,0.0,0.0,12.946,0.0,0.0,16.605454056,0.1874041984,-0.887502545,0.0,12.0,0.0,0.0
8215,0.0,0.0,0.0,0.0,0.0,0.0,0.0,106.0,64.0,9.0,49.2,170.9,0.0,15,2.0,0.6504065041,0.0,56.0,150.0,81.0,0.0,8.2,17.0,9.0,0.0,1.08,7.0,0.0,0.0,0.0,27.154,0.0,0.0,16.845386401,0.07447262730000001,-1.4432670619999999,0.0,12.0,0.0,0.0
8215,0.0,0.0,0.0,0.0,0.0,0.0,0.0,111.0,64.0,10.0,52.5,170.8,0.0,16,4.0,0.8,0.0,0.0,150.0,81.0,0.0,9.3,17.0,10.0,0.0,1.08,0.0,0.0,0.0,9.0,0.0,0.0,0.0,17.996314355,0.1302398464,-1.125258068,0.0,12.0,0.0,0.0
8215,0.0,0.0,0.0,0.0,0.0,0.0,0.0,126.0,67.0,8.0,53.3,171.2,0.0,17,5.0,0.7317073170999999,0.0,0.0,144.0,124.0,0.0,0.0,16.0,8.0,0.0,1.15,0.0,0.0,0.0,7.0,0.0,0.0,0.0,18.185267272,0.0884249582,-1.350517899,0.0,12.0,0.0,0.0
8215,29.0,0.0,0.0,0.0,0.0,0.0,0.0,118.0,77.0,8.0,56.7,170.7,0.0,18,6.0,0.6525573192,0.0,0.0,143.0,0.0,0.0,0.0,18.0,8.0,3.0,0.536,7.8,0.0,0.0,0.0,64.365,0.0,0.0,19.458798311,0.1618205466,-0.987003152,0.0,12.0,0.0,0.0
8215,0.0,0.0,0.0,0.0,0.0,0.0,0.0,121.0,66.0,17.0,59.5,170.5,1.0,19,6.0,0.8235294118,113.0,0.0,186.0,0.0,0.0,0.0,20.0,17.0,0.0,1.44,7.5,0.0,0.0,0.0,74.058,0.0,0.0,20.467660237,0.2203925665,-0.7708680729999999,0.0,12.0,0.0,0.0
