PtID,Pt_CGMUseNumDays,Pt_FatherT1D,Pt_MotherT1D,Pt_SiblingT1D,Pt_ChildT1D,Pt_GrandchildT1D,Pt_GrandparentT1D,BldPrSys,BldPrDia,SMBGperDayPtMeterCombo,WeightKg,HeightCm,DirectLDL,age,diabDur,TotalDailyInsPerKg,LDL,HDL,TotChol,Triglyc,BUN,AlbCreatRat_mggNew,UnitsInsBasalOrLongAct,BGTestAvgNumMeter,BGTestAvgNumPtRep,TSH,HbA1c,AutonomicNeuroCl,Pt_InsGov,NumPumpBolusOrShortAct,HbA1cImputeDtMnC,Pt_SHFlg,Pt_DKAFlg,bmi,bmiPerc,bmiZscore,GFR,diagAgeCombo,Pt_A1cGoalLev,Pt_A1cGoalLevelDsYr5
8224,0.0,0.0,0.0,0.0,0.0,0.0,0.0,102.0,78.0,4.0,72.6,165.3,0.0,14,0.0,0.3719008264,0.0,0.0,0.0,0.0,0.0,0.0,0.0,4.0,5.0,0.0,9.0,0.0,0.0,0.0,0.0,0.0,0.0,26.569960793000003,0.9408453168,1.5619092616999999,0.0,13.0,0.0,0.0
8224,0.0,0.0,0.0,0.0,0.0,0.0,0.0,102.0,72.0,6.0,85.9,166.5,0.0,15,1.0,0.0,0.0,0.0,0.0,0.0,0.0,0.0,39.0,6.0,0.0,0.0,8.1,0.0,0.0,3.0,12.548,0.0,0.0,30.985940896,0.9737166804,1.9384639971000002,0.0,13.0,0.0,0.0
8224,0.0,0.0,0.0,0.0,0.0,0.0,0.0,0.0,0.0,4.0,79.8,164.6,0.0,16,3.0,0.0,107.0,49.0,166.0,56.0,18.0,0.0,30.0,4.0,0.0,1.33,0.0,0.0,0.0,3.0,0.0,0.0,0.0,29.453928593,0.95610622,1.7071856033000001,0.0,13.0,0.0,0.0
8224,0.0,0.0,0.0,0.0,0.0,0.0,0.0,102.0,77.0,3.0,80.7,166.0,0.0,17,3.0,0.6195786865,0.0,0.0,0.0,0.0,0.0,0.0,30.0,3.0,4.0,0.0,8.3,0.0,0.0,5.0,35.884,0.0,0.0,29.285817971,0.9463674735,1.6106086235,0.0,13.0,0.0,0.0
8224,0.0,0.0,0.0,0.0,0.0,0.0,0.0,100.0,68.0,3.0,0.0,0.0,0.0,18,5.0,0.0,0.0,0.0,0.0,0.0,0.0,0.0,32.3,3.0,3.0,0.0,7.6,0.0,0.0,3.0,53.111999999999995,0.0,0.0,0.0,0.0,0.0,0.0,13.0,0.0,0.0
8224,30.0,0.0,0.0,0.0,0.0,0.0,0.0,101.0,71.0,2.0,87.99691978,165.862,0.0,20,6.0,0.511381536,90.0,59.0,155.0,76.0,11.0,0.0,32.0,2.0,6.0,1.64,8.1,0.0,0.0,2.0,67.38600000000001,0.0,0.0,31.987012105999998,0.9521706808,0.6994076681999999,60.1,13.0,0.0,0.0
