PtID,Pt_CGMUseNumDays,Pt_FatherT1D,Pt_MotherT1D,Pt_SiblingT1D,Pt_ChildT1D,Pt_GrandchildT1D,Pt_GrandparentT1D,BldPrSys,BldPrDia,SMBGperDayPtMeterCombo,WeightKg,HeightCm,DirectLDL,age,diabDur,TotalDailyInsPerKg,LDL,HDL,TotChol,Triglyc,BUN,AlbCreatRat_mggNew,UnitsInsBasalOrLongAct,BGTestAvgNumMeter,BGTestAvgNumPtRep,TSH,HbA1c,AutonomicNeuroCl,Pt_InsGov,NumPumpBolusOrShortAct,HbA1cImputeDtMnC,Pt_SHFlg,Pt_DKAFlg,bmi,bmiPerc,bmiZscore,GFR,diagAgeCombo,Pt_A1cGoalLev,Pt_A1cGoalLevelDsYr5
8234,0.0,0.0,0.0,0.0,0.0,0.0,0.0,118.0,80.0,9.0,77.1107029,165.1,0.0,41,8.0,0.0,71.0,68.0,0.0,50.0,17.0,3.0,0.0,9.0,11.0,0.0,7.1,0.0,0.0,0.0,0.133,0.0,0.0,28.289190187,0.0,-0.027768591000000002,0.0,33.0,0.0,0.0
8234,0.0,0.0,0.0,0.0,0.0,0.0,0.0,115.0,85.0,11.0,78.01788764,165.1,0.0,42,9.0,0.8331422699,72.0,69.0,0.0,71.0,14.0,7.0,0.0,11.0,10.0,0.0,6.9,0.0,0.0,0.0,11.519,0.0,0.0,28.622004189000002,0.0,0.0019659139,0.0,33.0,6.0,0.0
8234,0.0,0.0,0.0,0.0,0.0,0.0,0.0,116.0,85.0,7.0,0.0,0.0,0.0,44,11.0,0.0,71.0,91.0,171.0,44.0,14.0,3.0,20.0,7.0,8.0,0.94,7.0,0.0,0.0,0.0,35.784,0.0,0.0,0.0,0.0,0.0,78.0,33.0,0.0,0.0
8234,0.0,0.0,0.0,0.0,0.0,0.0,0.0,132.0,82.0,7.0,76.0,165.0,0.0,46,13.0,0.0,0.0,0.0,0.0,0.0,0.0,3.0,0.0,0.0,7.0,0.0,6.9,0.0,0.0,0.0,59.718,0.0,0.0,27.915518825,0.0,-0.061153404,0.0,33.0,0.0,0.0
8234,0.0,0.0,0.0,0.0,0.0,0.0,0.0,137.0,82.0,7.0,77.0,165.0,0.0,47,14.0,0.0,71.0,76.0,160.0,64.0,14.0,3.0,22.0,7.0,15.0,1.15,7.6,0.0,0.0,0.0,73.66,0.0,0.0,28.282828283,0.0,-0.028336981,92.0,33.0,0.0,0.0
