PtID,Pt_CGMUseNumDays,Pt_FatherT1D,Pt_MotherT1D,Pt_SiblingT1D,Pt_ChildT1D,Pt_GrandchildT1D,Pt_GrandparentT1D,BldPrSys,BldPrDia,SMBGperDayPtMeterCombo,WeightKg,HeightCm,DirectLDL,age,diabDur,TotalDailyInsPerKg,LDL,HDL,TotChol,Triglyc,BUN,AlbCreatRat_mggNew,UnitsInsBasalOrLongAct,BGTestAvgNumMeter,BGTestAvgNumPtRep,TSH,HbA1c,AutonomicNeuroCl,Pt_InsGov,NumPumpBolusOrShortAct,HbA1cImputeDtMnC,Pt_SHFlg,Pt_DKAFlg,bmi,bmiPerc,bmiZscore,GFR,diagAgeCombo,Pt_A1cGoalLev,Pt_A1cGoalLevelDsYr5
8302,0.0,0.0,0.0,0.0,0.0,0.0,0.0,112.0,88.0,3.0,86.9,177.5,0.0,18,8.0,0.7594936709000001,89.0,61.0,196.0,230.0,20.0,4.9,0.0,3.0,4.0,0.0,8.5,0.0,0.0,0.0,-4.0169999999999995,0.0,0.0,27.581829002,0.9224731676000001,1.4219055739,0.0,9.0,0.0,0.0
8302,0.0,0.0,0.0,0.0,0.0,0.0,0.0,114.0,66.0,2.0,90.7,177.5,0.0,19,9.0,0.848952591,120.0,30.0,171.0,211.0,20.0,3.2,0.0,2.0,4.0,0.0,8.8,0.0,0.0,0.0,13.079,0.0,0.0,28.787938901,0.9332902006999999,1.5007524608,0.0,9.0,7.5,0.0
8302,0.0,0.0,0.0,0.0,0.0,0.0,0.0,114.0,62.0,4.0,88.8,177.5,0.0,20,10.0,0.9797297296999999,128.0,63.0,208.0,84.0,21.0,4.0,27.0,4.0,0.0,1.3,9.3,0.0,0.0,0.0,24.929000000000002,0.0,0.0,28.184883952,0.8965048381999999,0.3126107224,0.0,9.0,0.0,0.0
8302,0.0,0.0,0.0,0.0,0.0,0.0,0.0,110.0,70.0,4.0,92.7,176.5,0.0,21,11.0,0.690399137,92.0,57.0,198.0,243.0,20.0,4.0,17.0,4.0,0.0,0.57,9.2,0.0,0.0,6.0,37.245,0.0,0.0,29.757080146999996,0.0,0.622718846,0.0,9.0,0.0,0.0
8302,0.0,0.0,0.0,0.0,0.0,0.0,0.0,130.0,72.0,4.0,94.1,176.9,0.0,22,13.0,0.7863974495,128.0,51.0,207.0,138.0,18.0,4.0,23.0,4.0,0.0,1.03,7.8,0.0,0.0,0.0,54.373000000000005,0.0,0.0,30.070036662,0.0,0.6844480106999999,125.5,9.0,0.0,0.0
8302,0.0,0.0,0.0,0.0,0.0,0.0,0.0,112.0,68.0,0.0,96.8,178.0,0.0,24,14.0,0.3223140496,122.0,53.0,215.0,198.0,18.0,4.7,10.3,0.0,0.0,0.6,7.8,0.0,0.0,6.0,70.44,0.0,0.0,30.551698018000003,0.0,0.7794533920000001,136.0,9.0,0.0,0.0
