PtID,Pt_CGMUseNumDays,Pt_FatherT1D,Pt_MotherT1D,Pt_SiblingT1D,Pt_ChildT1D,Pt_GrandchildT1D,Pt_GrandparentT1D,BldPrSys,BldPrDia,SMBGperDayPtMeterCombo,WeightKg,HeightCm,DirectLDL,age,diabDur,TotalDailyInsPerKg,LDL,HDL,TotChol,Triglyc,BUN,AlbCreatRat_mggNew,UnitsInsBasalOrLongAct,BGTestAvgNumMeter,BGTestAvgNumPtRep,TSH,HbA1c,AutonomicNeuroCl,Pt_InsGov,NumPumpBolusOrShortAct,HbA1cImputeDtMnC,Pt_SHFlg,Pt_DKAFlg,bmi,bmiPerc,bmiZscore,GFR,diagAgeCombo,Pt_A1cGoalLev,Pt_A1cGoalLevelDsYr5
8324,0.0,0.0,0.0,0.0,0.0,0.0,0.0,110.0,68.0,9.0,32.3,140.6,0.0,11,4.0,0.9907120743000001,0.0,0.0,0.0,0.0,0.0,0.0,0.0,9.0,11.0,0.0,6.8,0.0,0.0,9.0,0.0,0.0,0.0,16.33924109,0.33656581490000004,-0.42185394200000004,0.0,6.0,0.0,0.0
8324,0.0,0.0,0.0,0.0,0.0,0.0,0.0,108.0,62.0,8.0,33.8,146.0,0.0,11,5.0,1.0059171598,0.0,0.0,0.0,0.0,0.0,0.0,0.0,8.0,0.0,0.0,8.0,0.0,0.0,8.0,10.224,0.0,0.0,15.856633515,0.2411818843,-0.7025058279999999,0.0,6.0,0.0,0.0
8324,0.0,0.0,0.0,0.0,0.0,0.0,0.0,106.0,67.0,5.0,42.728401254,155.44799999999998,0.0,13,7.0,1.0297600356999999,81.0,58.0,151.0,58.0,0.0,0.0,0.0,5.0,0.0,0.868,8.8,0.0,0.0,7.0,29.278000000000002,0.0,0.0,17.682609894000002,0.3705662968,-0.33035386899999997,0.0,6.0,0.0,0.0
8324,0.0,0.0,0.0,0.0,0.0,0.0,0.0,114.0,72.0,5.0,48.4,166.2,0.0,14,7.0,1.1570247934,48.0,73.0,145.0,119.0,0.0,0.0,25.0,5.0,0.0,1.899,9.1,0.0,0.0,6.0,40.365,0.0,0.0,17.521985748,0.23681198280000001,-0.716595105,0.0,6.0,0.0,0.0
8324,0.0,0.0,0.0,0.0,0.0,0.0,0.0,114.0,72.0,6.0,57.4,172.3,0.0,15,9.0,1.5505226481,0.0,0.0,0.0,0.0,0.0,0.0,0.0,6.0,0.0,0.0,7.8,0.0,0.0,0.0,55.501999999999995,0.0,0.0,19.334873611,0.4240171697,-0.191627066,0.0,6.0,0.0,0.0
