PtID,Pt_CGMUseNumDays,Pt_FatherT1D,Pt_MotherT1D,Pt_SiblingT1D,Pt_ChildT1D,Pt_GrandchildT1D,Pt_GrandparentT1D,BldPrSys,BldPrDia,SMBGperDayPtMeterCombo,WeightKg,HeightCm,DirectLDL,age,diabDur,TotalDailyInsPerKg,LDL,HDL,TotChol,Triglyc,BUN,AlbCreatRat_mggNew,UnitsInsBasalOrLongAct,BGTestAvgNumMeter,BGTestAvgNumPtRep,TSH,HbA1c,AutonomicNeuroCl,Pt_InsGov,NumPumpBolusOrShortAct,HbA1cImputeDtMnC,Pt_SHFlg,Pt_DKAFlg,bmi,bmiPerc,bmiZscore,GFR,diagAgeCombo,Pt_A1cGoalLev,Pt_A1cGoalLevelDsYr5
8329,0.0,1.0,0.0,0.0,0.0,0.0,1.0,102.0,62.0,1.0,41.7,148.9,0.0,12,0.0,0.8872901679,72.0,70.0,158.0,79.0,15.0,20.1,0.0,1.0,6.0,0.0,9.3,0.0,0.0,5.0,0.0,0.0,1.0,18.808175106,0.6018021218,0.2580144484,0.0,11.0,0.0,0.0
8329,0.0,1.0,0.0,0.0,0.0,0.0,1.0,102.0,60.0,4.0,48.9,155.8,0.0,13,1.0,0.0,74.0,60.0,156.0,108.0,13.0,339.1,0.0,4.0,5.0,0.0,9.6,0.0,0.0,5.0,9.56,0.0,0.0,20.145309892,0.6760873473000001,0.4567853937,0.0,11.0,8.0,0.0
8329,0.0,0.0,0.0,0.0,0.0,0.0,0.0,112.0,62.0,4.0,57.2,161.5,0.0,14,3.0,1.5384615385,116.0,58.0,196.0,111.0,13.0,60.6,30.0,4.0,0.0,1.86,10.4,0.0,0.0,0.0,24.531,0.0,0.0,21.930623317,0.7701218651999999,0.7392482456999999,0.0,11.0,0.0,0.0
8329,0.0,0.0,0.0,0.0,0.0,0.0,0.0,112.0,66.0,4.0,64.1,163.5,1.0,15,3.0,1.1388455538,119.0,44.0,196.0,282.0,13.0,32.1,37.0,4.0,0.0,2.36,9.7,0.0,0.0,4.0,36.515,0.0,0.0,23.978527808000003,0.8482757814,1.0290664778,0.0,11.0,0.0,0.0
8329,0.0,0.0,0.0,0.0,0.0,0.0,0.0,112.0,62.0,3.0,68.2,164.5,0.0,16,5.0,1.0557184751000002,91.0,70.0,189.0,139.0,16.0,6.8,32.0,3.0,0.0,4.11,10.8,0.0,0.0,3.0,49.826,0.0,0.0,25.203019189000003,0.8720363662,1.1360700042,137.6,11.0,0.0,0.0
8329,0.0,0.0,0.0,0.0,0.0,0.0,0.0,98.0,62.0,2.0,63.9,165.0,1.0,18,7.0,0.9702660406999999,128.0,52.0,210.0,328.0,14.0,6.8,30.0,2.0,2.0,2.94,12.1,0.0,0.0,2.0,73.22800000000001,0.0,0.0,23.47107438,0.7259099757999999,0.6004895122,100.9,11.0,0.0,10.0
