PtID,Pt_CGMUseNumDays,Pt_FatherT1D,Pt_MotherT1D,Pt_SiblingT1D,Pt_ChildT1D,Pt_GrandchildT1D,Pt_GrandparentT1D,BldPrSys,BldPrDia,SMBGperDayPtMeterCombo,WeightKg,HeightCm,DirectLDL,age,diabDur,TotalDailyInsPerKg,LDL,HDL,TotChol,Triglyc,BUN,AlbCreatRat_mggNew,UnitsInsBasalOrLongAct,BGTestAvgNumMeter,BGTestAvgNumPtRep,TSH,HbA1c,AutonomicNeuroCl,Pt_InsGov,NumPumpBolusOrShortAct,HbA1cImputeDtMnC,Pt_SHFlg,Pt_DKAFlg,bmi,bmiPerc,bmiZscore,GFR,diagAgeCombo,Pt_A1cGoalLev,Pt_A1cGoalLevelDsYr5
833,0.0,0.0,0.0,0.0,0.0,0.0,0.0,90.0,45.0,8.0,20.41165665,109.22,0.0,5,4.0,0.9308406626000001,0.0,0.0,0.0,0.0,9.0,8.6,0.0,0.0,8.0,0.0,0.0,0.0,0.0,0.0,0.0,0.0,0.0,17.110941635,0.8826897901999999,1.1885407897,0.0,1.0,0.0,0.0
833,0.0,0.0,0.0,0.0,0.0,0.0,0.0,102.0,61.0,7.0,23.5,119.4,0.0,6,5.0,0.42553191490000003,99.0,64.0,0.0,76.0,8.0,3.0,0.0,7.0,8.0,0.0,8.1,0.0,0.0,0.0,14.705,0.0,0.0,16.483871058,0.7758332670999999,0.7581963169,0.0,1.0,0.0,0.0
833,0.0,0.0,0.0,0.0,0.0,0.0,0.0,104.0,59.0,8.0,28.3,126.7,0.0,8,6.0,0.0,88.0,50.0,0.0,63.0,0.0,25.0,0.0,0.0,8.0,1.3,8.6,0.0,0.0,0.0,33.095,0.0,0.0,17.629224395,0.7916140727,0.8120344665000001,0.0,1.0,0.0,0.0
833,0.0,0.0,0.0,0.0,0.0,0.0,0.0,97.0,47.0,6.0,32.2,133.0,0.0,9,7.0,0.0,99.0,54.0,0.0,87.0,0.0,0.0,14.0,0.0,6.0,1.15,0.0,0.0,0.0,0.0,0.0,0.0,0.0,18.203403245,0.778553281,0.7673163695999999,0.0,1.0,0.0,0.0
833,0.0,0.0,0.0,0.0,0.0,0.0,0.0,111.0,51.0,2.0,34.01942775,137.16,0.0,10,8.0,0.38213458780000004,0.0,0.0,0.0,0.0,0.0,151.0,0.0,0.0,2.0,0.0,7.1,0.0,0.0,0.0,57.66,0.0,0.0,18.08306532,0.6855454639,0.4832629093,0.0,1.0,0.0,0.0
833,0.0,0.0,0.0,0.0,0.0,0.0,0.0,103.0,54.0,4.0,42.4,148.0,0.0,11,10.0,1.179245283,90.0,48.0,153.0,77.0,0.0,0.0,0.0,0.0,4.0,1.41,8.2,0.0,0.0,0.0,72.29899999999999,0.0,0.0,19.357195033,0.743054625,0.6527914289,0.0,1.0,0.0,0.0
