PtID,Pt_CGMUseNumDays,Pt_FatherT1D,Pt_MotherT1D,Pt_SiblingT1D,Pt_ChildT1D,Pt_GrandchildT1D,Pt_GrandparentT1D,BldPrSys,BldPrDia,SMBGperDayPtMeterCombo,WeightKg,HeightCm,DirectLDL,age,diabDur,TotalDailyInsPerKg,LDL,HDL,TotChol,Triglyc,BUN,AlbCreatRat_mggNew,UnitsInsBasalOrLongAct,BGTestAvgNumMeter,BGTestAvgNumPtRep,TSH,HbA1c,AutonomicNeuroCl,Pt_InsGov,NumPumpBolusOrShortAct,HbA1cImputeDtMnC,Pt_SHFlg,Pt_DKAFlg,bmi,bmiPerc,bmiZscore,GFR,diagAgeCombo,Pt_A1cGoalLev,Pt_A1cGoalLevelDsYr5
8357,0.0,0.0,0.0,0.0,0.0,0.0,0.0,131.0,68.0,5.0,66.6,165.1,0.0,38,25.0,0.9309309309,84.0,82.0,173.0,33.0,14.0,6.0,0.0,5.0,19.0,0.0,7.4,0.0,0.0,10.0,-0.133,0.0,0.0,24.433184961,0.0,-0.397639044,0.0,13.0,0.0,0.0
8357,0.0,0.0,0.0,0.0,0.0,0.0,0.0,123.0,63.0,12.0,65.77089365,165.1,0.0,41,28.0,0.7602146972,97.0,60.0,165.0,38.0,9.0,0.0,25.0,12.0,0.0,1.25,7.4,0.0,0.0,0.0,25.129,0.0,0.0,24.129015159,0.0,-0.39944990799999996,0.0,13.0,0.0,0.0
8357,0.0,0.0,0.0,0.0,0.0,0.0,0.0,127.0,56.0,13.0,67.13167076,165.1,0.0,42,29.0,0.0,81.0,74.0,161.0,29.0,13.0,0.0,18.0,0.0,13.0,0.0,7.2,0.0,0.0,0.0,38.373000000000005,0.0,0.0,24.628236163,0.0,-0.35484815,0.0,13.0,0.0,0.0
8357,0.0,0.0,0.0,0.0,0.0,0.0,0.0,138.0,62.0,13.0,68.03885550000001,165.1,0.0,42,29.0,0.0,95.0,62.0,168.0,55.0,14.0,0.0,21.0,13.0,13.0,1.75,0.0,0.0,0.0,0.0,0.0,0.0,0.0,24.961050165,0.0,-0.325113644,0.0,13.0,0.0,0.0
8357,0.0,0.0,0.0,0.0,0.0,0.0,0.0,127.0,65.0,12.0,67.58526313,165.1,0.0,43,30.0,0.0,55.0,61.0,126.0,52.0,11.0,4.0,21.0,0.0,12.0,0.0,7.9,0.0,0.0,0.0,61.178000000000004,0.0,0.0,24.794643164,0.0,-0.339980897,0.0,13.0,0.0,0.0
8357,0.0,0.0,0.0,0.0,0.0,0.0,0.0,129.0,63.0,12.0,0.0,0.0,0.0,44,31.0,0.0,56.0,67.0,134.0,57.0,12.0,4.0,19.0,12.0,12.0,0.76,8.4,0.0,0.0,0.0,65.328,0.0,0.0,0.0,0.0,0.0,0.0,13.0,0.0,0.0
8357,0.0,0.0,0.0,0.0,0.0,0.0,0.0,0.0,0.0,12.0,0.0,0.0,0.0,45,32.0,0.0,56.0,67.0,134.0,57.0,12.0,4.0,21.0,12.0,0.0,0.76,7.8,0.0,0.0,0.0,76.249,0.0,0.0,0.0,0.0,0.0,0.0,13.0,0.0,0.0
