PtID,Pt_CGMUseNumDays,Pt_FatherT1D,Pt_MotherT1D,Pt_SiblingT1D,Pt_ChildT1D,Pt_GrandchildT1D,Pt_GrandparentT1D,BldPrSys,BldPrDia,SMBGperDayPtMeterCombo,WeightKg,HeightCm,DirectLDL,age,diabDur,TotalDailyInsPerKg,LDL,HDL,TotChol,Triglyc,BUN,AlbCreatRat_mggNew,UnitsInsBasalOrLongAct,BGTestAvgNumMeter,BGTestAvgNumPtRep,TSH,HbA1c,AutonomicNeuroCl,Pt_InsGov,NumPumpBolusOrShortAct,HbA1cImputeDtMnC,Pt_SHFlg,Pt_DKAFlg,bmi,bmiPerc,bmiZscore,GFR,diagAgeCombo,Pt_A1cGoalLev,Pt_A1cGoalLevelDsYr5
8378,0.0,0.0,0.0,0.0,0.0,0.0,0.0,88.0,66.0,4.0,15.1,99.5,0.0,3,0.0,1.1920529801000002,0.0,0.0,0.0,0.0,14.0,0.0,0.0,4.0,5.0,0.0,8.9,0.0,0.0,5.0,0.0,0.0,0.0,15.252140097,0.3453965531,-0.39777898899999997,0.0,3.0,0.0,0.0
8378,0.0,0.0,0.0,0.0,0.0,0.0,0.0,101.0,64.0,8.0,18.8,108.0,0.0,5,1.0,0.9574468085,0.0,0.0,0.0,0.0,0.0,0.0,0.0,8.0,10.0,0.0,7.3,0.0,0.0,5.0,14.373,0.0,1.0,16.117969822,0.7465690044,0.6637317866,0.0,3.0,7.0,0.0
8378,0.0,0.0,0.0,0.0,0.0,0.0,0.0,100.0,53.0,11.0,21.3,114.3,0.0,6,3.0,0.7981220656999999,0.0,0.0,0.0,0.0,18.0,0.0,7.0,11.0,10.0,2.32,7.3,0.0,0.0,5.0,29.941999999999997,0.0,0.0,16.303736310999998,0.7472369042,0.6658199499,0.0,3.0,0.0,0.0
8378,0.0,0.0,0.0,0.0,0.0,0.0,0.0,118.0,60.0,11.0,23.58680324,122.4,0.0,7,4.0,0.7631385999,0.0,0.0,0.0,0.0,0.0,0.0,8.0,11.0,12.0,0.0,6.6,0.0,0.0,8.0,43.88399999999999,0.0,0.0,15.743679808,0.5714543024000001,0.18007792179999998,0.0,3.0,0.0,0.0
8378,0.0,0.0,0.0,0.0,0.0,0.0,0.0,100.0,61.0,6.0,27.9,132.0,0.0,9,5.0,0.6810035842000001,0.0,0.0,0.0,0.0,0.0,0.0,9.0,6.0,7.0,1.66,7.8,0.0,0.0,6.0,65.42699999999999,0.0,0.0,16.012396694,0.4464154411,-0.134723007,0.0,3.0,0.0,0.0
8378,30.0,0.0,0.0,0.0,0.0,0.0,0.0,92.0,48.0,10.0,32.0,136.5,0.0,9,6.0,0.90625,0.0,0.0,0.0,0.0,0.0,0.0,12.0,10.0,6.0,1.89,7.2,0.0,0.0,9.0,74.09100000000001,0.0,0.0,17.174522669,0.6524127905,0.3918427322,0.0,3.0,0.0,0.0
