PtID,Pt_CGMUseNumDays,Pt_FatherT1D,Pt_MotherT1D,Pt_SiblingT1D,Pt_ChildT1D,Pt_GrandchildT1D,Pt_GrandparentT1D,BldPrSys,BldPrDia,SMBGperDayPtMeterCombo,WeightKg,HeightCm,DirectLDL,age,diabDur,TotalDailyInsPerKg,LDL,HDL,TotChol,Triglyc,BUN,AlbCreatRat_mggNew,UnitsInsBasalOrLongAct,BGTestAvgNumMeter,BGTestAvgNumPtRep,TSH,HbA1c,AutonomicNeuroCl,Pt_InsGov,NumPumpBolusOrShortAct,HbA1cImputeDtMnC,Pt_SHFlg,Pt_DKAFlg,bmi,bmiPerc,bmiZscore,GFR,diagAgeCombo,Pt_A1cGoalLev,Pt_A1cGoalLevelDsYr5
8471,27.0,0.0,0.0,0.0,1.0,0.0,0.0,130.0,80.0,7.0,91.62565874,157.48,0.0,34,26.0,0.6439244292,120.0,56.0,189.0,67.0,8.0,112.0,0.0,0.0,7.0,0.0,6.8,0.0,0.0,3.0,0.266,0.0,0.0,36.945904029,0.0,1.0375530817,0.0,8.0,0.0,0.0
8471,15.0,0.0,0.0,0.0,1.0,0.0,0.0,118.0,86.0,8.0,92.98643585,154.94,0.0,34,26.0,0.8065692519,80.0,52.0,141.0,43.0,10.0,69.0,0.0,0.0,8.0,0.0,6.8,0.0,0.0,0.0,10.357000000000001,0.0,0.0,38.73401339,0.0,1.2426468316,0.0,8.0,6.0,0.0
8471,0.0,0.0,0.0,0.0,0.0,0.0,0.0,112.0,88.0,0.0,97.97595192,157.48,0.0,36,28.0,0.0,97.0,48.0,158.0,64.0,12.0,103.0,36.0,0.0,0.0,1.45,7.7,0.0,0.0,0.0,27.519000000000002,0.0,0.0,39.506511239,0.0,1.3312513006,0.0,8.0,0.0,0.0
8471,0.0,0.0,0.0,0.0,0.0,0.0,0.0,118.0,76.0,4.0,94.34721296,154.94,0.0,37,29.0,0.7525394527,104.0,50.0,167.0,67.0,11.0,103.0,36.0,4.0,4.0,2.68,7.7,0.0,0.0,4.0,39.635,0.0,0.0,39.300852610999996,0.0,1.3076625312999999,0.0,8.0,0.0,0.0
8471,0.0,0.0,0.0,0.0,0.0,0.0,0.0,120.0,70.0,5.0,96.16158244,154.94,0.0,37,29.0,0.8631305548,94.0,56.0,161.0,53.0,12.0,103.0,36.0,5.0,5.0,0.0,7.5,0.0,0.0,5.0,46.739,0.0,0.0,40.056638238000005,0.0,1.3943501309,0.0,8.0,0.0,0.0
8471,0.0,0.0,0.0,0.0,0.0,0.0,0.0,122.0,78.0,5.0,100.24391377,157.48,0.0,38,30.0,0.708272426,79.0,53.0,144.0,61.0,8.0,103.0,35.0,5.0,5.0,1.56,7.9,0.0,0.0,4.0,57.826,0.0,0.0,40.421013814,0.0,1.4361435216999998,0.0,8.0,0.0,0.0
8471,0.0,0.0,0.0,0.0,0.0,0.0,0.0,122.0,69.0,5.0,89.81128926,157.48,0.0,39,31.0,0.4676472228,72.0,46.0,127.0,45.0,12.0,103.0,31.0,5.0,6.0,4.05,6.5,0.0,0.0,3.0,66.921,0.0,0.0,36.214301969,0.0,0.9536393048999999,0.0,8.0,0.0,0.0
8471,0.0,0.0,0.0,0.0,0.0,0.0,0.0,124.0,79.0,5.0,73.02837157,157.48,0.0,40,32.0,0.3423327053,75.0,56.0,139.0,41.0,16.0,103.0,19.0,5.0,0.0,1.79,6.7,0.0,0.0,3.0,78.041,0.0,0.0,29.446982914,0.0,0.0756717499,0.0,8.0,0.0,0.0
