PtID,Pt_CGMUseNumDays,Pt_FatherT1D,Pt_MotherT1D,Pt_SiblingT1D,Pt_ChildT1D,Pt_GrandchildT1D,Pt_GrandparentT1D,BldPrSys,BldPrDia,SMBGperDayPtMeterCombo,WeightKg,HeightCm,DirectLDL,age,diabDur,TotalDailyInsPerKg,LDL,HDL,TotChol,Triglyc,BUN,AlbCreatRat_mggNew,UnitsInsBasalOrLongAct,BGTestAvgNumMeter,BGTestAvgNumPtRep,TSH,HbA1c,AutonomicNeuroCl,Pt_InsGov,NumPumpBolusOrShortAct,HbA1cImputeDtMnC,Pt_SHFlg,Pt_DKAFlg,bmi,bmiPerc,bmiZscore,GFR,diagAgeCombo,Pt_A1cGoalLev,Pt_A1cGoalLevelDsYr5
856,0.0,0.0,0.0,0.0,0.0,0.0,0.0,112.0,61.0,7.0,52.9,157.0,0.0,13,2.0,0.9829867675,0.0,0.0,168.0,0.0,16.0,0.0,0.0,0.0,7.0,0.0,7.4,0.0,1.0,9.0,-1.162,0.0,0.0,21.461316889000003,0.7877828962000001,0.7987520353,0.0,10.0,0.0,0.0
856,0.0,0.0,0.0,0.0,0.0,0.0,0.0,0.0,0.0,8.0,51.8,159.8,0.0,14,4.0,0.38610038609999997,0.0,0.0,0.0,0.0,14.0,0.0,0.0,0.0,8.0,0.0,7.2,0.0,1.0,0.0,18.456,0.0,0.0,20.285055944,0.6197741513,0.30488768260000004,0.0,10.0,0.0,0.0
856,0.0,0.0,0.0,0.0,0.0,0.0,0.0,112.0,70.0,0.0,50.8,160.3,0.0,16,5.0,0.7086614173000001,100.0,61.0,0.0,44.0,13.0,0.0,14.0,0.0,0.0,2.04,7.7,0.0,0.0,0.0,33.726,0.0,0.0,19.769544705,0.409388711,-0.229117719,0.0,10.0,0.0,0.0
856,0.0,0.0,0.0,0.0,0.0,0.0,0.0,133.0,82.0,0.0,51.3,161.0,0.0,17,6.0,0.701754386,89.0,62.0,158.0,36.0,12.0,0.0,26.0,0.0,0.0,2.3,7.6,0.0,0.0,0.0,49.56,0.0,0.0,19.790903129,0.349030908,-0.387938135,0.0,10.0,0.0,0.0
