PtID,Pt_CGMUseNumDays,Pt_FatherT1D,Pt_MotherT1D,Pt_SiblingT1D,Pt_ChildT1D,Pt_GrandchildT1D,Pt_GrandparentT1D,BldPrSys,BldPrDia,SMBGperDayPtMeterCombo,WeightKg,HeightCm,DirectLDL,age,diabDur,TotalDailyInsPerKg,LDL,HDL,TotChol,Triglyc,BUN,AlbCreatRat_mggNew,UnitsInsBasalOrLongAct,BGTestAvgNumMeter,BGTestAvgNumPtRep,TSH,HbA1c,AutonomicNeuroCl,Pt_InsGov,NumPumpBolusOrShortAct,HbA1cImputeDtMnC,Pt_SHFlg,Pt_DKAFlg,bmi,bmiPerc,bmiZscore,GFR,diagAgeCombo,Pt_A1cGoalLev,Pt_A1cGoalLevelDsYr5
8574,0.0,0.0,0.0,1.0,0.0,0.0,0.0,100.0,60.0,8.0,44.2,143.9,0.0,11,8.0,0.7239819005,100.0,68.0,181.0,67.0,12.0,3.7,0.0,8.0,8.0,0.0,8.7,0.0,0.0,7.0,0.0,0.0,0.0,21.345222268,0.8751518193000001,1.1510872047,0.0,3.0,0.0,0.0
8574,0.0,0.0,0.0,1.0,0.0,0.0,0.0,100.0,60.0,6.0,50.3,150.3,0.0,12,9.0,0.9940357853,111.0,70.0,189.0,43.0,12.0,0.0,0.0,6.0,8.0,0.0,8.5,0.0,0.0,7.0,10.722000000000001,0.0,0.0,22.266400886,0.8755499883,1.1530252433,0.0,3.0,7.0,0.0
8574,0.0,0.0,0.0,0.0,0.0,0.0,0.0,98.0,60.0,6.0,59.5,157.6,0.0,13,10.0,0.9243697479,108.0,67.0,184.0,47.0,7.0,2.8,23.0,6.0,0.0,2.77,8.3,0.0,0.0,6.0,22.838,0.0,0.0,23.955461361999998,0.9033686348000001,1.3009875089,0.0,3.0,0.0,0.0
8574,0.0,0.0,0.0,0.0,0.0,0.0,0.0,112.0,70.0,3.0,62.7,160.8,0.0,14,11.0,0.8612440190999999,118.0,64.0,195.0,63.0,13.0,2.8,29.0,3.0,0.0,1.51,9.3,0.0,0.0,0.0,34.191,0.0,0.0,24.249090369,0.8866170317000001,1.208731706,0.0,3.0,0.0,0.0
8574,0.0,0.0,0.0,0.0,0.0,0.0,0.0,108.0,70.0,5.0,78.6,162.1,0.0,16,12.0,0.8778625954000001,94.0,59.0,168.0,76.0,12.0,3.8,36.0,5.0,0.0,0.47,8.7,0.0,0.0,3.0,51.419,0.0,0.0,29.912762055,0.9603042959,1.7542282284000001,144.0,3.0,0.0,0.0
8574,0.0,0.0,0.0,0.0,0.0,0.0,0.0,100.0,66.0,3.0,80.3,162.3,0.0,17,13.0,0.7260273973,97.0,61.0,182.0,120.0,12.0,3.8,36.9,3.0,4.0,3.93,9.5,0.0,0.0,0.0,62.075,0.0,0.0,30.484459949,0.9585089325,1.7336391191,134.8,3.0,0.0,0.0
