PtID,Pt_CGMUseNumDays,Pt_FatherT1D,Pt_MotherT1D,Pt_SiblingT1D,Pt_ChildT1D,Pt_GrandchildT1D,Pt_GrandparentT1D,BldPrSys,BldPrDia,SMBGperDayPtMeterCombo,WeightKg,HeightCm,DirectLDL,age,diabDur,TotalDailyInsPerKg,LDL,HDL,TotChol,Triglyc,BUN,AlbCreatRat_mggNew,UnitsInsBasalOrLongAct,BGTestAvgNumMeter,BGTestAvgNumPtRep,TSH,HbA1c,AutonomicNeuroCl,Pt_InsGov,NumPumpBolusOrShortAct,HbA1cImputeDtMnC,Pt_SHFlg,Pt_DKAFlg,bmi,bmiPerc,bmiZscore,GFR,diagAgeCombo,Pt_A1cGoalLev,Pt_A1cGoalLevelDsYr5
8638,0.0,0.0,0.0,0.0,0.0,0.0,0.0,100.0,58.0,5.0,38.2,142.1,0.0,10,8.0,0.8638743455,126.0,45.0,183.0,59.0,7.0,18.0,0.0,5.0,5.0,0.0,8.2,0.0,0.0,0.0,0.0,0.0,0.0,18.917999387000002,0.7741103635,0.7524520204999999,0.0,2.0,0.0,0.0
8638,0.0,0.0,0.0,0.0,0.0,0.0,1.0,112.0,54.0,3.0,43.5,150.0,0.0,11,9.0,0.5747126437,0.0,0.0,0.0,0.0,0.0,5.0,0.0,3.0,5.0,0.0,11.3,0.0,0.0,6.0,13.012,0.0,1.0,19.333333333,0.7408101108,0.6458449434,0.0,2.0,7.0,0.0
8638,0.0,0.0,0.0,0.0,0.0,0.0,0.0,110.0,60.0,5.0,54.0,157.5,0.0,12,10.0,0.8333333333,99.0,62.0,177.0,78.0,19.0,5.2,18.0,5.0,0.0,1.84,8.5,0.0,0.0,5.0,24.166,0.0,0.0,21.768707483000004,0.853085868,1.0497604483,0.0,2.0,0.0,0.0
8638,0.0,0.0,0.0,0.0,0.0,0.0,0.0,116.0,72.0,5.0,61.8,162.6,0.0,13,11.0,0.8414239481999999,97.0,50.0,166.0,95.0,12.0,75.7,27.0,5.0,0.0,1.42,8.6,0.0,0.0,4.0,36.515,0.0,0.0,23.374772493000002,0.8845527054000001,1.198057612,0.0,2.0,0.0,0.0
8638,0.0,0.0,0.0,0.0,0.0,0.0,0.0,116.0,70.0,2.0,64.3,162.3,0.0,14,12.0,0.7309486781,131.0,54.0,198.0,113.0,14.0,11.7,25.0,2.0,0.0,2.11,10.8,0.0,0.0,3.0,49.726000000000006,0.0,0.0,24.410345887,0.8918712737000001,1.236541223,0.0,2.0,0.0,0.0
8638,0.0,0.0,0.0,0.0,0.0,0.0,0.0,102.0,72.0,1.0,71.6,164.0,0.0,15,13.0,0.6983240223,146.0,53.0,218.0,97.0,0.0,29.9,28.0,1.0,3.0,0.82,10.7,0.0,0.0,0.0,64.598,0.0,0.0,26.621058894,0.9275381831999999,1.4576986162999999,0.0,2.0,0.0,0.0
8638,0.0,0.0,0.0,0.0,0.0,0.0,0.0,102.0,66.0,3.0,70.2,163.9,0.0,16,14.0,0.7834757834999999,168.0,52.0,242.0,110.0,16.0,29.9,30.0,3.0,0.0,1.69,9.9,0.0,0.0,0.0,76.913,0.0,0.0,26.132394453000003,0.9007810636,1.2860148679,0.0,2.0,0.0,0.0
