PtID,Pt_CGMUseNumDays,Pt_FatherT1D,Pt_MotherT1D,Pt_SiblingT1D,Pt_ChildT1D,Pt_GrandchildT1D,Pt_GrandparentT1D,BldPrSys,BldPrDia,SMBGperDayPtMeterCombo,WeightKg,HeightCm,DirectLDL,age,diabDur,TotalDailyInsPerKg,LDL,HDL,TotChol,Triglyc,BUN,AlbCreatRat_mggNew,UnitsInsBasalOrLongAct,BGTestAvgNumMeter,BGTestAvgNumPtRep,TSH,HbA1c,AutonomicNeuroCl,Pt_InsGov,NumPumpBolusOrShortAct,HbA1cImputeDtMnC,Pt_SHFlg,Pt_DKAFlg,bmi,bmiPerc,bmiZscore,GFR,diagAgeCombo,Pt_A1cGoalLev,Pt_A1cGoalLevelDsYr5
8696,6.0,0.0,0.0,0.0,0.0,0.0,0.0,126.0,80.0,4.0,0.0,0.0,0.0,19,8.0,0.0,72.0,89.0,172.0,57.0,26.7,2.2,0.0,0.0,4.0,0.0,9.5,0.0,0.0,0.0,0.0,0.0,0.0,0.0,0.0,0.0,0.0,11.0,0.0,0.0
8696,0.0,0.0,0.0,0.0,0.0,0.0,0.0,145.0,87.0,3.0,78.0,176.0,0.0,21,10.0,0.8205128205,70.0,97.0,180.0,65.0,17.0,1.9,0.0,0.0,3.0,0.0,9.8,0.0,0.0,0.0,17.859,0.0,0.0,25.180785124,0.0,-0.279933296,0.0,11.0,6.9,0.0
8696,0.0,0.0,0.0,0.0,0.0,0.0,0.0,114.0,72.0,4.0,79.5,176.0,0.0,23,12.0,0.7672955975,0.0,0.0,0.0,0.0,0.0,0.0,29.0,4.0,0.0,0.0,7.8,0.0,0.0,0.0,40.664,0.0,0.0,25.665030992,0.0,-0.18441813199999998,0.0,11.0,0.0,0.0
8696,0.0,0.0,0.0,0.0,0.0,0.0,0.0,111.0,72.0,3.0,79.0,176.0,0.0,24,13.0,0.7594936709000001,0.0,0.0,0.0,0.0,0.0,0.0,30.0,3.0,0.0,0.0,7.0,0.0,0.0,0.0,51.817,0.0,0.0,25.503615701999998,0.0,-0.21625652,0.0,11.0,0.0,0.0
8696,0.0,0.0,0.0,0.0,0.0,0.0,0.0,122.0,81.0,3.0,83.9,176.0,0.0,25,14.0,0.7866507747,98.0,0.0,0.0,0.0,14.0,0.0,32.0,3.0,4.0,0.97,7.5,0.0,0.0,3.0,71.402,0.0,0.0,27.085485536999997,0.0,0.0957596828,109.0,11.0,0.0,0.0
8696,0.0,0.0,0.0,0.0,0.0,0.0,0.0,117.0,79.0,3.0,77.6,176.0,0.0,26,15.0,0.0,0.0,0.0,0.0,0.0,0.0,0.0,0.0,3.0,0.0,0.0,8.0,0.0,0.0,0.0,78.73899999999999,0.0,0.0,25.051652893000004,0.0,-0.305404006,0.0,11.0,0.0,0.0
