PtID,Pt_CGMUseNumDays,Pt_FatherT1D,Pt_MotherT1D,Pt_SiblingT1D,Pt_ChildT1D,Pt_GrandchildT1D,Pt_GrandparentT1D,BldPrSys,BldPrDia,SMBGperDayPtMeterCombo,WeightKg,HeightCm,DirectLDL,age,diabDur,TotalDailyInsPerKg,LDL,HDL,TotChol,Triglyc,BUN,AlbCreatRat_mggNew,UnitsInsBasalOrLongAct,BGTestAvgNumMeter,BGTestAvgNumPtRep,TSH,HbA1c,AutonomicNeuroCl,Pt_InsGov,NumPumpBolusOrShortAct,HbA1cImputeDtMnC,Pt_SHFlg,Pt_DKAFlg,bmi,bmiPerc,bmiZscore,GFR,diagAgeCombo,Pt_A1cGoalLev,Pt_A1cGoalLevelDsYr5
8699,0.0,0.0,0.0,0.0,0.0,0.0,0.0,89.0,54.0,0.0,14.1,89.0,0.0,2,1.0,0.0,0.0,0.0,0.0,0.0,12.0,0.0,0.0,0.0,0.0,0.0,11.7,0.0,0.0,0.0,0.0,0.0,0.0,17.800782729,0.7952230579,0.8246789524,0.0,1.0,0.0,0.0
8699,0.0,0.0,0.0,0.0,0.0,0.0,0.0,0.0,0.0,0.0,17.5,100.5,0.0,4,3.0,0.0,0.0,0.0,0.0,0.0,0.0,0.0,6.0,0.0,0.0,2.39,8.4,0.0,0.0,0.0,18.124000000000002,0.0,0.0,17.326303804000002,0.9047778752,1.3092660381,0.0,1.0,0.0,0.0
8699,0.0,0.0,0.0,0.0,0.0,0.0,0.0,104.0,60.0,8.0,19.5,105.4,0.0,5,3.0,0.0,0.0,0.0,0.0,0.0,0.0,0.0,7.0,8.0,0.0,0.0,7.8,0.0,0.0,0.0,27.884,0.0,0.0,17.553082320999998,0.9266163084000001,1.4510448087999999,0.0,1.0,0.0,0.0
8699,0.0,0.0,0.0,0.0,0.0,0.0,0.0,98.0,55.0,8.0,21.6,112.9,0.0,6,5.0,0.8796296295999999,0.0,0.0,0.0,0.0,0.0,10.0,8.0,8.0,0.0,2.44,7.7,0.0,0.0,9.0,41.66,0.0,0.0,16.945947917999998,0.8430358253,1.0070133698000001,0.0,1.0,0.0,0.0
8699,0.0,0.0,0.0,0.0,0.0,0.0,0.0,99.0,63.0,5.0,24.5,120.5,0.0,7,6.0,0.7755102040999999,0.0,0.0,0.0,0.0,0.0,10.0,9.0,5.0,5.0,0.0,7.5,0.0,0.0,9.0,53.743,0.0,0.0,16.872987724,0.7892247651000001,0.8037342493,0.0,1.0,0.0,0.0
8699,30.0,0.0,0.0,0.0,0.0,0.0,0.0,85.0,47.0,10.0,28.0,126.2,0.0,8,6.0,0.0,0.0,0.0,0.0,0.0,0.0,10.0,0.0,10.0,6.0,2.64,7.2,0.0,0.0,0.0,64.365,0.0,0.0,17.580827856,0.8169852978000001,0.9039358761,0.0,1.0,0.0,0.0
