PtID,Pt_CGMUseNumDays,Pt_FatherT1D,Pt_MotherT1D,Pt_SiblingT1D,Pt_ChildT1D,Pt_GrandchildT1D,Pt_GrandparentT1D,BldPrSys,BldPrDia,SMBGperDayPtMeterCombo,WeightKg,HeightCm,DirectLDL,age,diabDur,TotalDailyInsPerKg,LDL,HDL,TotChol,Triglyc,BUN,AlbCreatRat_mggNew,UnitsInsBasalOrLongAct,BGTestAvgNumMeter,BGTestAvgNumPtRep,TSH,HbA1c,AutonomicNeuroCl,Pt_InsGov,NumPumpBolusOrShortAct,HbA1cImputeDtMnC,Pt_SHFlg,Pt_DKAFlg,bmi,bmiPerc,bmiZscore,GFR,diagAgeCombo,Pt_A1cGoalLev,Pt_A1cGoalLevelDsYr5
8700,0.0,0.0,0.0,0.0,0.0,0.0,0.0,145.0,89.0,7.0,61.3,162.0,0.0,63,38.0,0.29363784670000004,95.0,100.0,0.0,46.0,11.0,6.0,0.0,7.0,12.0,0.0,6.0,0.0,0.0,9.0,-0.39799999999999996,0.0,0.0,23.35771986,0.0,-0.775453485,0.0,25.0,0.0,0.0
8700,0.0,0.0,0.0,0.0,0.0,0.0,0.0,179.0,77.0,9.0,61.6,162.6,0.0,64,39.0,0.4383116883,127.0,0.0,0.0,0.0,13.0,0.0,0.0,9.0,12.0,0.0,5.9,0.0,0.0,0.0,16.797,1.0,0.0,23.29912598,0.0,-0.782732368,0.0,25.0,5.1,0.0
8700,0.0,0.0,0.0,0.0,0.0,0.0,0.0,135.0,50.0,4.0,59.7,162.6,0.0,65,40.0,0.3350083752,103.0,101.0,0.0,53.0,13.0,4.0,10.0,4.0,0.0,2.14,5.9,0.0,0.0,10.0,27.386,0.0,0.0,22.580484106999997,0.0,-0.8720063720000001,0.0,25.0,0.0,0.0
8700,0.0,0.0,0.0,0.0,0.0,0.0,0.0,144.0,66.0,0.0,58.6,162.6,0.0,67,42.0,0.3242320819,95.0,98.0,0.0,61.0,13.0,11.9,8.0,0.0,0.0,1.61,6.3,0.0,0.0,0.0,43.053999999999995,0.0,0.0,22.164428286,0.0,-0.923691322,0.0,25.0,0.0,0.0
8700,0.0,0.0,0.0,0.0,0.0,0.0,0.0,124.0,58.0,7.0,0.0,0.0,0.0,67,42.0,0.0,98.0,100.0,0.0,70.0,14.0,11.9,8.0,7.0,0.0,1.71,6.5,0.0,0.0,0.0,52.581,0.0,0.0,0.0,0.0,0.0,0.0,25.0,0.0,0.0
8700,0.0,0.0,0.0,0.0,0.0,0.0,0.0,136.0,58.0,7.0,59.6,161.3,0.0,68,43.0,0.3355704698,116.0,0.0,0.0,0.0,15.0,9.0,8.0,7.0,0.0,1.49,7.0,0.0,0.0,0.0,65.461,0.0,0.0,22.907491019000002,0.0,-0.831383612,0.0,25.0,0.0,0.0
8700,0.0,0.0,0.0,0.0,0.0,0.0,0.0,128.0,56.0,5.0,60.5,161.9,0.0,69,44.0,0.3140495868,0.0,0.0,0.0,0.0,16.0,9.0,8.0,5.0,7.0,1.3,6.4,0.0,1.0,0.0,76.88,1.0,0.0,23.081375009000002,0.0,-0.8097827,0.0,25.0,0.0,0.0
