PtID,Pt_CGMUseNumDays,Pt_FatherT1D,Pt_MotherT1D,Pt_SiblingT1D,Pt_ChildT1D,Pt_GrandchildT1D,Pt_GrandparentT1D,BldPrSys,BldPrDia,SMBGperDayPtMeterCombo,WeightKg,HeightCm,DirectLDL,age,diabDur,TotalDailyInsPerKg,LDL,HDL,TotChol,Triglyc,BUN,AlbCreatRat_mggNew,UnitsInsBasalOrLongAct,BGTestAvgNumMeter,BGTestAvgNumPtRep,TSH,HbA1c,AutonomicNeuroCl,Pt_InsGov,NumPumpBolusOrShortAct,HbA1cImputeDtMnC,Pt_SHFlg,Pt_DKAFlg,bmi,bmiPerc,bmiZscore,GFR,diagAgeCombo,Pt_A1cGoalLev,Pt_A1cGoalLevelDsYr5
8712,0.0,0.0,0.0,0.0,0.0,0.0,0.0,134.0,86.0,5.0,0.0,0.0,0.0,40,13.0,0.0,76.0,69.0,0.0,99.0,9.0,11.6,0.0,5.0,6.0,0.0,9.3,0.0,0.0,0.0,-1.162,0.0,1.0,0.0,0.0,0.0,0.0,26.0,0.0,0.0
8712,0.0,0.0,0.0,0.0,0.0,0.0,0.0,110.0,60.0,4.0,77.1,162.8,0.0,41,14.0,0.0,106.0,87.0,0.0,57.0,9.0,3.0,0.0,0.0,4.0,3.22,10.4,0.0,0.0,0.0,16.498,0.0,0.0,29.090124299,0.0,0.0437890337,0.0,26.0,0.0,0.0
8712,0.0,0.0,0.0,0.0,0.0,0.0,0.0,126.0,78.0,0.0,68.6,163.8,0.0,42,15.0,0.6413994169,114.0,107.0,0.0,101.0,15.0,4.9,20.0,0.0,0.0,0.502,14.0,0.0,0.0,2.0,28.747,0.0,0.0,25.567974286,0.0,-0.270889398,0.0,26.0,0.0,0.0
8712,0.0,0.0,0.0,0.0,0.0,0.0,0.0,128.0,90.0,1.0,74.9,164.0,0.0,43,16.0,0.4939919893,73.0,85.0,170.0,67.0,9.0,0.0,26.0,1.0,0.0,1.96,10.3,0.0,0.0,2.0,40.266,0.0,0.0,27.848007139,0.0,-0.067185081,90.1,26.0,0.0,0.0
8712,0.0,0.0,0.0,0.0,0.0,0.0,0.0,126.0,88.0,0.0,77.2,162.8,0.0,44,17.0,0.46632124350000004,0.0,0.0,0.0,0.0,13.0,0.0,30.0,0.0,2.0,1.14,10.3,0.0,0.0,1.0,49.56,0.0,0.0,29.127854681,0.0,0.0471599683,90.1,26.0,0.0,0.0
8712,0.0,0.0,0.0,0.0,0.0,0.0,0.0,122.0,86.0,6.0,78.5,160.0,0.0,46,19.0,0.6242038217,81.0,82.0,171.0,42.0,15.0,0.0,29.0,6.0,6.0,1.77,11.7,0.0,0.0,5.0,71.071,0.0,0.0,30.6640625,0.0,0.18440893989999999,90.1,26.0,0.0,0.0
