PtID,Pt_CGMUseNumDays,Pt_FatherT1D,Pt_MotherT1D,Pt_SiblingT1D,Pt_ChildT1D,Pt_GrandchildT1D,Pt_GrandparentT1D,BldPrSys,BldPrDia,SMBGperDayPtMeterCombo,WeightKg,HeightCm,DirectLDL,age,diabDur,TotalDailyInsPerKg,LDL,HDL,TotChol,Triglyc,BUN,AlbCreatRat_mggNew,UnitsInsBasalOrLongAct,BGTestAvgNumMeter,BGTestAvgNumPtRep,TSH,HbA1c,AutonomicNeuroCl,Pt_InsGov,NumPumpBolusOrShortAct,HbA1cImputeDtMnC,Pt_SHFlg,Pt_DKAFlg,bmi,bmiPerc,bmiZscore,GFR,diagAgeCombo,Pt_A1cGoalLev,Pt_A1cGoalLevelDsYr5
8717,0.0,0.0,0.0,0.0,0.0,0.0,0.0,110.0,68.0,6.0,72.6,162.5,0.0,14,1.0,0.7024793387999999,72.0,49.0,128.0,34.0,11.0,0.0,0.0,6.0,7.0,0.0,8.5,0.0,0.0,5.0,-17.261,0.0,0.0,27.493491124000002,0.9533653055,1.6783981984,0.0,12.0,0.0,0.0
8717,0.0,0.0,0.0,0.0,0.0,0.0,0.0,104.0,64.0,0.0,79.0,165.6,0.0,14,2.0,0.9240506329000001,0.0,0.0,0.0,0.0,0.0,32.4,30.0,0.0,0.0,0.0,8.2,0.0,0.0,0.0,6.837999999999999,0.0,0.0,28.807556769,0.9660281090999999,1.8253794923,0.0,12.0,0.0,0.0
8717,0.0,0.0,0.0,0.0,0.0,0.0,0.0,108.0,64.0,4.0,82.0,166.1,0.0,15,3.0,0.7926829268000001,75.0,54.0,0.0,69.0,0.0,32.4,30.0,4.0,4.0,1.13,8.1,0.0,0.0,0.0,21.245,0.0,0.0,29.721764414000003,0.9656940866,1.8209673066,0.0,12.0,0.0,0.0
8717,0.0,0.0,0.0,0.0,0.0,0.0,0.0,116.0,64.0,6.0,85.0,167.3,0.0,17,4.0,0.8352941176,58.0,64.0,0.0,44.0,0.0,32.4,28.0,6.0,9.0,0.65,7.8,0.0,0.0,0.0,39.137,0.0,0.0,30.368758906999997,0.9575049837999999,1.7224389535,0.0,12.0,0.0,0.0
8717,0.0,0.0,0.0,0.0,0.0,0.0,0.0,116.0,86.0,6.0,83.1,167.0,0.0,18,5.0,0.7942238267,0.0,0.0,0.0,0.0,0.0,32.4,28.0,6.0,5.0,0.09699999999999999,8.6,0.0,0.0,0.0,49.925,0.0,0.0,29.796694036999998,0.9445135143000001,1.5938351102000001,0.0,12.0,0.0,0.0
8717,0.0,0.0,0.0,0.0,0.0,0.0,0.0,110.0,78.0,5.0,90.9,167.8,0.0,19,6.0,0.0,92.0,57.0,0.0,84.0,0.0,4.9,0.0,5.0,0.0,0.779,9.0,0.0,0.0,0.0,64.697,0.0,0.0,32.283452262,0.9604103603,1.7554680597999999,0.0,12.0,0.0,0.0
8717,0.0,0.0,0.0,0.0,0.0,0.0,0.0,106.0,72.0,0.0,93.1,166.1,0.0,20,7.0,0.47261009670000004,121.0,54.0,0.0,83.0,0.0,4.9,38.0,0.0,0.0,0.946,8.4,0.0,0.0,0.0,76.415,0.0,0.0,33.745076427,0.9639817992,0.9364619958,0.0,12.0,0.0,0.0
