PtID,Pt_CGMUseNumDays,Pt_FatherT1D,Pt_MotherT1D,Pt_SiblingT1D,Pt_ChildT1D,Pt_GrandchildT1D,Pt_GrandparentT1D,BldPrSys,BldPrDia,SMBGperDayPtMeterCombo,WeightKg,HeightCm,DirectLDL,age,diabDur,TotalDailyInsPerKg,LDL,HDL,TotChol,Triglyc,BUN,AlbCreatRat_mggNew,UnitsInsBasalOrLongAct,BGTestAvgNumMeter,BGTestAvgNumPtRep,TSH,HbA1c,AutonomicNeuroCl,Pt_InsGov,NumPumpBolusOrShortAct,HbA1cImputeDtMnC,Pt_SHFlg,Pt_DKAFlg,bmi,bmiPerc,bmiZscore,GFR,diagAgeCombo,Pt_A1cGoalLev,Pt_A1cGoalLevelDsYr5
871,0.0,0.0,0.0,0.0,0.0,0.0,0.0,105.0,69.0,5.0,32.9,130.9,0.0,8,0.0,0.6382978723,0.0,0.0,0.0,0.0,8.0,0.0,0.0,5.0,5.0,0.0,8.8,0.0,0.0,0.0,0.0,0.0,0.0,19.200679786,0.9039240332999999,1.3042395076,0.0,7.0,0.0,0.0
871,0.0,0.0,0.0,0.0,0.0,0.0,0.0,114.0,73.0,5.0,40.0,136.6,0.0,9,1.0,0.0,0.0,51.0,159.0,0.0,0.0,0.0,0.0,5.0,6.0,0.0,8.1,0.0,0.0,0.0,14.838,0.0,0.0,21.436732699,0.9433005616,1.5830991084000001,0.0,7.0,7.0,0.0
871,0.0,0.0,0.0,0.0,0.0,0.0,0.0,96.0,62.0,8.0,47.7,146.6,0.0,10,2.0,1.0901467505,0.0,0.0,0.0,0.0,0.0,0.0,28.0,8.0,0.0,0.0,8.0,0.0,0.0,0.0,32.963,0.0,0.0,22.194759245,0.9355110272,1.5181446169,0.0,7.0,0.0,0.0
871,0.0,0.0,0.0,0.0,0.0,0.0,0.0,101.0,66.0,0.0,57.5,153.0,0.0,11,4.0,1.0086956522,0.0,0.0,0.0,0.0,0.0,0.0,33.0,0.0,0.0,0.0,7.9,0.0,0.0,25.0,45.975,0.0,0.0,24.563202186999998,0.9566258885,1.7128060700999999,0.0,7.0,0.0,0.0
871,0.0,0.0,0.0,0.0,0.0,0.0,0.0,107.0,68.0,6.0,65.2,158.2,0.0,13,5.0,0.9355828221,0.0,57.0,185.0,0.0,0.0,0.0,42.0,6.0,0.0,0.0,0.0,0.0,0.0,6.0,0.0,0.0,0.0,26.051614161,0.9471452842,1.6177827206,0.0,7.0,0.0,0.0
871,1.0,0.0,0.0,0.0,0.0,0.0,0.0,103.0,71.0,3.0,67.9,158.9,0.0,13,5.0,0.765832106,0.0,0.0,0.0,0.0,0.0,0.0,44.0,0.0,3.0,0.0,9.1,0.0,0.0,0.0,67.817,0.0,0.0,26.89193048,0.9577147116,1.7247608671,0.0,7.0,0.0,0.0
