PtID,Pt_CGMUseNumDays,Pt_FatherT1D,Pt_MotherT1D,Pt_SiblingT1D,Pt_ChildT1D,Pt_GrandchildT1D,Pt_GrandparentT1D,BldPrSys,BldPrDia,SMBGperDayPtMeterCombo,WeightKg,HeightCm,DirectLDL,age,diabDur,TotalDailyInsPerKg,LDL,HDL,TotChol,Triglyc,BUN,AlbCreatRat_mggNew,UnitsInsBasalOrLongAct,BGTestAvgNumMeter,BGTestAvgNumPtRep,TSH,HbA1c,AutonomicNeuroCl,Pt_InsGov,NumPumpBolusOrShortAct,HbA1cImputeDtMnC,Pt_SHFlg,Pt_DKAFlg,bmi,bmiPerc,bmiZscore,GFR,diagAgeCombo,Pt_A1cGoalLev,Pt_A1cGoalLevelDsYr5
8734,0.0,0.0,0.0,0.0,0.0,0.0,0.0,113.0,53.0,8.0,46.1,156.1,0.0,12,5.0,0.1735357918,87.0,65.0,162.0,50.0,0.0,7.0,0.0,8.0,19.0,0.0,8.5,0.0,0.0,0.0,0.1,1.0,1.0,18.918866789000003,0.6685238103,0.43584060729999996,0.0,6.0,0.0,0.0
8734,0.0,0.0,0.0,0.0,0.0,0.0,1.0,107.0,68.0,10.0,57.8,167.6,0.0,13,7.0,1.660899654,0.0,0.0,0.0,0.0,0.0,13.0,0.0,10.0,6.0,0.0,8.2,0.0,0.0,0.0,14.107999999999999,0.0,0.0,20.576893501,0.7643722325,0.7204377164,0.0,6.0,7.5,0.0
8734,0.0,0.0,0.0,0.0,0.0,0.0,0.0,107.0,67.0,0.0,62.4,173.6,1.0,14,7.0,0.0,79.0,45.0,139.0,74.0,0.0,7.0,40.0,0.0,0.0,2.758,8.0,0.0,0.0,0.0,23.336,0.0,0.0,20.705472615999998,0.7043309973,0.5368980972999999,0.0,6.0,0.0,0.0
8734,0.0,0.0,0.0,0.0,0.0,0.0,0.0,131.0,65.0,0.0,67.4,175.6,1.0,15,9.0,0.0,89.0,47.0,148.0,62.0,0.0,7.0,58.0,0.0,0.0,1.7690000000000001,8.7,0.0,0.0,0.0,39.535,0.0,0.0,21.858022738000003,0.7424896312,0.6510398894,0.0,6.0,0.0,0.0
8734,0.0,0.0,0.0,0.0,0.0,0.0,0.0,115.0,63.0,0.0,65.9,176.6,0.0,16,10.0,0.0,0.0,0.0,0.0,0.0,0.0,7.0,62.0,0.0,0.0,0.0,9.3,0.0,0.0,0.0,51.651,0.0,0.0,21.13021987,0.5827452052000001,0.2089214107,0.0,6.0,0.0,0.0
8734,0.0,0.0,0.0,0.0,0.0,0.0,0.0,121.0,73.0,0.0,66.2,177.2,0.0,17,11.0,0.0,0.0,0.0,0.0,0.0,0.0,7.0,60.0,0.0,0.0,0.0,8.8,0.0,0.0,0.0,60.813,0.0,0.0,21.082909977,0.4812537885,-0.04700709,0.0,6.0,0.0,0.0
