PtID,Pt_CGMUseNumDays,Pt_FatherT1D,Pt_MotherT1D,Pt_SiblingT1D,Pt_ChildT1D,Pt_GrandchildT1D,Pt_GrandparentT1D,BldPrSys,BldPrDia,SMBGperDayPtMeterCombo,WeightKg,HeightCm,DirectLDL,age,diabDur,TotalDailyInsPerKg,LDL,HDL,TotChol,Triglyc,BUN,AlbCreatRat_mggNew,UnitsInsBasalOrLongAct,BGTestAvgNumMeter,BGTestAvgNumPtRep,TSH,HbA1c,AutonomicNeuroCl,Pt_InsGov,NumPumpBolusOrShortAct,HbA1cImputeDtMnC,Pt_SHFlg,Pt_DKAFlg,bmi,bmiPerc,bmiZscore,GFR,diagAgeCombo,Pt_A1cGoalLev,Pt_A1cGoalLevelDsYr5
8748,0.0,0.0,0.0,0.0,0.0,0.0,0.0,118.0,75.0,3.0,83.5,162.6,0.0,22,15.0,0.0958083832,130.0,56.0,211.0,123.0,12.0,4.0,0.0,3.0,3.0,0.0,14.0,0.0,1.0,0.0,0.0,0.0,0.0,31.582419145,0.0,0.6448530588,0.0,6.0,0.0,0.0
8748,0.0,0.0,0.0,0.0,0.0,0.0,1.0,111.0,68.0,3.0,79.7,163.4,0.0,23,16.0,1.1794228356,0.0,0.0,0.0,0.0,0.0,0.0,0.0,0.0,3.0,0.0,9.9,0.0,1.0,0.0,10.224,0.0,0.0,29.850679186999997,0.0,0.4113482624,0.0,6.0,0.0,0.0
8748,0.0,0.0,0.0,0.0,0.0,0.0,0.0,129.0,90.0,0.0,75.5,162.6,0.0,24,17.0,0.0,0.0,0.0,0.0,0.0,0.0,38.0,36.0,0.0,0.0,0.0,11.7,0.0,0.0,0.0,19.352999999999998,0.0,0.0,28.556558628,0.0,0.2368513027,0.0,6.0,0.0,0.0
8748,0.0,0.0,0.0,0.0,0.0,0.0,0.0,112.0,74.0,0.0,73.9,162.6,0.0,25,18.0,0.6630581867,72.0,38.0,134.0,121.0,0.0,11.9,38.0,0.0,0.0,10.78,14.0,0.0,0.0,0.0,32.73,0.0,0.0,27.951386525,0.0,0.1552509514,0.0,6.0,0.0,0.0
8748,0.0,0.0,0.0,0.0,0.0,0.0,0.0,113.0,72.0,0.0,68.7,162.6,0.0,26,19.0,0.7278020378,107.0,60.0,206.0,196.0,10.0,57.1,0.0,0.0,0.0,0.0,12.8,0.0,0.0,0.0,46.739,0.0,0.0,25.984577189,0.0,-0.10995019,105.0,6.0,0.0,0.0
