PtID,Pt_CGMUseNumDays,Pt_FatherT1D,Pt_MotherT1D,Pt_SiblingT1D,Pt_ChildT1D,Pt_GrandchildT1D,Pt_GrandparentT1D,BldPrSys,BldPrDia,SMBGperDayPtMeterCombo,WeightKg,HeightCm,DirectLDL,age,diabDur,TotalDailyInsPerKg,LDL,HDL,TotChol,Triglyc,BUN,AlbCreatRat_mggNew,UnitsInsBasalOrLongAct,BGTestAvgNumMeter,BGTestAvgNumPtRep,TSH,HbA1c,AutonomicNeuroCl,Pt_InsGov,NumPumpBolusOrShortAct,HbA1cImputeDtMnC,Pt_SHFlg,Pt_DKAFlg,bmi,bmiPerc,bmiZscore,GFR,diagAgeCombo,Pt_A1cGoalLev,Pt_A1cGoalLevelDsYr5
8752,7.0,1.0,0.0,0.0,0.0,0.0,0.0,102.0,65.0,7.0,75.523129605,154.686,0.0,52,44.0,0.9136273928,72.0,47.0,135.0,81.0,12.0,2.6,0.0,0.0,7.0,0.0,5.9,0.0,0.0,0.0,-1.228,0.0,0.0,31.562977076,0.0,0.242999722,0.0,7.0,0.0,0.0
8752,0.0,1.0,0.0,0.0,0.0,0.0,0.0,110.0,67.0,1.0,77.5,155.0,0.0,53,45.0,1.0064516129,0.0,0.0,0.0,0.0,0.0,0.0,0.0,1.0,2.0,0.0,6.4,0.0,0.0,0.0,16.398,0.0,0.0,32.258064516,0.0,0.3144799138,0.0,7.0,0.0,0.0
8752,0.0,0.0,0.0,0.0,0.0,0.0,0.0,126.0,81.0,4.0,80.0,155.0,0.0,55,47.0,1.0125,0.0,0.0,0.0,0.0,0.0,0.0,42.0,0.0,4.0,0.0,6.7,0.0,0.0,39.0,37.079,0.0,0.0,33.298647242,0.0,0.4214895482,0.0,7.0,0.0,0.0
8752,0.0,0.0,0.0,0.0,0.0,0.0,0.0,139.0,71.0,0.0,79.0,155.0,0.0,56,48.0,1.0759493671,0.0,0.0,0.0,0.0,15.0,0.0,40.0,0.0,0.0,1.44,6.6,0.0,0.0,0.0,50.656000000000006,0.0,0.0,32.882414151999996,0.0,0.3786856945,81.0,7.0,0.0,0.0
8752,0.0,0.0,0.0,0.0,0.0,0.0,0.0,129.0,71.0,4.0,78.5,155.0,0.0,58,50.0,0.0,72.0,37.0,147.0,191.0,13.0,0.0,0.0,0.0,4.0,1.26,7.2,0.0,1.0,0.0,73.095,1.0,0.0,32.674297607,0.0,0.35728376759999997,88.0,7.0,0.0,0.0
