PtID,Pt_CGMUseNumDays,Pt_FatherT1D,Pt_MotherT1D,Pt_SiblingT1D,Pt_ChildT1D,Pt_GrandchildT1D,Pt_GrandparentT1D,BldPrSys,BldPrDia,SMBGperDayPtMeterCombo,WeightKg,HeightCm,DirectLDL,age,diabDur,TotalDailyInsPerKg,LDL,HDL,TotChol,Triglyc,BUN,AlbCreatRat_mggNew,UnitsInsBasalOrLongAct,BGTestAvgNumMeter,BGTestAvgNumPtRep,TSH,HbA1c,AutonomicNeuroCl,Pt_InsGov,NumPumpBolusOrShortAct,HbA1cImputeDtMnC,Pt_SHFlg,Pt_DKAFlg,bmi,bmiPerc,bmiZscore,GFR,diagAgeCombo,Pt_A1cGoalLev,Pt_A1cGoalLevelDsYr5
8766,0.0,0.0,0.0,0.0,0.0,0.0,0.0,0.0,0.0,6.0,99.33672903,172.72,0.0,51,12.0,0.6744735875,82.0,50.0,0.0,94.0,19.0,31.9,0.0,6.0,6.0,0.0,7.6,0.0,0.0,9.0,-0.332,0.0,0.0,33.298494364,0.0,0.6086403522,0.0,39.0,0.0,0.0
8766,0.0,0.0,0.0,0.0,0.0,0.0,0.0,0.0,0.0,6.0,98.42954429,172.72,0.0,52,13.0,0.4063820501,66.0,51.0,0.0,61.0,14.0,5.6,0.0,6.0,7.0,0.0,7.5,0.0,0.0,0.0,15.335999999999999,0.0,0.0,32.994398525,0.0,0.568391309,0.0,39.0,6.5,0.0
8766,0.0,0.0,0.0,0.0,0.0,0.0,0.0,120.0,80.0,7.0,100.69750614,172.72,0.0,54,15.0,0.7547356723,35.0,32.0,82.0,73.0,16.0,9.4,31.0,7.0,0.0,5.04,6.9,0.0,0.0,0.0,41.593,0.0,0.0,33.754638123,0.0,0.6690139171,93.0,39.0,0.0,0.0
8766,0.0,0.0,0.0,0.0,0.0,0.0,0.0,130.0,80.0,8.0,96.0,172.0,0.0,55,16.0,0.7291666667,61.0,47.0,124.0,79.0,20.0,6.0,35.0,8.0,0.0,1.8,7.3,0.0,0.0,8.0,58.788000000000004,0.0,0.0,32.449972958000004,0.0,0.496333078,79.0,39.0,0.0,0.0
8766,0.0,0.0,0.0,0.0,0.0,0.0,0.0,0.0,0.0,0.0,96.61517481,173.0,0.0,56,17.0,0.6831225025,0.0,0.0,0.0,0.0,0.0,6.0,36.0,0.0,0.0,0.0,6.5,0.0,0.0,11.0,64.133,0.0,0.0,32.28145772,0.0,0.4740290007,0.0,39.0,0.0,0.0
8766,0.0,0.0,0.0,0.0,0.0,0.0,0.0,130.0,80.0,0.0,97.0,172.0,0.0,57,18.0,0.0,64.0,49.0,129.0,81.0,18.0,6.0,0.0,0.0,0.0,4.2,7.6,0.0,0.0,0.0,77.046,0.0,0.0,32.78799351,0.0,0.5410722754999999,97.0,39.0,0.0,0.0
