PtID,Pt_CGMUseNumDays,Pt_FatherT1D,Pt_MotherT1D,Pt_SiblingT1D,Pt_ChildT1D,Pt_GrandchildT1D,Pt_GrandparentT1D,BldPrSys,BldPrDia,SMBGperDayPtMeterCombo,WeightKg,HeightCm,DirectLDL,age,diabDur,TotalDailyInsPerKg,LDL,HDL,TotChol,Triglyc,BUN,AlbCreatRat_mggNew,UnitsInsBasalOrLongAct,BGTestAvgNumMeter,BGTestAvgNumPtRep,TSH,HbA1c,AutonomicNeuroCl,Pt_InsGov,NumPumpBolusOrShortAct,HbA1cImputeDtMnC,Pt_SHFlg,Pt_DKAFlg,bmi,bmiPerc,bmiZscore,GFR,diagAgeCombo,Pt_A1cGoalLev,Pt_A1cGoalLevelDsYr5
8769,0.0,0.0,0.0,0.0,0.0,1.0,0.0,110.0,68.0,6.0,0.0,0.0,0.0,66,52.0,0.0,64.0,51.0,0.0,57.0,22.0,713.9,0.0,6.0,5.0,0.0,7.7,1.0,1.0,4.0,-1.328,0.0,0.0,0.0,0.0,0.0,0.0,14.0,0.0,0.0
8769,0.0,0.0,0.0,0.0,0.0,1.0,0.0,128.0,62.0,4.0,0.0,0.0,0.0,67,53.0,0.0,64.0,50.0,0.0,56.0,43.0,0.0,0.0,4.0,4.0,0.0,7.4,1.0,0.0,4.0,10.888,0.0,0.0,0.0,0.0,0.0,0.0,14.0,7.0,0.0
8769,0.0,0.0,0.0,0.0,0.0,0.0,0.0,108.0,48.0,4.0,85.6,178.0,0.0,68,54.0,0.5490654206000001,64.0,39.0,0.0,56.0,40.0,30.1,16.0,4.0,2.0,0.0,7.3,1.0,0.0,5.0,26.256999999999998,0.0,0.0,27.016790809,0.0,-0.35898338700000004,44.0,14.0,0.0,0.0
8769,0.0,0.0,0.0,0.0,0.0,0.0,0.0,112.0,62.0,8.0,90.9,177.1,0.0,69,55.0,0.5170517052,57.0,39.0,107.0,57.0,33.0,31.0,16.0,8.0,0.0,0.0,6.8,1.0,0.0,4.0,37.643,0.0,0.0,28.981893809000002,0.0,0.015610861,43.0,14.0,0.0,0.0
8769,0.0,0.0,0.0,0.0,0.0,0.0,0.0,118.0,50.0,8.0,90.9,177.5,0.0,71,56.0,0.5390539054,54.0,38.0,108.0,82.0,39.0,31.0,16.0,8.0,0.0,2.28,6.7,1.0,0.0,4.0,52.148999999999994,0.0,0.0,28.851418369,0.0,0.2832536798,51.0,14.0,0.0,0.0
8769,30.0,0.0,0.0,0.0,0.0,0.0,0.0,122.0,66.0,4.0,92.1,177.4,0.0,71,57.0,0.5103148751,52.0,43.0,109.0,71.0,38.0,31.0,15.0,4.0,4.0,2.91,7.0,1.0,1.0,4.0,62.24100000000001,1.0,0.0,29.265260833000003,0.0,0.38506063700000004,58.0,14.0,0.0,0.0
