PtID,Pt_CGMUseNumDays,Pt_FatherT1D,Pt_MotherT1D,Pt_SiblingT1D,Pt_ChildT1D,Pt_GrandchildT1D,Pt_GrandparentT1D,BldPrSys,BldPrDia,SMBGperDayPtMeterCombo,WeightKg,HeightCm,DirectLDL,age,diabDur,TotalDailyInsPerKg,LDL,HDL,TotChol,Triglyc,BUN,AlbCreatRat_mggNew,UnitsInsBasalOrLongAct,BGTestAvgNumMeter,BGTestAvgNumPtRep,TSH,HbA1c,AutonomicNeuroCl,Pt_InsGov,NumPumpBolusOrShortAct,HbA1cImputeDtMnC,Pt_SHFlg,Pt_DKAFlg,bmi,bmiPerc,bmiZscore,GFR,diagAgeCombo,Pt_A1cGoalLev,Pt_A1cGoalLevelDsYr5
8774,0.0,0.0,0.0,0.0,0.0,0.0,0.0,116.0,66.0,6.0,47.5,152.0,0.0,13,6.0,1.2,0.0,0.0,0.0,0.0,0.0,0.0,0.0,0.0,6.0,0.0,8.8,0.0,0.0,0.0,0.0,0.0,1.0,20.559210525999998,0.7628392327,0.7154653654,0.0,6.0,0.0,0.0
8774,0.0,0.0,0.0,0.0,0.0,0.0,0.0,117.0,58.0,4.0,51.0,161.0,0.0,14,7.0,1.7843137255000001,0.0,0.0,0.0,0.0,0.0,8.0,4.0,4.0,0.0,0.0,9.0,0.0,0.0,4.0,11.884,0.0,0.0,19.675166853,0.5800028062,0.2019006582,0.0,6.0,0.0,0.0
8774,0.0,0.0,0.0,0.0,0.0,0.0,0.0,105.0,67.0,8.0,57.0,164.0,0.0,15,8.0,1.1929824561,0.0,0.0,0.0,0.0,0.0,8.0,29.0,8.0,0.0,0.0,9.3,0.0,0.0,5.0,23.27,0.0,0.0,21.192742415,0.6768932198000001,0.4590286946,0.0,6.0,0.0,0.0
8774,0.0,0.0,0.0,0.0,0.0,0.0,0.0,122.0,74.0,0.0,62.6,167.6,0.0,15,9.0,0.9904153354999999,0.0,0.0,0.0,0.0,0.0,8.0,31.0,0.0,0.0,0.0,10.3,0.0,0.0,0.0,32.498000000000005,0.0,0.0,22.285701266,0.7778956890000001,0.765105673,0.0,6.0,0.0,0.0
8774,0.0,0.0,0.0,0.0,0.0,0.0,0.0,123.0,79.0,0.0,63.6,168.0,0.0,16,10.0,0.5188679245000001,0.0,0.0,0.0,0.0,0.0,8.0,0.0,0.0,0.0,0.0,10.7,0.0,0.0,0.0,46.174,0.0,0.0,22.534013605,0.7363681795,0.632188607,0.0,6.0,0.0,0.0
8774,0.0,0.0,0.0,0.0,0.0,0.0,0.0,123.0,79.0,2.0,63.6,168.3,0.0,18,11.0,0.0,0.0,0.0,0.0,0.0,0.0,8.0,0.0,0.0,2.0,0.89,9.0,0.0,1.0,0.0,62.24100000000001,0.0,0.0,22.453750041,0.5770837897,0.1944386609,0.0,6.0,0.0,0.0
