PtID,Pt_CGMUseNumDays,Pt_FatherT1D,Pt_MotherT1D,Pt_SiblingT1D,Pt_ChildT1D,Pt_GrandchildT1D,Pt_GrandparentT1D,BldPrSys,BldPrDia,SMBGperDayPtMeterCombo,WeightKg,HeightCm,DirectLDL,age,diabDur,TotalDailyInsPerKg,LDL,HDL,TotChol,Triglyc,BUN,AlbCreatRat_mggNew,UnitsInsBasalOrLongAct,BGTestAvgNumMeter,BGTestAvgNumPtRep,TSH,HbA1c,AutonomicNeuroCl,Pt_InsGov,NumPumpBolusOrShortAct,HbA1cImputeDtMnC,Pt_SHFlg,Pt_DKAFlg,bmi,bmiPerc,bmiZscore,GFR,diagAgeCombo,Pt_A1cGoalLev,Pt_A1cGoalLevelDsYr5
8793,1.0,1.0,0.0,0.0,0.0,0.0,0.0,110.0,70.0,7.0,0.0,0.0,0.0,21,4.0,0.0,94.0,92.0,0.0,101.0,14.0,4.1,0.0,7.0,8.0,0.0,9.7,0.0,0.0,3.0,0.0,0.0,0.0,0.0,0.0,0.0,0.0,16.0,0.0,0.0
8793,18.0,1.0,0.0,0.0,0.0,0.0,0.0,110.0,70.0,5.0,0.0,0.0,0.0,22,5.0,0.0,103.0,55.0,0.0,57.0,14.0,1.3,0.0,5.0,8.0,0.0,11.0,0.0,0.0,3.0,11.386,0.0,0.0,0.0,0.0,0.0,0.0,16.0,6.0,0.0
8793,0.0,0.0,0.0,0.0,0.0,0.0,0.0,100.0,70.0,1.0,63.04933943,175.26,0.0,23,6.0,0.39651486,103.0,48.0,0.0,45.0,13.0,4.7,17.0,1.0,0.0,2.08,7.9,0.0,0.0,4.0,24.498,0.0,0.0,20.526501065,0.0,-1.197968399,0.0,16.0,0.0,0.0
8793,0.0,0.0,0.0,0.0,0.0,0.0,0.0,126.0,72.0,3.0,66.22448602,177.8,0.0,24,8.0,0.3171032538,86.0,87.0,0.0,31.0,9.0,4.7,15.0,3.0,0.0,2.3,8.1,0.0,0.0,3.0,43.021,0.0,0.0,20.948603800999997,0.0,-1.114710668,172.0,16.0,0.0,0.0
8793,0.0,0.0,0.0,0.0,0.0,0.0,0.0,125.0,80.0,1.0,62.59574706,175.3,0.0,26,9.0,0.28755947239999996,63.0,97.0,170.0,52.0,12.0,3.0,14.0,1.0,0.0,1.88,0.0,0.0,0.0,3.0,0.0,0.0,0.0,20.369529364,0.0,-1.22893031,136.0,16.0,0.0,0.0
