PtID,Pt_CGMUseNumDays,Pt_FatherT1D,Pt_MotherT1D,Pt_SiblingT1D,Pt_ChildT1D,Pt_GrandchildT1D,Pt_GrandparentT1D,BldPrSys,BldPrDia,SMBGperDayPtMeterCombo,WeightKg,HeightCm,DirectLDL,age,diabDur,TotalDailyInsPerKg,LDL,HDL,TotChol,Triglyc,BUN,AlbCreatRat_mggNew,UnitsInsBasalOrLongAct,BGTestAvgNumMeter,BGTestAvgNumPtRep,TSH,HbA1c,AutonomicNeuroCl,Pt_InsGov,NumPumpBolusOrShortAct,HbA1cImputeDtMnC,Pt_SHFlg,Pt_DKAFlg,bmi,bmiPerc,bmiZscore,GFR,diagAgeCombo,Pt_A1cGoalLev,Pt_A1cGoalLevelDsYr5
8794,0.0,0.0,0.0,0.0,0.0,0.0,0.0,120.0,61.0,2.0,73.3,168.2,0.0,15,4.0,0.8049113233,108.0,58.0,0.0,63.0,18.0,3.0,0.0,2.0,5.0,0.0,6.9,0.0,0.0,0.0,0.0,0.0,0.0,25.909079984,0.9123134431000001,1.3551395066999998,0.0,10.0,0.0,0.0
8794,0.0,0.0,0.0,0.0,0.0,0.0,0.0,118.0,74.0,3.0,78.1,168.7,0.0,16,6.0,0.7170294494,107.0,55.0,0.0,72.0,16.0,0.0,0.0,3.0,6.0,0.0,8.1,0.0,0.0,0.0,18.689,0.0,0.0,27.442322808000004,0.9293737773,1.4711430109,0.0,10.0,7.0,0.0
8794,0.0,0.0,0.0,0.0,0.0,0.0,0.0,128.0,67.0,2.0,79.0,169.7,0.0,17,7.0,0.0,122.0,53.0,0.0,80.0,12.0,4.8,34.0,2.0,3.0,2.11,7.0,0.0,0.0,0.0,29.776,0.0,0.0,27.432374855,0.9169970349,1.3851522099,0.0,10.0,0.0,0.0
8794,0.0,0.0,0.0,0.0,0.0,0.0,0.0,139.0,74.0,2.0,88.5,170.4,0.0,18,8.0,0.0,0.0,0.0,0.0,0.0,0.0,4.8,40.0,2.0,4.0,0.0,8.4,0.0,0.0,0.0,41.427,0.0,0.0,30.479236924000002,0.9518217456,1.6627798638,0.0,10.0,0.0,0.0
8794,0.0,0.0,0.0,0.0,0.0,0.0,0.0,104.0,66.0,1.0,91.4,170.4,0.0,19,9.0,0.0,124.0,50.0,202.0,142.0,12.0,4.8,44.0,1.0,6.0,1.19,9.0,0.0,0.0,3.0,54.373000000000005,0.0,0.0,31.47799158,0.9542846901,1.6878989936000002,0.0,10.0,0.0,0.0
8794,0.0,0.0,0.0,0.0,0.0,0.0,0.0,118.0,80.0,2.0,93.4,169.5,0.0,20,10.0,0.0,145.0,53.0,235.0,185.0,15.0,0.0,42.0,2.0,8.0,1.96,8.2,0.0,0.0,0.0,64.166,0.0,0.0,32.50928899,0.9561993314,0.7698305726000001,90.1,10.0,0.0,0.0
8794,0.0,0.0,0.0,0.0,0.0,0.0,0.0,122.0,66.0,2.0,108.3,170.5,0.0,21,11.0,0.0,144.0,51.0,229.0,169.0,15.0,0.0,44.0,2.0,6.0,3.07,8.0,0.0,0.0,0.0,79.104,0.0,0.0,37.254581574,0.0,1.4096775506,90.1,10.0,0.0,0.0
