PtID,Pt_CGMUseNumDays,Pt_FatherT1D,Pt_MotherT1D,Pt_SiblingT1D,Pt_ChildT1D,Pt_GrandchildT1D,Pt_GrandparentT1D,BldPrSys,BldPrDia,SMBGperDayPtMeterCombo,WeightKg,HeightCm,DirectLDL,age,diabDur,TotalDailyInsPerKg,LDL,HDL,TotChol,Triglyc,BUN,AlbCreatRat_mggNew,UnitsInsBasalOrLongAct,BGTestAvgNumMeter,BGTestAvgNumPtRep,TSH,HbA1c,AutonomicNeuroCl,Pt_InsGov,NumPumpBolusOrShortAct,HbA1cImputeDtMnC,Pt_SHFlg,Pt_DKAFlg,bmi,bmiPerc,bmiZscore,GFR,diagAgeCombo,Pt_A1cGoalLev,Pt_A1cGoalLevelDsYr5
8841,0.0,0.0,0.0,0.0,0.0,0.0,0.0,88.0,78.0,4.0,21.9,104.4,0.0,3,0.0,0.5936073059,0.0,0.0,0.0,0.0,0.0,0.0,0.0,4.0,4.0,0.0,0.0,0.0,0.0,0.0,0.0,0.0,0.0,20.092922887,0.996063197,2.6574423291,0.0,3.0,0.0,0.0
8841,0.0,0.0,0.0,0.0,0.0,0.0,0.0,89.0,62.0,5.0,24.7,111.4,0.0,4,1.0,0.5668016194,87.0,63.0,0.0,45.0,17.0,96.2,0.0,5.0,6.0,0.0,8.0,0.0,0.0,0.0,10.158,0.0,0.0,19.90336794,0.9970978339,2.7586350209,0.0,3.0,6.5,0.0
8841,0.0,0.0,0.0,0.0,0.0,0.0,0.0,98.0,67.0,8.0,27.3,123.4,0.0,6,3.0,0.0,51.0,49.0,109.0,43.0,16.0,133.2,0.0,8.0,0.0,2.82,8.3,0.0,0.0,0.0,33.925,0.0,0.0,17.928019985,0.9284494620999999,1.4643399899,0.0,3.0,0.0,0.0
8841,0.0,0.0,0.0,0.0,0.0,0.0,0.0,98.0,68.0,8.0,29.9,131.0,0.0,7,4.0,0.5351170569,79.0,68.0,154.0,35.0,16.0,133.2,10.0,8.0,8.0,3.2,0.0,0.0,0.0,4.0,0.0,0.0,0.0,17.423227085,0.8541084445999999,1.0542180221,0.0,3.0,0.0,0.0
8841,0.0,0.0,0.0,0.0,0.0,0.0,0.0,0.0,0.0,6.0,32.6,137.9,0.0,8,5.0,0.49079754600000003,0.0,0.0,0.0,0.0,13.0,88.6,9.0,6.0,5.0,1.48,7.6,0.0,0.0,6.0,58.622,0.0,0.0,17.143088522,0.7646799473999999,0.721437949,0.0,3.0,0.0,0.0
8841,0.0,0.0,0.0,0.0,0.0,0.0,0.0,99.0,78.0,2.0,33.4,139.3,0.0,8,5.0,0.0,61.0,61.0,144.0,111.0,0.0,88.6,0.0,2.0,6.0,0.0,0.0,0.0,1.0,0.0,0.0,0.0,0.0,17.212511125,0.7738802901,0.7516868177,0.0,3.0,0.0,0.0
8841,0.0,0.0,0.0,0.0,0.0,0.0,0.0,103.0,70.0,2.0,39.643973138,144.78,0.0,9,6.0,0.0,71.0,79.0,157.0,33.0,13.0,119.8,0.0,2.0,0.0,1.58,0.0,0.0,0.0,0.0,0.0,0.0,0.0,18.912982844000002,0.8711190059,1.1316966552,0.0,3.0,0.0,0.0
