PtID,Pt_CGMUseNumDays,Pt_FatherT1D,Pt_MotherT1D,Pt_SiblingT1D,Pt_ChildT1D,Pt_GrandchildT1D,Pt_GrandparentT1D,BldPrSys,BldPrDia,SMBGperDayPtMeterCombo,WeightKg,HeightCm,DirectLDL,age,diabDur,TotalDailyInsPerKg,LDL,HDL,TotChol,Triglyc,BUN,AlbCreatRat_mggNew,UnitsInsBasalOrLongAct,BGTestAvgNumMeter,BGTestAvgNumPtRep,TSH,HbA1c,AutonomicNeuroCl,Pt_InsGov,NumPumpBolusOrShortAct,HbA1cImputeDtMnC,Pt_SHFlg,Pt_DKAFlg,bmi,bmiPerc,bmiZscore,GFR,diagAgeCombo,Pt_A1cGoalLev,Pt_A1cGoalLevelDsYr5
8891,0.0,0.0,0.0,0.0,0.0,0.0,0.0,0.0,0.0,6.0,19.9,101.5,0.0,2,0.0,0.2512562814,0.0,0.0,0.0,0.0,13.0,0.0,0.0,6.0,4.0,0.0,8.4,0.0,0.0,0.0,-1.56,0.0,0.0,19.316168798,0.9489291195999999,1.6345578921000001,0.0,2.0,0.0,0.0
8891,0.0,0.0,0.0,0.0,0.0,0.0,0.0,0.0,0.0,0.0,25.6,113.6,0.0,5,2.0,0.5859375,0.0,65.0,145.0,37.0,0.0,0.0,8.0,0.0,0.0,2.63,7.8,0.0,0.0,0.0,27.087,0.0,0.0,19.837333862,0.9927238223999999,2.4433317041,0.0,2.0,0.0,0.0
8891,0.0,0.0,0.0,0.0,0.0,0.0,0.0,117.0,60.0,10.0,28.9,125.1,0.0,6,4.0,0.5190311419,0.0,0.0,0.0,0.0,0.0,0.0,7.0,10.0,0.0,1.38,7.4,0.0,0.0,8.0,48.896,0.0,0.0,18.466441874,0.95288686,1.6735133537,0.0,2.0,0.0,0.0
8891,0.0,0.0,0.0,0.0,0.0,0.0,0.0,102.0,50.0,10.0,32.5,133.2,0.0,7,5.0,0.4923076923,0.0,0.0,0.0,0.0,0.0,0.0,7.0,10.0,0.0,5.92,7.5,0.0,0.0,0.0,60.747,0.0,0.0,18.317867417000002,0.9185516935,1.3953954818,0.0,2.0,0.0,0.0
8891,0.0,0.0,0.0,0.0,0.0,0.0,0.0,0.0,0.0,10.0,0.0,0.0,0.0,8,6.0,0.0,0.0,0.0,0.0,0.0,10.0,0.0,13.0,10.0,0.0,1.72,7.6,0.0,0.0,0.0,72.564,0.0,0.0,0.0,0.0,0.0,0.0,2.0,0.0,0.0
8891,30.0,0.0,0.0,0.0,0.0,0.0,0.0,114.0,67.0,8.0,42.8,142.7,0.0,9,6.0,0.0,0.0,0.0,158.0,0.0,15.0,0.0,15.7,0.0,8.0,0.0,7.4,0.0,0.0,0.0,78.60600000000001,0.0,0.0,21.01821464,0.9494577775,1.6396188325,0.0,2.0,0.0,0.0
