PtID,Pt_CGMUseNumDays,Pt_FatherT1D,Pt_MotherT1D,Pt_SiblingT1D,Pt_ChildT1D,Pt_GrandchildT1D,Pt_GrandparentT1D,BldPrSys,BldPrDia,SMBGperDayPtMeterCombo,WeightKg,HeightCm,DirectLDL,age,diabDur,TotalDailyInsPerKg,LDL,HDL,TotChol,Triglyc,BUN,AlbCreatRat_mggNew,UnitsInsBasalOrLongAct,BGTestAvgNumMeter,BGTestAvgNumPtRep,TSH,HbA1c,AutonomicNeuroCl,Pt_InsGov,NumPumpBolusOrShortAct,HbA1cImputeDtMnC,Pt_SHFlg,Pt_DKAFlg,bmi,bmiPerc,bmiZscore,GFR,diagAgeCombo,Pt_A1cGoalLev,Pt_A1cGoalLevelDsYr5
889,0.0,0.0,0.0,0.0,0.0,0.0,0.0,124.0,82.0,3.0,74.0,158.0,0.0,17,6.0,1.7567567568,0.0,0.0,0.0,0.0,10.0,0.0,0.0,3.0,5.0,0.0,9.8,0.0,0.0,0.0,6.2410000000000005,0.0,0.0,29.642685467,0.9504173394,1.6489136744,0.0,10.0,0.0,0.0
889,0.0,0.0,0.0,0.0,0.0,0.0,0.0,127.0,80.0,1.0,73.9,159.4,0.0,18,8.0,1.4073071718999999,0.0,0.0,249.0,407.0,13.0,31.0,0.0,1.0,3.0,0.0,9.5,0.0,0.0,0.0,18.622,0.0,0.0,29.084915359,0.9352605512000001,1.5161600082,0.0,10.0,6.5,0.0
889,0.0,0.0,0.0,0.0,0.0,0.0,0.0,122.0,75.0,3.0,79.5,160.1,0.0,19,9.0,0.6415094339999999,0.0,0.0,0.0,0.0,0.0,30.0,43.0,3.0,0.0,0.0,8.3,0.0,0.0,0.0,30.739,0.0,0.0,31.015905503000003,0.9501638859,1.6464447408,0.0,10.0,0.0,0.0
889,0.0,0.0,0.0,0.0,0.0,0.0,0.0,124.0,69.0,3.0,78.0,158.4,0.0,21,10.0,0.6538461538,146.0,45.0,224.0,163.0,10.0,30.0,44.0,3.0,0.0,1.8,7.5,0.0,0.0,3.0,49.295,0.0,0.0,31.087389041999998,0.0,0.5781040628,0.0,10.0,0.0,0.0
