PtID,Pt_CGMUseNumDays,Pt_FatherT1D,Pt_MotherT1D,Pt_SiblingT1D,Pt_ChildT1D,Pt_GrandchildT1D,Pt_GrandparentT1D,BldPrSys,BldPrDia,SMBGperDayPtMeterCombo,WeightKg,HeightCm,DirectLDL,age,diabDur,TotalDailyInsPerKg,LDL,HDL,TotChol,Triglyc,BUN,AlbCreatRat_mggNew,UnitsInsBasalOrLongAct,BGTestAvgNumMeter,BGTestAvgNumPtRep,TSH,HbA1c,AutonomicNeuroCl,Pt_InsGov,NumPumpBolusOrShortAct,HbA1cImputeDtMnC,Pt_SHFlg,Pt_DKAFlg,bmi,bmiPerc,bmiZscore,GFR,diagAgeCombo,Pt_A1cGoalLev,Pt_A1cGoalLevelDsYr5
8921,0.0,0.0,0.0,0.0,0.0,0.0,1.0,105.0,66.0,6.0,28.7,126.5,1.0,6,0.0,0.243902439,93.0,44.0,151.0,29.0,8.0,0.0,0.0,0.0,6.0,0.0,7.8,0.0,1.0,0.0,0.0,0.0,0.0,17.934977894,0.9143355187000001,1.3679460543000002,0.0,6.0,0.0,0.0
8921,26.0,0.0,0.0,0.0,0.0,0.0,1.0,105.0,68.0,8.0,33.5,135.7,0.0,7,1.0,0.7462686567,89.0,64.0,163.0,91.0,0.0,0.0,0.0,0.0,8.0,0.0,8.0,0.0,1.0,0.0,17.195,0.0,0.0,18.192195385,0.8927254791,1.2411535194,0.0,6.0,0.0,0.0
8921,0.0,0.0,0.0,0.0,0.0,0.0,0.0,114.0,70.0,10.0,40.1,145.1,1.0,9,3.0,0.8478802993000001,94.0,64.0,170.0,150.0,0.0,7.9,16.0,10.0,10.0,2.3680000000000003,7.8,0.0,0.0,0.0,32.763000000000005,0.0,0.0,19.046252947,0.8474669359,1.0256297728000001,0.0,6.0,0.0,0.0
8921,0.0,0.0,0.0,0.0,0.0,0.0,0.0,107.0,72.0,9.0,45.5,152.7,1.0,10,4.0,0.8791208790999999,92.0,69.0,174.0,54.0,0.0,7.9,17.0,0.0,9.0,3.1710000000000003,7.5,0.0,0.0,0.0,45.544,0.0,0.0,19.513416868,0.8218710984,0.9225192326,0.0,6.0,0.0,0.0
8921,0.0,0.0,0.0,0.0,0.0,0.0,0.0,108.0,71.0,10.0,54.4,163.2,0.0,11,5.0,0.7904411765,105.0,59.0,181.0,57.0,0.0,117.5,24.0,10.0,10.0,4.1,7.4,0.0,0.0,5.0,59.485,0.0,0.0,20.424836601,0.8260681545,0.9387410906,0.0,6.0,0.0,0.0
8921,0.0,0.0,0.0,0.0,0.0,0.0,0.0,102.0,70.0,6.0,66.6,166.9,1.0,12,6.0,1.1711711712000001,89.0,69.0,167.0,86.0,0.0,117.5,33.3,6.0,7.0,0.79,0.0,0.0,0.0,6.0,0.0,0.0,0.0,23.909007916,0.9264145498,1.4495971175,0.0,6.0,0.0,0.0
