PtID,Pt_CGMUseNumDays,Pt_FatherT1D,Pt_MotherT1D,Pt_SiblingT1D,Pt_ChildT1D,Pt_GrandchildT1D,Pt_GrandparentT1D,BldPrSys,BldPrDia,SMBGperDayPtMeterCombo,WeightKg,HeightCm,DirectLDL,age,diabDur,TotalDailyInsPerKg,LDL,HDL,TotChol,Triglyc,BUN,AlbCreatRat_mggNew,UnitsInsBasalOrLongAct,BGTestAvgNumMeter,BGTestAvgNumPtRep,TSH,HbA1c,AutonomicNeuroCl,Pt_InsGov,NumPumpBolusOrShortAct,HbA1cImputeDtMnC,Pt_SHFlg,Pt_DKAFlg,bmi,bmiPerc,bmiZscore,GFR,diagAgeCombo,Pt_A1cGoalLev,Pt_A1cGoalLevelDsYr5
8927,0.0,0.0,0.0,0.0,0.0,0.0,0.0,122.0,56.0,6.0,55.0,164.0,0.0,13,9.0,1.0909090909,99.0,57.0,0.0,125.0,14.0,8.1,0.0,6.0,6.0,0.0,9.7,0.0,0.0,5.0,0.43200000000000005,0.0,0.0,20.449137418,0.7059320179999999,0.5415392321,0.0,3.0,0.0,0.0
8927,0.0,0.0,0.0,0.0,0.0,0.0,1.0,120.0,65.0,6.0,64.6,165.8,0.0,14,10.0,0.6191950464,114.0,55.0,0.0,104.0,13.0,10.8,0.0,0.0,6.0,0.0,10.9,0.0,0.0,0.0,13.942,0.0,0.0,23.499762091999997,0.8581333395,1.0719704143000002,0.0,3.0,8.0,0.0
8927,0.0,0.0,0.0,0.0,0.0,0.0,0.0,114.0,72.0,12.0,63.5029318,165.1,0.0,14,11.0,0.0,0.0,0.0,0.0,0.0,0.0,0.0,0.0,12.0,0.0,0.0,10.9,0.0,0.0,0.0,20.116,0.0,0.0,23.296980154,0.849126002,1.0326921334999999,0.0,3.0,0.0,0.0
8927,0.0,0.0,0.0,0.0,0.0,0.0,0.0,121.0,59.0,5.0,68.94604024,165.1,0.0,15,12.0,0.0,96.0,44.0,0.0,99.0,14.0,0.0,0.0,5.0,0.0,2.47,8.4,0.0,0.0,0.0,30.739,0.0,0.0,25.293864167,0.8960529161,1.2593770696,0.0,3.0,0.0,0.0
8927,0.0,0.0,0.0,0.0,0.0,0.0,0.0,115.0,61.0,7.0,72.12118683,165.1,0.0,16,13.0,0.0,81.0,43.0,0.0,88.0,11.0,12.2,0.0,7.0,0.0,0.81,7.9,0.0,0.0,0.0,40.199,0.0,0.0,26.458713175,0.9090314976,1.3348146887,0.0,3.0,0.0,0.0
8927,0.0,0.0,0.0,0.0,0.0,0.0,0.0,111.0,64.0,5.0,72.5747792,167.64,0.0,17,13.0,0.0,0.0,0.0,0.0,0.0,0.0,12.2,0.0,5.0,0.0,0.0,8.0,0.0,0.0,0.0,50.191,0.0,0.0,25.824410639,0.8740609117,1.1457993683,0.0,3.0,0.0,0.0
