PtID,Pt_CGMUseNumDays,Pt_FatherT1D,Pt_MotherT1D,Pt_SiblingT1D,Pt_ChildT1D,Pt_GrandchildT1D,Pt_GrandparentT1D,BldPrSys,BldPrDia,SMBGperDayPtMeterCombo,WeightKg,HeightCm,DirectLDL,age,diabDur,TotalDailyInsPerKg,LDL,HDL,TotChol,Triglyc,BUN,AlbCreatRat_mggNew,UnitsInsBasalOrLongAct,BGTestAvgNumMeter,BGTestAvgNumPtRep,TSH,HbA1c,AutonomicNeuroCl,Pt_InsGov,NumPumpBolusOrShortAct,HbA1cImputeDtMnC,Pt_SHFlg,Pt_DKAFlg,bmi,bmiPerc,bmiZscore,GFR,diagAgeCombo,Pt_A1cGoalLev,Pt_A1cGoalLevelDsYr5
8963,0.0,0.0,0.0,0.0,0.0,0.0,0.0,136.0,73.0,5.0,50.5,153.8,0.0,13,11.0,0.9900990099,0.0,0.0,0.0,0.0,0.0,0.0,0.0,0.0,5.0,0.0,7.1,0.0,0.0,0.0,0.0,0.0,0.0,21.349057512999998,0.8223588358,0.9243918654000001,0.0,2.0,0.0,0.0
8963,0.0,0.0,0.0,0.0,0.0,0.0,0.0,133.0,70.0,5.0,61.0,163.0,0.0,14,12.0,1.0819672131,0.0,0.0,0.0,0.0,0.0,0.0,0.0,0.0,5.0,0.0,7.2,0.0,0.0,0.0,11.850999999999999,0.0,0.0,22.959087659,0.8662141777,1.1086721405,0.0,2.0,6.8,0.0
8963,0.0,0.0,0.0,0.0,0.0,0.0,0.0,139.0,67.0,0.0,56.7,168.2,0.0,15,13.0,0.0,0.0,0.0,0.0,0.0,0.0,5.0,27.0,0.0,2.0,0.0,6.3,0.0,0.0,4.0,25.095,0.0,0.0,20.04153936,0.5311758611,0.0782260032,0.0,2.0,0.0,0.0
8963,0.0,0.0,0.0,0.0,0.0,0.0,0.0,113.0,77.0,3.0,63.9,171.3,0.0,16,14.0,0.0,0.0,0.0,210.0,114.0,0.0,5.0,26.0,3.0,0.0,1.08,7.8,0.0,0.0,0.0,38.573,0.0,0.0,21.776402354000002,0.6605902399,0.4140745368,0.0,2.0,0.0,0.0
