PtID,Pt_CGMUseNumDays,Pt_FatherT1D,Pt_MotherT1D,Pt_SiblingT1D,Pt_ChildT1D,Pt_GrandchildT1D,Pt_GrandparentT1D,BldPrSys,BldPrDia,SMBGperDayPtMeterCombo,WeightKg,HeightCm,DirectLDL,age,diabDur,TotalDailyInsPerKg,LDL,HDL,TotChol,Triglyc,BUN,AlbCreatRat_mggNew,UnitsInsBasalOrLongAct,BGTestAvgNumMeter,BGTestAvgNumPtRep,TSH,HbA1c,AutonomicNeuroCl,Pt_InsGov,NumPumpBolusOrShortAct,HbA1cImputeDtMnC,Pt_SHFlg,Pt_DKAFlg,bmi,bmiPerc,bmiZscore,GFR,diagAgeCombo,Pt_A1cGoalLev,Pt_A1cGoalLevelDsYr5
8982,0.0,0.0,0.0,0.0,0.0,0.0,0.0,100.0,54.0,6.0,18.5,107.7,0.0,4,0.0,0.4324324324,0.0,0.0,0.0,0.0,17.0,0.0,0.0,0.0,6.0,0.0,8.3,0.0,0.0,0.0,0.0,0.0,0.0,15.949252066,0.6055322974,0.267693303,0.0,3.0,0.0,0.0
8982,0.0,0.0,0.0,0.0,0.0,0.0,0.0,100.0,52.0,0.0,24.04039561,119.38,0.0,6,2.0,0.0,0.0,0.0,0.0,0.0,0.0,0.0,8.0,0.0,0.0,0.0,7.7,0.0,0.0,0.0,21.71,0.0,0.0,16.868577510999998,0.8330080139,0.9661203312000001,0.0,3.0,0.0,0.0
8982,0.0,0.0,0.0,0.0,0.0,0.0,0.0,102.0,60.0,6.0,26.5,125.0,0.0,6,3.0,0.0,0.0,0.0,0.0,0.0,0.0,0.0,8.0,6.0,0.0,1.71,7.1,0.0,0.0,0.0,30.805,0.0,0.0,16.96,0.8447936804999999,1.0143565715,0.0,3.0,0.0,0.0
8982,0.0,0.0,0.0,0.0,0.0,0.0,0.0,100.0,51.0,5.0,29.9,130.2,0.0,7,4.0,0.9030100334000001,0.0,0.0,0.0,0.0,0.0,0.0,8.0,5.0,5.0,0.0,7.1,0.0,0.0,19.0,42.158,0.0,0.0,17.637995190999998,0.8734836251000001,1.1430140692,0.0,3.0,0.0,0.0
8982,0.0,0.0,0.0,0.0,0.0,0.0,0.0,100.0,58.0,8.0,32.7,136.6,0.0,8,4.0,0.8562691131,0.0,0.0,0.0,0.0,0.0,0.0,9.0,8.0,8.0,2.01,7.7,0.0,0.0,19.0,52.148999999999994,0.0,0.0,17.524528981,0.8109838125,0.8815275024,0.0,3.0,0.0,0.0
8982,0.0,0.0,0.0,0.0,0.0,0.0,0.0,112.0,59.0,6.0,34.7,139.9,0.0,9,5.0,0.7780979827,0.0,0.0,0.0,0.0,0.0,0.0,10.0,6.0,0.0,0.0,7.7,0.0,0.0,0.0,63.071000000000005,0.0,0.0,17.729400302000002,0.7679033922,0.7319596184,0.0,3.0,0.0,0.0
8982,0.0,0.0,0.0,0.0,0.0,0.0,0.0,116.0,60.0,3.0,42.3,146.3,0.0,10,6.0,0.7825059101999999,50.0,58.0,0.0,32.0,0.0,0.0,12.5,3.0,0.0,1.61,6.4,0.0,0.0,7.0,72.83,0.0,0.0,19.762947417,0.8742329749,1.1466312625,0.0,3.0,0.0,0.0
