PtID,Pt_CGMUseNumDays,Pt_FatherT1D,Pt_MotherT1D,Pt_SiblingT1D,Pt_ChildT1D,Pt_GrandchildT1D,Pt_GrandparentT1D,BldPrSys,BldPrDia,SMBGperDayPtMeterCombo,WeightKg,HeightCm,DirectLDL,age,diabDur,TotalDailyInsPerKg,LDL,HDL,TotChol,Triglyc,BUN,AlbCreatRat_mggNew,UnitsInsBasalOrLongAct,BGTestAvgNumMeter,BGTestAvgNumPtRep,TSH,HbA1c,AutonomicNeuroCl,Pt_InsGov,NumPumpBolusOrShortAct,HbA1cImputeDtMnC,Pt_SHFlg,Pt_DKAFlg,bmi,bmiPerc,bmiZscore,GFR,diagAgeCombo,Pt_A1cGoalLev,Pt_A1cGoalLevelDsYr5
8988,0.0,0.0,0.0,0.0,0.0,0.0,0.0,118.0,72.0,1.0,56.608327776,174.752,0.0,15,11.0,0.9362580045000001,110.0,40.0,168.0,91.0,23.0,3.6,0.0,1.0,1.0,0.0,8.0,0.0,0.0,6.0,0.43200000000000005,0.0,0.0,18.536853437999998,0.2959569743,-0.536064537,0.0,3.0,0.0,0.0
8988,0.0,0.0,0.0,0.0,0.0,0.0,1.0,122.0,75.0,1.0,0.0,0.0,0.0,16,12.0,0.0,109.0,0.0,0.0,0.0,0.0,9.9,0.0,0.0,1.0,0.0,6.6,0.0,0.0,0.0,12.05,0.0,0.0,0.0,0.0,0.0,0.0,3.0,0.0,0.0
8988,0.0,0.0,0.0,0.0,0.0,0.0,0.0,110.0,66.0,0.0,57.4,176.78400000000002,0.0,17,13.0,0.0,81.0,37.0,0.0,75.0,0.0,7.5,26.0,0.0,0.0,2.75,7.5,0.0,0.0,0.0,19.884,0.0,0.0,18.366482102,0.1054963492,-1.2508404370000001,0.0,3.0,0.0,0.0
8988,0.0,0.0,0.0,0.0,0.0,0.0,0.0,132.0,70.0,1.0,0.0,0.0,1.0,18,14.0,0.0,77.0,0.0,0.0,0.0,0.0,7.5,24.0,1.0,0.0,0.0,7.5,0.0,0.0,0.0,34.423,0.0,0.0,0.0,0.0,0.0,0.0,3.0,0.0,0.0
8988,0.0,0.0,0.0,0.0,0.0,0.0,0.0,120.0,60.0,0.0,0.0,0.0,1.0,19,15.0,0.0,88.0,0.0,0.0,0.0,0.0,0.0,18.0,0.0,0.0,0.0,7.2,0.0,0.0,0.0,46.207,0.0,0.0,0.0,0.0,0.0,0.0,3.0,0.0,0.0
8988,0.0,0.0,0.0,0.0,0.0,0.0,0.0,128.0,70.0,4.0,151.8,177.2,0.0,20,16.0,0.0,0.0,0.0,0.0,0.0,0.0,0.0,22.0,0.0,4.0,0.0,7.1,0.0,0.0,0.0,62.207,0.0,0.0,48.344195383999995,0.9987016529,4.288937761100001,0.0,3.0,0.0,0.0
8988,0.0,0.0,0.0,0.0,0.0,0.0,0.0,134.0,82.0,4.0,0.0,0.0,1.0,21,17.0,0.0,115.0,0.0,0.0,0.0,0.0,0.0,24.0,0.0,4.0,0.0,7.7,0.0,0.0,3.0,73.16199999999999,0.0,0.0,0.0,0.0,0.0,0.0,3.0,0.0,0.0
