PtID,Pt_CGMUseNumDays,Pt_FatherT1D,Pt_MotherT1D,Pt_SiblingT1D,Pt_ChildT1D,Pt_GrandchildT1D,Pt_GrandparentT1D,BldPrSys,BldPrDia,SMBGperDayPtMeterCombo,WeightKg,HeightCm,DirectLDL,age,diabDur,TotalDailyInsPerKg,LDL,HDL,TotChol,Triglyc,BUN,AlbCreatRat_mggNew,UnitsInsBasalOrLongAct,BGTestAvgNumMeter,BGTestAvgNumPtRep,TSH,HbA1c,AutonomicNeuroCl,Pt_InsGov,NumPumpBolusOrShortAct,HbA1cImputeDtMnC,Pt_SHFlg,Pt_DKAFlg,bmi,bmiPerc,bmiZscore,GFR,diagAgeCombo,Pt_A1cGoalLev,Pt_A1cGoalLevelDsYr5
9018,12.0,0.0,0.0,0.0,0.0,0.0,0.0,128.0,78.0,5.0,67.13167076,161.29,0.0,41,39.0,0.9384542242,76.0,46.0,0.0,58.0,0.0,0.0,0.0,0.0,5.0,0.0,7.4,0.0,0.0,6.0,-0.033,0.0,0.0,25.805517461999997,0.0,-0.24966664600000002,0.0,2.0,0.0,0.0
9018,15.0,0.0,0.0,0.0,0.0,0.0,0.0,118.0,66.0,4.0,0.0,0.0,0.0,42,40.0,0.0,95.0,0.0,0.0,0.0,0.0,0.0,0.0,0.0,4.0,0.0,6.5,0.0,0.0,0.0,5.51,0.0,0.0,0.0,0.0,0.0,0.0,2.0,6.5,0.0
9018,0.0,0.0,0.0,0.0,0.0,0.0,0.0,136.0,68.0,4.0,0.0,0.0,1.0,44,42.0,0.0,98.0,0.0,0.0,0.0,0.0,0.0,26.0,0.0,4.0,0.0,6.5,0.0,0.0,0.0,28.846,0.0,0.0,0.0,0.0,0.0,0.0,2.0,0.0,0.0
9018,0.0,0.0,0.0,0.0,0.0,0.0,0.0,142.0,82.0,0.0,68.49244787,160.782,0.0,45,43.0,0.8760089888,90.0,48.0,149.0,56.0,0.0,10.0,27.0,0.0,0.0,3.56,6.4,0.0,0.0,0.0,45.942,0.0,0.0,26.495238583000003,0.0,-0.188045092,0.0,2.0,0.0,0.0
9018,0.0,0.0,0.0,0.0,0.0,0.0,0.0,148.0,78.0,5.0,68.94604024,160.02,1.0,46,44.0,0.7107007136,86.0,40.0,143.0,136.0,0.0,10.0,22.0,5.0,0.0,2.29,6.6,0.0,0.0,0.0,57.66,0.0,0.0,26.925315219,0.0,-0.149620879,0.0,2.0,0.0,0.0
9018,30.0,0.0,0.0,0.0,0.0,0.0,0.0,138.0,66.0,5.0,67.13167076,160.02,0.0,47,45.0,0.8937659278,0.0,0.0,0.0,0.0,0.0,10.0,22.8,5.0,5.0,0.0,6.8,0.0,0.0,0.0,69.012,0.0,0.0,26.216754291999997,0.0,-0.212925633,0.0,2.0,0.0,0.0
