PtID,Pt_CGMUseNumDays,Pt_FatherT1D,Pt_MotherT1D,Pt_SiblingT1D,Pt_ChildT1D,Pt_GrandchildT1D,Pt_GrandparentT1D,BldPrSys,BldPrDia,SMBGperDayPtMeterCombo,WeightKg,HeightCm,DirectLDL,age,diabDur,TotalDailyInsPerKg,LDL,HDL,TotChol,Triglyc,BUN,AlbCreatRat_mggNew,UnitsInsBasalOrLongAct,BGTestAvgNumMeter,BGTestAvgNumPtRep,TSH,HbA1c,AutonomicNeuroCl,Pt_InsGov,NumPumpBolusOrShortAct,HbA1cImputeDtMnC,Pt_SHFlg,Pt_DKAFlg,bmi,bmiPerc,bmiZscore,GFR,diagAgeCombo,Pt_A1cGoalLev,Pt_A1cGoalLevelDsYr5
9103,0.0,0.0,0.0,0.0,0.0,0.0,0.0,131.0,69.0,0.0,96.88733023200001,180.34,0.0,31,8.0,0.0,113.0,39.0,164.0,64.0,10.0,3.8,0.0,0.0,0.0,0.0,6.5,0.0,0.0,0.0,0.0,0.0,0.0,29.790847493,0.0,0.3320752441,0.0,22.0,0.0,0.0
9103,0.0,0.0,0.0,0.0,0.0,0.0,0.0,155.0,79.0,11.0,106.0,181.0,0.0,32,9.0,0.6603773585,91.0,33.0,0.0,221.0,8.0,7.0,0.0,0.0,11.0,0.0,7.0,0.0,0.0,0.0,13.876,0.0,0.0,32.355544703,0.0,0.703847025,0.0,22.0,6.7,0.0
9103,0.0,0.0,0.0,0.0,0.0,0.0,0.0,130.0,71.0,0.0,111.0,181.6,0.0,33,11.0,0.5945945946,97.0,34.0,183.0,262.0,10.0,0.0,45.0,0.0,0.0,1.72,6.5,0.0,0.0,21.0,29.941999999999997,0.0,0.0,33.658231287,0.0,0.8926810556,0.0,22.0,0.0,0.0
9103,0.0,0.0,0.0,0.0,0.0,0.0,0.0,125.0,67.0,0.0,0.0,0.0,0.0,34,12.0,0.0,104.0,36.0,161.0,105.0,10.0,0.0,45.0,0.0,0.0,1.71,6.0,0.0,0.0,0.0,41.394,0.0,0.0,0.0,0.0,0.0,0.0,22.0,0.0,0.0
9103,0.0,0.0,0.0,0.0,0.0,0.0,0.0,131.0,76.0,0.0,111.9,180.3,0.0,35,13.0,0.0,111.0,36.0,190.0,217.0,13.0,0.0,0.0,0.0,0.0,0.0,5.8,0.0,0.0,0.0,57.095,0.0,0.0,34.422200751,0.0,1.0034240653,0.0,22.0,0.0,0.0
9103,0.0,0.0,0.0,0.0,0.0,0.0,0.0,141.0,84.0,0.0,113.2,180.3,0.0,37,14.0,0.0,125.0,34.0,0.0,138.0,8.0,0.0,0.0,0.0,0.0,1.68,6.0,0.0,0.0,0.0,70.60600000000001,0.0,0.0,34.822101206,0.0,1.0613925864,0.0,22.0,0.0,0.0
