PtID,Pt_CGMUseNumDays,Pt_FatherT1D,Pt_MotherT1D,Pt_SiblingT1D,Pt_ChildT1D,Pt_GrandchildT1D,Pt_GrandparentT1D,BldPrSys,BldPrDia,SMBGperDayPtMeterCombo,WeightKg,HeightCm,DirectLDL,age,diabDur,TotalDailyInsPerKg,LDL,HDL,TotChol,Triglyc,BUN,AlbCreatRat_mggNew,UnitsInsBasalOrLongAct,BGTestAvgNumMeter,BGTestAvgNumPtRep,TSH,HbA1c,AutonomicNeuroCl,Pt_InsGov,NumPumpBolusOrShortAct,HbA1cImputeDtMnC,Pt_SHFlg,Pt_DKAFlg,bmi,bmiPerc,bmiZscore,GFR,diagAgeCombo,Pt_A1cGoalLev,Pt_A1cGoalLevelDsYr5
9116,0.0,0.0,0.0,0.0,0.0,0.0,0.0,115.0,52.0,6.0,34.7,138.4,0.0,11,5.0,0.5475504323,0.0,0.0,143.0,0.0,0.0,9.0,0.0,0.0,6.0,0.0,8.3,0.0,0.0,14.0,-2.158,0.0,0.0,18.115790705,0.6000545857,0.2534883939,0.0,6.0,0.0,0.0
9116,0.0,0.0,0.0,0.0,0.0,0.0,0.0,114.0,60.0,5.0,43.1,150.1,0.0,12,6.0,0.7656612529000001,0.0,0.0,0.0,0.0,0.0,3.0,0.0,0.0,5.0,0.0,8.1,0.0,0.0,0.0,16.365,0.0,0.0,19.130040333,0.6413553129999999,0.3620838471,0.0,6.0,0.0,0.0
9116,0.0,0.0,0.0,0.0,0.0,0.0,0.0,131.0,65.0,5.0,52.5,153.9,0.0,13,7.0,0.9142857143,69.0,83.0,160.0,41.0,0.0,7.0,23.0,5.0,0.0,1.31,9.0,0.0,0.0,0.0,27.386,0.0,0.0,22.165731273000002,0.830876348,0.9576340875,0.0,6.0,0.0,0.0
9116,0.0,0.0,0.0,0.0,0.0,0.0,0.0,137.0,63.0,4.0,55.2,155.3,0.0,14,8.0,1.0144927536,75.0,73.0,159.0,54.0,0.0,7.0,31.0,4.0,0.0,0.68,8.3,0.0,0.0,0.0,36.580999999999996,0.0,0.0,22.887384532,0.8289879943999999,0.9501736776,0.0,6.0,0.0,0.0
9116,0.0,0.0,0.0,0.0,0.0,0.0,0.0,130.0,64.0,6.0,60.8,157.3,0.0,15,9.0,0.9210526316,57.0,62.0,126.0,35.0,0.0,6.0,36.0,6.0,0.0,1.24,8.0,0.0,0.0,4.0,48.332,0.0,0.0,24.572318394,0.8723704812,1.1376682458,0.0,6.0,0.0,0.0
9116,0.0,0.0,0.0,0.0,0.0,0.0,0.0,128.0,62.0,5.0,59.8,158.9,0.0,17,11.0,0.7357859532,64.0,70.0,142.0,40.0,0.0,0.0,36.0,5.0,0.0,1.47,7.9,0.0,0.0,0.0,70.207,0.0,0.0,23.683909318,0.7709980618000001,0.7421377556000001,0.0,6.0,0.0,0.0
