PtID,Pt_CGMUseNumDays,Pt_FatherT1D,Pt_MotherT1D,Pt_SiblingT1D,Pt_ChildT1D,Pt_GrandchildT1D,Pt_GrandparentT1D,BldPrSys,BldPrDia,SMBGperDayPtMeterCombo,WeightKg,HeightCm,DirectLDL,age,diabDur,TotalDailyInsPerKg,LDL,HDL,TotChol,Triglyc,BUN,AlbCreatRat_mggNew,UnitsInsBasalOrLongAct,BGTestAvgNumMeter,BGTestAvgNumPtRep,TSH,HbA1c,AutonomicNeuroCl,Pt_InsGov,NumPumpBolusOrShortAct,HbA1cImputeDtMnC,Pt_SHFlg,Pt_DKAFlg,bmi,bmiPerc,bmiZscore,GFR,diagAgeCombo,Pt_A1cGoalLev,Pt_A1cGoalLevelDsYr5
9126,0.0,0.0,0.0,0.0,0.0,0.0,0.0,94.0,56.0,6.0,38.6,144.3,0.0,11,5.0,0.7772020725,94.0,65.0,167.0,38.0,0.0,0.0,0.0,0.0,6.0,0.0,7.8,0.0,0.0,0.0,-0.266,0.0,1.0,18.537648475,0.7077808554999999,0.5469133131,0.0,5.0,0.0,0.0
9126,0.0,0.0,0.0,0.0,0.0,0.0,0.0,118.0,62.0,5.0,44.5,151.6,0.0,12,7.0,1.0561797753,0.0,0.0,0.0,0.0,0.0,53.7,17.0,5.0,0.0,0.0,8.4,0.0,0.0,0.0,15.037,0.0,0.0,19.362507919000002,0.7202048418000001,0.5834501345,0.0,5.0,0.0,0.0
9126,0.0,0.0,0.0,0.0,0.0,0.0,0.0,118.0,60.0,5.0,53.9,159.9,0.0,13,8.0,1.6697588125999998,0.0,0.0,0.0,0.0,0.0,53.7,25.0,0.0,5.0,0.0,0.0,0.0,0.0,0.0,0.0,0.0,0.0,21.081030552999998,0.804114982,0.8564118071,0.0,5.0,0.0,0.0
9126,0.0,0.0,0.0,0.0,0.0,0.0,0.0,102.0,64.0,4.0,60.5,168.7,0.0,14,9.0,0.0,0.0,0.0,0.0,0.0,0.0,11.3,40.0,4.0,5.0,2.46,8.6,0.0,0.0,0.0,40.166,0.0,0.0,21.258137387,0.7566052296,0.6954241333,0.0,5.0,0.0,0.0
9126,0.0,0.0,0.0,0.0,0.0,0.0,0.0,114.0,66.0,3.0,68.9,177.1,0.0,15,10.0,1.5965166909000001,113.0,56.0,0.0,90.0,0.0,153.1,40.0,3.0,0.0,2.35,9.9,0.0,0.0,0.0,53.51,0.0,0.0,21.967574075,0.7520398697,0.6809229261,0.0,5.0,0.0,0.0
9126,0.0,0.0,0.0,0.0,0.0,0.0,0.0,106.0,64.0,5.0,78.8,180.4,0.0,16,11.0,1.2182741117,79.0,43.0,0.0,321.0,0.0,10.0,48.0,5.0,0.0,3.44,7.8,0.0,0.0,0.0,66.058,0.0,0.0,24.213253622,0.8517118745000001,1.0438036317000001,0.0,5.0,0.0,0.0
9126,0.0,0.0,0.0,0.0,0.0,0.0,0.0,118.0,68.0,3.0,75.0,181.6,0.0,17,12.0,1.0133333333,0.0,0.0,0.0,0.0,0.0,10.0,53.0,3.0,0.0,1.9,10.1,0.0,0.0,0.0,80.133,0.0,0.0,22.742048166999997,0.6874017372,0.4884988703,0.0,5.0,0.0,0.0
