PtID,Pt_CGMUseNumDays,Pt_FatherT1D,Pt_MotherT1D,Pt_SiblingT1D,Pt_ChildT1D,Pt_GrandchildT1D,Pt_GrandparentT1D,BldPrSys,BldPrDia,SMBGperDayPtMeterCombo,WeightKg,HeightCm,DirectLDL,age,diabDur,TotalDailyInsPerKg,LDL,HDL,TotChol,Triglyc,BUN,AlbCreatRat_mggNew,UnitsInsBasalOrLongAct,BGTestAvgNumMeter,BGTestAvgNumPtRep,TSH,HbA1c,AutonomicNeuroCl,Pt_InsGov,NumPumpBolusOrShortAct,HbA1cImputeDtMnC,Pt_SHFlg,Pt_DKAFlg,bmi,bmiPerc,bmiZscore,GFR,diagAgeCombo,Pt_A1cGoalLev,Pt_A1cGoalLevelDsYr5
9148,0.0,0.0,0.0,0.0,0.0,0.0,0.0,127.0,72.0,2.0,0.0,0.0,0.0,24,13.0,0.0,110.0,33.0,56.0,47.0,10.0,9.4,0.0,2.0,3.0,0.0,9.0,0.0,0.0,1.0,-0.23199999999999998,0.0,0.0,0.0,0.0,0.0,0.0,11.0,0.0,0.0
9148,0.0,0.0,0.0,0.0,0.0,0.0,0.0,130.0,70.0,3.0,92.7,185.0,0.0,25,14.0,0.6040992449,0.0,0.0,0.0,0.0,0.0,0.0,0.0,3.0,4.0,0.0,9.0,0.0,0.0,0.0,12.946,0.0,0.0,27.085463842,0.0,0.0957554036,0.0,11.0,7.0,0.0
9148,0.0,0.0,0.0,0.0,0.0,0.0,0.0,110.0,66.0,5.0,94.3,187.2,0.0,26,15.0,0.0,49.0,50.0,0.0,48.0,22.0,0.0,0.0,5.0,7.0,1.81,8.5,0.0,0.0,0.0,26.025,0.0,0.0,26.909151509,0.0,0.0609786453,0.0,11.0,0.0,0.0
9148,0.0,0.0,0.0,0.0,0.0,0.0,0.0,123.0,74.0,4.0,92.0,187.8,0.0,27,16.0,0.0,77.0,66.0,0.0,45.0,20.0,3.3,33.0,4.0,4.0,1.77,8.3,0.0,0.0,4.0,41.195,0.0,0.0,26.085348994,0.0,-0.101512431,0.0,11.0,0.0,0.0
9148,0.0,0.0,0.0,0.0,0.0,0.0,0.0,128.0,72.0,3.0,95.1,187.8,0.0,29,18.0,0.0,49.0,52.0,122.0,106.0,18.0,0.0,32.0,3.0,4.0,2.02,8.7,0.0,0.0,3.0,58.988,0.0,0.0,26.96431184,0.0,0.071858755,88.0,11.0,0.0,0.0
9148,0.0,0.0,0.0,0.0,0.0,0.0,0.0,124.0,78.0,5.0,102.5,188.1,0.0,30,19.0,0.0,0.0,0.0,0.0,0.0,0.0,0.0,35.0,0.0,5.0,0.0,8.0,0.0,0.0,3.0,74.589,0.0,0.0,28.969851851999998,0.0,0.21306586940000002,0.0,11.0,0.0,0.0
