PtID,Pt_CGMUseNumDays,Pt_FatherT1D,Pt_MotherT1D,Pt_SiblingT1D,Pt_ChildT1D,Pt_GrandchildT1D,Pt_GrandparentT1D,BldPrSys,BldPrDia,SMBGperDayPtMeterCombo,WeightKg,HeightCm,DirectLDL,age,diabDur,TotalDailyInsPerKg,LDL,HDL,TotChol,Triglyc,BUN,AlbCreatRat_mggNew,UnitsInsBasalOrLongAct,BGTestAvgNumMeter,BGTestAvgNumPtRep,TSH,HbA1c,AutonomicNeuroCl,Pt_InsGov,NumPumpBolusOrShortAct,HbA1cImputeDtMnC,Pt_SHFlg,Pt_DKAFlg,bmi,bmiPerc,bmiZscore,GFR,diagAgeCombo,Pt_A1cGoalLev,Pt_A1cGoalLevelDsYr5
916,0.0,0.0,0.0,0.0,0.0,0.0,0.0,99.0,58.0,7.0,55.79186151,161.036,0.0,12,4.0,0.5197890734,0.0,0.0,0.0,0.0,0.0,0.0,0.0,0.0,7.0,0.0,8.2,0.0,1.0,7.0,0.0,0.0,0.0,21.514185208,0.8765962187999999,1.1581383981,0.0,7.0,0.0,0.0
916,0.0,0.0,0.0,0.0,0.0,0.0,0.0,104.0,62.0,0.0,61.68856232,167.386,0.0,13,5.0,0.0,0.0,0.0,0.0,0.0,0.0,0.0,0.0,0.0,0.0,0.0,8.5,0.0,0.0,0.0,13.544,0.0,0.0,22.017417946,0.8603926781,1.0820852623000001,0.0,7.0,0.0,0.0
916,0.0,0.0,0.0,0.0,0.0,0.0,0.0,90.0,72.0,2.0,59.78347436600001,169.672,1.0,14,6.0,0.6690812206,79.0,0.0,0.0,0.0,0.0,6.4,29.0,2.0,0.0,1.61,9.3,0.0,0.0,0.0,24.996,0.0,0.0,20.766379799,0.7105663202,0.5550399143,0.0,7.0,0.0,0.0
916,0.0,0.0,0.0,0.0,0.0,0.0,0.0,120.0,70.0,3.0,65.31730128,173.482,1.0,15,8.0,0.7961137246,91.0,0.0,0.0,0.0,0.0,21.5,31.0,3.0,0.0,1.12,9.9,0.0,0.0,0.0,39.17,0.0,0.0,21.702981091999998,0.728385263,0.6079366752,0.0,7.0,0.0,0.0
916,0.0,0.0,0.0,0.0,0.0,0.0,0.0,94.0,60.0,3.0,68.94604024,170.18,0.0,16,9.0,0.812229387,0.0,0.0,0.0,0.0,0.0,21.5,31.0,3.0,4.0,0.0,10.6,0.0,0.0,0.0,53.04600000000001,0.0,0.0,23.806321253000004,0.8294799701000001,0.9521122444,0.0,7.0,0.0,0.0
