PtID,Pt_CGMUseNumDays,Pt_FatherT1D,Pt_MotherT1D,Pt_SiblingT1D,Pt_ChildT1D,Pt_GrandchildT1D,Pt_GrandparentT1D,BldPrSys,BldPrDia,SMBGperDayPtMeterCombo,WeightKg,HeightCm,DirectLDL,age,diabDur,TotalDailyInsPerKg,LDL,HDL,TotChol,Triglyc,BUN,AlbCreatRat_mggNew,UnitsInsBasalOrLongAct,BGTestAvgNumMeter,BGTestAvgNumPtRep,TSH,HbA1c,AutonomicNeuroCl,Pt_InsGov,NumPumpBolusOrShortAct,HbA1cImputeDtMnC,Pt_SHFlg,Pt_DKAFlg,bmi,bmiPerc,bmiZscore,GFR,diagAgeCombo,Pt_A1cGoalLev,Pt_A1cGoalLevelDsYr5
9222,0.0,0.0,0.0,0.0,0.0,0.0,0.0,114.0,76.0,2.0,109.7,180.3,0.0,37,6.0,0.546946217,89.0,74.0,0.0,57.0,0.0,11.0,0.0,2.0,3.0,0.0,5.4,0.0,0.0,0.0,0.0,0.0,0.0,33.745446134,0.0,0.905323491,0.0,31.0,0.0,0.0
9222,0.0,0.0,0.0,0.0,0.0,0.0,0.0,120.0,80.0,2.0,97.8,174.0,0.0,38,7.0,0.4703476483,88.0,97.0,0.0,70.0,0.0,10.0,0.0,2.0,3.0,0.0,7.3,0.0,0.0,0.0,18.090999999999998,0.0,0.0,32.30281411,0.0,0.6962033366,0.0,31.0,5.0,0.0
9222,0.0,0.0,0.0,0.0,0.0,0.0,0.0,118.0,84.0,2.0,105.3,180.3,0.0,39,8.0,0.0,0.0,0.0,0.0,0.0,13.0,0.0,20.0,0.0,2.0,0.0,7.1,0.0,0.0,0.0,24.1,0.0,0.0,32.391936899,0.0,0.7091223423999999,83.0,31.0,0.0,0.0
9222,0.0,0.0,0.0,0.0,0.0,0.0,0.0,124.0,76.0,3.0,90.5,172.7,0.0,40,9.0,0.0,0.0,0.0,0.0,0.0,13.0,0.0,20.0,0.0,3.0,0.0,7.7,0.0,0.0,0.0,36.846,0.0,0.0,30.343376376,0.0,0.2794128854,83.0,31.0,0.0,0.0
9222,0.0,0.0,0.0,0.0,0.0,0.0,0.0,138.0,70.0,3.0,0.0,0.0,0.0,41,10.0,0.0,66.0,52.0,0.0,59.0,0.0,0.0,0.0,3.0,0.0,8.43,7.6,0.0,0.0,0.0,54.075,0.0,0.0,0.0,0.0,0.0,0.0,31.0,0.0,0.0
9222,0.0,0.0,0.0,0.0,0.0,0.0,0.0,134.0,88.0,5.0,0.0,0.0,0.0,42,11.0,0.0,0.0,0.0,0.0,0.0,9.0,0.0,25.0,0.0,5.0,10.6,7.8,0.0,0.0,4.0,64.133,0.0,0.0,0.0,0.0,0.0,0.0,31.0,0.0,0.0
