PtID,Pt_CGMUseNumDays,Pt_FatherT1D,Pt_MotherT1D,Pt_SiblingT1D,Pt_ChildT1D,Pt_GrandchildT1D,Pt_GrandparentT1D,BldPrSys,BldPrDia,SMBGperDayPtMeterCombo,WeightKg,HeightCm,DirectLDL,age,diabDur,TotalDailyInsPerKg,LDL,HDL,TotChol,Triglyc,BUN,AlbCreatRat_mggNew,UnitsInsBasalOrLongAct,BGTestAvgNumMeter,BGTestAvgNumPtRep,TSH,HbA1c,AutonomicNeuroCl,Pt_InsGov,NumPumpBolusOrShortAct,HbA1cImputeDtMnC,Pt_SHFlg,Pt_DKAFlg,bmi,bmiPerc,bmiZscore,GFR,diagAgeCombo,Pt_A1cGoalLev,Pt_A1cGoalLevelDsYr5
9242,0.0,0.0,0.0,0.0,0.0,0.0,0.0,146.0,85.0,4.0,76.9,175.8,0.0,20,10.0,1.300390117,91.0,47.0,0.0,97.0,15.0,13.4,0.0,0.0,4.0,0.0,8.4,0.0,0.0,0.0,0.0,0.0,1.0,24.882189788,0.7071480227,-0.33882978700000005,0.0,10.0,0.0,0.0
9242,0.0,0.0,0.0,0.0,0.0,0.0,0.0,125.0,76.0,2.0,79.0,176.2,0.0,22,12.0,1.2025316456,0.0,53.0,151.0,94.0,20.0,144.6,45.0,0.0,2.0,1.03,10.6,0.0,0.0,0.0,20.647,0.0,0.0,25.44575159,0.0,-0.227669937,0.0,10.0,0.0,0.0
9242,0.0,0.0,0.0,0.0,0.0,0.0,0.0,121.0,71.0,0.0,86.6,177.1,0.0,23,13.0,1.03926097,0.0,0.0,0.0,0.0,0.0,144.6,45.0,0.0,0.0,0.0,8.6,0.0,0.0,3.0,32.83,0.0,0.0,27.610913134,0.0,0.19939774440000002,0.0,10.0,0.0,0.0
9242,0.0,0.0,0.0,0.0,0.0,0.0,0.0,128.0,81.0,5.0,101.6,176.4,0.0,24,14.0,0.9350393701,0.0,0.0,0.0,0.0,0.0,144.6,25.0,0.0,5.0,0.0,7.2,0.0,0.0,3.0,45.544,0.0,0.0,32.651004468000004,0.0,1.1935314735,0.0,10.0,0.0,0.0
9242,0.0,0.0,0.0,0.0,0.0,0.0,0.0,133.0,73.0,3.0,96.7,175.8,0.0,25,15.0,0.0,0.0,0.0,0.0,0.0,0.0,144.6,50.0,0.0,3.0,0.0,9.5,0.0,0.0,0.0,63.27,0.0,0.0,31.288787419000002,0.0,0.9248407245999999,0.0,10.0,0.0,0.0
