PtID,Pt_CGMUseNumDays,Pt_FatherT1D,Pt_MotherT1D,Pt_SiblingT1D,Pt_ChildT1D,Pt_GrandchildT1D,Pt_GrandparentT1D,BldPrSys,BldPrDia,SMBGperDayPtMeterCombo,WeightKg,HeightCm,DirectLDL,age,diabDur,TotalDailyInsPerKg,LDL,HDL,TotChol,Triglyc,BUN,AlbCreatRat_mggNew,UnitsInsBasalOrLongAct,BGTestAvgNumMeter,BGTestAvgNumPtRep,TSH,HbA1c,AutonomicNeuroCl,Pt_InsGov,NumPumpBolusOrShortAct,HbA1cImputeDtMnC,Pt_SHFlg,Pt_DKAFlg,bmi,bmiPerc,bmiZscore,GFR,diagAgeCombo,Pt_A1cGoalLev,Pt_A1cGoalLevelDsYr5
9269,0.0,0.0,0.0,0.0,0.0,0.0,0.0,118.0,79.0,6.0,76.1,167.0,0.0,18,16.0,0.9592641261,0.0,0.0,154.0,0.0,0.0,3.0,0.0,0.0,6.0,0.0,9.2,0.0,0.0,8.0,0.0,0.0,0.0,27.286743878000003,0.9013215309,1.2891183694,0.0,2.0,0.0,0.0
9269,0.0,0.0,0.0,0.0,0.0,0.0,0.0,136.0,76.0,0.0,87.5,166.4,0.0,23,20.0,0.0,98.0,56.0,167.0,67.0,0.0,3.4,55.0,0.0,0.0,0.89,9.6,0.0,0.0,0.0,54.772,0.0,0.0,31.601042436999997,0.0,0.647364191,0.0,2.0,0.0,0.0
9269,0.0,0.0,0.0,0.0,0.0,0.0,0.0,134.0,76.0,0.0,87.9,166.4,0.0,24,21.0,0.6598407281,94.0,50.0,153.0,47.0,10.0,3.4,45.0,0.0,3.0,2.4,11.2,0.0,0.0,2.0,71.00399999999999,1.0,0.0,31.745504345,0.0,0.6668431829,0.0,2.0,0.0,0.0
9269,0.0,0.0,0.0,0.0,0.0,0.0,0.0,117.0,63.0,6.0,92.4,166.4,0.0,24,22.0,0.9837662338,0.0,0.0,0.0,0.0,0.0,3.4,50.8,6.0,0.0,0.0,0.0,0.0,0.0,0.0,0.0,0.0,0.0,33.370700814,0.0,0.8859818409,0.0,2.0,0.0,0.0
