PtID,Pt_CGMUseNumDays,Pt_FatherT1D,Pt_MotherT1D,Pt_SiblingT1D,Pt_ChildT1D,Pt_GrandchildT1D,Pt_GrandparentT1D,BldPrSys,BldPrDia,SMBGperDayPtMeterCombo,WeightKg,HeightCm,DirectLDL,age,diabDur,TotalDailyInsPerKg,LDL,HDL,TotChol,Triglyc,BUN,AlbCreatRat_mggNew,UnitsInsBasalOrLongAct,BGTestAvgNumMeter,BGTestAvgNumPtRep,TSH,HbA1c,AutonomicNeuroCl,Pt_InsGov,NumPumpBolusOrShortAct,HbA1cImputeDtMnC,Pt_SHFlg,Pt_DKAFlg,bmi,bmiPerc,bmiZscore,GFR,diagAgeCombo,Pt_A1cGoalLev,Pt_A1cGoalLevelDsYr5
9271,0.0,0.0,0.0,0.0,0.0,0.0,0.0,120.0,70.0,2.0,116.11964672,175.26,0.0,30,26.0,0.740615412,97.0,33.0,155.0,127.0,10.0,0.0,0.0,0.0,2.0,0.0,6.0,0.0,0.0,5.0,-2.3569999999999998,0.0,0.0,37.8042034,0.0,1.4936702990000001,0.0,4.0,0.0,0.0
9271,0.0,0.0,0.0,0.0,0.0,0.0,0.0,110.0,80.0,3.0,118.07009391,173.99,0.0,32,28.0,0.8469545223999999,110.0,36.0,174.0,138.0,0.0,0.0,48.0,3.0,0.0,1.24,7.0,0.0,0.0,3.0,12.78,0.0,0.0,39.002400038000005,0.0,1.6673577411000002,0.0,4.0,0.0,0.0
9271,0.0,0.0,0.0,0.0,0.0,0.0,0.0,118.0,70.0,5.0,106.50348848,173.99,0.0,32,28.0,0.9389363807,0.0,0.0,166.0,75.0,12.0,0.0,43.0,0.0,5.0,0.0,6.7,0.0,0.0,3.0,23.203000000000003,0.0,0.0,35.181573295999996,0.0,1.1135007178,0.0,4.0,0.0,0.0
9271,0.0,0.0,0.0,0.0,0.0,0.0,0.0,100.0,60.0,2.0,108.4992949,173.99,0.0,33,29.0,0.9216649756999999,0.0,0.0,0.0,0.0,0.0,0.0,46.0,0.0,2.0,1.14,6.5,0.0,0.0,3.0,32.929,0.0,0.0,35.840853205,0.0,1.2090682042,0.0,4.0,0.0,0.0
9271,0.0,0.0,0.0,0.0,0.0,0.0,0.0,110.0,80.0,3.0,120.47413347,173.99,0.0,35,31.0,0.0,99.0,50.0,184.0,172.0,10.0,0.0,0.0,0.0,3.0,0.0,6.7,0.0,0.0,3.0,48.763000000000005,0.0,0.0,39.796532655,0.0,1.7824731224,0.0,4.0,0.0,0.0
