PtID,Pt_CGMUseNumDays,Pt_FatherT1D,Pt_MotherT1D,Pt_SiblingT1D,Pt_ChildT1D,Pt_GrandchildT1D,Pt_GrandparentT1D,BldPrSys,BldPrDia,SMBGperDayPtMeterCombo,WeightKg,HeightCm,DirectLDL,age,diabDur,TotalDailyInsPerKg,LDL,HDL,TotChol,Triglyc,BUN,AlbCreatRat_mggNew,UnitsInsBasalOrLongAct,BGTestAvgNumMeter,BGTestAvgNumPtRep,TSH,HbA1c,AutonomicNeuroCl,Pt_InsGov,NumPumpBolusOrShortAct,HbA1cImputeDtMnC,Pt_SHFlg,Pt_DKAFlg,bmi,bmiPerc,bmiZscore,GFR,diagAgeCombo,Pt_A1cGoalLev,Pt_A1cGoalLevelDsYr5
927,0.0,0.0,0.0,0.0,0.0,0.0,0.0,93.0,63.0,6.0,36.2,140.0,0.0,8,3.0,0.8563535912000001,72.0,48.0,0.0,58.0,14.0,34.9,0.0,6.0,6.0,0.0,7.2,0.0,0.0,0.0,0.23199999999999998,0.0,0.0,18.469387755,0.8889654074,1.2210444638,0.0,4.0,0.0,0.0
927,0.0,0.0,0.0,0.0,0.0,0.0,0.0,101.0,60.0,6.0,40.0,144.7,0.0,9,4.0,0.775,74.0,55.0,0.0,72.0,13.0,0.0,0.0,0.0,6.0,0.0,6.8,0.0,0.0,0.0,7.468999999999999,0.0,0.0,19.10393928,0.8824274931999999,1.187209452,0.0,4.0,7.0,0.0
927,0.0,0.0,0.0,0.0,0.0,0.0,0.0,0.0,0.0,0.0,47.62719885,149.86,0.0,10,5.0,0.0,73.0,51.0,0.0,126.0,0.0,0.0,0.0,0.0,0.0,0.0,7.0,0.0,0.0,0.0,24.664,0.0,0.0,21.207212256,0.9302499654,1.4776552824,0.0,4.0,0.0,0.0
927,0.0,0.0,0.0,0.0,0.0,0.0,0.0,122.0,66.0,5.0,54.88467677,160.02,0.0,11,6.0,0.0,80.0,52.0,0.0,105.0,14.0,0.0,0.0,5.0,0.0,0.99,7.8,0.0,0.0,0.0,35.618,0.0,0.0,21.433968036,0.9084422159000001,1.3312232352,0.0,4.0,0.0,0.0
927,0.0,0.0,0.0,0.0,0.0,0.0,0.0,124.0,72.0,7.0,61.68856232,167.64,0.0,12,7.0,0.0,69.0,48.0,0.0,86.0,13.0,0.0,0.0,7.0,0.0,0.84,7.4,0.0,0.0,0.0,46.506,0.0,0.0,21.950749043000002,0.8946826237000001,1.2518219428,0.0,4.0,0.0,0.0
927,0.0,0.0,0.0,0.0,0.0,0.0,0.0,108.0,71.0,5.0,67.13167076,172.72,0.0,13,8.0,0.0,72.0,46.0,0.0,87.0,13.0,0.0,0.0,5.0,0.0,1.3,8.5,0.0,0.0,0.0,55.602,0.0,0.0,22.503092082,0.8823937957,1.1870385663,0.0,4.0,0.0,0.0
927,0.0,0.0,0.0,0.0,0.0,0.0,0.0,134.0,83.0,6.0,78.2,179.6,0.0,14,9.0,1.0869565217000001,0.0,0.0,0.0,0.0,14.0,10.4,22.0,6.0,10.0,0.88,7.7,0.0,0.0,0.0,65.992,0.0,1.0,24.243431331999997,0.9132261771,1.3608925575,0.0,4.0,0.0,0.0
927,0.0,0.0,0.0,0.0,0.0,0.0,0.0,126.0,80.0,4.0,82.9,182.0,0.0,15,10.0,1.0373944511,0.0,0.0,0.0,0.0,14.0,10.4,27.0,4.0,0.0,0.7,8.5,0.0,0.0,0.0,81.494,0.0,0.0,25.027170631999997,0.9126988618,1.3575633580000002,0.0,4.0,0.0,0.0
