PtID,Pt_CGMUseNumDays,Pt_FatherT1D,Pt_MotherT1D,Pt_SiblingT1D,Pt_ChildT1D,Pt_GrandchildT1D,Pt_GrandparentT1D,BldPrSys,BldPrDia,SMBGperDayPtMeterCombo,WeightKg,HeightCm,DirectLDL,age,diabDur,TotalDailyInsPerKg,LDL,HDL,TotChol,Triglyc,BUN,AlbCreatRat_mggNew,UnitsInsBasalOrLongAct,BGTestAvgNumMeter,BGTestAvgNumPtRep,TSH,HbA1c,AutonomicNeuroCl,Pt_InsGov,NumPumpBolusOrShortAct,HbA1cImputeDtMnC,Pt_SHFlg,Pt_DKAFlg,bmi,bmiPerc,bmiZscore,GFR,diagAgeCombo,Pt_A1cGoalLev,Pt_A1cGoalLevelDsYr5
9287,0.0,0.0,0.0,0.0,0.0,0.0,0.0,139.0,69.0,8.0,0.0,0.0,0.0,48,38.0,0.0,101.0,48.0,157.0,41.0,42.0,126.0,0.0,0.0,8.0,0.0,6.3,1.0,0.0,0.0,0.166,0.0,0.0,0.0,0.0,0.0,0.0,10.0,0.0,0.0
9287,0.0,0.0,0.0,0.0,0.0,0.0,0.0,140.0,80.0,0.0,116.75467604,181.102,0.0,49,39.0,0.0,74.0,42.0,0.0,53.0,40.0,185.1,0.0,0.0,0.0,0.0,5.7,1.0,0.0,0.0,14.870999999999999,0.0,0.0,35.598179629,0.0,1.0349328951999999,0.0,10.0,0.0,0.0
9287,0.0,0.0,0.0,0.0,0.0,0.0,0.0,116.0,72.0,0.0,118.84120094,177.8,0.0,51,41.0,0.5301191801,92.0,46.0,0.0,32.0,51.0,234.7,30.0,0.0,0.0,0.0,0.0,1.0,0.0,33.0,0.0,0.0,0.0,37.592699973,0.0,1.1770061273999999,0.0,10.0,0.0,0.0
9287,0.0,0.0,0.0,0.0,0.0,0.0,0.0,125.0,55.0,0.0,122.01634753,177.8,0.0,52,42.0,0.5163242572,68.0,47.0,0.0,46.0,45.0,240.3,0.0,0.0,0.0,0.0,5.6,1.0,0.0,0.0,49.328,0.0,0.0,38.597085086,0.0,1.3099429673,23.0,10.0,0.0,0.0
9287,0.0,0.0,0.0,0.0,0.0,0.0,0.0,110.0,70.0,0.0,0.0,0.0,0.0,52,42.0,0.0,0.0,0.0,0.0,0.0,0.0,240.3,0.0,0.0,0.0,0.0,0.0,1.0,0.0,0.0,0.0,0.0,0.0,0.0,0.0,0.0,0.0,10.0,0.0,0.0
9287,30.0,0.0,0.0,0.0,0.0,0.0,0.0,146.0,68.0,4.0,119.74838568,180.34,0.0,54,44.0,0.0,86.0,43.0,0.0,47.0,56.0,865.9,0.0,0.0,4.0,0.0,5.6,1.0,0.0,0.0,77.876,1.0,0.0,36.820148587,0.0,1.0747539747,19.0,10.0,0.0,5.5
