PtID,Pt_CGMUseNumDays,Pt_FatherT1D,Pt_MotherT1D,Pt_SiblingT1D,Pt_ChildT1D,Pt_GrandchildT1D,Pt_GrandparentT1D,BldPrSys,BldPrDia,SMBGperDayPtMeterCombo,WeightKg,HeightCm,DirectLDL,age,diabDur,TotalDailyInsPerKg,LDL,HDL,TotChol,Triglyc,BUN,AlbCreatRat_mggNew,UnitsInsBasalOrLongAct,BGTestAvgNumMeter,BGTestAvgNumPtRep,TSH,HbA1c,AutonomicNeuroCl,Pt_InsGov,NumPumpBolusOrShortAct,HbA1cImputeDtMnC,Pt_SHFlg,Pt_DKAFlg,bmi,bmiPerc,bmiZscore,GFR,diagAgeCombo,Pt_A1cGoalLev,Pt_A1cGoalLevelDsYr5
9288,0.0,0.0,0.0,0.0,0.0,0.0,0.0,118.0,70.0,6.0,65.0,154.6,0.0,14,2.0,1.0461538462,66.0,56.0,132.0,48.0,15.0,0.0,0.0,6.0,6.0,0.0,7.1,0.0,0.0,5.0,1.261,0.0,0.0,27.195332779,0.9497126795999999,1.6420741366999998,0.0,12.0,0.0,0.0
9288,0.0,0.0,0.0,0.0,0.0,0.0,0.0,102.0,53.0,6.0,64.6,156.7,0.0,16,4.0,0.9442724458,69.0,42.0,0.0,65.0,0.0,31.0,0.0,6.0,4.0,0.0,8.1,0.0,0.0,0.0,21.178,0.0,0.0,26.308405373000003,0.9053362068999999,1.3125708836,0.0,12.0,6.0,0.0
9288,0.0,0.0,0.0,0.0,0.0,0.0,0.0,123.0,61.0,4.0,69.7,156.2,0.0,17,5.0,0.9756097561,93.0,53.0,155.0,47.0,0.0,31.0,33.0,4.0,0.0,0.86,8.1,0.0,0.0,0.0,35.253,0.0,0.0,28.567400211,0.9368399702,1.5287756951,0.0,12.0,0.0,0.0
9288,0.0,0.0,0.0,0.0,0.0,0.0,0.0,105.0,49.0,4.0,79.5,157.0,0.0,18,6.0,0.9056603773999999,114.0,47.0,175.0,69.0,10.0,29.9,33.0,4.0,0.0,1.1,7.7,0.0,0.0,5.0,49.328,0.0,0.0,32.252829729,0.9656248353,1.8200569712,0.0,12.0,0.0,0.0
9288,28.0,0.0,0.0,0.0,0.0,0.0,0.0,123.0,74.0,6.0,84.6,156.0,0.0,19,7.0,1.0638297872,114.0,40.0,173.0,96.0,10.0,31.0,34.0,6.0,5.0,0.44,7.5,0.0,0.0,0.0,61.643,0.0,0.0,34.763313609,0.9733049743000001,1.9317525806,132.0,12.0,0.0,0.0
9288,0.0,0.0,0.0,0.0,0.0,0.0,0.0,129.0,77.0,0.0,93.39466898299999,156.464,0.0,20,8.0,0.8565799405,109.0,39.0,0.0,119.0,8.0,31.0,38.0,0.0,0.0,0.82,7.6,0.0,0.0,3.0,76.083,0.0,0.0,38.14988469,0.9796644987,1.5303986616999998,0.0,12.0,0.0,0.0
