PtID,Pt_CGMUseNumDays,Pt_FatherT1D,Pt_MotherT1D,Pt_SiblingT1D,Pt_ChildT1D,Pt_GrandchildT1D,Pt_GrandparentT1D,BldPrSys,BldPrDia,SMBGperDayPtMeterCombo,WeightKg,HeightCm,DirectLDL,age,diabDur,TotalDailyInsPerKg,LDL,HDL,TotChol,Triglyc,BUN,AlbCreatRat_mggNew,UnitsInsBasalOrLongAct,BGTestAvgNumMeter,BGTestAvgNumPtRep,TSH,HbA1c,AutonomicNeuroCl,Pt_InsGov,NumPumpBolusOrShortAct,HbA1cImputeDtMnC,Pt_SHFlg,Pt_DKAFlg,bmi,bmiPerc,bmiZscore,GFR,diagAgeCombo,Pt_A1cGoalLev,Pt_A1cGoalLevelDsYr5
92,0.0,0.0,0.0,0.0,0.0,0.0,0.0,153.0,78.0,4.0,99.79032140000001,185.42,0.0,60,22.0,0.5110716078,79.0,44.0,145.0,112.0,0.0,2.0,0.0,4.0,5.0,0.0,7.2,0.0,0.0,5.0,0.0,0.0,0.0,29.025203138000002,0.0,0.023866624399999998,0.0,38.0,0.0,0.0
92,0.0,0.0,0.0,0.0,0.0,0.0,0.0,158.0,97.0,3.0,103.87265273,182.88,0.0,62,24.0,0.0,86.0,38.0,144.0,100.0,0.0,0.0,0.0,0.0,3.0,0.0,0.0,0.0,0.0,0.0,0.0,0.0,0.0,31.057664687,0.0,0.411300975,0.0,38.0,0.0,0.0
92,0.0,0.0,0.0,0.0,0.0,0.0,0.0,130.0,79.0,4.0,104.3262451,182.88,0.0,63,25.0,0.5176070503,61.0,56.0,130.0,65.0,0.0,0.0,29.0,4.0,0.0,0.0,7.9,0.0,0.0,26.0,32.929,0.0,0.0,31.193287676999997,0.0,0.4371538651,0.0,38.0,0.0,0.0
92,0.0,0.0,0.0,0.0,0.0,0.0,0.0,151.0,84.0,4.0,106.23133305,177.8,0.0,64,26.0,1.0354760393,54.0,49.0,121.0,90.0,0.0,0.0,28.0,4.0,4.0,0.0,0.0,0.0,0.0,27.0,0.0,0.0,0.0,33.603856235,0.0,0.8966641886,0.0,38.0,0.0,0.0
92,0.0,0.0,0.0,0.0,0.0,0.0,0.0,175.0,87.0,5.0,102.05828325,180.34,0.0,65,27.0,0.4017312333,118.0,48.0,184.0,88.0,0.0,0.0,28.0,5.0,0.0,0.0,6.7,0.0,0.0,13.0,56.0,0.0,0.0,31.380808454,0.0,0.4728996782,0.0,38.0,0.0,0.0
92,0.0,0.0,0.0,0.0,0.0,0.0,0.0,166.0,76.0,6.0,98.42954429,182.88,0.0,66,28.0,0.6095730752,59.0,49.0,123.0,75.0,0.0,0.0,3.0,6.0,5.0,0.0,0.0,0.0,0.0,20.0,0.0,0.0,0.0,29.430188808,0.0,0.1010662941,0.0,38.0,0.0,0.0
