PtID,Pt_CGMUseNumDays,Pt_FatherT1D,Pt_MotherT1D,Pt_SiblingT1D,Pt_ChildT1D,Pt_GrandchildT1D,Pt_GrandparentT1D,BldPrSys,BldPrDia,SMBGperDayPtMeterCombo,WeightKg,HeightCm,DirectLDL,age,diabDur,TotalDailyInsPerKg,LDL,HDL,TotChol,Triglyc,BUN,AlbCreatRat_mggNew,UnitsInsBasalOrLongAct,BGTestAvgNumMeter,BGTestAvgNumPtRep,TSH,HbA1c,AutonomicNeuroCl,Pt_InsGov,NumPumpBolusOrShortAct,HbA1cImputeDtMnC,Pt_SHFlg,Pt_DKAFlg,bmi,bmiPerc,bmiZscore,GFR,diagAgeCombo,Pt_A1cGoalLev,Pt_A1cGoalLevelDsYr5
9334,0.0,0.0,0.0,0.0,0.0,0.0,0.0,132.0,80.0,4.0,93.530746694,168.148,0.0,37,12.0,1.1760838429,85.0,51.0,0.0,63.0,0.0,8.0,0.0,0.0,4.0,0.0,7.0,0.0,0.0,0.0,-0.033,0.0,0.0,33.08041806,0.0,0.8089227656,0.0,25.0,0.0,0.0
9334,0.0,0.0,0.0,0.0,0.0,0.0,0.0,138.0,76.0,3.0,0.0,0.0,0.0,39,14.0,0.0,0.0,0.0,165.0,85.0,18.0,8.7,0.0,0.0,3.0,0.0,7.5,0.0,0.0,0.0,18.324,0.0,0.0,0.0,0.0,0.0,0.0,25.0,7.0,0.0
9334,0.0,0.0,0.0,0.0,0.0,0.0,0.0,130.0,74.0,3.0,97.70379649799999,167.64,0.0,40,15.0,1.0235016815,63.0,53.0,157.0,203.0,0.0,3.2,60.0,0.0,3.0,0.0,6.9,1.0,0.0,3.0,32.664,0.0,0.0,34.766112822,0.0,0.9153008001999999,0.0,25.0,0.0,0.0
9334,0.0,0.0,0.0,0.0,0.0,0.0,0.0,130.0,80.0,3.0,99.427447504,167.64,0.0,40,15.0,0.0,0.0,0.0,0.0,0.0,0.0,3.2,65.0,0.0,3.0,0.0,6.6,1.0,0.0,0.0,38.041,0.0,0.0,35.379442575,0.0,1.0034835309999999,0.0,25.0,0.0,0.0
9334,0.0,0.0,0.0,0.0,0.0,0.0,0.0,124.0,70.0,3.0,98.157388868,167.386,0.0,42,17.0,0.0,0.0,0.0,0.0,0.0,0.0,8.4,65.0,0.0,3.0,0.0,7.5,1.0,0.0,0.0,57.095,0.0,0.0,35.033597379,0.0,0.9537589356,0.0,25.0,0.0,0.0
9334,0.0,0.0,0.0,0.0,0.0,0.0,0.0,142.0,72.0,3.0,104.05408968,167.386,0.0,43,18.0,0.0,79.0,70.0,0.0,102.0,20.0,8.4,70.0,0.0,3.0,1.42,8.5,1.0,0.0,0.0,68.282,1.0,0.0,37.138203505999996,0.0,1.2563529559,92.1,25.0,0.0,0.0
9334,0.0,0.0,0.0,0.0,0.0,0.0,0.0,122.0,70.0,0.0,95.163679226,167.64,0.0,44,19.0,0.0,0.0,0.0,0.0,0.0,0.0,8.4,70.0,0.0,0.0,0.0,7.8,1.0,0.0,0.0,79.137,0.0,0.0,33.86225845,0.0,0.7853473022,0.0,25.0,0.0,0.0
