PtID,Pt_CGMUseNumDays,Pt_FatherT1D,Pt_MotherT1D,Pt_SiblingT1D,Pt_ChildT1D,Pt_GrandchildT1D,Pt_GrandparentT1D,BldPrSys,BldPrDia,SMBGperDayPtMeterCombo,WeightKg,HeightCm,DirectLDL,age,diabDur,TotalDailyInsPerKg,LDL,HDL,TotChol,Triglyc,BUN,AlbCreatRat_mggNew,UnitsInsBasalOrLongAct,BGTestAvgNumMeter,BGTestAvgNumPtRep,TSH,HbA1c,AutonomicNeuroCl,Pt_InsGov,NumPumpBolusOrShortAct,HbA1cImputeDtMnC,Pt_SHFlg,Pt_DKAFlg,bmi,bmiPerc,bmiZscore,GFR,diagAgeCombo,Pt_A1cGoalLev,Pt_A1cGoalLevelDsYr5
9349,0.0,0.0,0.0,0.0,0.0,0.0,0.0,0.0,0.0,7.0,73.02837157,172.72,0.0,33,17.0,0.4929590956,77.0,70.0,0.0,60.0,17.0,4.0,0.0,7.0,8.0,0.0,7.7,0.0,0.0,3.0,-0.299,0.0,0.0,24.479715035,0.0,-0.43781258700000003,0.0,16.0,0.0,0.0
9349,0.0,0.0,0.0,0.0,0.0,0.0,1.0,120.0,70.0,7.0,74.38914868,172.72,0.0,34,18.0,0.5108271929,0.0,0.0,0.0,0.0,0.0,0.0,0.0,7.0,9.0,0.0,7.4,0.0,0.0,5.0,18.124000000000002,0.0,0.0,24.935858793,0.0,-0.371691184,0.0,16.0,7.0,0.0
9349,0.0,0.0,0.0,0.0,0.0,0.0,0.0,0.0,0.0,2.0,77.56429527,172.72,0.0,35,19.0,0.5285937279999999,101.0,79.0,190.0,50.0,13.0,2.0,23.0,2.0,0.0,0.0,6.9,0.0,0.0,0.0,27.618000000000002,0.0,0.0,26.00019423,0.0,-0.217407911,112.0,16.0,0.0,0.0
9349,0.0,0.0,0.0,0.0,0.0,0.0,0.0,120.0,80.0,0.0,75.74992579,172.72,0.0,36,20.0,0.0,0.0,0.0,0.0,0.0,0.0,2.0,0.0,0.0,0.0,0.0,7.3,0.0,0.0,0.0,42.324,0.0,0.0,25.392002551999997,0.0,-0.30556978100000004,0.0,16.0,0.0,0.0
9349,0.0,0.0,0.0,0.0,0.0,0.0,0.0,120.0,80.0,0.0,80.73944186,172.0,0.0,38,22.0,0.0,0.0,0.0,0.0,0.0,0.0,2.0,0.0,0.0,0.0,0.0,7.7,0.0,0.0,0.0,62.739,0.0,0.0,27.291590677,0.0,-0.030210469,0.0,16.0,0.0,0.0
9349,0.0,0.0,0.0,0.0,0.0,0.0,0.0,120.0,80.0,9.0,76.0,172.0,0.0,39,23.0,0.0,0.0,0.0,0.0,0.0,0.0,2.0,0.0,0.0,9.0,0.0,7.3,0.0,0.0,0.0,79.934,0.0,0.0,25.689561925,0.0,-0.262436355,0.0,16.0,0.0,0.0
