PtID,Pt_CGMUseNumDays,Pt_FatherT1D,Pt_MotherT1D,Pt_SiblingT1D,Pt_ChildT1D,Pt_GrandchildT1D,Pt_GrandparentT1D,BldPrSys,BldPrDia,SMBGperDayPtMeterCombo,WeightKg,HeightCm,DirectLDL,age,diabDur,TotalDailyInsPerKg,LDL,HDL,TotChol,Triglyc,BUN,AlbCreatRat_mggNew,UnitsInsBasalOrLongAct,BGTestAvgNumMeter,BGTestAvgNumPtRep,TSH,HbA1c,AutonomicNeuroCl,Pt_InsGov,NumPumpBolusOrShortAct,HbA1cImputeDtMnC,Pt_SHFlg,Pt_DKAFlg,bmi,bmiPerc,bmiZscore,GFR,diagAgeCombo,Pt_A1cGoalLev,Pt_A1cGoalLevelDsYr5
9352,0.0,0.0,0.0,0.0,0.0,0.0,0.0,111.0,78.0,4.0,101.7,161.2,0.0,14,9.0,2.0648967552,0.0,0.0,0.0,0.0,0.0,4.0,0.0,0.0,4.0,0.0,9.1,0.0,1.0,3.0,0.0,0.0,0.0,39.137301504,0.9940689092,2.5162179094,0.0,5.0,0.0,0.0
9352,0.0,0.0,0.0,0.0,0.0,0.0,1.0,125.0,63.0,4.0,108.0,161.3,0.0,16,11.0,1.1666666667,109.0,48.0,0.0,227.0,11.0,0.0,0.0,0.0,4.0,0.0,7.6,0.0,0.0,0.0,16.963,0.0,0.0,41.510218624000004,0.9930886376000001,2.4618375809,0.0,5.0,7.0,0.0
9352,0.0,0.0,0.0,0.0,0.0,0.0,0.0,129.0,68.0,2.0,114.3,161.3,0.0,17,12.0,1.1548556429999999,115.0,50.0,0.0,112.0,0.0,6.0,60.0,2.0,3.0,2.83,9.1,0.0,0.0,0.0,35.12,0.0,0.0,43.931648044,0.9932209518999999,2.4687630472,0.0,5.0,0.0,0.0
9352,0.0,0.0,0.0,0.0,0.0,0.0,0.0,126.0,60.0,0.0,121.9,162.6,0.0,19,14.0,0.8777686628,0.0,0.0,0.0,0.0,0.0,6.0,65.0,0.0,0.0,4.06,7.4,0.0,0.0,0.0,52.714,0.0,0.0,46.106549626,0.9913793324,2.3815204109,0.0,5.0,0.0,0.0
