PtID,Pt_CGMUseNumDays,Pt_FatherT1D,Pt_MotherT1D,Pt_SiblingT1D,Pt_ChildT1D,Pt_GrandchildT1D,Pt_GrandparentT1D,BldPrSys,BldPrDia,SMBGperDayPtMeterCombo,WeightKg,HeightCm,DirectLDL,age,diabDur,TotalDailyInsPerKg,LDL,HDL,TotChol,Triglyc,BUN,AlbCreatRat_mggNew,UnitsInsBasalOrLongAct,BGTestAvgNumMeter,BGTestAvgNumPtRep,TSH,HbA1c,AutonomicNeuroCl,Pt_InsGov,NumPumpBolusOrShortAct,HbA1cImputeDtMnC,Pt_SHFlg,Pt_DKAFlg,bmi,bmiPerc,bmiZscore,GFR,diagAgeCombo,Pt_A1cGoalLev,Pt_A1cGoalLevelDsYr5
9361,0.0,0.0,0.0,0.0,0.0,0.0,0.0,140.0,70.0,7.0,0.0,0.0,0.0,42,34.0,0.0,63.0,33.0,0.0,83.0,15.0,1.9,0.0,7.0,8.0,0.0,6.6,0.0,0.0,4.0,-0.23199999999999998,0.0,0.0,0.0,0.0,0.0,0.0,8.0,0.0,0.0
9361,0.0,0.0,0.0,0.0,0.0,0.0,0.0,136.0,82.0,2.0,133.35615678,177.8,0.0,47,39.0,0.7798665056999999,93.0,38.0,156.0,123.0,18.0,3.9,33.0,2.0,0.0,1.82,6.4,0.0,0.0,7.0,55.701,0.0,0.0,42.184174778,0.0,1.9818477236,71.0,8.0,0.0,0.0
9361,0.0,0.0,0.0,0.0,0.0,0.0,0.0,128.0,88.0,2.0,134.26334152,177.8,0.0,48,40.0,0.7820451868000001,112.0,38.0,164.0,70.0,13.0,3.5,34.0,2.0,0.0,2.14,6.4,0.0,0.0,6.0,65.195,0.0,0.0,42.471141954000004,0.0,2.023107012,71.0,8.0,0.0,0.0
9361,30.0,0.0,0.0,0.0,0.0,0.0,0.0,140.0,85.0,3.0,133.80974915,177.8,0.0,49,41.0,0.916226215,98.0,38.0,166.0,154.0,17.0,2.1,34.2,3.0,2.0,2.48,5.8,0.0,1.0,7.0,77.378,0.0,0.0,42.327658366,0.0,2.0024773678,71.0,8.0,0.0,0.0
