PtID,Pt_CGMUseNumDays,Pt_FatherT1D,Pt_MotherT1D,Pt_SiblingT1D,Pt_ChildT1D,Pt_GrandchildT1D,Pt_GrandparentT1D,BldPrSys,BldPrDia,SMBGperDayPtMeterCombo,WeightKg,HeightCm,DirectLDL,age,diabDur,TotalDailyInsPerKg,LDL,HDL,TotChol,Triglyc,BUN,AlbCreatRat_mggNew,UnitsInsBasalOrLongAct,BGTestAvgNumMeter,BGTestAvgNumPtRep,TSH,HbA1c,AutonomicNeuroCl,Pt_InsGov,NumPumpBolusOrShortAct,HbA1cImputeDtMnC,Pt_SHFlg,Pt_DKAFlg,bmi,bmiPerc,bmiZscore,GFR,diagAgeCombo,Pt_A1cGoalLev,Pt_A1cGoalLevelDsYr5
9370,0.0,0.0,1.0,0.0,1.0,0.0,1.0,144.0,86.0,4.0,99.563525215,187.3,0.0,56,39.0,0.6528495236,94.0,54.0,171.0,113.0,18.0,8.1,0.0,0.0,4.0,0.0,7.9,1.0,0.0,4.0,0.365,0.0,0.0,28.380805043000002,0.0,-0.042247509,0.0,16.0,0.0,0.0
9370,0.0,0.0,1.0,0.0,1.0,0.0,1.0,140.0,70.0,3.0,98.701699712,186.4,0.0,58,41.0,0.5572345781,0.0,0.0,0.0,0.0,0.0,0.0,0.0,0.0,3.0,0.0,8.2,1.0,0.0,0.0,19.718,0.0,0.0,28.407486930999998,0.0,-0.038715989,0.0,16.0,7.0,0.0
9370,0.0,0.0,0.0,0.0,0.0,0.0,0.0,0.0,0.0,0.0,0.0,0.0,0.0,59,42.0,0.0,0.0,0.0,0.0,0.0,0.0,0.0,0.0,0.0,0.0,0.0,7.6,1.0,0.0,0.0,35.751,0.0,0.0,0.0,0.0,0.0,0.0,16.0,0.0,0.0
9370,0.0,0.0,0.0,0.0,0.0,0.0,0.0,128.0,88.0,0.0,0.0,0.0,0.0,60,43.0,0.0,0.0,0.0,0.0,0.0,0.0,0.0,0.0,0.0,0.0,0.0,7.1,1.0,0.0,0.0,48.1,0.0,0.0,0.0,0.0,0.0,0.0,16.0,0.0,0.0
9370,0.0,0.0,0.0,0.0,0.0,0.0,0.0,115.0,57.0,1.0,97.06876718,180.34,0.0,61,44.0,0.6181184921,0.0,0.0,0.0,0.0,0.0,0.0,0.0,0.0,1.0,0.0,0.0,1.0,0.0,0.0,0.0,0.0,0.0,29.846635597,0.0,0.1804507189,0.0,16.0,0.0,0.0
9370,30.0,0.0,0.0,0.0,0.0,0.0,0.0,147.0,84.0,2.0,87.08973504,180.34,0.0,62,45.0,0.5281908365,0.0,0.0,0.0,0.0,0.0,0.0,0.0,0.0,2.0,0.0,0.0,1.0,0.0,0.0,0.0,0.0,0.0,26.778289881,0.0,-0.4044472,0.0,16.0,0.0,0.0
9370,0.0,0.0,0.0,0.0,0.0,0.0,0.0,142.0,68.0,1.0,91.62565874,182.88,0.0,63,46.0,0.0,54.0,60.0,0.0,51.0,25.0,0.0,0.0,0.0,1.0,1.73,7.0,1.0,0.0,0.0,84.846,0.0,0.0,27.39584396,0.0,-0.286727057,0.0,16.0,0.0,0.0
