PtID,Pt_CGMUseNumDays,Pt_FatherT1D,Pt_MotherT1D,Pt_SiblingT1D,Pt_ChildT1D,Pt_GrandchildT1D,Pt_GrandparentT1D,BldPrSys,BldPrDia,SMBGperDayPtMeterCombo,WeightKg,HeightCm,DirectLDL,age,diabDur,TotalDailyInsPerKg,LDL,HDL,TotChol,Triglyc,BUN,AlbCreatRat_mggNew,UnitsInsBasalOrLongAct,BGTestAvgNumMeter,BGTestAvgNumPtRep,TSH,HbA1c,AutonomicNeuroCl,Pt_InsGov,NumPumpBolusOrShortAct,HbA1cImputeDtMnC,Pt_SHFlg,Pt_DKAFlg,bmi,bmiPerc,bmiZscore,GFR,diagAgeCombo,Pt_A1cGoalLev,Pt_A1cGoalLevelDsYr5
9413,0.0,0.0,0.0,0.0,0.0,0.0,0.0,130.0,72.0,3.0,0.0,0.0,0.0,69,12.0,0.0,79.0,36.0,136.0,105.0,21.0,73.0,0.0,3.0,3.0,0.0,0.0,0.0,1.0,0.0,0.0,0.0,0.0,0.0,0.0,0.0,0.0,57.0,0.0,0.0
9413,0.0,1.0,1.0,1.0,0.0,0.0,1.0,130.0,60.0,3.0,0.0,0.0,0.0,70,13.0,0.0,64.0,30.0,150.0,281.0,21.0,37.4,0.0,3.0,5.0,0.0,9.8,0.0,1.0,0.0,17.627,0.0,0.0,0.0,0.0,0.0,0.0,57.0,6.0,0.0
9413,0.0,0.0,0.0,0.0,0.0,0.0,0.0,118.0,62.0,3.0,0.0,0.0,0.0,72,15.0,0.0,75.0,28.0,126.0,113.0,20.0,50.0,10.0,3.0,0.0,0.0,8.8,0.0,0.0,0.0,34.158,0.0,0.0,0.0,0.0,0.0,0.0,57.0,0.0,0.0
9413,0.0,0.0,0.0,0.0,0.0,0.0,0.0,132.0,82.0,4.0,87.08973504,173.99,0.0,73,16.0,0.0,75.0,36.0,130.0,97.0,22.0,27.8,10.0,0.0,4.0,0.0,8.8,0.0,0.0,3.0,45.278,0.0,0.0,28.768577823,0.0,0.2628745629,0.0,57.0,0.0,0.0
9413,0.0,0.0,0.0,0.0,0.0,0.0,0.0,117.0,62.0,0.0,82.10021897,172.72,0.0,73,16.0,0.4872094192,54.0,35.0,116.0,134.0,34.0,27.8,10.0,0.0,0.0,0.0,9.6,0.0,0.0,3.0,55.768,0.0,0.0,27.520673424,0.0,-0.044115079,51.0,57.0,0.0,0.0
9413,0.0,0.0,0.0,0.0,0.0,0.0,0.0,118.0,70.0,4.0,0.0,0.0,0.0,74,17.0,0.0,0.0,0.0,0.0,0.0,28.0,45.0,0.0,0.0,4.0,0.0,10.4,0.0,1.0,0.0,64.664,0.0,1.0,0.0,0.0,0.0,0.0,57.0,0.0,0.0
9413,0.0,0.0,0.0,0.0,0.0,0.0,0.0,92.0,60.0,2.0,0.0,0.0,0.0,75,18.0,0.0,58.0,37.0,129.0,169.0,29.0,152.0,0.0,2.0,0.0,0.0,11.4,0.0,0.0,0.0,79.867,0.0,0.0,0.0,0.0,0.0,56.0,57.0,0.0,0.0
