PtID,Pt_CGMUseNumDays,Pt_FatherT1D,Pt_MotherT1D,Pt_SiblingT1D,Pt_ChildT1D,Pt_GrandchildT1D,Pt_GrandparentT1D,BldPrSys,BldPrDia,SMBGperDayPtMeterCombo,WeightKg,HeightCm,DirectLDL,age,diabDur,TotalDailyInsPerKg,LDL,HDL,TotChol,Triglyc,BUN,AlbCreatRat_mggNew,UnitsInsBasalOrLongAct,BGTestAvgNumMeter,BGTestAvgNumPtRep,TSH,HbA1c,AutonomicNeuroCl,Pt_InsGov,NumPumpBolusOrShortAct,HbA1cImputeDtMnC,Pt_SHFlg,Pt_DKAFlg,bmi,bmiPerc,bmiZscore,GFR,diagAgeCombo,Pt_A1cGoalLev,Pt_A1cGoalLevelDsYr5
9441,0.0,0.0,0.0,0.0,0.0,0.0,0.0,123.0,76.0,2.0,63.003980193000004,166.11599999999999,0.0,38,26.0,0.8094726689,71.0,50.0,130.0,47.0,14.0,9.1,0.0,2.0,8.0,0.0,7.3,0.0,1.0,0.0,0.0,0.0,0.0,22.832057864,0.0,-0.5812861779999999,0.0,11.0,0.0,0.0
9441,0.0,0.0,0.0,0.0,0.0,0.0,0.0,122.0,77.0,8.0,66.8,166.0,0.0,39,28.0,0.8832335329000001,0.0,0.0,0.0,0.0,0.0,0.0,0.0,0.0,8.0,0.0,6.7,0.0,0.0,0.0,15.568,0.0,0.0,24.241544491,0.0,-0.419619949,0.0,11.0,7.0,0.0
9441,0.0,0.0,0.0,0.0,0.0,0.0,0.0,118.0,73.0,6.0,58.5,166.0,0.0,41,30.0,0.8034188034,0.0,0.0,0.0,0.0,13.0,0.0,23.0,6.0,0.0,5.0,7.0,0.0,0.0,3.0,39.501999999999995,0.0,0.0,21.229496298,0.0,-0.658500784,94.0,11.0,0.0,0.0
9441,0.0,0.0,0.0,0.0,0.0,0.0,0.0,120.0,77.0,10.0,75.0,166.0,0.0,42,31.0,0.0,65.0,42.0,118.0,57.0,0.0,0.0,18.0,10.0,0.0,3.51,6.3,0.0,0.0,0.0,51.817,0.0,0.0,27.217302946999997,0.0,-0.123533904,0.0,11.0,0.0,0.0
9441,0.0,0.0,0.0,0.0,0.0,0.0,0.0,105.0,68.0,8.0,55.5,166.0,0.0,45,33.0,0.9009009009000001,68.0,53.0,128.0,36.0,13.0,0.0,17.0,8.0,9.0,9.39,8.2,0.0,1.0,0.0,78.008,0.0,0.0,20.140804181,0.0,-0.755767489,107.0,11.0,0.0,0.0
