PtID,Pt_CGMUseNumDays,Pt_FatherT1D,Pt_MotherT1D,Pt_SiblingT1D,Pt_ChildT1D,Pt_GrandchildT1D,Pt_GrandparentT1D,BldPrSys,BldPrDia,SMBGperDayPtMeterCombo,WeightKg,HeightCm,DirectLDL,age,diabDur,TotalDailyInsPerKg,LDL,HDL,TotChol,Triglyc,BUN,AlbCreatRat_mggNew,UnitsInsBasalOrLongAct,BGTestAvgNumMeter,BGTestAvgNumPtRep,TSH,HbA1c,AutonomicNeuroCl,Pt_InsGov,NumPumpBolusOrShortAct,HbA1cImputeDtMnC,Pt_SHFlg,Pt_DKAFlg,bmi,bmiPerc,bmiZscore,GFR,diagAgeCombo,Pt_A1cGoalLev,Pt_A1cGoalLevelDsYr5
9452,0.0,0.0,0.0,0.0,0.0,0.0,0.0,103.0,65.0,4.0,29.8,137.5,0.0,10,0.0,0.3691275168,0.0,0.0,0.0,0.0,24.0,0.0,0.0,4.0,4.0,0.0,5.9,0.0,0.0,4.0,0.0,0.0,0.0,15.761983470999999,0.30171788260000004,-0.519466074,0.0,10.0,0.0,0.0
9452,0.0,0.0,0.0,0.0,0.0,0.0,0.0,106.0,71.0,6.0,38.8,148.5,0.0,12,1.0,0.5154639175,73.0,56.0,0.0,46.0,0.0,0.0,0.0,6.0,6.0,0.0,7.9,0.0,1.0,0.0,15.602,0.0,0.0,17.594576517,0.42596493960000004,-0.18665660899999997,0.0,10.0,8.0,0.0
9452,0.0,0.0,0.0,0.0,0.0,0.0,0.0,112.0,72.0,6.0,44.7,156.1,0.0,12,2.0,0.8501118568000001,0.0,0.0,0.0,0.0,0.0,0.0,19.0,6.0,0.0,0.92,7.5,0.0,0.0,5.0,26.025,0.0,0.0,18.344324196,0.5391797229999999,0.09836740769999999,0.0,10.0,0.0,0.0
9452,0.0,0.0,0.0,0.0,0.0,0.0,0.0,103.0,58.0,4.0,48.0,159.8,0.0,14,3.0,0.8541666667,0.0,0.0,0.0,0.0,0.0,0.0,18.0,4.0,0.0,0.0,7.6,0.0,0.0,5.0,40.0,0.0,0.0,18.796963037,0.424982305,-0.189163582,0.0,10.0,0.0,0.0
9452,0.0,0.0,0.0,0.0,0.0,0.0,0.0,99.0,65.0,4.0,51.1,160.5,0.0,15,4.0,0.6457925636,0.0,0.0,0.0,0.0,0.0,0.0,20.0,4.0,0.0,1.09,7.7,0.0,0.0,4.0,51.817,0.0,0.0,19.836764007,0.4905444525,-0.023703762000000003,0.0,10.0,0.0,0.0
9452,0.0,0.0,0.0,0.0,0.0,0.0,0.0,91.0,64.0,4.0,52.3,164.0,0.0,16,5.0,0.7456978967,0.0,0.0,0.0,0.0,0.0,0.0,19.0,4.0,0.0,0.0,7.6,0.0,0.0,5.0,63.801,0.0,0.0,19.445270672,0.3631238558,-0.35012124,0.0,10.0,0.0,0.0
