PtID,Pt_CGMUseNumDays,Pt_FatherT1D,Pt_MotherT1D,Pt_SiblingT1D,Pt_ChildT1D,Pt_GrandchildT1D,Pt_GrandparentT1D,BldPrSys,BldPrDia,SMBGperDayPtMeterCombo,WeightKg,HeightCm,DirectLDL,age,diabDur,TotalDailyInsPerKg,LDL,HDL,TotChol,Triglyc,BUN,AlbCreatRat_mggNew,UnitsInsBasalOrLongAct,BGTestAvgNumMeter,BGTestAvgNumPtRep,TSH,HbA1c,AutonomicNeuroCl,Pt_InsGov,NumPumpBolusOrShortAct,HbA1cImputeDtMnC,Pt_SHFlg,Pt_DKAFlg,bmi,bmiPerc,bmiZscore,GFR,diagAgeCombo,Pt_A1cGoalLev,Pt_A1cGoalLevelDsYr5
946,0.0,0.0,0.0,0.0,0.0,0.0,0.0,115.0,74.0,6.0,34.1,147.0,0.0,11,9.0,0.9090909091,0.0,0.0,0.0,0.0,28.0,12.8,0.0,0.0,6.0,0.0,9.5,0.0,0.0,4.0,0.0,0.0,0.0,15.780461845,0.22673181190000002,-0.749653162,0.0,2.0,0.0,0.0
946,0.0,0.0,0.0,0.0,0.0,0.0,0.0,121.0,80.0,6.0,36.1,154.2,0.0,13,10.0,0.0,20.0,44.0,122.0,290.0,18.0,8.5,0.0,0.0,6.0,0.0,10.1,0.0,1.0,0.0,18.555999999999997,0.0,0.0,15.182330963,0.033082697,-1.837301531,0.0,2.0,8.0,0.0
946,0.0,0.0,0.0,0.0,0.0,0.0,0.0,110.0,71.0,0.0,43.1,160.9,0.0,14,11.0,0.8584686775,0.0,0.0,0.0,0.0,27.0,4.1,17.0,0.0,0.0,2.13,8.3,0.0,0.0,0.0,28.747,0.0,0.0,16.648119400000002,0.1142950519,-1.2039986409999999,0.0,2.0,0.0,0.0
946,0.0,0.0,0.0,0.0,0.0,0.0,0.0,116.0,69.0,4.0,50.2,169.9,0.0,15,12.0,1.015936255,0.0,0.0,0.0,0.0,19.0,2.1,19.0,4.0,4.0,1.41,11.8,0.0,0.0,7.0,39.668,0.0,0.0,17.390695839,0.1312720329,-1.120398308,0.0,2.0,0.0,0.0
946,0.0,0.0,0.0,0.0,0.0,0.0,0.0,133.0,69.0,1.0,59.6,176.7,0.0,15,13.0,0.8389261745000001,47.0,30.0,112.0,177.0,15.0,2.1,22.0,1.0,1.0,1.48,9.1,0.0,0.0,3.0,49.195,0.0,0.0,19.088559707,0.3847087629,-0.293136883,0.0,2.0,0.0,0.0
946,0.0,0.0,0.0,0.0,0.0,0.0,0.0,108.0,76.0,2.0,67.0,181.5,0.0,17,15.0,1.0298507463,0.0,0.0,0.0,0.0,0.0,49.4,28.0,2.0,2.0,1.32,9.4,0.0,0.0,6.0,70.108,0.0,0.0,20.338622893,0.3706420442,-0.330153357,0.0,2.0,0.0,0.0
946,0.0,0.0,0.0,0.0,0.0,0.0,0.0,135.0,88.0,3.0,0.0,0.0,0.0,18,15.0,0.0,0.0,0.0,0.0,0.0,0.0,8.8,31.5,3.0,4.0,0.0,8.8,0.0,0.0,6.0,76.149,0.0,0.0,0.0,0.0,0.0,0.0,2.0,0.0,0.0
