PtID,Pt_CGMUseNumDays,Pt_FatherT1D,Pt_MotherT1D,Pt_SiblingT1D,Pt_ChildT1D,Pt_GrandchildT1D,Pt_GrandparentT1D,BldPrSys,BldPrDia,SMBGperDayPtMeterCombo,WeightKg,HeightCm,DirectLDL,age,diabDur,TotalDailyInsPerKg,LDL,HDL,TotChol,Triglyc,BUN,AlbCreatRat_mggNew,UnitsInsBasalOrLongAct,BGTestAvgNumMeter,BGTestAvgNumPtRep,TSH,HbA1c,AutonomicNeuroCl,Pt_InsGov,NumPumpBolusOrShortAct,HbA1cImputeDtMnC,Pt_SHFlg,Pt_DKAFlg,bmi,bmiPerc,bmiZscore,GFR,diagAgeCombo,Pt_A1cGoalLev,Pt_A1cGoalLevelDsYr5
9476,0.0,0.0,0.0,0.0,0.0,0.0,0.0,120.0,72.0,4.0,69.717147269,174.752,0.0,16,4.0,1.2478995973,0.0,35.0,161.0,0.0,0.0,0.0,0.0,4.0,4.0,0.0,8.2,0.0,0.0,5.0,0.0,1.0,0.0,22.829442095,0.7615615315,0.7113345651999999,0.0,11.0,0.0,0.0
9476,0.0,0.0,0.0,0.0,0.0,0.0,0.0,121.0,76.0,4.0,76.0,179.0,0.0,17,5.0,1.25,0.0,0.0,0.0,0.0,0.0,24.0,10.0,4.0,0.0,0.0,8.4,0.0,0.0,4.0,16.033,0.0,0.0,23.719609250999998,0.7744290639,0.7535127170999999,0.0,11.0,0.0,0.0
9476,0.0,0.0,0.0,0.0,0.0,0.0,0.0,123.0,78.0,4.0,77.0,180.0,0.0,18,6.0,0.7012987012999999,0.0,0.0,0.0,0.0,0.0,24.0,5.0,4.0,0.0,0.0,8.3,0.0,0.0,4.0,25.061999999999998,0.0,0.0,23.765432099,0.7196587433,0.5818280422,0.0,11.0,0.0,0.0
9476,0.0,0.0,0.0,0.0,0.0,0.0,0.0,126.0,84.0,0.0,78.0,181.0,0.0,19,7.0,1.2179487179000001,0.0,40.0,183.0,0.0,0.0,24.0,15.0,0.0,0.0,1.8,9.8,0.0,0.0,4.0,36.78,0.0,0.0,23.808797045,0.6599383560000001,0.41229489770000005,0.0,11.0,0.0,0.0
9476,0.0,0.0,0.0,0.0,0.0,0.0,0.0,108.0,66.0,1.0,75.6,181.2,0.0,19,8.0,0.6613756614,90.0,32.0,151.0,144.0,0.0,5.7,35.0,1.0,0.0,0.48,8.0,0.0,0.0,0.0,46.538999999999994,0.0,0.0,23.025305908000004,0.5706428122,0.1780109507,0.0,11.0,0.0,0.0
9476,0.0,0.0,0.0,0.0,0.0,0.0,0.0,119.0,77.0,0.0,69.7,181.8,0.0,20,9.0,0.35868005740000003,0.0,0.0,0.0,0.0,0.0,5.7,0.0,0.0,0.0,0.0,7.8,0.0,0.0,0.0,58.123999999999995,0.0,0.0,21.088467483,0.2420795879,-1.0871232309999999,0.0,11.0,0.0,0.0
9476,30.0,0.0,0.0,0.0,0.0,0.0,0.0,114.0,76.0,2.0,71.6,181.8,0.0,21,9.0,0.0,0.0,0.0,0.0,0.0,0.0,144.0,25.0,0.0,2.0,0.0,7.8,0.0,0.0,0.0,68.813,0.0,0.0,21.66333245,0.0,-0.973733886,0.0,11.0,0.0,0.0
9476,0.0,0.0,0.0,0.0,0.0,0.0,0.0,121.0,69.0,0.0,72.0,181.8,1.0,22,10.0,0.0,142.0,0.0,0.0,0.0,0.0,144.0,25.0,0.0,0.0,1.06,8.7,0.0,0.0,0.0,71.9,0.0,0.0,21.784356653000003,0.0,-0.949862445,0.0,11.0,0.0,0.0
9476,0.0,0.0,0.0,0.0,0.0,0.0,0.0,119.0,72.0,0.0,73.7,182.0,0.0,23,11.0,0.0,0.0,0.0,0.0,0.0,0.0,144.0,0.0,0.0,0.0,0.0,9.1,0.0,0.0,0.0,83.917,0.0,0.0,22.249728294,0.0,-0.858070131,0.0,11.0,0.0,0.0
