PtID,Pt_CGMUseNumDays,Pt_FatherT1D,Pt_MotherT1D,Pt_SiblingT1D,Pt_ChildT1D,Pt_GrandchildT1D,Pt_GrandparentT1D,BldPrSys,BldPrDia,SMBGperDayPtMeterCombo,WeightKg,HeightCm,DirectLDL,age,diabDur,TotalDailyInsPerKg,LDL,HDL,TotChol,Triglyc,BUN,AlbCreatRat_mggNew,UnitsInsBasalOrLongAct,BGTestAvgNumMeter,BGTestAvgNumPtRep,TSH,HbA1c,AutonomicNeuroCl,Pt_InsGov,NumPumpBolusOrShortAct,HbA1cImputeDtMnC,Pt_SHFlg,Pt_DKAFlg,bmi,bmiPerc,bmiZscore,GFR,diagAgeCombo,Pt_A1cGoalLev,Pt_A1cGoalLevelDsYr5
9481,25.0,0.0,0.0,1.0,0.0,0.0,0.0,160.0,70.0,5.0,0.0,0.0,0.0,24,23.0,0.0,99.0,52.0,169.0,90.0,9.0,5.1,0.0,5.0,3.0,0.0,7.0,0.0,0.0,7.0,0.299,0.0,0.0,0.0,0.0,0.0,0.0,1.0,0.0,0.0
9481,0.0,0.0,0.0,1.0,0.0,0.0,0.0,124.0,70.0,1.0,72.347983015,165.1,0.0,26,25.0,0.5943496723,83.0,69.0,173.0,104.0,0.0,4.8,0.0,1.0,0.0,0.0,9.7,0.0,0.0,0.0,24.896,0.0,1.0,26.541916675,0.0,-0.034799506,0.0,1.0,8.0,0.0
9481,0.0,0.0,0.0,0.0,0.0,0.0,0.0,102.0,66.0,0.0,76.20351816,165.1,0.0,27,26.0,0.6561376851,74.0,62.0,147.0,55.0,0.0,0.0,35.0,0.0,0.0,0.0,9.7,0.0,0.0,3.0,35.385999999999996,0.0,0.0,27.956376184,0.0,0.1559237484,0.0,1.0,0.0,0.0
9481,0.0,0.0,0.0,0.0,0.0,0.0,0.0,102.0,60.0,3.0,74.84274105,165.1,0.0,28,27.0,0.6680674611999999,71.0,60.0,140.0,45.0,13.0,0.0,34.0,0.0,3.0,0.0,11.3,0.0,0.0,3.0,47.004,0.0,0.0,27.457155180999997,0.0,0.0886096588,147.0,1.0,0.0,0.0
9481,0.0,0.0,0.0,0.0,0.0,0.0,0.0,112.0,72.0,2.0,74.615944865,165.1,0.0,28,27.0,0.48247060420000004,67.0,58.0,140.0,73.0,11.0,0.0,20.0,2.0,3.0,0.0,10.3,0.0,0.0,3.0,56.066,0.0,0.0,27.373951680999998,0.0,0.0773906439,118.0,1.0,0.0,0.0
