PtID,Pt_CGMUseNumDays,Pt_FatherT1D,Pt_MotherT1D,Pt_SiblingT1D,Pt_ChildT1D,Pt_GrandchildT1D,Pt_GrandparentT1D,BldPrSys,BldPrDia,SMBGperDayPtMeterCombo,WeightKg,HeightCm,DirectLDL,age,diabDur,TotalDailyInsPerKg,LDL,HDL,TotChol,Triglyc,BUN,AlbCreatRat_mggNew,UnitsInsBasalOrLongAct,BGTestAvgNumMeter,BGTestAvgNumPtRep,TSH,HbA1c,AutonomicNeuroCl,Pt_InsGov,NumPumpBolusOrShortAct,HbA1cImputeDtMnC,Pt_SHFlg,Pt_DKAFlg,bmi,bmiPerc,bmiZscore,GFR,diagAgeCombo,Pt_A1cGoalLev,Pt_A1cGoalLevelDsYr5
9515,0.0,0.0,0.0,1.0,0.0,0.0,0.0,142.0,88.0,5.0,99.8,182.9,0.0,50,11.0,0.6813627255,75.0,81.0,167.0,57.0,20.0,1.0,0.0,0.0,5.0,0.0,8.2,0.0,1.0,0.0,0.0,0.0,0.0,29.833426051999997,0.0,0.1500162394,0.0,39.0,0.0,0.0
9515,0.0,0.0,0.0,1.0,0.0,0.0,0.0,156.0,89.0,5.0,101.6,182.9,0.0,51,12.0,0.7381889764,85.0,72.0,171.0,71.0,23.0,0.0,0.0,0.0,5.0,0.0,7.9,0.0,1.0,0.0,10.921,0.0,0.0,30.371503877,0.0,0.22123430579999998,0.0,39.0,6.0,0.0
9515,0.0,0.0,0.0,0.0,0.0,0.0,0.0,129.0,79.0,0.0,104.1,182.9,0.0,52,13.0,0.0,77.0,80.0,173.0,79.0,23.0,5.0,36.0,0.0,0.0,0.0,8.1,0.0,0.0,0.0,23.734,0.0,0.0,31.118834189,0.0,0.3201482868,0.0,39.0,0.0,0.0
9515,0.0,0.0,0.0,0.0,0.0,0.0,0.0,139.0,88.0,0.0,105.9,182.9,0.0,53,14.0,0.0,0.0,0.0,0.0,0.0,0.0,5.0,48.0,0.0,0.0,0.0,8.0,0.0,0.0,3.0,35.817,0.0,0.0,31.656912013000003,0.0,0.3913663531,0.0,39.0,0.0,0.0
9515,0.0,0.0,0.0,0.0,0.0,0.0,0.0,120.0,81.0,5.0,107.1,182.9,0.0,54,15.0,0.39215686270000005,0.0,0.0,0.0,0.0,0.0,5.0,0.0,0.0,5.0,0.0,7.6,0.0,0.0,0.0,48.133,0.0,0.0,32.015630563,0.0,0.438845064,0.0,39.0,0.0,0.0
9515,0.0,0.0,0.0,0.0,0.0,0.0,0.0,152.0,80.0,0.0,98.5,183.0,0.0,55,16.0,0.0,100.0,69.0,0.0,74.0,0.0,5.0,20.0,0.0,0.0,0.0,0.0,0.0,0.0,3.0,0.0,0.0,0.0,29.412642957,0.0,0.0943228862,0.0,39.0,0.0,0.0
