PtID,Pt_CGMUseNumDays,Pt_FatherT1D,Pt_MotherT1D,Pt_SiblingT1D,Pt_ChildT1D,Pt_GrandchildT1D,Pt_GrandparentT1D,BldPrSys,BldPrDia,SMBGperDayPtMeterCombo,WeightKg,HeightCm,DirectLDL,age,diabDur,TotalDailyInsPerKg,LDL,HDL,TotChol,Triglyc,BUN,AlbCreatRat_mggNew,UnitsInsBasalOrLongAct,BGTestAvgNumMeter,BGTestAvgNumPtRep,TSH,HbA1c,AutonomicNeuroCl,Pt_InsGov,NumPumpBolusOrShortAct,HbA1cImputeDtMnC,Pt_SHFlg,Pt_DKAFlg,bmi,bmiPerc,bmiZscore,GFR,diagAgeCombo,Pt_A1cGoalLev,Pt_A1cGoalLevelDsYr5
9520,0.0,0.0,0.0,1.0,0.0,0.0,0.0,113.0,79.0,2.0,55.9,161.0,0.0,15,6.0,0.0894454383,78.0,73.0,173.0,108.0,12.0,4.2,0.0,2.0,2.0,0.0,11.5,0.0,1.0,0.0,0.0,0.0,0.0,21.565526021,0.6880845206999999,0.49042815359999997,0.0,9.0,0.0,0.0
9520,0.0,0.0,0.0,1.0,0.0,0.0,0.0,111.0,75.0,3.0,59.9,160.5,0.0,17,8.0,0.0,70.0,51.0,168.0,236.0,0.0,9.0,0.0,3.0,3.0,0.0,9.9,0.0,0.0,0.0,15.502,0.0,0.0,23.252879921999998,0.7408772211,0.6460521881,0.0,9.0,0.0,0.0
9520,0.0,0.0,0.0,0.0,0.0,0.0,0.0,108.0,77.0,0.0,57.6,160.5,0.0,17,8.0,0.0,0.0,51.0,157.0,0.0,0.0,0.0,34.0,0.0,0.0,0.01,9.7,0.0,0.0,0.0,26.256999999999998,0.0,0.0,22.360031444,0.6655704409000001,0.42771432649999996,0.0,9.0,0.0,0.0
9520,0.0,0.0,0.0,0.0,0.0,0.0,0.0,101.0,66.0,2.0,54.0,162.0,0.0,19,9.0,1.7592592593,0.0,47.0,170.0,0.0,0.0,26.0,50.0,2.0,0.0,1.25,13.4,0.0,0.0,0.0,38.672,0.0,0.0,20.576131687,0.3723241993,-0.325703893,0.0,9.0,0.0,0.0
9520,0.0,0.0,0.0,0.0,0.0,0.0,0.0,112.0,77.0,2.0,55.6,162.0,0.0,19,10.0,0.7194244604000001,118.0,74.0,0.0,314.0,0.0,17.1,0.0,2.0,0.0,1.34,12.3,0.0,0.0,0.0,49.028999999999996,0.0,0.0,21.185794848,0.45454446159999995,-0.11418779999999999,0.0,9.0,0.0,0.0
9520,0.0,0.0,0.0,0.0,0.0,0.0,0.0,0.0,0.0,2.0,54.4,161.6,0.0,20,11.0,0.0,0.0,0.0,0.0,0.0,0.0,10.0,33.0,2.0,3.0,0.0,10.3,0.0,1.0,0.0,61.111999999999995,0.0,0.0,20.83129105,0.3879268181,-0.804810308,0.0,9.0,0.0,0.0
9520,0.0,0.0,0.0,0.0,0.0,0.0,0.0,101.0,69.0,2.0,58.7,162.0,0.0,21,12.0,0.0,155.0,72.0,270.0,216.0,0.0,10.0,0.0,2.0,0.0,1.73,10.6,0.0,0.0,0.0,73.39399999999999,0.0,0.0,22.367017223,0.0,-0.597735668,0.0,9.0,0.0,0.0
