PtID,Pt_CGMUseNumDays,Pt_FatherT1D,Pt_MotherT1D,Pt_SiblingT1D,Pt_ChildT1D,Pt_GrandchildT1D,Pt_GrandparentT1D,BldPrSys,BldPrDia,SMBGperDayPtMeterCombo,WeightKg,HeightCm,DirectLDL,age,diabDur,TotalDailyInsPerKg,LDL,HDL,TotChol,Triglyc,BUN,AlbCreatRat_mggNew,UnitsInsBasalOrLongAct,BGTestAvgNumMeter,BGTestAvgNumPtRep,TSH,HbA1c,AutonomicNeuroCl,Pt_InsGov,NumPumpBolusOrShortAct,HbA1cImputeDtMnC,Pt_SHFlg,Pt_DKAFlg,bmi,bmiPerc,bmiZscore,GFR,diagAgeCombo,Pt_A1cGoalLev,Pt_A1cGoalLevelDsYr5
9521,0.0,0.0,0.0,0.0,0.0,0.0,0.0,125.0,82.0,4.0,0.0,0.0,0.0,47,21.0,0.0,117.0,103.0,229.0,47.0,12.0,6.9,0.0,0.0,4.0,0.0,0.0,0.0,0.0,0.0,0.0,0.0,0.0,0.0,0.0,0.0,0.0,26.0,0.0,0.0
9521,0.0,0.0,0.0,0.0,0.0,0.0,0.0,138.0,79.0,8.0,58.51341573,157.48,0.0,49,22.0,0.8032345987,154.0,85.0,255.0,80.0,22.0,18.4,0.0,0.0,8.0,0.0,8.9,0.0,0.0,0.0,17.261,0.0,0.0,23.594166434,0.0,-0.447234743,0.0,26.0,7.0,0.0
9521,0.0,0.0,0.0,0.0,0.0,0.0,0.0,131.0,78.0,3.0,63.95652417,160.02,0.0,50,23.0,0.0,137.0,96.0,256.0,117.0,27.0,5.8,13.0,0.0,3.0,1.14,0.0,0.0,0.0,0.0,0.0,0.0,0.0,24.97677267,0.0,-0.434300898,0.0,26.0,0.0,0.0
9521,0.0,0.0,0.0,0.0,0.0,0.0,0.0,131.0,83.0,0.0,65.77089365,160.02,0.0,51,24.0,0.0,123.0,70.0,202.0,46.0,19.0,5.8,13.0,0.0,0.0,0.0,8.8,0.0,0.0,0.0,46.273999999999994,0.0,0.0,25.685333597,0.0,-0.361435144,85.0,26.0,0.0,0.0
9521,0.0,0.0,0.0,0.0,0.0,0.0,0.0,144.0,89.0,0.0,57.15263862,160.02,0.0,52,25.0,0.0,149.0,63.0,226.0,72.0,20.0,5.8,14.0,0.0,0.0,0.524,9.8,0.0,0.0,0.0,57.826,0.0,0.0,22.319669195,0.0,-0.707547479,84.0,26.0,0.0,0.0
9521,0.0,0.0,0.0,0.0,0.0,0.0,0.0,101.0,68.0,2.0,58.51341573,160.02,0.0,53,26.0,0.4101623483,0.0,0.0,0.0,0.0,11.0,5.8,14.0,2.0,4.0,0.0,9.7,0.0,1.0,3.0,68.946,0.0,1.0,22.85108989,0.0,-0.6528981629999999,69.0,26.0,0.0,0.0
