PtID,Pt_CGMUseNumDays,Pt_FatherT1D,Pt_MotherT1D,Pt_SiblingT1D,Pt_ChildT1D,Pt_GrandchildT1D,Pt_GrandparentT1D,BldPrSys,BldPrDia,SMBGperDayPtMeterCombo,WeightKg,HeightCm,DirectLDL,age,diabDur,TotalDailyInsPerKg,LDL,HDL,TotChol,Triglyc,BUN,AlbCreatRat_mggNew,UnitsInsBasalOrLongAct,BGTestAvgNumMeter,BGTestAvgNumPtRep,TSH,HbA1c,AutonomicNeuroCl,Pt_InsGov,NumPumpBolusOrShortAct,HbA1cImputeDtMnC,Pt_SHFlg,Pt_DKAFlg,bmi,bmiPerc,bmiZscore,GFR,diagAgeCombo,Pt_A1cGoalLev,Pt_A1cGoalLevelDsYr5
9535,0.0,0.0,0.0,0.0,0.0,0.0,0.0,122.0,71.0,6.0,98.88313666,184.15,0.0,57,22.0,0.6674545552000001,110.0,67.0,194.0,88.0,17.0,5.6,0.0,0.0,6.0,0.0,6.7,0.0,0.0,4.0,0.0,0.0,0.0,29.159413719,0.0,0.0608063652,0.0,35.0,0.0,0.0
9535,0.0,0.0,0.0,0.0,0.0,0.0,0.0,141.0,89.0,0.0,103.2,188.0,0.0,59,24.0,0.0,109.0,61.0,0.0,97.0,14.0,0.0,31.0,0.0,0.0,4.08,6.9,0.0,0.0,0.0,17.261,0.0,0.0,29.198732458000002,0.0,0.0660104536,0.0,35.0,0.0,0.0
9535,0.0,0.0,0.0,0.0,0.0,0.0,0.0,130.0,88.0,0.0,106.9,188.0,0.0,60,25.0,0.0,132.0,75.0,220.0,65.0,13.0,0.0,29.0,0.0,0.0,3.86,7.2,0.0,0.0,0.0,30.174,0.0,0.0,30.245586238,0.0,0.25649997199999996,0.0,35.0,0.0,0.0
9535,0.0,0.0,0.0,0.0,0.0,0.0,0.0,148.0,81.0,8.0,0.0,0.0,0.0,61,26.0,0.0,120.0,64.0,198.0,68.0,16.0,0.0,28.0,8.0,8.0,4.28,6.9,0.0,0.0,0.0,44.647,0.0,0.0,0.0,0.0,0.0,0.0,35.0,0.0,0.0
9535,0.0,0.0,0.0,0.0,0.0,0.0,0.0,153.0,82.0,6.0,104.3,182.9,0.0,62,27.0,0.46021093,91.0,59.0,170.0,98.0,16.0,0.0,21.0,6.0,5.0,2.99,7.6,0.0,0.0,4.0,62.473,0.0,0.0,31.178620614,0.0,0.4343579824,0.0,35.0,0.0,0.0
