PtID,Pt_CGMUseNumDays,Pt_FatherT1D,Pt_MotherT1D,Pt_SiblingT1D,Pt_ChildT1D,Pt_GrandchildT1D,Pt_GrandparentT1D,BldPrSys,BldPrDia,SMBGperDayPtMeterCombo,WeightKg,HeightCm,DirectLDL,age,diabDur,TotalDailyInsPerKg,LDL,HDL,TotChol,Triglyc,BUN,AlbCreatRat_mggNew,UnitsInsBasalOrLongAct,BGTestAvgNumMeter,BGTestAvgNumPtRep,TSH,HbA1c,AutonomicNeuroCl,Pt_InsGov,NumPumpBolusOrShortAct,HbA1cImputeDtMnC,Pt_SHFlg,Pt_DKAFlg,bmi,bmiPerc,bmiZscore,GFR,diagAgeCombo,Pt_A1cGoalLev,Pt_A1cGoalLevelDsYr5
9549,0.0,0.0,0.0,0.0,0.0,0.0,0.0,120.0,70.0,5.0,0.0,0.0,0.0,20,5.0,0.0,105.0,42.0,0.0,92.0,14.0,9.0,0.0,0.0,5.0,0.0,7.8,0.0,0.0,0.0,0.0,0.0,0.0,0.0,0.0,0.0,0.0,15.0,0.0,0.0
9549,0.0,0.0,0.0,0.0,0.0,0.0,0.0,98.0,56.0,0.0,59.78347436600001,160.782,0.0,21,6.0,0.0,0.0,0.0,0.0,0.0,0.0,12.4,20.0,0.0,0.0,0.0,12.6,0.0,0.0,0.0,11.95,0.0,0.0,23.126307584,0.0,-0.49535428,0.0,15.0,0.0,0.0
9549,0.0,0.0,0.0,0.0,0.0,0.0,0.0,94.0,62.0,0.0,48.98797596,161.036,0.0,22,7.0,0.0,146.0,79.0,255.0,150.0,12.0,13.1,0.0,0.0,0.0,0.42,10.4,0.0,0.0,0.0,22.307,0.0,0.0,18.890504085,0.0,-1.066502638,154.3,15.0,0.0,0.0
9549,0.0,0.0,0.0,0.0,0.0,0.0,0.0,120.0,66.0,10.0,59.511318943999996,156.718,0.0,23,8.0,0.0,0.0,0.0,0.0,0.0,0.0,30.2,30.0,0.0,10.0,0.0,7.3,0.0,0.0,0.0,36.349000000000004,0.0,0.0,24.230468663000003,0.0,-0.346471125,0.0,15.0,0.0,0.0
9549,0.0,0.0,0.0,0.0,0.0,0.0,0.0,110.0,80.0,10.0,60.872096054,160.02,1.0,24,9.0,0.0,169.0,0.0,0.0,0.0,13.0,9.8,30.0,0.0,10.0,0.0,6.9,0.0,0.0,0.0,48.863,0.0,0.0,23.772219095,0.0,-0.408260698,102.8,15.0,0.0,0.0
9549,0.0,0.0,0.0,0.0,0.0,0.0,0.0,118.0,70.0,0.0,59.78347436600001,160.02,0.0,25,9.0,0.0,0.0,0.0,0.0,0.0,15.0,9.4,0.0,0.0,0.0,0.0,7.3,0.0,0.0,0.0,52.216,0.0,0.0,23.347082539000002,0.0,-0.46558537,102.0,15.0,0.0,0.0
9549,0.0,0.0,0.0,0.0,0.0,0.0,0.0,120.0,68.0,0.0,84.912491664,160.02,0.0,26,11.0,0.0,0.0,0.0,0.0,0.0,0.0,17.3,37.0,0.0,0.0,0.63,7.7,0.0,0.0,0.0,69.012,0.0,0.0,33.160651375,0.0,0.8576591409000001,0.0,15.0,0.0,0.0
