PtID,Pt_CGMUseNumDays,Pt_FatherT1D,Pt_MotherT1D,Pt_SiblingT1D,Pt_ChildT1D,Pt_GrandchildT1D,Pt_GrandparentT1D,BldPrSys,BldPrDia,SMBGperDayPtMeterCombo,WeightKg,HeightCm,DirectLDL,age,diabDur,TotalDailyInsPerKg,LDL,HDL,TotChol,Triglyc,BUN,AlbCreatRat_mggNew,UnitsInsBasalOrLongAct,BGTestAvgNumMeter,BGTestAvgNumPtRep,TSH,HbA1c,AutonomicNeuroCl,Pt_InsGov,NumPumpBolusOrShortAct,HbA1cImputeDtMnC,Pt_SHFlg,Pt_DKAFlg,bmi,bmiPerc,bmiZscore,GFR,diagAgeCombo,Pt_A1cGoalLev,Pt_A1cGoalLevelDsYr5
9594,0.0,0.0,0.0,1.0,0.0,0.0,0.0,107.0,61.0,4.0,49.2,155.4,0.0,14,7.0,1.2195121951,88.0,69.0,0.0,78.0,12.0,2.9,0.0,4.0,8.0,0.0,9.7,0.0,0.0,0.0,-0.266,0.0,0.0,20.373379447,0.6296332546,0.3308821695,0.0,6.0,0.0,0.0
9594,0.0,0.0,0.0,1.0,0.0,0.0,0.0,111.0,76.0,3.0,49.5,158.8,0.0,15,8.0,0.0,96.0,59.0,0.0,80.0,10.0,0.0,0.0,3.0,8.0,0.0,9.7,0.0,0.0,9.0,12.812999999999999,0.0,0.0,19.62927244,0.4622342588,-0.09480650800000001,0.0,6.0,8.0,0.0
9594,0.0,0.0,0.0,0.0,0.0,0.0,0.0,119.0,72.0,2.0,54.9,160.5,0.0,17,10.0,0.8925318761,104.0,64.0,0.0,82.0,0.0,7.7,21.0,2.0,4.0,1.86,9.6,0.0,0.0,6.0,29.51,0.0,0.0,21.31190497,0.5528477838,0.1328595819,0.0,6.0,0.0,0.0
9594,0.0,0.0,0.0,0.0,0.0,0.0,0.0,120.0,71.0,7.0,52.4,161.0,0.0,18,11.0,0.8015267176,0.0,0.0,0.0,0.0,0.0,7.7,17.0,7.0,7.0,0.0,7.4,0.0,0.0,8.0,46.44,0.0,0.0,20.215269473,0.3581552161,-0.36339420200000006,0.0,6.0,0.0,0.0
9594,0.0,0.0,0.0,0.0,0.0,0.0,0.0,132.0,84.0,8.0,55.8,160.2,0.0,18,12.0,0.7168458781,89.0,88.0,187.0,48.0,14.0,7.7,16.0,8.0,7.0,1.62,8.1,0.0,0.0,7.0,49.66,0.0,0.0,21.742484815,0.5588380247,0.1480238442,0.0,6.0,0.0,0.0
