PtID,Pt_CGMUseNumDays,Pt_FatherT1D,Pt_MotherT1D,Pt_SiblingT1D,Pt_ChildT1D,Pt_GrandchildT1D,Pt_GrandparentT1D,BldPrSys,BldPrDia,SMBGperDayPtMeterCombo,WeightKg,HeightCm,DirectLDL,age,diabDur,TotalDailyInsPerKg,LDL,HDL,TotChol,Triglyc,BUN,AlbCreatRat_mggNew,UnitsInsBasalOrLongAct,BGTestAvgNumMeter,BGTestAvgNumPtRep,TSH,HbA1c,AutonomicNeuroCl,Pt_InsGov,NumPumpBolusOrShortAct,HbA1cImputeDtMnC,Pt_SHFlg,Pt_DKAFlg,bmi,bmiPerc,bmiZscore,GFR,diagAgeCombo,Pt_A1cGoalLev,Pt_A1cGoalLevelDsYr5
9601,0.0,0.0,0.0,0.0,0.0,0.0,0.0,122.0,75.0,6.0,78.0,173.0,0.0,28,14.0,0.5769230769,69.0,61.0,150.0,102.0,19.0,12.4,0.0,0.0,6.0,0.0,6.9,0.0,0.0,10.0,0.0,0.0,0.0,26.061679308000002,0.0,-0.10618116300000001,0.0,14.0,0.0,0.0
9601,0.0,0.0,0.0,0.0,0.0,0.0,0.0,124.0,77.0,3.0,83.5,173.0,0.0,30,15.0,0.8383233533,68.0,75.0,0.0,45.0,19.0,18.1,0.0,0.0,3.0,0.0,7.7,0.0,0.0,0.0,16.996,0.0,0.0,27.899361823000003,0.0,0.057890442400000006,0.0,14.0,6.5,0.0
9601,0.0,0.0,0.0,0.0,0.0,0.0,0.0,106.0,67.0,2.0,84.5,173.0,0.0,31,17.0,0.5443786982,0.0,0.0,0.0,0.0,0.0,25.5,27.0,2.0,0.0,0.0,7.0,0.0,0.0,12.0,30.206999999999997,0.0,0.0,28.233485917,0.0,0.10632419470000001,0.0,14.0,0.0,0.0
9601,0.0,0.0,0.0,0.0,0.0,0.0,0.0,125.0,79.0,4.0,85.5,173.0,0.0,32,18.0,0.5263157895,76.0,74.0,0.0,56.0,16.0,25.5,26.0,4.0,0.0,0.0,6.7,0.0,0.0,10.0,42.523,0.0,0.0,28.56761001,0.0,0.15475794699999998,0.0,14.0,0.0,0.0
9601,23.0,0.0,0.0,0.0,0.0,0.0,0.0,128.0,81.0,5.0,90.0,173.0,1.0,34,19.0,0.4,106.0,0.0,0.0,0.0,0.0,25.5,24.0,5.0,3.0,2.57,6.6,0.0,0.0,7.0,63.635,0.0,0.0,30.071168431999997,0.0,0.3727098322,106.0,14.0,0.0,0.0
9601,0.0,0.0,0.0,0.0,0.0,0.0,0.0,131.0,87.0,1.0,87.5,172.72,0.0,34,20.0,0.0,89.0,73.0,177.0,73.0,0.0,25.5,0.0,1.0,0.0,1.87,6.6,0.0,0.0,0.0,74.191,0.0,0.0,29.330724750999998,0.0,0.26537705829999997,0.0,14.0,0.0,0.0
