PtID,Pt_CGMUseNumDays,Pt_FatherT1D,Pt_MotherT1D,Pt_SiblingT1D,Pt_ChildT1D,Pt_GrandchildT1D,Pt_GrandparentT1D,BldPrSys,BldPrDia,SMBGperDayPtMeterCombo,WeightKg,HeightCm,DirectLDL,age,diabDur,TotalDailyInsPerKg,LDL,HDL,TotChol,Triglyc,BUN,AlbCreatRat_mggNew,UnitsInsBasalOrLongAct,BGTestAvgNumMeter,BGTestAvgNumPtRep,TSH,HbA1c,AutonomicNeuroCl,Pt_InsGov,NumPumpBolusOrShortAct,HbA1cImputeDtMnC,Pt_SHFlg,Pt_DKAFlg,bmi,bmiPerc,bmiZscore,GFR,diagAgeCombo,Pt_A1cGoalLev,Pt_A1cGoalLevelDsYr5
9629,0.0,1.0,0.0,0.0,0.0,0.0,0.0,104.0,58.0,5.0,56.4,167.2,0.0,13,2.0,1.0283687943000002,0.0,0.0,0.0,0.0,18.0,0.0,0.0,5.0,6.0,0.0,7.9,0.0,1.0,5.0,0.0,0.0,0.0,20.174675488,0.7269822612000001,0.6037114841,0.0,11.0,0.0,0.0
9629,0.0,1.0,0.0,0.0,0.0,0.0,0.0,110.0,54.0,1.0,65.0,173.1,0.0,15,3.0,0.8461538462,67.0,54.0,133.0,60.0,0.0,0.0,0.0,1.0,8.0,0.0,9.4,0.0,1.0,6.0,16.133,0.0,0.0,21.692980251999998,0.7274514015000001,0.6051231146,0.0,11.0,6.5,0.0
9629,0.0,0.0,0.0,0.0,0.0,0.0,0.0,125.0,79.0,3.0,69.2,175.6,0.0,16,4.0,0.823699422,0.0,0.0,0.0,0.0,0.0,4.9,25.0,3.0,0.0,2.41,7.2,0.0,0.0,4.0,27.519000000000002,0.0,0.0,22.441768151999998,0.7280161164,0.6068239272,0.0,11.0,0.0,0.0
9629,0.0,0.0,0.0,0.0,0.0,0.0,0.0,111.0,65.0,1.0,72.2,175.9,0.0,16,5.0,0.8864265928,0.0,0.0,0.0,0.0,0.0,4.9,22.0,1.0,0.0,7.88,9.3,0.0,0.0,5.0,38.241,0.0,0.0,23.334877141,0.7994729479000001,0.8397401372,0.0,11.0,0.0,0.0
9629,0.0,0.0,0.0,0.0,0.0,0.0,0.0,120.0,78.0,0.0,63.7,176.8,0.0,17,6.0,0.0,0.0,0.0,0.0,0.0,0.0,4.9,30.0,0.0,0.0,1.84,14.1,0.0,0.0,0.0,49.56,0.0,0.0,20.378626564,0.3767018521,-0.314154492,0.0,11.0,0.0,0.0
