PtID,Pt_CGMUseNumDays,Pt_FatherT1D,Pt_MotherT1D,Pt_SiblingT1D,Pt_ChildT1D,Pt_GrandchildT1D,Pt_GrandparentT1D,BldPrSys,BldPrDia,SMBGperDayPtMeterCombo,WeightKg,HeightCm,DirectLDL,age,diabDur,TotalDailyInsPerKg,LDL,HDL,TotChol,Triglyc,BUN,AlbCreatRat_mggNew,UnitsInsBasalOrLongAct,BGTestAvgNumMeter,BGTestAvgNumPtRep,TSH,HbA1c,AutonomicNeuroCl,Pt_InsGov,NumPumpBolusOrShortAct,HbA1cImputeDtMnC,Pt_SHFlg,Pt_DKAFlg,bmi,bmiPerc,bmiZscore,GFR,diagAgeCombo,Pt_A1cGoalLev,Pt_A1cGoalLevelDsYr5
9632,0.0,0.0,0.0,0.0,0.0,0.0,0.0,101.0,47.0,5.0,29.6,131.0,0.0,7,1.0,0.7094594595,0.0,0.0,149.0,0.0,10.0,0.0,0.0,5.0,5.0,0.0,8.4,0.0,0.0,10.0,0.0,0.0,0.0,17.248412097,0.8360531952,0.9783654503,0.0,5.0,0.0,0.0
9632,0.0,0.0,0.0,0.0,0.0,0.0,0.0,109.0,55.0,7.0,32.5,135.9,0.0,7,2.0,0.6153846154,0.0,0.0,152.0,0.0,0.0,0.0,0.0,7.0,7.0,0.0,8.0,0.0,0.0,7.0,9.062000000000001,0.0,0.0,17.597235555999998,0.8700275259,1.1265212570999998,0.0,5.0,7.5,0.0
9632,0.0,0.0,0.0,0.0,0.0,0.0,0.0,102.0,72.0,6.0,35.4,144.1,0.0,9,3.0,0.0,72.0,71.0,156.0,67.0,0.0,0.0,12.0,6.0,0.0,1.7,8.8,0.0,0.0,0.0,24.266,0.0,0.0,17.048073158,0.6733892101000001,0.449291235,0.0,5.0,0.0,0.0
9632,0.0,0.0,0.0,0.0,0.0,0.0,0.0,108.0,61.0,6.0,40.1,147.8,0.0,10,4.0,0.7980049875,0.0,0.0,0.0,0.0,0.0,0.0,13.0,6.0,0.0,1.31,8.4,0.0,0.0,0.0,34.855,0.0,0.0,18.356737793,0.7652754156,0.7233755818000001,0.0,5.0,0.0,0.0
9632,0.0,0.0,0.0,0.0,0.0,0.0,0.0,126.0,67.0,5.0,45.0,151.9,0.0,10,5.0,0.8,62.0,77.0,149.0,52.0,0.0,0.0,15.0,5.0,0.0,1.23,9.7,0.0,0.0,8.0,44.714,0.0,0.0,19.502799952,0.8592346721999999,1.0768872148,0.0,5.0,0.0,0.0
9632,0.0,0.0,0.0,0.0,0.0,0.0,0.0,113.0,76.0,5.0,49.895160700000005,157.48,0.0,11,6.0,0.8417650011,0.0,0.0,0.0,0.0,0.0,0.0,18.0,5.0,0.0,0.0,8.6,0.0,0.0,23.0,56.1,0.0,0.0,20.119056649,0.8473546377,1.0251535857,0.0,5.0,0.0,0.0
