PtID,Pt_CGMUseNumDays,Pt_FatherT1D,Pt_MotherT1D,Pt_SiblingT1D,Pt_ChildT1D,Pt_GrandchildT1D,Pt_GrandparentT1D,BldPrSys,BldPrDia,SMBGperDayPtMeterCombo,WeightKg,HeightCm,DirectLDL,age,diabDur,TotalDailyInsPerKg,LDL,HDL,TotChol,Triglyc,BUN,AlbCreatRat_mggNew,UnitsInsBasalOrLongAct,BGTestAvgNumMeter,BGTestAvgNumPtRep,TSH,HbA1c,AutonomicNeuroCl,Pt_InsGov,NumPumpBolusOrShortAct,HbA1cImputeDtMnC,Pt_SHFlg,Pt_DKAFlg,bmi,bmiPerc,bmiZscore,GFR,diagAgeCombo,Pt_A1cGoalLev,Pt_A1cGoalLevelDsYr5
9654,0.0,0.0,0.0,0.0,0.0,0.0,0.0,121.0,66.0,4.0,59.5,156.2,0.0,16,11.0,0.8235294118,83.0,48.0,0.0,177.0,13.0,8.3,0.0,4.0,5.0,0.0,8.4,0.0,1.0,0.0,0.0,0.0,0.0,24.386805058,0.8387698776000001,0.9894147826999999,0.0,5.0,0.0,0.0
9654,0.0,0.0,0.0,0.0,0.0,0.0,1.0,120.0,66.0,6.0,63.5,155.9,0.0,17,12.0,0.0,92.0,49.0,0.0,103.0,13.0,3.0,0.0,6.0,5.0,0.0,8.1,0.0,1.0,4.0,12.515,1.0,0.0,26.126515698000002,0.8838402379000001,1.1944051476000002,0.0,5.0,6.9,0.0
9654,0.0,0.0,0.0,0.0,0.0,0.0,0.0,131.0,69.0,6.0,61.8,155.9,0.0,18,13.0,0.7605177994,85.0,42.0,0.0,98.0,11.0,0.0,24.0,6.0,0.0,1.1,7.3,0.0,0.0,3.0,24.83,0.0,0.0,25.427065670999998,0.8403638358,0.9959543451,0.0,5.0,0.0,0.0
9654,0.0,0.0,0.0,0.0,0.0,0.0,0.0,132.0,76.0,3.0,60.0,156.4,0.0,19,14.0,0.7333333333,0.0,0.0,0.0,0.0,10.0,0.0,24.0,3.0,0.0,0.0,8.9,0.0,0.0,3.0,37.278,0.0,0.0,24.528881940999998,0.7742636676000001,0.7529621404000001,0.0,5.0,0.0,0.0
9654,0.0,0.0,0.0,0.0,0.0,0.0,0.0,115.0,64.0,3.0,62.1,156.1,0.0,20,15.0,0.7085346215999999,96.0,46.0,0.0,45.0,0.0,0.0,27.0,3.0,0.0,0.61,9.7,0.0,0.0,3.0,50.622,0.0,0.0,25.485067843000003,0.8090778616,-0.177303159,0.0,5.0,0.0,0.0
