PtID,Pt_CGMUseNumDays,Pt_FatherT1D,Pt_MotherT1D,Pt_SiblingT1D,Pt_ChildT1D,Pt_GrandchildT1D,Pt_GrandparentT1D,BldPrSys,BldPrDia,SMBGperDayPtMeterCombo,WeightKg,HeightCm,DirectLDL,age,diabDur,TotalDailyInsPerKg,LDL,HDL,TotChol,Triglyc,BUN,AlbCreatRat_mggNew,UnitsInsBasalOrLongAct,BGTestAvgNumMeter,BGTestAvgNumPtRep,TSH,HbA1c,AutonomicNeuroCl,Pt_InsGov,NumPumpBolusOrShortAct,HbA1cImputeDtMnC,Pt_SHFlg,Pt_DKAFlg,bmi,bmiPerc,bmiZscore,GFR,diagAgeCombo,Pt_A1cGoalLev,Pt_A1cGoalLevelDsYr5
9718,0.0,0.0,0.0,0.0,0.0,0.0,0.0,122.0,65.0,4.0,68.9,166.3,0.0,11,9.0,0.5224963716,0.0,0.0,0.0,0.0,10.0,0.0,0.0,0.0,4.0,0.0,8.7,0.0,0.0,0.0,0.332,0.0,1.0,24.913498813,0.9608797862999999,1.7609880392,0.0,2.0,0.0,0.0
9718,0.0,0.0,0.0,0.0,0.0,0.0,0.0,130.0,71.0,4.0,73.9,169.2,0.0,12,10.0,0.4871447903,72.0,51.0,164.0,207.0,15.0,0.0,0.0,0.0,4.0,0.0,8.1,0.0,0.0,0.0,10.921,0.0,1.0,25.813311425,0.9577842862,1.725533191,0.0,2.0,7.5,0.0
9718,0.0,0.0,0.0,0.0,0.0,0.0,0.0,0.0,0.0,1.0,78.5,170.8,0.0,13,11.0,1.4522292994,0.0,0.0,0.0,0.0,0.0,12.6,42.0,1.0,2.0,1.65,10.6,0.0,0.0,7.0,25.328000000000003,0.0,0.0,26.908774797,0.9578986433,1.7268048715,0.0,2.0,0.0,0.0
9718,0.0,0.0,0.0,0.0,0.0,0.0,0.0,134.0,72.0,2.0,82.1,171.1,0.0,14,12.0,1.5590742996,0.0,0.0,0.0,0.0,0.0,35.8,50.0,2.0,2.0,1.21,11.3,0.0,0.0,4.0,37.178000000000004,0.0,0.0,28.044205319,0.9592889728,1.7424939205,0.0,2.0,0.0,0.0
9718,0.0,0.0,0.0,0.0,0.0,0.0,0.0,139.0,73.0,2.0,82.1,171.2,0.0,15,13.0,1.6321559074,0.0,0.0,0.0,0.0,0.0,0.0,50.0,2.0,2.0,0.72,10.7,0.0,0.0,3.0,49.062,0.0,0.0,28.011452965,0.9490471235,1.6356839372999998,0.0,2.0,0.0,0.0
9718,0.0,0.0,0.0,0.0,0.0,0.0,0.0,135.0,84.0,2.0,84.7,170.4,0.0,16,14.0,1.0153482881,55.0,61.0,157.0,207.0,0.0,0.0,2.0,2.0,3.0,1.27,9.8,0.0,0.0,2.0,61.643,0.0,0.0,29.170523925999998,0.9532258222,1.6769699630000001,0.0,2.0,0.0,0.0
