PtID,Pt_CGMUseNumDays,Pt_FatherT1D,Pt_MotherT1D,Pt_SiblingT1D,Pt_ChildT1D,Pt_GrandchildT1D,Pt_GrandparentT1D,BldPrSys,BldPrDia,SMBGperDayPtMeterCombo,WeightKg,HeightCm,DirectLDL,age,diabDur,TotalDailyInsPerKg,LDL,HDL,TotChol,Triglyc,BUN,AlbCreatRat_mggNew,UnitsInsBasalOrLongAct,BGTestAvgNumMeter,BGTestAvgNumPtRep,TSH,HbA1c,AutonomicNeuroCl,Pt_InsGov,NumPumpBolusOrShortAct,HbA1cImputeDtMnC,Pt_SHFlg,Pt_DKAFlg,bmi,bmiPerc,bmiZscore,GFR,diagAgeCombo,Pt_A1cGoalLev,Pt_A1cGoalLevelDsYr5
9731,0.0,0.0,0.0,0.0,0.0,0.0,0.0,0.0,0.0,0.0,0.0,0.0,0.0,61,43.0,0.0,0.0,0.0,0.0,0.0,0.0,0.0,0.0,0.0,0.0,0.0,0.0,1.0,0.0,0.0,0.0,0.0,0.0,0.0,0.0,0.0,0.0,18.0,0.0,0.0
9731,0.0,0.0,0.0,0.0,0.0,0.0,0.0,149.0,78.0,0.0,0.0,0.0,0.0,60,42.0,0.0,50.0,58.0,119.0,56.0,13.0,4.9,0.0,0.0,0.0,0.0,9.0,1.0,0.0,0.0,0.0,0.0,0.0,0.0,0.0,0.0,0.0,18.0,0.0,0.0
9731,0.0,0.0,0.0,0.0,0.0,0.0,0.0,111.0,58.0,0.0,86.99901656600001,182.88,0.0,62,44.0,0.0,0.0,0.0,0.0,0.0,0.0,0.0,0.0,0.0,0.0,0.0,8.0,1.0,0.0,0.0,16.498,0.0,0.0,26.012489463,0.0,-0.550426536,0.0,18.0,0.0,0.0
9731,0.0,0.0,0.0,0.0,0.0,0.0,0.0,128.0,67.0,5.0,83.91458845,177.8,1.0,63,45.0,0.0,86.0,0.0,0.0,0.0,15.0,0.0,0.0,0.0,5.0,0.92,0.0,1.0,0.0,0.0,0.0,0.0,0.0,26.544463721,0.0,-0.449019894,0.0,18.0,0.0,0.0
9731,0.0,0.0,0.0,0.0,0.0,0.0,0.0,126.0,65.0,5.0,86.63614267,177.8,0.0,64,46.0,0.4039884386,0.0,0.0,0.0,0.0,0.0,0.0,0.0,0.0,5.0,0.0,6.6,1.0,0.0,0.0,48.797,0.0,0.0,27.405365247,0.0,-0.284912079,0.0,18.0,0.0,0.0
9731,0.0,0.0,0.0,0.0,0.0,0.0,0.0,119.0,60.0,5.0,87.08973504,177.8,0.0,65,47.0,0.0,0.0,0.0,0.0,0.0,12.0,0.0,0.0,0.0,5.0,0.0,6.3,1.0,0.0,0.0,56.696999999999996,0.0,0.0,27.548848835,0.0,-0.257560776,0.0,18.0,0.0,0.0
9731,0.0,0.0,0.0,0.0,0.0,0.0,0.0,119.0,60.0,5.0,87.08973504,180.34,0.0,65,47.0,0.0,0.0,0.0,0.0,0.0,12.0,0.0,0.0,0.0,5.0,0.0,6.3,1.0,0.0,0.0,56.696999999999996,0.0,0.0,26.778289881,0.0,-0.4044472,0.0,18.0,0.0,0.0
9731,0.0,0.0,0.0,0.0,0.0,0.0,0.0,130.0,59.0,5.0,87.54332741,180.34,0.0,67,49.0,0.0,0.0,0.0,0.0,0.0,0.0,0.0,0.0,0.0,5.0,0.0,6.8,1.0,0.0,0.0,79.602,0.0,0.0,26.917760141,0.0,-0.377860931,0.0,18.0,0.0,0.0
