PtID,Pt_CGMUseNumDays,Pt_FatherT1D,Pt_MotherT1D,Pt_SiblingT1D,Pt_ChildT1D,Pt_GrandchildT1D,Pt_GrandparentT1D,BldPrSys,BldPrDia,SMBGperDayPtMeterCombo,WeightKg,HeightCm,DirectLDL,age,diabDur,TotalDailyInsPerKg,LDL,HDL,TotChol,Triglyc,BUN,AlbCreatRat_mggNew,UnitsInsBasalOrLongAct,BGTestAvgNumMeter,BGTestAvgNumPtRep,TSH,HbA1c,AutonomicNeuroCl,Pt_InsGov,NumPumpBolusOrShortAct,HbA1cImputeDtMnC,Pt_SHFlg,Pt_DKAFlg,bmi,bmiPerc,bmiZscore,GFR,diagAgeCombo,Pt_A1cGoalLev,Pt_A1cGoalLevelDsYr5
9785,12.0,0.0,0.0,0.0,0.0,0.0,0.0,113.0,69.0,5.0,68.49244787,163.83,0.0,18,17.0,0.9344095881000001,126.0,36.0,0.0,127.0,0.0,2.8,0.0,0.0,5.0,0.0,8.8,0.0,1.0,8.0,-0.166,0.0,0.0,25.518540118,0.8443801998,1.0126244005,0.0,0.0,0.0,0.0
9785,0.0,0.0,0.0,0.0,0.0,0.0,1.0,120.0,73.0,5.0,69.8,165.0,0.0,19,18.0,0.0,0.0,35.0,153.0,111.0,0.0,2.1,0.0,5.0,4.0,0.0,8.0,0.0,1.0,0.0,19.485,0.0,0.0,25.638200184000002,0.8111662126000001,0.8822020106999999,0.0,0.0,7.0,0.0
9785,0.0,0.0,0.0,0.0,0.0,0.0,0.0,128.0,80.0,3.0,71.3,167.0,0.0,21,20.0,0.6311360449,118.0,32.0,0.0,57.0,0.0,2.4,28.0,3.0,0.0,0.0,7.6,0.0,0.0,0.0,45.04600000000001,0.0,0.0,25.565635197,0.0,-0.204023473,0.0,0.0,0.0,0.0
9785,0.0,0.0,0.0,0.0,0.0,0.0,0.0,124.0,84.0,0.0,75.6,165.9,0.0,22,21.0,0.6613756614,118.0,32.0,161.0,57.0,0.0,3.8,28.0,0.0,0.0,5.22,8.7,0.0,0.0,0.0,55.336000000000006,0.0,0.0,27.468125529,0.0,0.17123357739999998,0.0,0.0,0.0,0.0
9785,10.0,0.0,0.0,0.0,0.0,0.0,0.0,144.0,80.0,4.0,77.0,166.0,0.0,23,22.0,0.5844155844,140.0,0.0,0.0,0.0,10.0,3.1,28.0,0.0,4.0,2.97,7.1,0.0,0.0,0.0,67.78399999999999,0.0,0.0,27.943097692,0.0,0.2649195478,0.0,0.0,0.0,0.0
9785,0.0,0.0,0.0,0.0,0.0,0.0,0.0,126.0,75.0,0.0,78.0,166.0,0.0,24,23.0,0.0,158.0,0.0,0.0,0.0,0.0,3.1,0.0,0.0,0.0,0.0,6.9,0.0,0.0,0.0,80.83,0.0,0.0,28.305995065,0.0,0.3364993058,0.0,0.0,0.0,0.0
