PtID,Pt_CGMUseNumDays,Pt_FatherT1D,Pt_MotherT1D,Pt_SiblingT1D,Pt_ChildT1D,Pt_GrandchildT1D,Pt_GrandparentT1D,BldPrSys,BldPrDia,SMBGperDayPtMeterCombo,WeightKg,HeightCm,DirectLDL,age,diabDur,TotalDailyInsPerKg,LDL,HDL,TotChol,Triglyc,BUN,AlbCreatRat_mggNew,UnitsInsBasalOrLongAct,BGTestAvgNumMeter,BGTestAvgNumPtRep,TSH,HbA1c,AutonomicNeuroCl,Pt_InsGov,NumPumpBolusOrShortAct,HbA1cImputeDtMnC,Pt_SHFlg,Pt_DKAFlg,bmi,bmiPerc,bmiZscore,GFR,diagAgeCombo,Pt_A1cGoalLev,Pt_A1cGoalLevelDsYr5
9805,29.0,0.0,0.0,0.0,1.0,0.0,0.0,124.0,76.0,10.0,83.91458845,162.56,0.0,53,45.0,0.38134012920000004,83.0,84.0,0.0,39.0,14.0,11.9,0.0,10.0,7.0,0.0,7.7,0.0,0.0,10.0,0.0,0.0,0.0,31.754851619,0.0,0.2627313821,0.0,8.0,0.0,0.0
9805,29.0,0.0,0.0,0.0,1.0,0.0,0.0,126.0,81.0,3.0,84.36818082,160.02,0.0,53,45.0,0.4148483428,78.0,86.0,0.0,46.0,10.0,0.0,0.0,3.0,6.0,0.0,7.8,0.0,0.0,9.0,10.855,0.0,0.0,32.948083097,0.0,0.38543884310000004,0.0,8.0,7.2,0.0
9805,0.0,0.0,0.0,0.0,0.0,0.0,0.0,118.0,74.0,3.0,85.72895793,160.02,0.0,54,46.0,0.3965987785,0.0,0.0,0.0,0.0,0.0,0.0,16.0,3.0,0.0,0.0,7.6,0.0,0.0,9.0,20.215999999999998,0.0,0.0,33.479503791999996,0.0,0.4400881592,0.0,8.0,0.0,0.0
9805,0.0,0.0,0.0,0.0,0.0,0.0,0.0,119.0,54.0,2.0,0.0,0.0,0.0,55,47.0,0.0,69.0,74.0,0.0,52.0,9.0,0.0,17.0,2.0,0.0,3.15,7.5,0.0,0.0,2.0,30.406999999999996,0.0,0.0,0.0,0.0,0.0,0.0,8.0,0.0,0.0
9805,0.0,0.0,0.0,0.0,0.0,0.0,0.0,123.0,75.0,10.0,83.46099608,160.02,0.0,56,48.0,0.4672841427,105.0,81.0,0.0,80.0,8.0,5.8,17.0,10.0,0.0,2.33,7.2,0.0,0.0,10.0,45.544,0.0,0.0,32.593802634,0.0,0.3490059657,76.0,8.0,0.0,0.0
9805,0.0,0.0,0.0,0.0,0.0,0.0,0.0,130.0,70.0,0.0,84.82177319,160.02,0.0,57,49.0,0.4715770314,74.0,105.0,0.0,41.0,12.0,7.7,17.0,0.0,0.0,2.65,7.4,0.0,0.0,12.0,55.535,0.0,0.0,33.125223329,0.0,0.4036552818,0.0,8.0,0.0,0.0
9805,30.0,0.0,0.0,0.0,0.0,0.0,0.0,112.0,69.0,5.0,83.46099608,160.02,0.0,58,50.0,0.4433208533,0.0,0.0,0.0,0.0,0.0,7.7,14.0,0.0,5.0,0.0,0.0,0.0,0.0,10.0,0.0,0.0,0.0,32.593802634,0.0,0.3490059657,0.0,8.0,0.0,0.0
