PtID,Pt_CGMUseNumDays,Pt_FatherT1D,Pt_MotherT1D,Pt_SiblingT1D,Pt_ChildT1D,Pt_GrandchildT1D,Pt_GrandparentT1D,BldPrSys,BldPrDia,SMBGperDayPtMeterCombo,WeightKg,HeightCm,DirectLDL,age,diabDur,TotalDailyInsPerKg,LDL,HDL,TotChol,Triglyc,BUN,AlbCreatRat_mggNew,UnitsInsBasalOrLongAct,BGTestAvgNumMeter,BGTestAvgNumPtRep,TSH,HbA1c,AutonomicNeuroCl,Pt_InsGov,NumPumpBolusOrShortAct,HbA1cImputeDtMnC,Pt_SHFlg,Pt_DKAFlg,bmi,bmiPerc,bmiZscore,GFR,diagAgeCombo,Pt_A1cGoalLev,Pt_A1cGoalLevelDsYr5
9834,7.0,0.0,1.0,0.0,0.0,0.0,0.0,124.0,80.0,4.0,71.66759446,170.18,0.0,25,13.0,0.627898848,133.0,42.0,196.0,107.0,1.0,12.0,0.0,0.0,4.0,0.0,6.1,1.0,0.0,0.0,0.166,0.0,0.0,24.74604446,0.0,-0.276951784,0.0,12.0,0.0,0.0
9834,28.0,0.0,1.0,0.0,0.0,0.0,0.0,142.0,78.0,5.0,85.27536556,172.72,0.0,26,14.0,0.4690686429,0.0,0.0,0.0,0.0,10.0,7.0,0.0,0.0,5.0,0.0,6.5,1.0,0.0,0.0,9.295,1.0,0.0,28.585008861,0.0,0.24068748239999999,0.0,12.0,5.5,0.0
9834,0.0,0.0,0.0,0.0,0.0,0.0,0.0,122.0,80.0,4.0,93.44002822,172.72,0.0,27,15.0,0.3210615469,0.0,0.0,0.0,0.0,11.0,0.0,21.0,4.0,4.0,1.68,6.5,1.0,0.0,6.0,24.398000000000003,0.0,0.0,31.321871411,0.0,0.6097212567,0.0,12.0,0.0,0.0
9834,0.0,0.0,0.0,0.0,0.0,0.0,0.0,122.0,82.0,3.0,99.33672903,172.72,1.0,29,17.0,0.3322034088,131.0,0.0,0.0,0.0,13.0,0.0,21.0,3.0,3.0,2.06,7.5,1.0,0.0,5.0,37.51,0.0,0.0,33.298494364,0.0,0.8762456492,0.0,12.0,0.0,0.0
9834,0.0,0.0,0.0,0.0,0.0,0.0,0.0,126.0,80.0,3.0,103.41906036,170.18,0.0,29,17.0,0.3190901163,0.0,0.0,0.0,0.0,15.0,0.0,23.0,3.0,3.0,0.53,7.2,1.0,0.0,3.0,46.672,0.0,0.0,35.70948188,0.0,1.2013390018999999,0.0,12.0,0.0,0.0
9834,25.0,0.0,0.0,0.0,0.0,0.0,0.0,139.0,79.0,5.0,114.75886961,170.18,0.0,30,18.0,0.0,97.0,47.0,162.0,90.0,16.0,0.0,24.0,5.0,5.0,1.27,7.2,1.0,0.0,3.0,58.821999999999996,0.0,0.0,39.624995244000004,0.0,1.3448412573,0.0,12.0,0.0,0.0
9834,0.0,0.0,0.0,0.0,0.0,0.0,0.0,137.0,87.0,4.0,112.49090776,172.72,0.0,31,19.0,0.3378050792,0.0,0.0,0.0,0.0,15.0,0.0,25.0,4.0,0.0,1.75,7.1,1.0,0.0,3.0,69.90899999999999,0.0,0.0,37.707884029,0.0,1.1249511676000001,0.0,12.0,0.0,0.0
