PtID,Pt_CGMUseNumDays,Pt_FatherT1D,Pt_MotherT1D,Pt_SiblingT1D,Pt_ChildT1D,Pt_GrandchildT1D,Pt_GrandparentT1D,BldPrSys,BldPrDia,SMBGperDayPtMeterCombo,WeightKg,HeightCm,DirectLDL,age,diabDur,TotalDailyInsPerKg,LDL,HDL,TotChol,Triglyc,BUN,AlbCreatRat_mggNew,UnitsInsBasalOrLongAct,BGTestAvgNumMeter,BGTestAvgNumPtRep,TSH,HbA1c,AutonomicNeuroCl,Pt_InsGov,NumPumpBolusOrShortAct,HbA1cImputeDtMnC,Pt_SHFlg,Pt_DKAFlg,bmi,bmiPerc,bmiZscore,GFR,diagAgeCombo,Pt_A1cGoalLev,Pt_A1cGoalLevelDsYr5
9873,7.0,0.0,0.0,0.0,0.0,0.0,0.0,110.0,50.0,7.0,74.38914868,180.34,0.0,30,17.0,0.5914841181,89.0,53.0,153.0,52.0,19.0,5.3,0.0,0.0,7.0,0.0,7.5,0.0,0.0,20.0,-1.4609999999999999,1.0,0.0,22.873122607,0.0,-0.6707000120000001,0.0,13.0,0.0,0.0
9873,0.0,0.0,0.0,0.0,0.0,0.0,0.0,96.0,63.0,0.0,71.66759446,177.8,0.0,31,18.0,0.0,63.0,58.0,132.0,55.0,21.0,4.0,16.0,0.0,0.0,1.66,0.0,0.0,0.0,0.0,0.0,0.0,0.0,22.670406854,0.0,-0.700085155,0.0,13.0,0.0,0.0
9873,0.0,0.0,0.0,0.0,0.0,0.0,0.0,98.0,66.0,4.0,74.84274105,177.8,0.0,32,19.0,0.0,63.0,52.0,122.0,36.0,23.0,4.0,16.0,4.0,4.0,0.0,7.4,0.0,0.0,0.0,28.846,0.0,0.0,23.674791966999997,0.0,-0.554492124,0.0,13.0,0.0,0.0
9873,0.0,0.0,0.0,0.0,0.0,0.0,0.0,113.0,74.0,4.0,74.84274105,177.8,0.0,33,20.0,0.0,54.0,60.0,128.0,72.0,22.0,4.0,15.0,4.0,4.0,1.82,8.4,0.0,0.0,4.0,38.938,0.0,0.0,23.674791966999997,0.0,-0.554492124,0.0,13.0,0.0,0.0
9873,0.0,0.0,0.0,0.0,0.0,0.0,0.0,110.0,67.0,4.0,73.48196394,180.34,0.0,34,21.0,0.5171337014,81.0,64.0,156.0,53.0,21.0,4.0,17.0,4.0,4.0,1.58,7.9,0.0,0.0,3.0,50.058,0.0,0.0,22.594182086999997,0.0,-0.711134498,0.0,13.0,0.0,0.0
9873,0.0,0.0,0.0,0.0,0.0,0.0,0.0,114.0,66.0,0.0,80.73944186,175.26,0.0,35,22.0,0.0,63.0,64.0,135.0,41.0,25.0,4.0,16.0,0.0,0.0,2.26,7.2,0.0,0.0,3.0,63.203,0.0,0.0,26.285735177,0.0,-0.17601664399999997,0.0,13.0,0.0,0.0
