PtID,Pt_CGMUseNumDays,Pt_FatherT1D,Pt_MotherT1D,Pt_SiblingT1D,Pt_ChildT1D,Pt_GrandchildT1D,Pt_GrandparentT1D,BldPrSys,BldPrDia,SMBGperDayPtMeterCombo,WeightKg,HeightCm,DirectLDL,age,diabDur,TotalDailyInsPerKg,LDL,HDL,TotChol,Triglyc,BUN,AlbCreatRat_mggNew,UnitsInsBasalOrLongAct,BGTestAvgNumMeter,BGTestAvgNumPtRep,TSH,HbA1c,AutonomicNeuroCl,Pt_InsGov,NumPumpBolusOrShortAct,HbA1cImputeDtMnC,Pt_SHFlg,Pt_DKAFlg,bmi,bmiPerc,bmiZscore,GFR,diagAgeCombo,Pt_A1cGoalLev,Pt_A1cGoalLevelDsYr5
9877,0.0,0.0,0.0,0.0,0.0,0.0,0.0,112.0,68.0,7.0,61.6,160.0,0.0,30,19.0,0.5519480519,59.0,50.0,0.0,57.0,10.0,6.0,0.0,0.0,7.0,0.0,6.2,0.0,0.0,4.0,-0.033,0.0,0.0,24.0625,0.0,-0.44015611200000004,0.0,11.0,0.0,0.0
9877,0.0,0.0,0.0,0.0,0.0,0.0,0.0,124.0,64.0,7.0,61.0,160.0,0.0,31,20.0,0.5737704918,62.0,61.0,0.0,94.0,0.0,0.0,0.0,0.0,7.0,0.0,7.1,0.0,0.0,0.0,14.705,0.0,0.0,23.828125,0.0,-0.467038611,0.0,11.0,6.7,0.0
9877,0.0,0.0,0.0,0.0,0.0,0.0,0.0,100.0,60.0,4.0,61.1,161.3,0.0,32,21.0,0.0,46.0,58.0,0.0,127.0,11.0,0.0,14.0,0.0,4.0,2.02,6.8,0.0,0.0,0.0,27.253,0.0,0.0,23.484021833000003,0.0,-0.5065067839999999,74.0,11.0,0.0,0.0
9877,0.0,0.0,0.0,0.0,0.0,0.0,0.0,96.0,60.0,4.0,55.0,159.0,0.0,33,22.0,0.0,41.0,56.0,0.0,132.0,0.0,0.0,14.0,4.0,7.0,0.0,6.9,0.0,0.0,0.0,38.606,0.0,0.0,21.755468534000002,0.0,-0.704769533,65.0,11.0,0.0,0.0
9877,0.0,0.0,0.0,0.0,0.0,0.0,0.0,112.0,80.0,6.0,0.0,0.0,0.0,35,24.0,0.0,31.0,63.0,0.0,141.0,13.0,0.0,0.0,6.0,0.0,0.0,7.0,0.0,0.0,0.0,52.548,0.0,0.0,0.0,0.0,0.0,73.0,11.0,0.0,0.0
9877,1.0,0.0,0.0,0.0,0.0,0.0,0.0,111.0,79.0,6.0,58.8,157.48,0.0,36,25.0,0.0,54.0,57.0,0.0,114.0,12.0,0.0,14.0,6.0,6.0,0.0,6.5,0.0,0.0,0.0,67.884,0.0,0.0,23.709724839,0.0,-0.480618951,76.0,11.0,0.0,0.0
