PtID,Pt_CGMUseNumDays,Pt_FatherT1D,Pt_MotherT1D,Pt_SiblingT1D,Pt_ChildT1D,Pt_GrandchildT1D,Pt_GrandparentT1D,BldPrSys,BldPrDia,SMBGperDayPtMeterCombo,WeightKg,HeightCm,DirectLDL,age,diabDur,TotalDailyInsPerKg,LDL,HDL,TotChol,Triglyc,BUN,AlbCreatRat_mggNew,UnitsInsBasalOrLongAct,BGTestAvgNumMeter,BGTestAvgNumPtRep,TSH,HbA1c,AutonomicNeuroCl,Pt_InsGov,NumPumpBolusOrShortAct,HbA1cImputeDtMnC,Pt_SHFlg,Pt_DKAFlg,bmi,bmiPerc,bmiZscore,GFR,diagAgeCombo,Pt_A1cGoalLev,Pt_A1cGoalLevelDsYr5
9913,0.0,0.0,0.0,1.0,0.0,0.0,0.0,113.0,65.0,5.0,29.4,128.7,0.0,8,2.0,0.7823129252,86.0,55.0,0.0,96.0,16.0,18.0,0.0,0.0,5.0,0.0,6.1,0.0,0.0,6.0,0.0,0.0,0.0,17.749668099,0.8038526985,0.8554634995,0.0,6.0,0.0,0.0
9913,0.0,0.0,0.0,1.0,0.0,0.0,0.0,94.0,56.0,5.0,33.8,134.5,0.0,9,3.0,0.8875739645,0.0,0.0,169.0,0.0,0.0,13.0,0.0,0.0,5.0,0.0,7.4,0.0,0.0,0.0,10.655999999999999,0.0,0.0,18.684097787,0.8210677066,0.9194416994,0.0,6.0,6.0,0.0
9913,0.0,0.0,0.0,0.0,0.0,0.0,0.0,109.0,70.0,4.0,40.1,144.1,0.0,10,4.0,1.246882793,0.0,0.0,0.0,0.0,0.0,0.0,23.0,0.0,4.0,2.49,8.2,0.0,0.0,0.0,27.585,0.0,0.0,19.3115179,0.8069508741,0.8667148773000001,0.0,6.0,0.0,0.0
9913,0.0,0.0,0.0,0.0,0.0,0.0,0.0,107.0,71.0,6.0,47.5,150.5,0.0,11,5.0,1.6421052632,73.0,48.0,142.0,104.0,0.0,0.0,33.0,6.0,0.0,2.28,7.5,0.0,0.0,0.0,38.008,0.0,0.0,20.971070959000002,0.8572820945999999,1.0681877913,0.0,6.0,0.0,0.0
9913,0.0,0.0,0.0,0.0,0.0,0.0,0.0,111.0,74.0,6.0,55.5,154.1,0.0,12,6.0,1.4414414413999999,0.0,0.0,0.0,0.0,10.0,1.8,31.0,6.0,0.0,1.66,7.2,0.0,0.0,0.0,49.028999999999996,0.0,0.0,23.371560222,0.9129841073,1.3593623819,0.0,6.0,0.0,0.0
9913,0.0,0.0,0.0,0.0,0.0,0.0,0.0,120.0,73.0,4.0,61.5,156.0,0.0,13,7.0,1.3008130081,80.0,49.0,152.0,114.0,11.0,1.8,37.0,0.0,4.0,3.0,6.0,0.0,0.0,0.0,62.041000000000004,0.0,0.0,25.271203156,0.9343346637000001,1.5088752236,0.0,6.0,0.0,0.0
9913,0.0,0.0,0.0,0.0,0.0,0.0,0.0,121.0,79.0,5.0,63.5,156.6,0.0,14,8.0,1.2787401575,78.0,45.0,144.0,104.0,8.0,1.8,33.0,5.0,9.0,1.98,6.3,0.0,0.0,0.0,73.726,0.0,0.0,25.893467343,0.9290326816,1.4686246072,0.0,6.0,0.0,0.0
