PtID,Pt_CGMUseNumDays,Pt_FatherT1D,Pt_MotherT1D,Pt_SiblingT1D,Pt_ChildT1D,Pt_GrandchildT1D,Pt_GrandparentT1D,BldPrSys,BldPrDia,SMBGperDayPtMeterCombo,WeightKg,HeightCm,DirectLDL,age,diabDur,TotalDailyInsPerKg,LDL,HDL,TotChol,Triglyc,BUN,AlbCreatRat_mggNew,UnitsInsBasalOrLongAct,BGTestAvgNumMeter,BGTestAvgNumPtRep,TSH,HbA1c,AutonomicNeuroCl,Pt_InsGov,NumPumpBolusOrShortAct,HbA1cImputeDtMnC,Pt_SHFlg,Pt_DKAFlg,bmi,bmiPerc,bmiZscore,GFR,diagAgeCombo,Pt_A1cGoalLev,Pt_A1cGoalLevelDsYr5
9935,30.0,0.0,0.0,0.0,0.0,0.0,1.0,130.0,80.0,4.0,86.63614267,182.88,1.0,25,3.0,0.5194137067,100.0,0.0,0.0,0.0,14.0,3.0,0.0,0.0,4.0,0.0,6.1,0.0,0.0,4.0,-0.664,0.0,0.0,25.903991071,0.0,-0.137284407,0.0,22.0,0.0,0.0
9935,0.0,0.0,0.0,0.0,0.0,0.0,1.0,122.0,72.0,6.0,89.35769689,185.42,0.0,27,5.0,1.6786466664,0.0,0.0,0.0,0.0,12.0,2.0,0.0,0.0,6.0,0.0,7.2,0.0,0.0,0.0,17.527,0.0,0.0,25.990750081999998,0.0,-0.12017161,0.0,22.0,0.0,0.0
9935,0.0,0.0,0.0,0.0,0.0,0.0,0.0,116.0,70.0,7.0,91.17206637,182.88,1.0,28,6.0,0.0,136.0,0.0,0.0,0.0,14.0,2.0,26.0,7.0,4.0,1.72,0.0,0.0,0.0,0.0,0.0,0.0,0.0,27.26022097,0.0,0.1302254049,0.0,22.0,0.0,0.0
9935,0.0,0.0,0.0,0.0,0.0,0.0,0.0,127.0,73.0,5.0,90.718474,182.88,0.0,29,7.0,0.6834330128,110.0,62.0,181.0,44.0,12.0,2.0,26.0,5.0,6.0,0.0,7.8,0.0,0.0,5.0,39.734,0.0,0.0,27.12459798,0.0,0.1034744237,0.0,22.0,0.0,0.0
9935,0.0,0.0,0.0,0.0,0.0,0.0,0.0,120.0,80.0,5.0,90.718474,182.88,0.0,30,8.0,0.49604008990000004,114.0,48.0,176.0,69.0,8.0,2.0,28.0,5.0,5.0,1.85,8.0,0.0,0.0,5.0,50.821999999999996,0.0,0.0,27.12459798,0.0,-0.054417292,0.0,22.0,0.0,0.0
9935,0.0,0.0,0.0,0.0,0.0,0.0,0.0,124.0,83.0,8.0,86.63614267,182.88,0.0,30,8.0,0.4847861263,96.0,54.0,160.0,49.0,13.0,2.0,28.0,8.0,8.0,2.8,7.8,0.0,0.0,4.0,58.95399999999999,0.0,0.0,25.903991071,0.0,-0.231353268,0.0,22.0,0.0,0.0
9935,30.0,0.0,0.0,0.0,0.0,0.0,0.0,124.0,83.0,8.0,86.63614267,182.88,0.0,31,9.0,0.5194137067,0.0,0.0,0.0,0.0,0.0,2.0,26.0,8.0,1.0,0.0,7.7,0.0,0.0,4.0,68.05,0.0,0.0,25.903991071,0.0,-0.231353268,0.0,22.0,0.0,0.0
9935,0.0,0.0,0.0,0.0,0.0,0.0,0.0,133.0,83.0,5.0,86.63614267,182.88,0.0,32,10.0,0.5540412872,96.0,63.0,166.0,35.0,10.0,2.0,27.0,5.0,0.0,1.81,7.5,0.0,0.0,3.0,80.166,0.0,0.0,25.903991071,0.0,-0.231353268,0.0,22.0,0.0,0.0
