PtID,Pt_CGMUseNumDays,Pt_FatherT1D,Pt_MotherT1D,Pt_SiblingT1D,Pt_ChildT1D,Pt_GrandchildT1D,Pt_GrandparentT1D,BldPrSys,BldPrDia,SMBGperDayPtMeterCombo,WeightKg,HeightCm,DirectLDL,age,diabDur,TotalDailyInsPerKg,LDL,HDL,TotChol,Triglyc,BUN,AlbCreatRat_mggNew,UnitsInsBasalOrLongAct,BGTestAvgNumMeter,BGTestAvgNumPtRep,TSH,HbA1c,AutonomicNeuroCl,Pt_InsGov,NumPumpBolusOrShortAct,HbA1cImputeDtMnC,Pt_SHFlg,Pt_DKAFlg,bmi,bmiPerc,bmiZscore,GFR,diagAgeCombo,Pt_A1cGoalLev,Pt_A1cGoalLevelDsYr5
9944,0.0,0.0,0.0,0.0,0.0,0.0,0.0,117.0,65.0,2.0,79.8,169.2,1.0,19,17.0,0.701754386,62.0,72.0,0.0,69.0,17.0,0.0,0.0,0.0,2.0,0.0,7.9,0.0,0.0,0.0,0.0,0.0,0.0,27.874184732,0.9032176027,1.3001055531999999,0.0,2.0,0.0,0.0
9944,0.0,0.0,0.0,0.0,0.0,0.0,0.0,129.0,69.0,8.0,78.9,169.6,0.0,20,18.0,0.5576679340999999,44.0,58.0,119.0,84.0,0.0,0.0,31.0,8.0,0.0,4.86,6.5,0.0,0.0,10.0,19.718,0.0,0.0,27.429968405,0.8806354984999999,0.0849438413,0.0,2.0,0.0,0.0
9944,0.0,0.0,0.0,0.0,0.0,0.0,0.0,113.0,68.0,5.0,74.3,169.4,0.0,22,20.0,0.4306864065,0.0,0.0,137.0,0.0,0.0,0.0,0.0,0.0,5.0,3.82,5.6,0.0,0.0,0.0,41.66,0.0,0.0,25.891785578,0.0,-0.122462049,0.0,2.0,0.0,0.0
9944,0.0,0.0,0.0,0.0,0.0,0.0,0.0,119.0,60.0,0.0,73.9,170.2,0.0,23,21.0,0.6089309878,0.0,0.0,112.0,0.0,0.0,0.0,30.0,0.0,0.0,2.86,6.2,0.0,0.0,0.0,54.141000000000005,0.0,0.0,25.510873363,0.0,-0.173823588,0.0,2.0,0.0,0.0
9944,0.0,0.0,0.0,0.0,0.0,0.0,0.0,115.0,67.0,8.0,68.2,170.4,0.0,25,22.0,0.637829912,0.0,0.0,127.0,0.0,0.0,0.0,30.3,8.0,0.0,1.84,6.0,0.0,0.0,8.0,69.311,0.0,0.0,23.48795433,0.0,-0.446590463,0.0,2.0,0.0,0.0
