PtID,Pt_CGMUseNumDays,Pt_FatherT1D,Pt_MotherT1D,Pt_SiblingT1D,Pt_ChildT1D,Pt_GrandchildT1D,Pt_GrandparentT1D,BldPrSys,BldPrDia,SMBGperDayPtMeterCombo,WeightKg,HeightCm,DirectLDL,age,diabDur,TotalDailyInsPerKg,LDL,HDL,TotChol,Triglyc,BUN,AlbCreatRat_mggNew,UnitsInsBasalOrLongAct,BGTestAvgNumMeter,BGTestAvgNumPtRep,TSH,HbA1c,AutonomicNeuroCl,Pt_InsGov,NumPumpBolusOrShortAct,HbA1cImputeDtMnC,Pt_SHFlg,Pt_DKAFlg,bmi,bmiPerc,bmiZscore,GFR,diagAgeCombo,Pt_A1cGoalLev,Pt_A1cGoalLevelDsYr5
9952,0.0,0.0,0.0,0.0,0.0,0.0,0.0,160.0,90.0,9.0,0.0,0.0,0.0,51,46.0,0.0,0.0,0.0,0.0,0.0,14.0,43.1,0.0,9.0,10.0,0.0,6.4,0.0,0.0,6.0,-0.166,0.0,0.0,0.0,0.0,0.0,0.0,5.0,0.0,0.0
9952,0.0,0.0,0.0,0.0,0.0,0.0,0.0,144.0,80.0,8.0,0.0,0.0,0.0,53,48.0,0.0,69.0,36.0,0.0,42.0,12.0,59.1,13.0,8.0,0.0,4.189,6.3,0.0,0.0,4.0,27.552,0.0,0.0,0.0,0.0,0.0,0.0,5.0,0.0,0.0
9952,0.0,0.0,0.0,0.0,0.0,0.0,0.0,138.0,84.0,5.0,81.64662659999999,179.1,0.0,54,49.0,0.5511556555,85.0,44.0,0.0,51.0,16.0,4.9,13.0,5.0,0.0,4.189,6.0,0.0,0.0,15.0,37.743,0.0,0.0,25.453474519,0.0,-0.42969856100000003,0.0,5.0,0.0,0.0
9952,0.0,0.0,0.0,0.0,0.0,0.0,0.0,150.0,85.0,6.0,82.55381134,179.1,0.0,55,50.0,0.4845324444,73.0,32.0,0.0,155.0,17.0,7.4,13.0,6.0,0.0,4.189,5.7,0.0,0.0,14.0,50.123999999999995,0.0,0.0,25.736290903,0.0,-0.39226599100000004,0.0,5.0,0.0,0.0
9952,0.0,0.0,0.0,0.0,0.0,0.0,0.0,138.0,83.0,5.0,83.46099608,179.07,0.0,56,51.0,0.5032290767,71.0,38.0,133.0,120.0,18.0,13.0,13.0,5.0,0.0,0.0,6.4,1.0,0.0,13.0,63.071000000000005,0.0,0.0,26.027826096,0.0,-0.35367943,0.0,5.0,0.0,0.0
9952,0.0,0.0,0.0,0.0,0.0,0.0,0.0,140.0,82.0,0.0,0.0,0.0,0.0,57,52.0,0.0,85.0,39.0,137.0,63.0,17.0,13.0,13.0,0.0,0.0,0.0,0.0,1.0,0.0,14.0,0.0,0.0,0.0,0.0,0.0,0.0,0.0,5.0,0.0,0.0
