PtID,Pt_CGMUseNumDays,Pt_FatherT1D,Pt_MotherT1D,Pt_SiblingT1D,Pt_ChildT1D,Pt_GrandchildT1D,Pt_GrandparentT1D,BldPrSys,BldPrDia,SMBGperDayPtMeterCombo,WeightKg,HeightCm,DirectLDL,age,diabDur,TotalDailyInsPerKg,LDL,HDL,TotChol,Triglyc,BUN,AlbCreatRat_mggNew,UnitsInsBasalOrLongAct,BGTestAvgNumMeter,BGTestAvgNumPtRep,TSH,HbA1c,AutonomicNeuroCl,Pt_InsGov,NumPumpBolusOrShortAct,HbA1cImputeDtMnC,Pt_SHFlg,Pt_DKAFlg,bmi,bmiPerc,bmiZscore,GFR,diagAgeCombo,Pt_A1cGoalLev,Pt_A1cGoalLevelDsYr5
995,0.0,0.0,0.0,0.0,0.0,0.0,0.0,136.0,92.0,7.0,103.2,173.0,0.0,72,39.0,0.3682170543,45.0,67.0,124.0,0.0,19.0,0.0,0.0,7.0,7.0,0.0,6.7,0.0,1.0,5.0,0.0,0.0,0.0,34.481606469,0.0,1.0309455596,0.0,33.0,0.0,0.0
995,0.0,0.0,0.0,0.0,0.0,0.0,0.0,94.0,63.0,6.0,103.5,170.5,0.0,73,40.0,0.193236715,0.0,0.0,0.0,0.0,0.0,0.0,0.0,6.0,7.0,0.0,6.8,0.0,1.0,0.0,8.996,0.0,0.0,35.603408983,0.0,1.2093762198,0.0,33.0,6.5,0.0
995,0.0,0.0,0.0,0.0,0.0,0.0,0.0,100.0,69.0,8.0,99.1,170.5,0.0,74,41.0,0.5045408678,0.0,0.0,0.0,0.0,0.0,16.2,27.0,8.0,0.0,0.0,7.1,0.0,0.0,0.0,23.237,0.0,0.0,34.089834109,0.0,0.9686313822,0.0,33.0,0.0,0.0
995,0.0,0.0,0.0,0.0,0.0,0.0,0.0,158.0,100.0,8.0,99.5,170.0,1.0,75,42.0,0.0,60.0,53.0,0.0,0.0,19.0,16.2,29.0,8.0,0.0,0.0,7.2,0.0,0.0,3.0,36.68,0.0,0.0,34.429065744,0.0,1.022588584,0.0,33.0,0.0,0.0
995,0.0,0.0,0.0,0.0,0.0,0.0,0.0,142.0,83.0,7.0,97.9,170.2,0.0,77,44.0,0.0,0.0,0.0,0.0,0.0,16.0,16.2,0.0,7.0,0.0,0.0,0.0,0.0,0.0,0.0,0.0,0.0,0.0,33.795866065,0.0,0.9218736763,0.0,33.0,0.0,0.0
995,0.0,0.0,0.0,0.0,0.0,0.0,0.0,138.0,82.0,7.0,95.3,170.2,0.0,78,45.0,0.6400839454,0.0,0.0,0.0,0.0,0.0,16.2,32.0,7.0,8.0,0.0,6.9,0.0,1.0,0.0,63.17,0.0,0.0,32.898325189,0.0,0.779113423,0.0,33.0,0.0,0.0
