PtID,Pt_CGMUseNumDays,Pt_FatherT1D,Pt_MotherT1D,Pt_SiblingT1D,Pt_ChildT1D,Pt_GrandchildT1D,Pt_GrandparentT1D,BldPrSys,BldPrDia,SMBGperDayPtMeterCombo,WeightKg,HeightCm,DirectLDL,age,diabDur,TotalDailyInsPerKg,LDL,HDL,TotChol,Triglyc,BUN,AlbCreatRat_mggNew,UnitsInsBasalOrLongAct,BGTestAvgNumMeter,BGTestAvgNumPtRep,TSH,HbA1c,AutonomicNeuroCl,Pt_InsGov,NumPumpBolusOrShortAct,HbA1cImputeDtMnC,Pt_SHFlg,Pt_DKAFlg,bmi,bmiPerc,bmiZscore,GFR,diagAgeCombo,Pt_A1cGoalLev,Pt_A1cGoalLevelDsYr5
9984,21.0,0.0,0.0,0.0,0.0,0.0,0.0,114.0,69.0,7.0,78.01788764,179.832,0.0,35,15.0,0.8075071231000001,80.0,56.0,147.0,55.0,17.0,1.8,0.0,0.0,7.0,0.0,7.6,0.0,0.0,0.0,0.0,1.0,0.0,24.124606534,0.0,-0.48928818399999996,0.0,20.0,0.0,0.0
9984,0.0,0.0,0.0,0.0,0.0,0.0,0.0,113.0,72.0,5.0,80.5,180.0,0.0,38,18.0,1.4906832298,101.0,66.0,175.0,42.0,0.0,3.0,0.0,5.0,0.0,2.08,7.7,0.0,0.0,0.0,34.39,0.0,0.0,24.845679011999998,0.0,-0.384763409,0.0,20.0,0.0,0.0
9984,0.0,0.0,0.0,0.0,0.0,0.0,0.0,0.0,0.0,3.0,93.0,180.0,0.0,39,19.0,0.5806451613,88.0,57.0,157.0,58.0,19.0,3.0,29.0,3.0,0.0,0.0,7.8,0.0,0.0,6.0,47.402,0.0,0.0,28.703703704000002,0.0,0.1744857318,89.0,20.0,0.0,0.0
9984,0.0,0.0,0.0,0.0,0.0,0.0,0.0,114.0,78.0,3.0,78.5,180.0,0.0,41,21.0,0.5159235669,88.0,70.0,171.0,50.0,20.0,3.0,28.6,3.0,0.0,0.97,7.6,0.0,0.0,4.0,75.78399999999999,0.0,0.0,24.228395061999997,0.0,-0.599780972,92.0,20.0,0.0,0.0
