,Rule,Percent Count
0,"((death >= 1.000) U[1,1] (death >= 1.000))",0.06024999997916667
1,"((direct >= 1.000) U[1,1] (direct >= 1.000))",0.14024999997916668
2,"((n_evts >= 5.000) U[1,1] (n_evts >= 5.000))",0.09024999997916668
3,"((Glasgow_Coma_Scale_Total <= 15.000) U[1,1] (Glasgow_Coma_Scale_Total <= 15.000))",0.10024999997916667
4,"((tte <= 100.000) U[1,1] (tte <= 100.000))",0.17024999997916665
5,"((y >= 1.000) U[1,1] (y >= 1.000))",0.23024999997916665
6,"((ICU_Pt_Days >= 120.000) U[1,1] (ICU_Pt_Days >= 120.000))",0.09024999997916668
