,Rule,Percent Count
0,"((direct >= 1.000) U[1,1] (direct >= 1.000))",0.11024999997916668
1,"((Mort >= 1.000) U[1,1] (Mort >= 1.000))",0.13024999997916667
2,"((n_evts >= 5.000) U[1,1] (n_evts >= 5.000))",0.10024999997916667
3,"((Glasgow_Coma_Scale_Total <= 15.000) U[1,1] (Glasgow_Coma_Scale_Total <= 15.000))",0.05024999997916667
4,"((tte <= 100.000) U[1,1] (tte <= 100.000))",0.07024999997916667
5,"G[1,1]((LOS >= 122.000 -> LOS >= 122.000))",0.07024999997916667
6,"((y >= 1.000) U[1,1] (y >= 1.000))",0.14024999997916668
7,"((ICU_Pt_Days >= 120.000) U[1,1] (ICU_Pt_Days >= 120.000))",0.10024999997916667
