,Rule,Percent Count
0,"F[1,1]((Calcium >= 27.900 & Calcium >= 27.900))",0.2098339973124779
1,"F[1,1]((Chloride >= 145.000 & Chloride >= 145.000))",0.04983399731247791
2,"G[1,1]((BUN <= 268.000 | BUN <= 268.000))",0.1298339973124779
