,Rule,Percent Count
0,"F[1,1]((Calcium >= 27.900 & Calcium >= 27.900))",0.20000050000000003
1,"G[1,1]((BUN <= 268.000 | BUN <= 268.000))",0.0700005
2,"F[1,1]((FiO2 >= 4000.000 & FiO2 >= 4000.000))",0.0300005
